"CRN","ARRIVAL_TM","AUTOMOBILE_COUNT","BELTED_DEATH_COUNT","BELTED_SUSP_SERIOUS_INJ_COUNT","BICYCLE_COUNT","BICYCLE_DEATH_COUNT","BICYCLE_SUSP_SERIOUS_INJ_COUNT","BUS_COUNT","CHLDPAS_DEATH_COUNT","CHLDPAS_SUSP_SERIOUS_INJ_COUNT","COLLISION_TYPE","COMM_VEH_COUNT","CONS_ZONE_SPD_LIM","COUNTY","CRASH_MONTH","CRASH_YEAR","DAY_OF_WEEK","DEC_LATITUDE","DEC_LONGITUDE","DISPATCH_TM","DISTRICT","DRIVER_COUNT_16YR","DRIVER_COUNT_17YR","DRIVER_COUNT_18YR","DRIVER_COUNT_19YR","DRIVER_COUNT_20YR","DRIVER_COUNT_50_64YR","DRIVER_COUNT_65_74YR","DRIVER_COUNT_75PLUS","EST_HRS_CLOSED","FATAL_COUNT","HEAVY_TRUCK_COUNT","HORSE_BUGGY_COUNT","HOUR_OF_DAY","ILLUMINATION","INJURY_COUNT","INTERSECTION_RELATED","INTERSECT_TYPE","LANE_CLOSED","LATITUDE","LN_CLOSE_DIR","LOCATION_TYPE","LONGITUDE","MAX_SEVERITY_LEVEL","MCYCLE_DEATH_COUNT","MCYCLE_SUSP_SERIOUS_INJ_COUNT","MOTORCYCLE_COUNT","MUNICIPALITY","NONMOTR_COUNT","NONMOTR_DEATH_COUNT","NONMOTR_SUSP_SERIOUS_INJ_COUNT","NTFY_HIWY_MAINT","PED_COUNT","PED_DEATH_COUNT","PED_SUSP_SERIOUS_INJ_COUNT","PERSON_COUNT","POLICE_AGCY","POSSIBLE_INJ_COUNT","RDWY_SURF_TYPE_CD","RELATION_TO_ROAD","ROADWAY_CLEARED","ROAD_CONDITION","SCH_BUS_IND","SCH_ZONE_IND","SECONDARY_CRASH","SMALL_TRUCK_COUNT","SPEC_JURIS_CD","SUSP_MINOR_INJ_COUNT","SUSP_SERIOUS_INJ_COUNT","SUV_COUNT","TCD_FUNC_CD","TCD_TYPE","TFC_DETOUR_IND","TIME_OF_DAY","TOTAL_UNITS","TOT_INJ_COUNT","UNBELTED_OCC_COUNT","UNB_DEATH_COUNT","UNB_SUSP_SERIOUS_INJ_COUNT","UNK_INJ_DEG_COUNT","UNK_INJ_PER_COUNT","URBAN_RURAL","VAN_COUNT","VEHICLE_COUNT","WEATHER1","WEATHER2","WORKERS_PRES","WORK_ZONE_IND","WORK_ZONE_LOC","WORK_ZONE_TYPE","WZ_CLOSE_DETOUR","WZ_FLAGGER","WZ_LAW_OFFCR_IND","WZ_LN_CLOSURE","WZ_MOVING","WZ_OTHER","WZ_SHLDER_MDN","WZ_WORKERS_INJ_KILLED"
"2014021723","","1","0","0","0","0","0","0","0","0","2","0","","02","2","2014","6","40.514136","-80.005012","","11","0","0","0","0","0","1","0","0","2","0","0","0","","","2","","2","","40 30:50.891","1","2","80 00:18.042","4","0","0","0","2116","0","0","0","N","0","0","0","5","02116","2","","1.0","","1","N","N","","1","","0","0","0","","2","Y","","2","2","0","0","0","0","0","2","0","2","","","","N","","","","","","","","","",""
"2014022880","","1","0","0","0","0","0","0","0","0","2","0","","02","2","2014","3","40.560334","-80.006973","","11","0","0","0","0","0","0","0","0","2","0","0","0","","","0","","0","","40 33:37.202","6","0","80 00:25.101","0","0","0","0","2108","0","0","0","N","0","0","0","2","02108","0","","1.0","","7","N","N","","1","","0","0","0","","0","Y","","2","0","0","0","0","0","0","2","0","2","","","","N","","","","","","","","","",""
"2014022505","","1","0","0","0","0","0","0","0","0","4","1","","02","2","2014","5","40.477518","-80.095356","","11","0","0","0","0","0","0","0","0","","0","1","0","","","0","","1","","40 28:39.064","","0","80 05:43.281","0","0","0","0","2126","0","0","0","N","0","0","0","2","02126","0","","1.0","","1","N","N","","0","","0","0","0","","3","","","2","0","0","0","0","0","0","2","0","2","","","","N","","","","","","","","","",""
"2014021724","","2","0","0","0","0","0","0","0","0","1","0","","02","2","2014","3","40.357783","-79.990789","","11","0","0","0","0","0","0","0","0","1","0","0","0","","","1","","0","","40 21:28.018","1","0","79 59:26.840","8","0","0","0","2476","0","0","0","N","0","0","0","2","02476","0","","1.0","","1","N","N","","0","","0","0","0","","0","N","","2","1","0","0","0","1","0","2","0","2","","","","N","","","","","","","","","",""
"2014023350","","0","0","0","0","0","0","0","0","0","0","1","","02","2","2014","1","40.463787","-80.057086","","11","0","0","0","0","0","0","0","0","3","0","1","0","","","0","","0","","40 27:49.632","4","3","80 03:25.508","0","0","0","0","2301","0","0","0","N","0","0","0","1","02301","0","","1.0","","1","N","N","","0","","0","0","0","","0","N","","1","0","0","0","0","0","0","2","0","1","","","","N","","","","","","","","","",""
"2014021802","","3","0","0","0","0","0","0","0","0","4","0","","02","2","2014","4","","","","11","0","0","0","0","0","0","0","0","1","0","0","0","","","1","","0","","","7","0","","4","0","0","0","2301","0","0","0","N","0","0","0","1","02301","1","","1.0","","7","N","N","","0","","0","0","0","","0","N","","3","1","1","0","0","0","0","1","0","3","","","","N","","","","","","","","","",""
"2014022883","","0","0","0","0","0","0","0","0","0","7","0","","02","2","2014","4","40.305346","-79.853537","","11","0","0","0","0","0","0","0","0","2","0","0","0","","","2","","0","","40 18:19.247","2","0","79 51:12.733","8","0","0","0","2443","0","0","0","N","0","0","0","2","02443","0","","5.0","","9","N","N","","0","","0","0","1","","0","Y","","1","2","0","0","0","2","0","1","0","1","","","","N","","","","","","","","","",""
"2014021882","","2","0","0","0","0","0","0","0","0","4","0","","02","2","2014","4","40.409424","-80.081716","","11","0","0","0","0","0","1","1","0","","0","0","0","","","1","","1","","40 24:33.927","","0","80 04:54.178","3","0","0","0","2415","0","0","0","N","0","0","0","3","02415","0","","1.0","","9","N","N","","0","","1","0","0","","2","","","3","1","0","0","0","0","0","2","1","3","","","","N","","","","","","","","","",""
"2014023351","","0","0","0","0","0","0","0","0","0","4","0","","02","2","2014","1","40.458611","-79.907694","","11","0","0","0","0","0","1","0","0","","0","0","0","","","0","","0","","40 27:31.000","","7","79 54:27.700","0","0","0","0","2301","0","0","0","N","0","0","0","3","02301","0","","1.0","","1","N","N","","0","","0","0","1","","0","","","2","0","0","0","0","0","0","2","1","2","","","","N","","","","","","","","","",""
"2014023365","","1","0","0","0","0","0","0","0","0","7","0","","02","2","2014","2","40.429972","-80.001472","","11","0","0","0","0","0","0","0","0","","0","0","0","","","0","","0","","40 25:47.900","","0","80 00:05.300","0","0","0","0","2301","0","0","0","N","0","0","0","2","02301","0","","2.0","","1","N","N","","0","","0","0","0","","0","","","1","0","2","0","0","0","0","2","0","1","","","","N","","","","","","","","","",""
"2014021728","","0","0","0","0","0","0","0","0","0","1","0","","02","2","2014","6","40.555623","-79.812812","","11","0","0","0","0","0","1","1","0","","0","0","0","","","2","","1","","40 33:20.244","","2","79 48:46.123","4","0","0","0","2208","0","0","0","N","0","0","0","3","02208","2","","1.0","","9","N","N","","1","","0","0","1","","3","","","2","2","0","0","0","0","0","2","0","2","","","","N","","","","","","","","","",""
"2014021803","","1","0","0","0","0","0","0","0","0","7","0","","02","2","2014","4","40.375645","-79.994259","","11","0","0","0","0","0","0","0","0","","0","0","0","","","1","","0","","40 22:32.322","","0","79 59:39.331","8","0","0","0","2476","0","0","0","N","0","0","0","1","02476","0","","4.0","","2","N","N","","0","","0","0","0","","0","","","1","1","0","0","0","1","0","2","0","1","","","","N","","","","","","","","","",""
"2014022952","","1","0","0","0","0","0","0","0","0","1","0","","02","2","2014","5","40.449706","-80.025099","","11","0","0","0","0","0","0","0","0","","0","0","0","","","1","","1","","40 26:58.940","","2","80 01:30.356","3","0","0","0","2301","0","0","0","N","0","0","0","2","02301","0","","1.0","","1","N","N","","0","","1","0","1","","2","","","2","1","0","0","0","0","0","2","0","2","","","","N","","","","","","","","","",""
"2014021884","","1","0","0","0","0","0","0","0","0","1","0","","02","2","2014","4","40.426484","-79.725558","","11","0","0","0","0","0","1","0","0","2","0","0","0","","","1","","0","","40 25:35.343","4","0","79 43:32.008","8","0","0","0","2446","0","0","0","N","0","0","0","2","02446","0","","1.0","","2","N","N","","0","","0","0","1","","0","N","","2","1","0","0","0","1","0","2","0","2","","","","N","","","","","","","","","",""
"2014022509","","2","0","0","0","0","0","0","0","0","1","0","","02","2","2014","5","40.571282","-80.216688","","11","0","0","0","0","0","0","0","1","2","0","0","0","","","1","","0","","40 34:16.616","1","0","80 13:00.078","4","0","0","0","2441","0","0","0","N","0","0","0","2","02441","1","","1.0","","9","N","N","","0","","0","0","0","","0","Y","","2","1","0","0","0","0","0","2","0","2","","","","N","","","","","","","","","",""
"2014023353","","1","0","0","0","0","0","0","0","0","7","0","","02","2","2014","6","40.539104","-80.047499","","11","0","0","0","0","0","0","0","0","3","0","0","0","","","1","","0","","40 32:20.776","6","0","80 02:50.995","4","0","0","0","2116","0","0","0","Y","0","0","0","1","02116","1","","5.0","","2","N","N","","0","","0","0","0","","0","Y","","1","1","0","0","0","0","0","2","0","1","","","","N","","","","","","","","","",""
"2014022886","","2","0","0","0","0","0","0","0","0","1","0","","02","2","2014","6","40.45122","-79.994657","","11","0","0","0","0","0","1","0","0","","0","0","0","","","0","","0","","40 27:04.393","","2","79 59:40.765","0","0","0","0","2301","0","0","0","N","0","0","0","3","02301","0","","1.0","","1","N","N","","0","","0","0","1","","0","","","3","0","0","0","0","0","0","2","0","3","","","","N","","","","","","","","","",""
"2014023438","","2","0","0","0","0","0","0","0","0","2","0","","02","2","2014","6","40.332948","-79.880206","","11","0","0","0","0","0","1","0","0","","0","0","0","","","1","","2","","40 19:58.614","","0","79 52:48.742","8","0","0","0","2304","0","0","0","N","0","0","0","3","02304","0","","1.0","","1","N","N","","0","","0","0","0","","0","","","2","1","0","0","0","1","0","2","0","2","","","","N","","","","","","","","","",""
"2014022954","","1","0","0","0","0","0","0","0","0","7","0","","02","2","2014","7","40.494994","-79.845926","","11","0","0","0","0","0","0","0","0","1","0","0","0","","","0","","0","","40 29:41.979","3","0","79 50:45.335","0","0","0","0","2113","0","0","0","Y","0","0","0","1","02113","0","","5.0","","2","N","N","","0","","0","0","0","","0","N","","1","0","0","0","0","0","0","2","0","1","","","","N","","","","","","","","","",""
"2014022966","","1","0","0","0","0","0","0","0","0","4","0","","02","2","2014","7","40.398152","-79.886753","","11","0","0","0","0","0","0","0","0","","0","0","0","","","0","","0","","40 23:53.347","","0","79 53:12.310","9","0","0","0","2475","0","0","0","N","0","0","0","1","02475","0","","1.0","","1","N","N","","0","","0","0","1","","0","","","2","0","0","0","0","0","1","2","0","2","","","","N","","","","","","","","","",""
"2014022735","","1","0","0","0","0","0","0","0","0","7","0","","02","2","2014","5","40.403583","-79.756917","","11","1","0","0","0","0","0","0","0","","0","0","0","","","0","","0","","40 24:12.900","","0","79 45:24.900","0","0","0","0","2446","0","0","0","N","0","0","0","1","02446","0","","5.0","","2","N","N","","0","","0","0","0","","0","","","1","0","0","0","0","0","0","2","0","1","","","","N","","","","","","","","","",""
"2014021731","","1","0","0","0","0","0","0","0","0","4","0","","02","2","2014","2","40.498452","-79.797429","","11","0","0","0","0","0","0","0","0","2","0","0","0","","","1","","0","","40 29:54.428","5","7","79 47:50.744","4","0","0","0","2113","0","0","0","N","0","0","0","3","02113","1","","1.0","","7","N","N","","1","","0","0","0","","0","Y","","2","1","0","0","0","0","0","2","0","2","","","","N","","","","","","","","","",""
"2014022887","","1","0","0","0","0","0","0","0","0","1","0","","02","2","2014","6","40.491384","-79.866082","","11","0","0","0","0","0","1","0","0","","0","0","0","","","0","","0","","40 29:28.982","","0","79 51:57.895","0","0","0","0","2112","0","0","0","N","0","0","0","3","02112","0","","1.0","","1","N","N","","0","","0","0","2","","0","","","3","0","0","0","0","0","0","2","0","3","","","","N","","","","","","","","","",""
"2014022955","","1","0","0","0","0","0","0","0","0","7","0","","02","2","2014","6","40.45824","-79.972156","","11","0","0","0","0","0","0","0","0","1","0","0","0","","","0","","2","","40 27:29.664","3","0","79 58:19.761","0","0","0","0","2301","0","0","0","N","0","0","0","2","02301","0","","1.0","","1","N","N","","0","","0","0","0","","3","N","","1","0","0","0","0","0","0","2","0","1","","","","N","","","","","","","","","",""
"2014023369","","0","0","0","0","0","0","0","0","0","7","0","","02","2","2014","4","40.488485","-79.801081","","11","0","0","0","0","0","0","0","0","3","0","0","0","","","0","","0","","40 29:18.547","6","0","79 48:03.890","0","0","0","0","2113","0","0","0","N","0","0","0","1","02113","0","","5.0","","2","N","N","","1","","0","0","0","","0","Y","","1","0","1","0","0","0","0","2","0","1","","","","N","","","","","","","","","",""
"2014022888","","1","0","0","0","0","0","0","0","0","7","0","","02","2","2014","4","40.312228","-79.878242","","11","0","0","0","0","0","0","0","0","3","0","0","0","","","0","","0","","40 18:44.020","7","0","79 52:41.671","0","0","0","0","2443","0","0","0","Y","0","0","0","1","02443","0","","1.0","","3","N","N","","0","","0","0","0","","0","Y","","1","0","0","0","0","0","0","1","0","1","","","","N","","","","","","","","","",""
"2014022968","","0","0","0","0","0","0","0","0","0","7","0","","02","2","2014","7","40.527807","-79.794724","","11","0","0","0","0","0","0","0","0","1","0","0","0","","","0","","0","","40 31:40.105","3","0","79 47:41.007","0","0","0","0","2466","0","0","0","N","0","0","0","1","02466","0","","2.0","","2","N","N","","1","","0","0","0","","0","N","","1","0","0","0","0","0","0","2","0","1","","","","N","","","","","","","","","",""
"2014022244","","0","0","0","0","0","0","0","0","0","2","0","","02","2","2014","4","40.224218","-79.820216","","11","0","0","0","0","0","0","1","0","1","0","0","0","","","1","","0","","40 13:27.183","5","0","79 49:12.777","3","0","0","0","2105","0","0","0","N","0","0","0","2","02105","0","","1.0","","7","N","N","","1","","1","0","1","","0","N","","2","1","0","0","0","0","0","1","0","2","","","","N","","","","","","","","","",""
"2014023370","","0","0","0","0","0","0","0","0","0","7","0","","02","2","2014","6","40.651511","-79.939933","","11","0","0","0","0","0","0","0","0","2","0","0","0","","","1","","0","","40 39:05.441","6","0","79 56:23.757","3","0","0","0","2217","0","0","0","N","0","0","0","1","02505","0","","5.0","","2","N","N","","1","","1","0","0","","0","Y","","1","1","0","0","0","0","0","2","0","1","","","","N","","","","","","","","","",""
"2014021733","","1","0","0","0","0","0","0","0","0","1","0","","02","2","2014","2","40.532509","-79.968003","","11","1","0","0","0","0","1","0","0","1","0","0","0","","","0","","0","","40 31:57.033","1","0","79 58:04.810","0","0","0","0","2118","0","0","0","N","0","0","0","2","02118","0","","1.0","","7","N","N","","1","","0","0","0","","0","N","","2","0","0","0","0","0","0","2","0","2","","","","N","","","","","","","","","",""
"2014022373","","1","0","0","0","0","0","0","0","0","7","0","","02","2","2014","5","40.323045","-79.8205","","11","0","0","0","0","0","0","0","1","2","0","0","0","","","1","","0","","40 19:22.961","2","0","79 49:13.800","8","0","0","0","2304","0","0","0","Y","0","0","0","1","02304","0","","4.0","","9","N","N","","0","","0","0","0","","0","N","","1","1","1","0","0","1","0","2","0","1","","","","N","","","","","","","","","",""
"2014022385","","0","0","0","0","0","0","0","0","0","7","0","","02","2","2014","4","40.648753","-79.800605","","11","0","0","0","0","0","0","0","0","","0","0","0","","","1","","0","","40 38:55.512","","0","79 48:02.179","3","0","0","0","2202","0","0","0","Y","0","0","0","1","02202","0","","4.0","","2","N","N","","0","","1","0","1","","0","","","1","1","0","0","0","0","0","1","0","1","","","","N","","","","","","","","","",""
"2014021822","","1","0","0","0","0","0","0","0","0","7","0","","02","2","2014","4","40.42375","-79.969","","11","0","0","0","0","0","0","0","0","","0","0","0","","","0","","0","","40 25:25.500","","0","79 58:08.400","9","0","0","0","2301","0","0","0","N","0","0","0","1","02301","0","","5.0","","2","N","N","","0","","0","0","0","","0","","","1","0","0","0","0","0","1","2","0","1","","","","N","","","","","","","","","",""
"2014022957","","2","0","0","0","0","0","0","0","0","6","0","","02","2","2014","6","40.399474","-79.949344","","11","0","0","0","0","1","1","0","0","3","0","0","0","","","1","","0","","40 23:58.105","2","0","79 56:57.638","8","0","0","0","2403","0","0","0","N","0","0","0","2","02403","0","","1.0","","2","N","N","","0","","0","0","0","","0","Y","","2","1","0","0","0","1","0","2","0","2","","","","N","","","","","","","","","",""
"2014021823","","0","0","0","0","0","0","0","0","0","7","0","","02","2","2014","6","40.396966","-79.978976","","11","0","0","0","0","0","0","0","0","1","0","0","0","","","0","","0","","40 23:49.078","3","0","79 58:44.313","0","0","0","0","2301","0","0","0","N","0","0","0","1","02301","0","","5.0","","2","N","N","","0","","0","0","1","","0","Y","","1","0","0","0","0","0","0","2","0","1","","","","N","","","","","","","","","",""
"2014022891","","1","0","0","0","0","0","0","0","0","8","0","","02","2","2014","4","40.347627","-79.83256","","11","0","0","0","0","0","0","0","0","","0","0","0","","","1","","1","","40 20:51.457","","0","79 49:57.216","8","0","0","0","2304","1","0","0","N","1","0","0","2","02304","0","","1.0","","1","N","N","","0","","0","0","0","","2","","","2","1","0","0","0","1","0","2","0","1","","","","N","","","","","","","","","",""
"2014022527","","2","0","0","0","0","0","0","0","0","1","0","","02","2","2014","5","40.403082","-80.020514","","11","0","0","0","0","0","0","0","0","","0","0","0","","","0","","0","","40 24:11.096","","0","80 01:13.851","0","0","0","0","2301","0","0","0","N","0","0","0","3","02301","0","","1.0","","1","N","N","","0","","0","0","1","","0","","","3","0","0","0","0","0","0","2","0","3","","","","N","","","","","","","","","",""
"2014022970","","0","0","0","0","0","0","0","0","0","3","1","","02","2","2014","7","40.441913","-79.991892","","11","0","0","0","0","0","0","0","0","4","0","1","0","","","0","","1","","40 26:30.888","7","0","79 59:30.810","0","0","0","0","2301","0","0","0","N","0","0","0","3","02301","0","","1.0","","1","N","N","","0","","0","0","0","","0","N","","2","0","0","0","0","0","0","2","1","2","","","","N","","","","","","","","","",""
"2014023358","","2","0","0","0","0","0","0","0","0","5","0","","02","2","2014","1","40.414185","-80.025025","","11","0","0","0","0","0","0","0","0","1","0","0","0","","","0","","0","","40 24:51.066","2","0","80 01:30.090","0","0","0","0","2301","0","0","0","N","0","0","0","1","02301","0","","6.0","","1","N","N","","0","","0","0","1","","0","N","","3","0","0","0","0","0","0","2","0","3","","","","N","","","","","","","","","",""
"2014022246","","1","0","0","0","0","0","0","0","0","4","0","","02","2","2014","5","40.425399","-79.964492","","11","0","0","0","0","0","0","0","0","4","1","0","0","","","1","","2","","40 25:31.435","7","0","79 57:52.171","1","0","0","0","2301","0","0","0","N","0","0","0","2","02301","0","2","1.0","","1","N","N","","1","0","1","0","0","","2","Y","","2","1","1","1","0","0","0","2","0","2","","","","N","","","","","","","","","",""
"2014021824","","0","0","0","0","0","0","0","0","0","6","0","","02","2","2014","4","40.507451","-79.7935","","11","0","0","0","0","0","1","0","0","2","0","0","0","","","1","","2","","40 30:26.825","6","0","79 47:36.600","8","0","0","0","2113","0","0","0","N","0","0","0","3","02113","0","","1.0","","2","N","N","","0","","0","0","1","","3","Y","","2","1","0","0","0","1","1","2","1","2","","","","N","","","","","","","","","",""
"2014023550","","2","0","0","0","0","0","0","0","0","1","0","","02","2","2014","2","40.656967","-80.092005","","11","0","0","0","0","0","1","0","0","","0","0","0","","","2","","0","","40 39:25.082","","0","80 05:31.218","8","0","0","0","2212","0","0","0","N","0","0","0","2","68B03","0","","1.0","","1","N","N","","0","","0","0","0","","0","","","2","2","0","0","0","2","0","2","0","2","","","","N","","","","","","","","","",""
"2014022248","","0","0","0","0","0","0","0","0","0","7","0","","02","2","2014","1","40.338784","-79.838909","","11","0","0","1","0","0","0","0","0","","0","0","0","","","1","","2","","40 20:19.622","","0","79 50:20.072","4","0","0","0","2304","0","0","0","N","0","0","0","1","02304","1","","4.0","","2","","N","","0","","0","0","1","","3","","","1","1","1","0","0","0","0","2","0","1","","","","N","","","","","","","","","",""
"2014023374","","0","0","0","0","0","0","0","0","0","0","0","","02","2","2014","7","40.350554","-79.799671","","11","0","0","0","0","0","1","0","0","3","0","0","0","","","0","","0","","40 21:01.993","6","0","79 47:58.816","0","0","0","0","2477","0","0","0","N","0","0","0","1","02477","0","","5.0","","2","N","N","","1","","0","0","0","","0","Y","","1","0","0","0","0","0","0","2","0","1","","","","N","","","","","","","","","",""
"2014022308","","1","0","0","0","0","0","0","0","0","4","0","","02","2","2014","5","40.454368","-79.947669","","11","0","0","0","0","0","1","0","0","","0","0","0","","","0","","1","","40 27:15.726","","0","79 56:51.607","0","0","0","0","2301","0","0","0","N","0","0","0","2","02301","0","","1.0","","98","N","N","","0","","0","0","1","","2","","","2","0","0","0","0","0","0","2","0","2","","","","N","","","","","","","","","",""
"2014022531","","1","0","0","0","0","0","0","0","0","7","0","","02","1","2014","5","40.373892","-80.095307","","11","0","0","0","0","0","1","0","0","","0","0","0","","","0","","0","","40 22:26.011","","0","80 05:43.105","0","0","0","0","2117","0","0","0","N","0","0","0","1","02117","0","","4.0","","2","N","N","","0","","0","0","0","","0","","","1","0","0","0","0","0","0","2","0","1","","","","N","","","","","","","","","",""
"2014022249","","1","0","0","0","0","0","0","0","0","6","0","","02","2","2014","4","40.376395","-80.067611","","11","0","0","0","0","0","1","1","0","2","0","0","0","","","1","","2","","40 22:35.022","3","0","80 04:03.399","4","0","0","0","2109","0","0","0","N","0","0","0","4","02109","1","","1.0","","1","N","N","","0","","0","0","3","","2","N","","4","1","0","0","0","0","0","2","0","4","","","","N","","","","","","","","","",""
"2014021757","","1","0","0","0","0","0","0","0","0","7","0","","02","2","2014","7","40.432502","-79.790364","","11","0","0","0","0","0","0","0","0","2","0","0","0","","","0","","2","","40 25:57.007","1","0","79 47:25.310","0","0","0","0","2446","0","0","0","N","0","0","0","2","02446","0","","3.0","","7","N","N","","0","","0","0","0","","2","N","","1","0","0","0","0","0","0","2","0","1","","","","N","","","","","","","","","",""
"2014021828","","0","0","0","0","0","0","0","0","0","7","0","","02","2","2014","4","40.558505","-80.193667","","11","0","0","0","0","0","0","0","0","1","0","0","0","","","0","","0","","40 33:30.618","6","0","80 11:37.200","0","0","0","0","2427","0","0","0","N","0","0","0","1","02427","0","","4.0","","2","N","N","","0","","0","0","1","","0","N","","1","0","0","0","0","0","0","1","0","1","","","","N","","","","","","","","","",""
"2014023446","","0","0","0","0","0","0","0","0","0","4","0","","02","2","2014","2","40.619681","-80.080719","","11","0","1","0","0","0","1","0","0","1","0","0","0","","","0","","2","","40 37:10.852","4","0","80 04:50.589","0","0","0","0","2212","0","0","0","N","0","0","0","2","02505","0","","1.0","","1","N","N","","0","","0","0","1","","3","Y","","2","0","0","0","0","0","0","2","1","2","","","","N","","","","","","","","","",""
"2014021829","","1","0","0","0","0","0","1","0","0","4","1","","02","2","2014","4","40.340128","-79.887926","","11","0","0","0","0","0","1","0","0","1","0","0","0","","","1","","2","","40 20:24.460","5","0","79 53:16.533","4","0","0","0","2433","0","0","0","N","0","0","0","28","02433","1","","1.0","","2","Y","N","","0","","0","0","0","","3","Y","","2","1","0","0","0","0","0","2","0","2","","","","N","","","","","","","","","",""
"2014021248","","1","0","0","0","0","0","0","0","0","7","0","","02","2","2014","7","40.355987","-79.797706","","11","0","0","0","0","0","0","0","0","","0","0","0","","","0","","0","","40 21:21.554","","0","79 47:51.741","0","0","0","0","2477","0","0","0","N","0","0","0","1","02477","0","","5.0","","2","N","N","","0","","0","0","0","","0","","","1","0","0","0","0","0","0","2","0","1","","","","N","","","","","","","","","",""
"2014022534","","1","0","0","0","0","0","0","0","0","5","1","","02","2","2014","5","40.459837","-80.030625","","11","0","0","0","0","0","1","0","0","","0","1","0","","","2","","0","","40 27:35.413","","99","80 01:50.249","8","0","0","0","2301","0","0","0","N","0","0","0","3","02301","0","","1.0","","1","N","N","","0","","0","0","0","","0","","","2","2","0","0","0","2","0","2","0","2","","","","N","","","","","","","","","",""
"2014022976","","1","0","0","0","0","0","0","0","0","1","0","","02","2","2014","7","40.458204","-79.906201","","11","0","0","0","0","0","0","1","0","2","0","0","0","","","1","","10","","40 27:29.535","7","0","79 54:22.322","4","0","0","0","2301","0","0","0","N","0","0","0","1","02301","1","","1.0","","1","N","N","","1","","0","0","0","","0","Y","","2","1","0","0","0","0","0","2","0","2","","","","N","","","","","","","","","",""
"2014022381","","0","0","0","0","0","0","0","0","0","7","0","","02","2","2014","5","40.339475","-80.055777","","11","0","0","0","0","0","1","0","0","2","0","0","0","","","0","","0","","40 20:22.111","4","0","80 03:20.796","0","0","0","0","2123","0","0","0","N","0","0","0","1","02123","0","","5.0","","2","N","N","","0","","0","0","0","","0","Y","","1","0","1","0","0","0","0","2","1","1","","","","N","","","","","","","","","",""
"2014022830","","0","0","0","0","0","0","0","0","0","7","0","","02","2","2014","5","40.650809","-79.814876","","11","0","0","0","0","0","0","0","0","","0","0","0","","","0","","0","","40 39:02.912","","0","79 48:53.554","0","0","0","0","2202","0","0","0","Y","0","0","0","1","02202","0","","4.0","","2","N","N","","0","","0","0","1","","0","","","1","0","0","0","0","0","0","1","0","1","","","","N","","","","","","","","","",""
"2014021832","","1","0","0","0","0","0","0","0","0","7","0","","02","2","2014","4","40.426234","-80.056954","","11","0","0","0","0","0","1","0","0","","0","0","0","","","0","","0","","40 25:34.442","","0","80 03:25.034","0","0","0","0","2435","0","0","0","N","0","0","0","5","02435","0","","1.0","","2","N","N","","2","","0","0","2","","0","","","5","0","0","0","0","0","0","2","0","5","","","","N","","","","","","","","","",""
"2014022900","","1","0","0","0","0","0","0","0","0","4","0","","02","2","2014","6","40.446818","-79.894103","","11","0","0","0","0","0","2","0","0","","0","0","0","","","0","","0","","40 26:48.543","","7","79 53:38.769","0","0","0","0","2301","0","0","0","N","0","0","0","2","02301","0","","1.0","","1","N","N","","0","","0","0","1","","0","","","2","0","0","0","0","0","0","2","0","2","","","","N","","","","","","","","","",""
"2014023449","","1","0","0","0","0","0","0","0","0","1","0","","02","2","2014","6","40.567388","-80.00696","","11","0","0","0","0","0","0","0","0","1","0","0","0","","","0","","1","","40 34:02.595","1","0","80 00:25.056","0","0","0","0","2108","0","0","0","N","0","0","0","3","02108","0","","1.0","","1","N","N","","0","","0","0","1","","2","N","","2","0","0","0","0","0","0","2","0","2","","","","N","","","","","","","","","",""
"2014023551","","1","0","0","0","0","0","0","0","0","1","0","","02","2","2014","3","40.494173","-80.27624","","11","0","0","0","0","0","1","0","0","1","0","0","0","","","1","","0","","40 29:39.023","3","0","80 16:34.465","4","0","0","0","2203","0","0","0","N","0","0","0","2","68B03","1","","1.0","","6","N","N","","1","","0","0","0","","0","N","","2","1","0","0","0","0","0","2","0","2","","","","N","","","","","","","","","",""
"2014022535","","0","0","0","0","0","0","0","0","0","1","0","","02","2","2014","5","40.427747","-79.720601","","11","0","0","0","0","0","0","1","0","","0","0","0","","","1","","0","","40 25:39.889","","0","79 43:14.163","8","0","0","0","2446","0","0","0","N","0","0","0","3","02446","0","","1.0","","9","N","N","","1","","0","0","2","","2","","","3","1","0","0","0","1","0","2","0","3","","","","N","","","","","","","","","",""
"2014022977","","0","0","0","0","0","0","0","0","0","7","0","","02","2","2014","6","40.404091","-79.95284","","11","0","0","0","0","0","0","0","0","2","0","0","0","","","0","","0","","40 24:14.726","6","0","79 57:10.225","0","0","0","0","2403","0","0","0","N","0","0","0","1","02403","0","","2.0","","2","N","N","","1","","0","0","0","","0","Y","","1","0","0","0","0","0","0","2","0","1","","","","N","","","","","","","","","",""
"2014022039","","2","0","0","0","0","0","0","0","0","4","0","","02","2","2014","4","40.419699","-79.928258","","11","0","0","0","0","0","0","0","0","","0","0","0","","","0","","2","","40 25:10.916","","7","79 55:41.728","0","0","0","0","2301","0","0","0","N","0","0","0","2","02301","0","","1.0","","1","N","N","","0","","0","0","0","","0","","","2","0","0","0","0","0","0","2","0","2","","","","N","","","","","","","","","",""
"2014023450","","0","0","0","0","0","0","0","0","0","7","0","","02","2","2014","6","40.568292","-80.016485","","11","0","1","0","0","0","0","0","0","","0","0","0","","","2","","0","","40 34:05.851","","0","80 00:59.345","4","0","0","0","2108","0","0","0","N","0","0","0","2","02108","2","","4.0","","2","N","N","","1","","0","0","0","","0","","","1","2","0","0","0","0","0","2","0","1","","","","N","","","","","","","","","",""