"CRN","ARRIVAL_TM","AUTOMOBILE_COUNT","BELTED_DEATH_COUNT","BELTED_SUSP_SERIOUS_INJ_COUNT","BICYCLE_COUNT","BICYCLE_DEATH_COUNT","BICYCLE_SUSP_SERIOUS_INJ_COUNT","BUS_COUNT","CHLDPAS_DEATH_COUNT","CHLDPAS_SUSP_SERIOUS_INJ_COUNT","COLLISION_TYPE","COMM_VEH_COUNT","CONS_ZONE_SPD_LIM","COUNTY","CRASH_MONTH","CRASH_YEAR","DAY_OF_WEEK","DEC_LATITUDE","DEC_LONGITUDE","DISPATCH_TM","DISTRICT","DRIVER_COUNT_16YR","DRIVER_COUNT_17YR","DRIVER_COUNT_18YR","DRIVER_COUNT_19YR","DRIVER_COUNT_20YR","DRIVER_COUNT_50_64YR","DRIVER_COUNT_65_74YR","DRIVER_COUNT_75PLUS","EST_HRS_CLOSED","FATAL_COUNT","HEAVY_TRUCK_COUNT","HORSE_BUGGY_COUNT","HOUR_OF_DAY","ILLUMINATION","INJURY_COUNT","INTERSECTION_RELATED","INTERSECT_TYPE","LANE_CLOSED","LATITUDE","LN_CLOSE_DIR","LOCATION_TYPE","LONGITUDE","MAX_SEVERITY_LEVEL","MCYCLE_DEATH_COUNT","MCYCLE_SUSP_SERIOUS_INJ_COUNT","MOTORCYCLE_COUNT","MUNICIPALITY","NONMOTR_COUNT","NONMOTR_DEATH_COUNT","NONMOTR_SUSP_SERIOUS_INJ_COUNT","NTFY_HIWY_MAINT","PED_COUNT","PED_DEATH_COUNT","PED_SUSP_SERIOUS_INJ_COUNT","PERSON_COUNT","POLICE_AGCY","POSSIBLE_INJ_COUNT","RDWY_SURF_TYPE_CD","RELATION_TO_ROAD","ROADWAY_CLEARED","ROAD_CONDITION","SCH_BUS_IND","SCH_ZONE_IND","SECONDARY_CRASH","SMALL_TRUCK_COUNT","SPEC_JURIS_CD","SUSP_MINOR_INJ_COUNT","SUSP_SERIOUS_INJ_COUNT","SUV_COUNT","TCD_FUNC_CD","TCD_TYPE","TFC_DETOUR_IND","TIME_OF_DAY","TOTAL_UNITS","TOT_INJ_COUNT","UNBELTED_OCC_COUNT","UNB_DEATH_COUNT","UNB_SUSP_SERIOUS_INJ_COUNT","UNK_INJ_DEG_COUNT","UNK_INJ_PER_COUNT","URBAN_RURAL","VAN_COUNT","VEHICLE_COUNT","WEATHER1","WEATHER2","WORKERS_PRES","WORK_ZONE_IND","WORK_ZONE_LOC","WORK_ZONE_TYPE","WZ_CLOSE_DETOUR","WZ_FLAGGER","WZ_LAW_OFFCR_IND","WZ_LN_CLOSURE","WZ_MOVING","WZ_OTHER","WZ_SHLDER_MDN","WZ_WORKERS_INJ_KILLED"
"2014001991","","0","0","0","0","0","0","0","0","0","99","0","","02","1","2014","1","40.475233","-79.770589","","11","0","0","0","0","0","0","0","0","","0","0","0","","","0","","0","","40 28:30.837","","0","79 46:14.121","0","0","0","0","2466","0","0","0","N","0","0","0","1","02466","0","","1.0","","9","N","N","","1","","0","0","0","","0","","","1","0","0","0","0","0","0","2","0","1","","","","N","","","","","","","","","",""
"2014022006","","2","0","0","0","0","0","0","0","0","2","0","","02","2","2014","1","40.363716","-80.087126","","11","0","0","0","0","0","1","0","0","1","0","0","0","","","1","","0","","40 21:49.377","1","0","80 05:13.653","4","0","0","0","2117","0","0","0","N","0","0","0","2","02117","1","","1.0","","7","N","N","","0","","0","0","0","","0","Y","","2","1","1","0","0","0","0","2","0","2","","","","N","","","","","","","","","",""
"2014022638","","1","0","0","0","0","0","0","0","0","1","0","","02","2","2014","3","40.365835","-79.895383","","11","0","0","0","0","0","0","0","0","2","0","0","0","","","3","","0","","40 21:57.007","6","0","79 53:43.380","3","0","0","0","2473","0","0","0","N","0","0","0","5","02473","0","","1.0","","98","N","N","","0","","1","0","3","","0","N","","4","3","0","0","0","2","0","2","0","4","","","","N","","","","","","","","","",""
"2014022150","","1","0","0","0","0","0","0","0","0","8","0","","02","2","2014","4","40.42418","-80.00505","","11","0","0","0","0","0","0","0","0","","0","0","0","","","1","","2","","40 25:27.048","","0","80 00:18.180","3","0","0","0","2301","1","0","0","","1","0","0","2","02301","0","","1.0","","1","","","","0","","1","0","0","","0","","","2","1","0","0","0","0","1","2","0","1","","","","N","","","","","","","","","",""
"2014022640","","1","0","0","0","0","0","0","0","0","7","0","","02","2","2014","4","40.528889","-79.792363","","11","0","0","0","0","0","1","0","0","2","0","0","0","","","0","","0","","40 31:44.000","4","0","79 47:32.507","0","0","0","0","2466","0","0","0","N","0","0","0","1","02466","0","","2.0","","2","N","N","","0","","0","0","0","","0","N","","1","0","0","0","0","0","0","1","0","1","","","","N","","","","","","","","","",""
"2014023082","","1","0","0","0","0","0","0","0","0","0","0","","02","2","2014","5","40.393109","-79.805088","","11","0","0","0","0","0","0","0","0","2","0","0","0","","","0","","2","","40 23:35.192","1","3","79 48:18.316","0","0","0","0","2479","0","0","0","N","0","0","0","1","02111","0","","1.0","","1","N","N","","0","","0","0","0","","2","N","","1","0","0","0","0","0","0","2","0","1","","","","N","","","","","","","","","",""
"2014023148","","1","0","0","0","0","0","0","0","0","8","0","","02","2","2014","2","40.441097","-79.985947","","11","0","0","0","0","0","0","0","0","1","0","0","0","","","1","","0","","40 26:27.949","6","0","79 59:09.409","3","0","0","0","2301","1","0","0","N","1","0","0","6","02301","0","","1.0","","1","N","N","","0","","1","0","0","","2","N","","2","1","0","0","0","0","0","2","0","1","","","","N","","","","","","","","","",""
"2014002706","","2","0","0","0","0","0","0","0","0","1","0","","02","1","2014","3","40.340153","-79.963707","","11","0","0","0","0","0","2","0","0","2","0","0","0","","","1","","0","","40 20:24.551","1","0","79 57:49.346","4","0","0","0","2403","0","0","0","N","0","0","0","4","02403","1","","1.0","","1","N","N","","1","","0","0","0","","0","N","","3","1","0","0","0","0","0","2","0","3","","","","N","","","","","","","","","",""
"2014001189","","0","0","0","0","0","0","0","0","0","5","1","","02","1","2014","5","40.44104","-79.83014","","11","0","0","0","0","0","1","0","0","2","0","1","0","","","1","","6","","40 26:27.744","4","0","79 49:48.504","8","0","0","0","2419","0","0","0","N","0","0","0","2","68B03","0","","1.0","","1","N","N","","0","","0","0","1","","0","N","","2","1","1","0","0","1","0","2","0","2","","","","N","","","","","","","","","",""
"2014002773","","1","0","0","0","0","0","0","0","0","4","0","","02","1","2014","3","40.436418","-79.96406","","11","0","0","0","0","0","1","0","0","","0","0","0","","","0","","0","","40 26:11.105","","0","79 57:50.615","9","0","0","0","2301","0","0","0","N","0","0","0","3","02301","0","","1.0","","1","N","N","","0","","0","0","1","","0","","","2","0","0","0","0","0","1","2","0","2","","","","N","","","","","","","","","",""
"2014023083","","1","0","0","0","0","0","0","0","0","4","0","","02","2","2014","7","40.487229","-79.885209","","11","0","0","0","0","0","0","1","0","","0","0","0","","","1","","0","","40 29:14.025","","7","79 53:06.753","4","0","0","0","2112","0","0","0","N","0","0","0","3","02112","1","","1.0","","1","N","N","","0","","0","0","1","","0","","","2","1","0","0","0","0","0","2","0","2","","","","N","","","","","","","","","",""
"2014021212","","2","0","0","0","0","0","0","0","0","4","0","","02","2","2014","1","40.464733","-79.854209","","11","0","0","0","0","1","0","0","0","","0","0","0","","","0","","0","","40 27:53.040","","0","79 51:15.153","0","0","0","0","2113","0","0","0","N","0","0","0","3","02113","0","","1.0","","7","N","N","","0","","0","0","0","","0","","","2","0","0","0","0","0","0","2","0","2","","","","N","","","","","","","","","",""
"2014023149","","1","0","0","0","0","0","0","0","0","7","0","","02","2","2014","5","40.465018","-79.920004","","11","0","0","0","0","0","1","0","0","","0","0","0","","","0","","1","","40 27:54.064","","0","79 55:12.014","0","0","0","0","2301","0","0","0","N","0","0","0","1","02301","0","","3.0","","1","N","N","","0","","0","0","0","","2","","","1","0","0","0","0","0","0","2","0","1","","","","N","","","","","","","","","",""
"2014023235","","2","0","0","0","0","0","0","0","0","1","0","","02","2","2014","6","40.402012","-80.000594","","11","0","0","0","0","0","0","2","0","","0","0","0","","","0","","1","","40 24:07.244","","0","80 00:02.139","0","0","0","0","2301","0","0","0","N","0","0","0","4","02301","0","","1.0","","1","N","N","","0","","0","0","0","","2","","","2","0","0","0","0","0","0","2","0","2","","","","N","","","","","","","","","",""
"2014002707","","1","0","0","0","0","0","0","0","0","7","0","","02","1","2014","2","40.555241","-80.143229","","11","0","0","0","0","0","0","0","0","","0","0","0","","","0","","0","","40 33:18.867","","0","80 08:35.624","9","0","0","0","2459","0","0","0","N","0","0","0","3","02459","0","","2.0","","2","N","N","","0","","0","0","0","","0","","","1","0","0","0","0","0","1","1","0","1","","","","N","","","","","","","","","",""
"2014022642","","2","0","0","0","0","0","0","0","0","4","0","","02","2","2014","1","40.43252","-80.011343","","11","0","0","0","0","0","0","0","0","1","0","0","0","","","0","","0","","40 25:57.072","4","0","80 00:40.834","0","0","0","0","2301","0","0","0","N","0","0","0","1","02301","0","","6.0","","9","N","N","","2","","0","0","0","","0","Y","","4","0","0","0","0","0","0","2","0","4","","","","N","","","","","","","","","",""
"2014022155","","1","0","0","0","0","0","0","0","0","7","0","","02","2","2014","3","40.541222","-79.788583","","11","0","0","0","0","0","0","0","0","1","0","0","0","","","0","","1","","40 32:28.400","3","0","79 47:18.898","0","0","0","0","2462","0","0","0","N","0","0","0","1","02462","0","","4.0","","9","N","N","","0","","0","0","0","","0","N","","1","0","0","0","0","0","0","2","0","1","","","","N","","","","","","","","","",""
"2014021215","","1","0","0","0","0","0","0","0","0","4","0","","02","2","2014","1","40.490571","-79.826031","","11","0","0","0","0","0","1","1","0","","0","0","0","","","0","","0","","40 29:26.054","","0","79 49:33.713","0","0","0","0","2113","0","0","0","N","0","0","0","3","02113","0","","1.0","","7","N","N","","0","","0","0","1","","0","","","2","0","0","0","0","0","0","2","0","2","","","","N","","","","","","","","","",""
"2014023166","","0","0","0","0","0","0","0","0","0","7","0","","02","2","2014","7","40.6208","-79.916695","","11","0","0","0","0","0","0","0","0","3","0","0","0","","","2","","0","","40 37:14.881","6","0","79 55:00.103","3","0","0","0","2220","0","0","0","N","0","0","0","2","02220","0","","4.0","","2","N","N","","1","","2","0","0","","0","Y","","1","2","0","0","0","0","0","2","0","1","","","","N","","","","","","","","","",""
"2014021216","","2","0","0","0","0","0","0","0","0","2","0","","02","2","2014","2","40.357918","-80.009704","","11","0","0","0","0","0","0","0","0","","0","0","0","","","0","","0","","40 21:28.504","","0","80 00:34.934","0","0","0","0","2476","0","0","0","N","0","0","0","2","02476","0","","1.0","","1","N","N","","0","","0","0","0","","0","","","2","0","0","0","0","0","0","2","0","2","","","","N","","","","","","","","","",""
"2014021229","","1","0","0","0","0","0","0","0","0","7","0","","02","2","2014","2","40.422082","-79.959553","","11","0","0","0","1","0","0","0","0","1","0","0","0","","","1","","0","","40 25:19.494","3","0","79 57:34.391","4","0","0","0","2301","0","0","0","N","0","0","0","2","02301","1","","2.0","","7","N","N","","0","","0","0","0","","0","Y","","1","1","0","0","0","0","0","2","0","1","","","","N","","","","","","","","","",""
"2014021477","","1","0","0","0","0","0","0","0","0","4","0","","02","2","2014","3","40.494913","-79.749958","","11","0","0","0","0","0","0","0","0","1","0","0","0","","","0","","2","","40 29:41.687","3","0","79 44:59.849","0","0","0","0","2466","0","0","0","N","0","0","0","2","02466","0","","1.0","","7","N","N","","0","","0","0","1","","3","N","","2","0","0","0","0","0","0","2","0","2","","","","N","","","","","","","","","",""
"2014023154","","1","0","0","0","0","0","0","0","0","4","0","","02","2","2014","7","40.447425","-79.942471","","11","0","0","0","0","0","0","0","0","","0","0","0","","","1","","1","","40 26:50.730","","0","79 56:32.895","4","0","0","0","2301","0","0","0","N","0","0","0","3","02301","1","","1.0","","1","N","N","","0","","0","0","1","","2","","","2","1","0","0","0","0","0","2","0","2","","","","N","","","","","","","","","",""
"2014000426","","0","0","0","0","0","0","0","0","0","4","0","","02","1","2014","5","40.464976","-79.919877","","11","0","0","0","0","0","1","0","0","","0","0","0","","","0","","2","","40 27:53.913","","0","79 55:11.557","0","0","0","0","2301","0","0","0","N","0","0","0","2","02301","0","","1.0","","7","N","N","","0","","0","0","2","","2","","","2","0","0","0","0","0","0","2","0","2","","","","N","","","","","","","","","",""
"2014002014","","1","0","0","0","0","0","0","0","0","7","0","","02","1","2014","2","40.461539","-79.922185","","11","0","0","0","0","0","0","0","0","","0","0","0","","","0","","1","","40 27:41.539","","0","79 55:19.866","0","0","0","0","2301","0","0","0","","0","0","0","1","02301","0","","2.0","","9","","","","0","","0","0","0","","2","","","1","0","0","0","0","0","0","2","0","1","","","","N","","","","","","","","","",""
"2014022648","","1","0","0","0","0","0","0","0","0","0","0","","02","2","2014","6","40.401025","-80.246044","","11","0","0","0","0","0","0","0","0","","0","0","0","","","0","","0","","40 24:03.689","","0","80 14:45.758","0","0","0","0","2214","0","0","0","N","0","0","0","1","02214","0","","5.0","","1","N","N","","0","","0","0","0","","0","","","1","0","1","0","0","0","0","1","0","1","","","","N","","","","","","","","","",""
"2014002698","","0","0","0","0","0","0","0","0","0","1","0","","02","1","2014","6","40.443857","-79.828326","","11","0","0","0","0","0","1","0","0","","0","0","0","","","0","","0","","40 26:37.885","","0","79 49:41.973","0","0","0","0","2419","0","0","0","N","0","0","0","8","02419","0","","1.0","","1","N","N","","1","","0","0","0","","0","","","2","0","0","0","0","0","0","2","1","2","","","","N","","","","","","","","","",""
"2014001269","","1","0","0","0","0","0","0","0","0","1","0","","02","1","2014","6","40.466259","-79.889274","","11","0","0","0","0","0","0","0","0","","0","0","0","","","0","","0","","40 27:58.532","","0","79 53:21.386","0","0","0","0","2301","0","0","0","N","0","0","0","1","02301","0","","1.0","","7","N","N","","0","","0","0","0","","0","","","2","0","0","0","0","0","0","2","1","2","","","","N","","","","","","","","","",""
"2014003030","","0","0","0","0","0","0","0","0","0","1","0","","02","1","2014","6","40.491956","-79.864907","","11","0","0","0","0","0","1","0","0","","0","0","0","","","0","","1","","40 29:31.040","","0","79 51:53.666","0","0","0","0","2408","0","0","0","N","0","0","0","2","02408","0","","1.0","","2","N","N","","0","","0","0","2","","2","","","2","0","0","0","0","0","0","2","0","2","","","","N","","","","","","","","","",""
"2014001482","","1","0","0","0","0","0","0","0","0","1","0","","02","1","2014","7","40.589018","-79.750472","","11","0","0","0","0","0","0","0","0","1","0","0","0","","","0","","0","","40 35:20.466","2","0","79 45:01.699","0","0","0","0","2464","0","0","0","N","0","0","0","3","64305","0","","1.0","","9","N","N","","0","","0","0","2","","0","N","","3","0","0","0","0","0","0","2","0","3","","","","N","","","","","","","","","",""
"2014001623","","2","0","0","0","0","0","0","0","0","4","0","","02","1","2014","6","40.470727","-79.924036","","11","0","0","0","0","0","0","0","0","1","0","0","0","","","1","","1","","40 28:14.617","5","0","79 55:26.529","4","0","0","0","2301","0","0","0","N","0","0","0","4","02301","1","","1.0","","6","N","N","","0","","0","0","0","","3","Y","","2","1","0","0","0","0","0","2","0","2","","","","N","","","","","","","","","",""
"2014002223","","2","0","0","0","0","0","0","0","0","1","0","","02","1","2014","7","40.455994","-79.890031","","11","0","0","0","0","0","1","0","0","2","0","0","0","","","0","","1","","40 27:21.578","3","0","79 53:24.111","0","0","0","0","2301","0","0","0","N","0","0","0","1","02301","0","","1.0","","1","N","N","","0","","0","0","0","","2","Y","","2","0","1","0","0","0","0","2","0","2","","","","N","","","","","","","","","",""
"2014001273","","0","0","0","0","0","0","0","0","0","0","0","","02","1","2014","5","40.453244","-79.794694","","11","0","0","0","0","0","0","0","0","","0","0","0","","","0","","0","","40 27:11.680","","0","79 47:40.898","9","0","0","0","2113","0","0","0","N","0","0","0","1","02113","0","","5.0","","7","N","N","","0","","0","0","1","","8","","","1","0","0","0","0","0","1","2","0","1","","","","N","","","","","","","","","",""
"2014002159","","2","0","0","0","0","0","0","0","0","1","0","","02","1","2014","2","40.482011","-79.808533","","11","0","0","0","0","0","0","0","0","","0","0","0","","","0","","0","","40 28:55.238","","0","79 48:30.719","0","0","0","0","2113","0","0","0","N","0","0","0","2","02113","0","","1.0","","6","N","N","","1","","0","0","0","","0","","","3","0","0","0","0","0","0","2","0","3","","","","N","","","","","","","","","",""
"2014001565","","0","0","0","0","0","0","0","0","0","1","0","","02","1","2014","6","40.422324","-80.105303","","11","0","0","0","0","0","2","0","0","","0","0","0","","","0","","0","","40 25:20.367","","0","80 06:19.089","0","0","0","0","2115","0","0","0","N","0","0","0","2","68B03","0","","1.0","","2","N","N","","1","","0","0","1","","0","","","2","0","0","0","0","0","0","2","0","2","","","","N","","","","","","","","","",""
"2014001275","","2","0","0","0","0","0","0","0","0","4","0","","02","1","2014","6","40.374549","-80.093117","","11","0","0","0","0","0","0","0","0","1","0","0","0","","","1","","2","","40 22:28.375","4","0","80 05:35.222","4","0","0","0","2117","0","0","0","N","0","0","0","4","02117","1","","1.0","","9","N","N","","0","","0","0","0","","3","N","","2","1","0","0","0","0","0","2","0","2","","","","N","","","","","","","","","",""
"2014000650","","1","0","0","0","0","0","0","0","0","7","0","","02","1","2014","5","40.467193","-79.998893","","11","0","0","0","0","0","0","0","0","","0","0","0","","","0","","2","","40 28:01.894","","0","79 59:56.014","0","0","0","0","2301","0","0","0","N","0","0","0","3","02301","0","","5.0","","2","N","N","","0","","0","0","0","","3","","","1","0","0","0","0","0","0","2","0","1","","","","N","","","","","","","","","",""
"2014002242","","1","0","0","0","0","0","0","0","0","7","0","","02","1","2014","2","40.469588","-80.060232","","11","0","0","0","0","0","1","0","0","1","0","0","0","","","0","","0","","40 28:10.518","2","0","80 03:36.835","0","0","0","0","2444","0","0","0","N","0","0","0","1","02444","0","","5.0","","1","N","N","","0","","0","0","0","","0","N","","1","0","0","0","0","0","0","2","0","1","","","","N","","","","","","","","","",""
"2014000108","","0","0","0","0","0","0","0","0","0","8","0","","02","1","2014","4","40.450596","-80.174227","","11","0","0","0","0","0","0","0","0","1","0","0","0","","","1","","1","","40 27:02.145","2","0","80 10:27.217","4","0","0","0","2214","1","0","0","N","1","0","0","3","02214","1","","1.0","","1","N","N","","1","","0","0","0","","2","N","","2","1","0","0","0","0","0","2","0","1","","","","N","","","","","","","","","",""
"2014002907","","1","0","0","0","0","0","0","0","0","7","0","","02","1","2014","5","40.540402","-80.272376","","11","0","0","0","0","0","0","0","0","","0","0","0","","","0","","0","","40 32:25.447","","0","80 16:20.555","0","0","0","0","2213","0","0","0","N","0","0","0","1","68B03","0","","4.0","","7","N","N","","0","","0","0","0","","0","","","1","0","0","0","0","0","0","1","0","1","","","","N","","","","","","","","","",""
"2014000111","","1","0","0","0","0","0","1","0","0","2","1","","02","1","2014","4","40.438844","-79.990973","","11","0","0","0","0","0","0","0","0","","0","0","0","","","1","","1","","40 26:19.838","","0","79 59:27.502","4","0","0","0","2301","0","0","0","N","0","0","0","3","02503","1","","1.0","","1","N","N","","0","","0","0","0","","2","","","2","1","0","0","0","0","0","2","0","2","","","","N","","","","","","","","","",""
"2014002233","","0","0","0","0","0","0","0","0","0","7","0","","02","1","2014","5","40.396071","-79.905321","","11","0","0","0","0","0","0","0","0","","0","0","0","","","0","","0","","40 23:45.855","","0","79 54:19.155","0","0","0","0","2448","0","0","0","N","0","0","0","1","02448","0","","2.0","","7","N","N","","1","","0","0","0","","0","","","1","0","0","0","0","0","0","2","0","1","","","","N","","","","","","","","","",""
"2014002908","","4","0","0","0","0","0","0","0","0","1","0","","02","1","2014","7","40.433126","-80.022034","","11","0","0","0","0","0","2","0","0","2","0","0","0","","","4","","0","","40 25:59.255","3","4","80 01:19.322","3","0","0","0","2301","0","0","0","Y","0","0","0","13","68B03","1","","1.0","","9","N","N","","0","","3","0","3","","0","N","","7","4","0","0","0","0","0","2","0","7","","","","N","","","","","","","","","",""
"2014000734","","0","0","0","0","0","0","0","0","0","7","0","","02","1","2014","5","40.511095","-79.79253","","11","0","0","0","0","0","0","0","0","1","0","0","0","","","0","","0","","40 30:39.941","4","1","79 47:33.109","0","0","0","0","2466","0","0","0","N","0","0","0","1","02466","0","","2.0","","1","N","N","","0","","0","0","0","","0","N","","1","0","0","0","0","0","0","2","1","1","","","","N","","","","","","","","","",""
"2014000874","","1","0","0","0","0","0","0","0","0","0","0","","02","1","2014","6","40.387655","-79.996136","","11","0","0","0","0","0","0","0","0","","0","0","0","","","0","","0","","40 23:15.557","","0","79 59:46.091","0","0","0","0","2301","0","0","0","N","0","0","0","1","02301","0","","4.0","","9","N","N","","0","","0","0","0","","0","","","1","0","0","0","0","0","0","2","0","1","","","","N","","","","","","","","","",""
"2014001633","","0","0","0","0","0","0","0","0","0","7","0","","02","1","2014","6","40.453133","-79.730658","","11","0","0","0","0","0","0","0","0","","0","0","0","","","2","","0","","40 27:11.280","","0","79 43:50.369","3","0","0","0","2446","0","0","0","N","0","0","0","2","02446","1","","5.0","","2","N","N","","0","","1","0","1","","0","","","1","2","0","0","0","0","0","2","0","1","","","","N","","","","","","","","","",""
"2014002909","","0","0","0","0","0","0","0","0","0","1","0","","02","1","2014","7","40.438511","-80.012046","","11","0","0","0","1","0","0","0","0","2","0","0","0","","","0","","0","","40 26:18.639","4","3","80 00:43.366","0","0","0","0","2301","0","0","0","Y","0","0","0","5","68B03","0","","1.0","","1","N","N","","1","","0","0","2","","0","N","","3","0","0","0","0","0","0","2","0","3","","","","N","","","","","","","","","",""
"2014001572","","1","0","0","0","0","0","0","0","0","7","0","","02","1","2014","6","40.621044","-79.746301","","11","0","0","0","0","0","0","1","0","2","0","0","0","","","2","","0","","40 37:15.757","1","0","79 44:46.683","3","0","0","0","2106","0","0","0","Y","0","0","0","2","68D02","1","","3.0","","2","N","N","","0","","1","0","1","","0","N","","2","2","0","0","0","0","0","2","0","2","","","","N","","","","","","","","","",""
"2014002910","","1","0","0","0","0","0","0","0","0","7","0","","02","1","2014","7","40.425014","-80.106128","","11","0","0","0","0","0","0","0","0","","0","0","0","","","0","","0","","40 25:30.052","","0","80 06:22.062","0","0","0","0","2115","0","0","0","N","0","0","0","1","68B03","0","","5.0","","1","N","N","","0","","0","0","0","","0","","","1","0","0","0","0","0","0","2","0","1","","","","N","","","","","","","","","",""
"2014000736","","1","0","0","0","0","0","0","0","0","2","0","","02","1","2014","4","40.478354","-79.751941","","11","0","0","1","0","0","0","0","0","1","0","0","0","","","1","","0","","40 28:42.074","6","0","79 45:06.988","8","0","0","0","2466","0","0","0","N","0","0","0","2","02466","0","","1.0","","1","N","N","","1","","0","0","0","","0","N","","2","1","2","0","0","1","0","2","0","2","","","","N","","","","","","","","","",""
"2014000876","","0","0","0","0","0","0","0","0","0","0","0","","02","1","2014","6","40.497592","-80.014677","","11","0","0","0","0","0","0","0","0","2","0","0","0","","","0","","2","","40 29:51.331","7","99","80 00:52.837","0","0","0","0","2301","0","0","0","N","0","0","0","1","02301","0","","5.0","","2","N","N","","0","","0","0","1","","3","N","","1","0","0","0","0","0","0","2","0","1","","","","N","","","","","","","","","",""
"2014002168","","3","0","0","0","0","0","0","0","0","1","0","","02","1","2014","2","40.442112","-79.912392","","11","0","0","1","0","0","1","0","0","2","0","0","0","","","0","","2","","40 26:31.603","5","0","79 54:44.611","0","0","0","0","2301","0","0","0","N","0","0","0","4","02301","0","","1.0","","7","N","N","","0","","0","0","0","","0","Y","","3","0","0","0","0","0","0","2","0","3","","","","N","","","","","","","","","",""
"2014000657","","0","0","0","0","0","0","0","0","0","0","0","","02","1","2014","5","40.558685","-80.205083","","11","0","0","0","0","0","0","0","0","2","0","0","0","","","0","","0","","40 33:31.265","1","0","80 12:18.297","0","0","0","0","2441","0","0","0","N","0","0","0","1","02441","0","","4.0","","7","N","N","","0","","0","0","1","","0","N","","1","0","0","0","0","0","0","2","0","1","","","","N","","","","","","","","","",""
"2014002249","","2","0","0","0","0","0","0","0","0","2","0","","02","1","2014","2","40.513853","-80.269028","","11","1","0","0","0","0","1","0","0","1","0","0","0","","","0","","1","","40 30:49.871","3","8","80 16:08.501","0","0","0","0","2203","0","0","0","N","0","0","0","3","02203","0","","1.0","","9","N","N","","0","","0","0","0","","0","N","","2","0","0","0","0","0","0","2","0","2","","","","N","","","","","","","","","",""
"2014002170","","1","0","0","0","0","0","0","0","0","4","0","","02","1","2014","2","40.446644","-79.893671","","11","0","0","1","0","0","0","1","0","","0","0","0","","","1","","0","","40 26:47.918","","7","79 53:37.216","4","0","0","0","2301","0","0","0","N","0","0","0","2","02301","1","","1.0","","9","N","N","","0","","0","0","1","","0","","","2","1","0","0","0","0","0","2","0","2","","","","N","","","","","","","","","",""
"2014002985","","1","0","0","0","0","0","0","0","0","5","1","","02","1","2014","2","40.594048","-79.894337","","11","0","0","0","0","0","0","0","0","2","0","1","0","","","1","","0","","40 35:38.572","4","0","79 53:39.612","4","0","0","0","2209","0","0","0","N","0","0","0","2","68T02","1","","1.0","","6","N","N","","0","","0","0","0","","0","N","","2","1","0","0","0","0","0","1","0","2","","","","N","","","","","","","","","",""
"2014000879","","0","0","0","0","0","0","0","0","0","7","0","","02","1","2014","6","40.432942","-80.084983","","11","0","0","0","0","0","0","0","0","","0","0","0","","","0","","0","","40 25:58.590","","0","80 05:05.940","0","0","0","0","2421","0","0","0","N","0","0","0","1","02421","0","","2.0","","7","N","N","","0","","0","0","1","","0","","","1","0","0","0","0","0","0","2","0","1","","","","N","","","","","","","","","",""
"2014001637","","2","0","0","0","0","0","0","0","0","4","0","","02","1","2014","7","40.370084","-79.845669","","11","0","0","0","0","1","0","0","0","2","0","0","0","","","4","","1","","40 22:12.302","7","0","79 50:44.408","4","0","0","0","2303","0","0","0","N","0","0","0","5","02303","4","","1.0","","1","N","N","","0","","0","0","0","","3","Y","","2","4","1","0","0","0","0","2","0","2","","","","N","","","","","","","","","",""
"2014002325","","1","0","0","0","0","0","0","0","0","7","0","","02","1","2014","6","40.428747","-80.029448","","11","0","0","1","0","0","0","0","0","","0","0","0","","","0","","0","","40 25:43.488","","0","80 01:46.012","0","0","0","0","2301","0","0","0","N","0","0","0","2","68B03","0","","2.0","","9","N","N","","0","","0","0","0","","0","","","1","0","0","0","0","0","0","2","0","1","","","","N","","","","","","","","","",""
"2014000880","","2","0","0","0","0","0","0","0","0","1","0","","02","1","2014","6","40.414138","-80.0095","","11","0","0","0","0","0","1","0","0","","0","0","0","","","1","","1","","40 24:50.897","","0","80 00:34.199","4","0","0","0","2301","0","0","0","N","0","0","0","4","02301","1","","1.0","","9","N","N","","0","","0","0","0","","0","","","2","1","0","0","0","0","0","2","0","2","","","","N","","","","","","","","","",""
"2014000961","","2","0","0","0","0","0","0","0","0","1","0","","02","1","2014","6","40.484224","-79.907886","","11","0","0","0","0","1","0","0","0","2","0","0","0","","","0","","1","","40 29:03.206","4","0","79 54:28.391","0","0","0","0","2301","0","0","0","N","0","0","0","2","02301","0","","1.0","","1","N","N","","0","","0","0","0","","2","N","","2","0","0","0","0","0","0","2","0","2","","","","N","","","","","","","","","",""
"2014001785","","0","0","0","0","0","0","0","0","0","7","0","","02","1","2014","7","40.419139","-80.040639","","11","0","0","0","0","0","1","0","0","","0","0","0","","","0","","0","","40 25:08.900","","0","80 02:26.300","0","0","0","0","2435","0","0","0","N","0","0","0","1","02435","0","","5.0","","1","N","N","","1","","0","0","0","","0","","","1","0","0","0","0","0","0","2","0","1","","","","N","","","","","","","","","",""
"2014000742","","0","0","0","0","0","0","0","0","0","7","0","","02","1","2014","4","40.465981","-79.730637","","11","0","0","0","0","0","0","0","0","1","0","0","0","","","1","","0","","40 27:57.531","1","0","79 43:50.294","8","0","0","0","2466","0","0","0","N","0","0","0","1","02466","0","","4.0","","1","N","N","","1","","0","0","0","","0","N","","1","1","0","0","0","1","0","2","0","1","","","","N","","","","","","","","","",""