"CRN","ARRIVAL_TM","AUTOMOBILE_COUNT","BELTED_DEATH_COUNT","BELTED_SUSP_SERIOUS_INJ_COUNT","BICYCLE_COUNT","BICYCLE_DEATH_COUNT","BICYCLE_SUSP_SERIOUS_INJ_COUNT","BUS_COUNT","CHLDPAS_DEATH_COUNT","CHLDPAS_SUSP_SERIOUS_INJ_COUNT","COLLISION_TYPE","COMM_VEH_COUNT","CONS_ZONE_SPD_LIM","COUNTY","CRASH_MONTH","CRASH_YEAR","DAY_OF_WEEK","DEC_LATITUDE","DEC_LONGITUDE","DISPATCH_TM","DISTRICT","DRIVER_COUNT_16YR","DRIVER_COUNT_17YR","DRIVER_COUNT_18YR","DRIVER_COUNT_19YR","DRIVER_COUNT_20YR","DRIVER_COUNT_50_64YR","DRIVER_COUNT_65_74YR","DRIVER_COUNT_75PLUS","EST_HRS_CLOSED","FATAL_COUNT","HEAVY_TRUCK_COUNT","HORSE_BUGGY_COUNT","HOUR_OF_DAY","ILLUMINATION","INJURY_COUNT","INTERSECTION_RELATED","INTERSECT_TYPE","LANE_CLOSED","LATITUDE","LN_CLOSE_DIR","LOCATION_TYPE","LONGITUDE","MAX_SEVERITY_LEVEL","MCYCLE_DEATH_COUNT","MCYCLE_SUSP_SERIOUS_INJ_COUNT","MOTORCYCLE_COUNT","MUNICIPALITY","NONMOTR_COUNT","NONMOTR_DEATH_COUNT","NONMOTR_SUSP_SERIOUS_INJ_COUNT","NTFY_HIWY_MAINT","PED_COUNT","PED_DEATH_COUNT","PED_SUSP_SERIOUS_INJ_COUNT","PERSON_COUNT","POLICE_AGCY","POSSIBLE_INJ_COUNT","RDWY_SURF_TYPE_CD","RELATION_TO_ROAD","ROADWAY_CLEARED","ROAD_CONDITION","SCH_BUS_IND","SCH_ZONE_IND","SECONDARY_CRASH","SMALL_TRUCK_COUNT","SPEC_JURIS_CD","SUSP_MINOR_INJ_COUNT","SUSP_SERIOUS_INJ_COUNT","SUV_COUNT","TCD_FUNC_CD","TCD_TYPE","TFC_DETOUR_IND","TIME_OF_DAY","TOTAL_UNITS","TOT_INJ_COUNT","UNBELTED_OCC_COUNT","UNB_DEATH_COUNT","UNB_SUSP_SERIOUS_INJ_COUNT","UNK_INJ_DEG_COUNT","UNK_INJ_PER_COUNT","URBAN_RURAL","VAN_COUNT","VEHICLE_COUNT","WEATHER1","WEATHER2","WORKERS_PRES","WORK_ZONE_IND","WORK_ZONE_LOC","WORK_ZONE_TYPE","WZ_CLOSE_DETOUR","WZ_FLAGGER","WZ_LAW_OFFCR_IND","WZ_LN_CLOSURE","WZ_MOVING","WZ_OTHER","WZ_SHLDER_MDN","WZ_WORKERS_INJ_KILLED"
"2014002851","","1","0","0","0","0","0","0","0","0","4","0","","02","1","2014","5","40.427289","-80.125714","","11","0","0","0","0","0","1","0","0","","0","0","0","","","0","","0","","40 25:38.240","","0","80 07:32.570","0","0","0","0","2115","0","0","0","N","0","0","0","2","02115","0","","1.0","","7","N","N","","1","","0","0","0","","2","","","2","0","0","0","0","0","0","2","0","2","","","","N","","","","","","","","","",""
"2014000638","","1","0","0","0","0","0","0","0","0","1","0","","02","1","2014","5","40.335383","-79.947064","","11","0","0","0","0","0","1","0","0","2","0","0","0","","","1","","0","","40 20:07.378","2","0","79 56:49.430","8","0","0","0","2454","0","0","0","N","0","0","0","5","02454","0","","1.0","","7","N","N","","0","","0","0","2","","0","N","","3","1","0","0","0","1","0","2","0","3","","","","N","","","","","","","","","",""
"2014001477","","1","0","0","0","0","0","0","0","0","7","0","","02","1","2014","7","40.406183","-80.018591","","11","0","0","0","0","0","0","0","0","1","0","0","0","","","1","","0","","40 24:22.259","2","0","80 01:06.928","4","0","0","0","2301","0","0","0","N","0","0","0","1","02301","1","","4.0","","6","N","N","","0","","0","0","0","","0","N","","1","1","0","0","0","0","0","2","0","1","","","","N","","","","","","","","","",""
"2014000021","","2","0","0","0","0","0","0","0","0","5","0","","02","1","2014","4","40.444202","-80.028173","","11","0","0","0","0","0","0","0","0","1","0","0","0","","","1","","1","","40 26:39.126","4","0","80 01:41.424","8","0","0","0","2301","0","0","0","N","0","0","0","4","02301","0","","1.0","","1","N","N","","0","","0","0","1","","2","N","","3","1","0","0","0","1","0","2","0","3","","","","N","","","","","","","","","",""
"2014000083","","1","0","0","0","0","0","0","0","0","7","0","","02","1","2014","4","40.408678","-80.024649","","11","0","0","0","0","0","0","0","0","1","0","0","0","","","0","","5","","40 24:31.240","4","0","80 01:28.736","0","0","0","0","2301","0","0","0","N","0","0","0","3","02301","0","","2.0","","1","N","N","","0","","0","0","0","","0","N","","1","0","0","0","0","0","0","2","0","1","","","","N","","","","","","","","","",""
"2014001618","","2","0","0","0","0","0","0","0","0","4","0","","02","1","2014","7","40.401036","-80.03199","","11","0","0","0","0","0","1","0","0","","0","0","0","","","2","","5","","40 24:03.729","","0","80 01:55.164","8","0","0","0","2422","0","0","0","N","0","0","0","3","02301","0","","1.0","","1","N","N","","0","","0","0","0","","3","","","2","2","1","0","0","2","0","2","0","2","","","","N","","","","","","","","","",""
"2014002428","","0","0","0","0","0","0","0","0","0","7","1","","02","1","2014","2","40.459824","-79.971302","","11","0","0","0","0","0","1","0","0","","0","1","0","","","0","","1","","40 27:35.367","","3","79 58:16.686","0","0","0","0","2301","0","0","0","N","0","0","0","1","02301","0","","2.0","","1","N","N","","0","","0","0","0","","2","","","1","0","0","0","0","0","0","2","0","1","","","","N","","","","","","","","","",""
"2014002852","","1","0","0","0","0","0","0","0","0","5","0","","02","1","2014","7","40.450639","-80.139254","","11","0","0","0","0","0","0","0","0","","0","0","0","","","0","","0","","40 27:02.300","","0","80 08:21.315","0","0","0","0","2115","0","0","0","N","0","0","0","1","02115","0","","2.0","","2","N","N","","0","","0","0","1","","0","","","2","0","0","0","0","0","0","2","0","2","","","","N","","","","","","","","","",""
"2014000096","","1","0","0","0","0","0","0","0","0","7","0","","02","1","2014","4","40.516104","-80.004393","","11","0","0","0","0","0","0","0","0","1","0","0","0","","","1","","3","","40 30:57.976","1","0","80 00:15.813","4","0","0","0","2116","0","0","0","","0","0","0","1","02116","1","","7.0","","9","N","N","","0","","0","0","0","","0","N","","1","1","0","0","0","0","0","2","0","1","","","","N","","","","","","","","","",""
"2014001335","","0","0","0","0","0","0","0","0","0","7","0","","02","1","2014","6","40.371007","-80.059755","","11","0","1","0","0","0","0","0","0","2","0","0","0","","","1","","2","","40 22:15.625","7","0","80 03:35.118","4","0","0","0","2109","0","0","0","N","0","0","0","1","02109","1","","2.0","","2","N","N","","0","","0","0","1","","0","Y","","1","1","0","0","0","0","0","2","0","1","","","","N","","","","","","","","","",""
"2014000640","","1","0","0","0","0","0","0","0","0","4","0","","02","1","2014","5","40.330592","-79.951492","","11","0","0","0","0","0","0","0","0","1","0","0","0","","","0","","0","","40 19:50.131","3","7","79 57:05.371","0","0","0","0","2454","0","0","0","N","0","0","0","4","02454","0","","1.0","","7","N","N","","0","","0","0","1","","0","N","","2","0","0","0","0","0","0","2","0","2","","","","N","","","","","","","","","",""
"2014003025","","2","0","0","0","0","0","0","0","0","2","0","","02","1","2014","3","40.404792","-80.018926","","11","0","0","0","1","0","0","0","1","1","0","0","0","","","2","","0","","40 24:17.250","2","0","80 01:08.133","4","0","0","0","2301","0","0","0","N","0","0","0","3","02301","2","","1.0","","1","N","N","","0","","0","0","0","","0","N","","2","2","0","0","0","0","0","2","0","2","","","","N","","","","","","","","","",""
"2014001620","","1","0","0","0","0","0","0","0","0","7","0","","02","1","2014","7","","","","11","0","0","0","0","0","0","0","0","","0","0","0","","","0","","1","","","","0","","0","0","0","0","2301","0","0","0","N","0","0","0","2","02301","0","","4.0","","9","N","N","","0","","0","0","0","","0","","","1","0","0","0","0","0","0","1","0","1","","","","N","","","","","","","","","",""
"2014002153","","1","0","0","0","0","0","0","0","0","7","0","","02","1","2014","2","40.388216","-79.996654","","11","0","0","0","0","0","0","0","0","2","0","0","0","","","1","","0","","40 23:17.577","2","0","79 59:47.956","8","0","0","0","2301","0","0","0","N","0","0","0","1","02301","0","","4.0","","6","N","N","","0","","0","0","0","","0","N","","1","1","0","0","0","1","0","2","0","1","","","","N","","","","","","","","","",""
"2014000641","","2","0","0","0","0","0","0","0","0","4","0","","02","1","2014","4","40.437079","-79.998326","","11","0","0","0","0","0","1","0","0","","0","0","0","","","0","","1","","40 26:13.483","","0","79 59:53.974","0","0","0","0","2301","0","0","0","N","0","0","0","2","02301","0","","1.0","","1","N","N","","0","","0","0","0","","2","","","2","0","0","0","0","0","0","2","0","2","","","","N","","","","","","","","","",""
"2014000847","","1","0","0","0","0","0","0","0","0","7","0","","02","1","2014","5","40.481545","-79.829183","","11","0","0","0","0","1","0","0","0","1","0","0","0","","","0","","0","","40 28:53.561","1","0","79 49:45.057","0","0","0","0","2113","0","0","0","N","0","0","0","1","02113","0","","5.0","","7","N","N","","0","","0","0","0","","0","N","","1","0","0","0","0","0","0","2","0","1","","","","N","","","","","","","","","",""
"2014000861","","2","0","0","0","0","0","0","0","0","7","0","","02","1","2014","6","40.509222","-80.255277","","11","0","0","0","0","0","0","0","0","","0","0","0","","","1","","7","","40 30:33.198","","2","80 15:18.996","4","0","0","0","2203","0","0","0","Y","0","0","0","2","02203","1","","4.0","","7","N","N","","0","","0","0","0","","0","","","2","1","0","0","0","0","0","2","0","2","","","","N","","","","","","","","","",""
"2014000642","","0","0","0","0","0","0","0","0","0","7","0","","02","1","2014","5","40.469964","-80.090009","","11","0","0","0","0","0","1","0","0","2","0","0","0","","","0","","0","","40 28:11.870","6","0","80 05:24.032","0","0","0","0","2126","0","0","0","N","0","0","0","3","02126","0","","4.0","","2","N","N","","0","","0","0","2","","0","Y","","2","0","0","0","0","0","0","2","0","2","","","","N","","","","","","","","","",""
"2014000708","","1","0","0","0","0","0","0","0","0","7","0","","02","1","2014","5","40.35763","-80.000206","","11","0","0","0","0","0","0","0","0","","0","0","0","","","0","","2","","40 21:27.468","","0","80 00:00.742","0","0","0","0","2476","0","0","0","N","0","0","0","3","02476","0","","2.0","","7","N","N","","0","","0","0","0","","2","","","1","0","1","0","0","0","0","2","0","1","","","","N","","","","","","","","","",""
"2014000026","","0","0","0","0","0","0","0","0","0","7","1","","02","1","2014","4","40.440479","-80.080656","","11","0","0","0","0","0","0","0","0","2","0","0","0","","","1","","0","","40 26:25.723","1","3","80 04:50.361","8","0","0","0","2301","0","0","0","N","0","0","0","1","02301","0","","2.0","","9","N","N","","1","","0","0","0","","2","N","","1","1","0","0","0","1","0","2","0","1","","","","N","","","","","","","","","",""
"2014000372","","2","0","0","0","0","0","0","0","0","4","0","","02","1","2014","5","40.45266","-79.931408","","11","0","0","0","0","0","0","0","0","1","0","0","0","","","0","","0","","40 27:09.576","2","0","79 55:53.068","0","0","0","0","2301","0","0","0","N","0","0","0","2","02301","0","","1.0","","1","N","N","","0","","0","0","0","","0","N","","2","0","0","0","0","0","0","2","0","2","","","","N","","","","","","","","","",""
"2014008714","","0","0","0","0","0","0","0","0","0","7","0","","02","1","2014","3","40.481545","-79.829183","","11","0","0","0","0","0","0","0","0","1","0","0","0","","","0","","0","","40 28:53.561","4","0","79 49:45.057","0","0","0","0","2113","0","0","0","N","0","0","0","1","02113","0","","4.0","","6","N","N","","1","","0","0","0","","0","N","","1","0","0","0","0","0","0","2","0","1","","","","N","","","","","","","","","",""
"2014008091","","0","0","0","0","0","0","0","0","0","7","1","55","02","1","2014","6","40.592109","-79.890744","","11","0","0","0","0","0","1","0","0","2","0","1","0","","","0","","0","","40 35:31.594","6","0","79 53:26.679","0","0","0","0","2209","0","0","0","Y","0","0","0","2","68T02","0","","3.0","","1","N","N","","0","","0","0","0","","7","N","","1","0","0","0","0","0","0","1","0","1","","","Y","Y","4","1","N","Y","N","N","Y","N","Y",""
"2014000935","","1","0","0","0","0","0","0","0","0","7","0","","02","1","2014","6","40.323567","-79.788033","","11","0","0","0","0","0","1","0","0","","0","0","0","","","0","","2","","40 19:24.840","","0","79 47:16.918","0","0","0","0","2477","0","0","0","N","0","0","0","1","02477","0","","5.0","","2","N","N","","0","","0","0","0","","0","","","1","0","0","0","0","0","0","2","0","1","","","","N","","","","","","","","","",""
"2014001773","","2","0","0","0","0","0","0","0","0","1","0","","02","1","2014","1","40.478829","-80.04312","","11","0","0","0","0","0","0","0","0","1","0","0","0","","","1","","1","","40 28:43.784","2","0","80 02:35.231","8","0","0","0","2301","0","0","0","N","0","0","0","5","02301","0","","1.0","","1","N","N","","0","","0","0","1","","0","N","","3","1","0","0","0","1","0","2","0","3","","","","N","","","","","","","","","",""
"2014001842","","2","0","0","0","0","0","0","0","0","1","0","","02","1","2014","7","40.353852","-80.05026","","11","0","0","0","1","0","1","0","1","2","0","0","0","","","0","","0","","40 21:13.866","2","0","80 03:00.935","0","0","0","0","2109","0","0","0","N","0","0","0","4","02109","0","","1.0","","9","N","N","","0","","0","0","1","","0","N","","3","0","0","0","0","0","0","2","0","3","","","","N","","","","","","","","","",""
"2014000376","","0","0","0","0","0","0","0","0","0","7","0","","02","1","2014","5","40.454392","-79.96583","","11","0","0","0","0","0","0","0","0","2","0","0","0","","","0","","0","","40 27:15.811","1","0","79 57:56.988","0","0","0","0","2301","0","0","0","N","0","0","0","1","02301","0","","4.0","","1","N","N","","0","","0","0","1","","0","N","","1","0","0","0","0","0","0","2","0","1","","","","N","","","","","","","","","",""
"2014001709","","1","0","0","0","0","0","0","0","0","7","0","","02","1","2014","6","40.421785","-79.749699","","11","0","1","0","0","0","0","0","0","","0","0","0","","","0","","2","","40 25:18.426","","0","79 44:58.916","0","0","0","0","2446","0","0","0","N","0","0","0","1","02446","0","","4.0","","7","N","N","","0","","0","0","0","","0","","","1","0","0","0","0","0","0","2","0","1","","","","N","","","","","","","","","",""
"2014000377","","2","0","0","0","0","0","0","0","0","4","0","","02","1","2014","5","40.544583","-80.035882","","11","0","0","0","0","0","2","0","0","1","0","0","0","","","0","","1","","40 32:40.497","1","0","80 02:09.174","0","0","0","0","2116","0","0","0","N","0","0","0","2","02116","0","","1.0","","9","N","N","","0","","0","0","0","","2","N","","2","0","0","0","0","0","0","2","0","2","","","","N","","","","","","","","","",""
"2014007960","","1","0","0","0","0","0","0","0","0","7","0","","02","1","2014","7","40.650821","-80.112275","","11","0","0","0","0","0","0","0","0","1","0","0","0","","","1","","0","","40 39:02.956","6","0","80 06:44.191","8","0","0","0","2212","0","0","0","N","0","0","0","1","02505","0","","5.0","","7","N","N","","0","","0","0","0","","0","N","","1","1","1","0","0","1","0","1","0","1","","","","N","","","","","","","","","",""
"2014002441","","1","0","0","0","0","0","0","0","0","4","0","","02","1","2014","2","40.414138","-80.0095","","11","0","0","0","0","0","0","0","0","","0","0","0","","","0","","1","","40 24:50.897","","2","80 00:34.199","0","0","0","0","2301","0","0","0","N","0","0","0","3","02301","0","","1.0","","1","N","N","","1","","0","0","0","","2","","","2","0","0","0","0","0","0","2","0","2","","","","N","","","","","","","","","",""
"2014000378","","0","0","0","0","0","0","0","0","0","4","0","","02","1","2014","5","40.449706","-80.025099","","11","0","0","0","1","0","0","0","1","","0","0","0","","","0","","1","","40 26:58.940","","8","80 01:30.356","0","0","0","0","2301","0","0","0","N","0","0","0","2","02301","0","","1.0","","9","N","N","","0","","0","0","2","","2","","","2","0","0","0","0","0","0","2","0","2","","","","N","","","","","","","","","",""
"2014008719","","2","0","0","0","0","0","0","0","0","5","0","","02","1","2014","3","40.468786","-80.009648","","11","0","0","0","0","1","0","0","0","","0","0","0","","","0","","0","","40 28:07.629","","0","80 00:34.732","0","0","0","0","2301","0","0","0","N","0","0","0","1","02301","0","","6.0","","6","N","N","","0","","0","0","0","","0","","","2","0","0","0","0","0","0","2","0","2","","","","N","","","","","","","","","",""
"2014006443","","1","0","0","0","0","0","0","0","0","7","0","","02","1","2014","7","40.592894","-80.095769","","11","0","0","0","0","0","0","0","0","","0","0","0","","","0","","0","","40 35:34.419","","0","80 05:44.768","0","0","0","0","2481","0","0","0","Y","0","0","0","2","68B03","0","","2.0","","9","N","N","","0","","0","0","0","","0","","","1","0","0","0","0","0","0","2","0","1","","","","N","","","","","","","","","",""
"2014007962","","0","0","0","0","0","0","0","0","0","7","0","","02","1","2014","3","40.414183","-79.90227","","11","0","0","0","0","0","0","0","0","","0","0","0","","","0","","0","","40 24:51.059","","0","79 54:08.171","0","0","0","0","2448","0","0","0","N","0","0","0","2","02448","0","","4.0","","7","N","N","","0","","0","0","1","","0","","","1","0","0","0","0","0","0","2","0","1","","","","N","","","","","","","","","",""
"2014001699","","1","0","0","0","0","0","0","0","0","7","0","","02","1","2014","6","40.314588","-80.107323","","11","1","0","0","0","0","0","0","0","2","0","0","0","","","0","","0","","40 18:52.518","2","0","80 06:26.361","0","0","0","0","2123","0","0","0","N","0","0","0","1","02123","0","","5.0","","1","N","N","","0","","0","0","0","","0","N","","1","0","0","0","0","0","0","2","0","1","","","","N","","","","","","","","","",""
"2014007198","","2","0","0","0","0","0","0","0","0","5","0","","02","1","2014","6","40.437337","-80.002805","","11","0","0","0","0","0","0","1","0","","0","0","0","","","1","","2","","40 26:14.413","","0","80 00:10.097","4","0","0","0","2301","0","0","0","N","0","0","0","2","02301","1","","1.0","","1","N","N","","0","","0","0","0","","2","","","2","1","1","0","0","0","0","2","0","2","","","","N","","","","","","","","","",""
"2014008787","","1","0","0","0","0","0","0","0","0","7","1","","02","1","2014","6","40.411068","-80.069726","","11","0","0","0","1","0","1","0","0","2","0","1","0","","","0","","0","","40 24:39.846","4","0","80 04:11.014","0","0","0","0","2435","0","0","0","Y","0","0","0","3","68B03","0","","5.0","","9","N","N","","0","","0","0","0","","0","N","","2","0","0","0","0","0","0","2","0","2","","","","N","","","","","","","","","",""
"2014006520","","0","0","0","0","0","0","0","0","0","5","0","","02","1","2014","1","40.331023","-79.970926","","11","0","0","0","1","0","0","0","0","2","0","0","0","","","0","","0","","40 19:51.683","1","0","79 58:15.335","0","0","0","0","2454","0","0","0","N","0","0","0","1","02454","0","","1.0","","1","N","N","","0","","0","0","2","","0","N","","2","0","1","0","0","0","0","2","0","2","","","","N","","","","","","","","","",""
"2014001779","","2","0","0","0","0","0","0","0","0","6","0","","02","1","2014","7","40.407555","-79.900946","","11","0","0","0","0","0","0","1","0","1","0","0","0","","","0","","1","","40 24:27.198","1","0","79 54:03.405","0","0","0","0","2448","0","0","0","N","0","0","0","3","02448","0","","1.0","","1","N","N","","0","","0","0","0","","3","Y","","2","0","0","0","0","0","0","2","0","2","","","","N","","","","","","","","","",""
"2014008788","","1","0","0","0","0","0","0","0","0","7","0","","02","1","2014","2","40.628239","-80.097337","","11","0","0","0","0","0","0","0","0","","0","0","0","","","0","","0","","40 37:41.662","","0","80 05:50.413","0","0","0","0","2212","0","0","0","N","0","0","0","2","68B03","0","","1.0","","1","N","N","","0","","0","0","0","","0","","","1","0","0","0","0","0","0","2","0","1","","","","N","","","","","","","","","",""
"2014006521","","1","0","0","0","0","0","0","0","0","7","0","","02","1","2014","7","40.512522","-80.034214","","11","0","0","0","1","0","0","0","0","4","0","0","0","","","0","","0","","40 30:45.080","5","0","80 02:03.170","0","0","0","0","2116","0","0","0","N","0","0","0","1","02116","0","","4.0","","1","N","N","","0","","0","0","0","","0","Y","","1","0","0","0","0","0","0","2","0","1","","","","N","","","","","","","","","",""
"2014008723","","0","0","0","0","0","0","0","0","0","4","0","","02","1","2014","3","40.454076","-79.996814","","11","0","0","0","0","0","1","0","0","2","0","0","0","","","3","","1","","40 27:14.672","4","0","79 59:48.532","4","0","0","0","2301","0","0","0","N","0","0","0","4","02301","1","","1.0","","6","N","N","","0","","0","0","1","","2","N","","2","3","0","0","0","2","0","2","1","2","","","","N","","","","","","","","","",""
"2014008789","","2","0","0","0","0","0","0","0","0","1","0","","02","1","2014","4","40.424882","-80.114741","","11","0","0","0","0","0","0","1","0","2","0","0","0","","","1","","0","","40 25:29.574","3","0","80 06:53.067","4","0","0","0","2102","0","0","0","N","0","0","0","5","68B03","1","","1.0","","1","N","N","","0","","0","0","1","","0","N","","3","1","0","0","0","0","0","2","0","3","","","","N","","","","","","","","","",""
"2014006522","","1","0","0","0","0","0","0","0","0","8","0","","02","1","2014","2","40.545878","-80.016897","","11","0","0","0","0","0","0","0","0","1","0","0","0","","","1","","1","","40 32:45.159","4","0","80 01:00.828","4","0","0","0","2116","1","0","0","N","1","0","0","2","02116","1","","1.0","","9","N","N","","0","","0","0","0","","2","Y","","2","1","0","0","0","0","0","2","0","1","","","","N","","","","","","","","","",""
"2014008725","","2","0","0","0","0","0","0","0","0","1","0","","02","1","2014","3","40.468951","-80.00142","","11","0","0","0","0","0","1","0","0","","0","0","0","","","0","","2","","40 28:08.223","","0","80 00:05.112","0","0","0","0","2301","0","0","0","N","0","0","0","2","02301","0","","1.0","","9","N","N","","0","","0","0","0","","0","","","2","0","0","0","0","0","0","2","0","2","","","","N","","","","","","","","","",""
"2014008790","","1","0","0","0","0","0","0","0","0","7","0","","02","1","2014","5","40.358156","-80.118588","","11","0","0","0","0","0","1","0","0","1","0","0","0","","","1","","6","","40 21:29.362","1","2","80 07:06.918","4","0","0","0","2119","0","0","0","N","0","0","0","1","68B03","1","","5.0","","1","N","N","","0","","0","0","0","","0","N","","1","1","0","0","0","0","0","2","0","1","","","","N","","","","","","","","","",""
"2014001716","","1","0","0","0","0","0","0","0","0","4","0","","02","1","2014","1","40.454825","-79.994438","","11","0","0","0","0","0","0","0","0","","0","0","0","","","0","","1","","40 27:17.371","","0","79 59:39.975","0","0","0","0","2301","0","0","0","N","0","0","0","3","02301","0","","1.0","","1","N","N","","0","","0","0","0","","2","","","2","0","0","0","0","0","0","2","1","2","","","","N","","","","","","","","","",""
"2014008791","","2","0","0","0","0","0","0","0","0","1","0","","02","1","2014","5","40.357905","-80.118899","","11","0","0","0","0","0","0","0","0","2","0","0","0","","","0","","0","","40 21:28.457","2","0","80 07:08.038","0","0","0","0","2119","0","0","0","N","0","0","0","6","68B03","0","","1.0","","1","N","N","","1","","0","0","0","","0","N","","3","0","0","0","0","0","0","2","0","3","","","","N","","","","","","","","","",""
"2014008792","","3","0","0","0","0","0","0","0","0","1","0","","02","1","2014","6","40.432298","-80.023564","","11","0","0","0","0","0","0","0","0","","0","0","0","","","0","","0","","40 25:56.271","","0","80 01:24.829","0","0","0","0","2301","0","0","0","N","0","0","0","3","68B03","0","","1.0","","1","N","N","","0","","0","0","0","","0","","","3","0","0","0","0","0","0","2","0","3","","","","N","","","","","","","","","",""
"2014000195","","1","0","0","0","0","0","0","0","0","8","0","","02","1","2014","4","40.463471","-79.930682","","11","0","0","0","0","0","1","0","0","","0","0","0","","","1","","1","","40 27:48.495","","0","79 55:50.455","2","0","0","0","2301","1","0","1","N","1","0","1","2","02301","0","","1.0","","1","N","N","","0","","0","1","0","","2","","","2","1","0","0","0","0","0","2","0","1","","","","N","","","","","","","","","",""
"2014001784","","1","0","0","0","0","0","0","0","0","4","0","","02","1","2014","6","40.521697","-80.043671","","11","0","1","0","0","0","0","0","0","","0","0","0","","","0","","2","","40 31:18.108","","0","80 02:37.214","0","0","0","0","2474","0","0","0","N","0","0","0","2","02474","0","","1.0","","1","N","N","","1","","0","0","0","","3","","","2","0","0","0","0","0","0","2","0","2","","","","N","","","","","","","","","",""
"2014008793","","1","0","0","0","0","0","0","0","0","1","1","","02","1","2014","6","40.432298","-80.023564","","11","0","0","0","0","0","0","0","0","","0","1","0","","","1","","0","","40 25:56.271","","4","80 01:24.829","8","0","0","0","2301","0","0","0","N","0","0","0","2","68B03","0","","1.0","","1","N","N","","0","","0","0","0","","0","","","2","1","0","0","0","1","0","2","0","2","","","","N","","","","","","","","","",""
"2014008794","","1","0","0","0","0","0","0","0","0","1","0","","02","1","2014","6","40.411489","-80.075846","","11","0","0","0","0","0","1","0","0","","0","0","0","","","3","","6","","40 24:41.361","","2","80 04:33.046","8","0","0","0","2117","0","0","0","N","0","0","0","3","68B03","0","","1.0","","9","N","N","","1","","0","0","0","","0","","","2","3","0","0","0","3","0","2","0","2","","","","N","","","","","","","","","",""
"2014008045","","2","0","0","0","0","0","0","0","0","1","0","","02","1","2014","2","40.480763","-80.007497","","11","0","0","0","0","0","0","0","0","","0","0","0","","","0","","0","","40 28:50.745","","0","80 00:26.989","0","0","0","0","2301","0","0","0","N","0","0","0","1","68B03","0","","1.0","","9","N","N","","0","","0","0","1","","0","","","3","0","0","0","0","0","0","2","0","3","","","","N","","","","","","","","","",""
"2014008189","","0","0","0","0","0","0","0","0","0","1","0","","02","1","2014","2","40.461622","-79.948973","","11","0","0","0","0","0","0","0","1","","0","0","0","","","0","","1","","40 27:41.839","","0","79 56:56.302","0","0","0","0","2301","0","0","0","N","0","0","0","3","02301","0","","1.0","","1","N","N","","0","","0","0","2","","2","","","2","0","0","0","0","0","0","2","0","2","","","","N","","","","","","","","","",""
"2014007429","","1","0","0","0","0","0","0","0","0","7","0","","02","1","2014","6","40.464303","-79.982216","","11","0","0","0","0","0","0","0","0","","0","0","0","","","0","","3","","40 27:51.490","","0","79 58:55.977","0","0","0","0","2301","0","0","0","N","0","0","0","1","02301","0","","3.0","","9","N","N","","0","","0","0","0","","0","","","1","0","0","0","0","0","0","2","0","1","","","","N","","","","","","","","","",""
"2014008795","","1","0","0","0","0","0","0","0","0","7","0","","02","1","2014","1","40.467381","-80.198373","","11","0","0","0","0","0","0","0","0","1","0","0","0","","","0","","0","","40 28:02.570","3","3","80 11:54.144","9","0","0","0","2213","0","0","0","N","0","0","0","2","68B03","0","","5.0","","9","N","N","","0","","0","0","0","","0","N","","1","0","0","0","0","0","1","2","0","1","","","","N","","","","","","","","","",""
"2014007972","","0","0","0","0","0","0","0","0","0","7","0","","02","1","2014","1","40.435359","-80.012936","","11","0","0","0","0","0","0","0","0","","0","0","0","","","0","","1","","40 26:07.292","","0","80 00:46.569","0","0","0","0","2301","0","0","0","N","0","0","0","1","02301","0","","4.0","","2","N","N","","0","","0","0","1","","2","","","1","0","1","0","0","0","0","2","0","1","","","","N","","","","","","","","","",""
"2014007208","","1","0","0","0","0","0","0","0","0","5","0","","02","1","2014","5","40.43899","-79.762496","","11","0","0","0","0","0","0","0","0","","0","0","0","","","1","","1","","40 26:20.364","","0","79 45:44.986","8","0","0","0","2446","0","0","0","N","0","0","0","3","02446","0","","1.0","","1","N","N","","1","","0","0","0","","2","","","2","1","0","0","0","1","0","2","0","2","","","","N","","","","","","","","","",""
"2014008935","","1","0","0","0","0","0","0","0","0","5","0","","02","1","2014","2","40.473908","-79.958755","","11","0","0","0","0","0","0","0","0","","0","0","0","","","0","","0","","40 28:26.068","","0","79 57:31.518","0","0","0","0","2301","0","0","0","N","0","0","0","1","02301","0","","2.0","","1","N","N","","0","","0","0","1","","0","","","2","0","0","0","0","0","0","2","0","2","","","","N","","","","","","","","","",""
"2014008191","","2","0","0","0","0","0","0","0","0","4","0","","02","1","2014","2","40.355084","-80.116178","","11","0","0","0","0","0","0","0","0","","0","0","0","","","0","","2","","40 21:18.304","","0","80 06:58.240","0","0","0","0","2119","0","0","0","N","0","0","0","2","02119","0","","1.0","","1","N","N","","0","","0","0","0","","2","","","2","0","0","0","0","0","0","2","0","2","","","","N","","","","","","","","","",""
"2014007974","","1","0","0","0","0","0","0","0","0","7","0","","02","1","2014","1","40.439475","-80.192058","","11","0","0","0","0","0","0","0","0","3","0","0","0","","","0","","3","","40 26:22.109","3","2","80 11:31.407","0","0","0","0","2214","0","0","0","N","0","0","0","1","02214","0","","5.0","","7","N","N","","0","","0","0","0","","4","N","","1","0","0","0","0","0","0","2","0","1","","","","N","","","","","","","","","",""
"2014000201","","2","0","0","0","0","0","0","0","0","4","0","","02","1","2014","4","40.440466","-79.991536","","11","0","0","1","0","0","0","0","0","1","0","0","0","","","0","","1","","40 26:25.678","4","0","79 59:29.530","0","0","0","0","2301","0","0","0","N","0","0","0","3","02301","0","","1.0","","1","N","N","","0","","0","0","0","","2","N","","2","0","0","0","0","0","0","2","0","2","","","","N","","","","","","","","","",""