"CRN","ARRIVAL_TM","AUTOMOBILE_COUNT","BELTED_DEATH_COUNT","BELTED_SUSP_SERIOUS_INJ_COUNT","BICYCLE_COUNT","BICYCLE_DEATH_COUNT","BICYCLE_SUSP_SERIOUS_INJ_COUNT","BUS_COUNT","CHLDPAS_DEATH_COUNT","CHLDPAS_SUSP_SERIOUS_INJ_COUNT","COLLISION_TYPE","COMM_VEH_COUNT","CONS_ZONE_SPD_LIM","COUNTY","CRASH_MONTH","CRASH_YEAR","DAY_OF_WEEK","DEC_LATITUDE","DEC_LONGITUDE","DISPATCH_TM","DISTRICT","DRIVER_COUNT_16YR","DRIVER_COUNT_17YR","DRIVER_COUNT_18YR","DRIVER_COUNT_19YR","DRIVER_COUNT_20YR","DRIVER_COUNT_50_64YR","DRIVER_COUNT_65_74YR","DRIVER_COUNT_75PLUS","EST_HRS_CLOSED","FATAL_COUNT","HEAVY_TRUCK_COUNT","HORSE_BUGGY_COUNT","HOUR_OF_DAY","ILLUMINATION","INJURY_COUNT","INTERSECTION_RELATED","INTERSECT_TYPE","LANE_CLOSED","LATITUDE","LN_CLOSE_DIR","LOCATION_TYPE","LONGITUDE","MAX_SEVERITY_LEVEL","MCYCLE_DEATH_COUNT","MCYCLE_SUSP_SERIOUS_INJ_COUNT","MOTORCYCLE_COUNT","MUNICIPALITY","NONMOTR_COUNT","NONMOTR_DEATH_COUNT","NONMOTR_SUSP_SERIOUS_INJ_COUNT","NTFY_HIWY_MAINT","PED_COUNT","PED_DEATH_COUNT","PED_SUSP_SERIOUS_INJ_COUNT","PERSON_COUNT","POLICE_AGCY","POSSIBLE_INJ_COUNT","RDWY_SURF_TYPE_CD","RELATION_TO_ROAD","ROADWAY_CLEARED","ROAD_CONDITION","SCH_BUS_IND","SCH_ZONE_IND","SECONDARY_CRASH","SMALL_TRUCK_COUNT","SPEC_JURIS_CD","SUSP_MINOR_INJ_COUNT","SUSP_SERIOUS_INJ_COUNT","SUV_COUNT","TCD_FUNC_CD","TCD_TYPE","TFC_DETOUR_IND","TIME_OF_DAY","TOTAL_UNITS","TOT_INJ_COUNT","UNBELTED_OCC_COUNT","UNB_DEATH_COUNT","UNB_SUSP_SERIOUS_INJ_COUNT","UNK_INJ_DEG_COUNT","UNK_INJ_PER_COUNT","URBAN_RURAL","VAN_COUNT","VEHICLE_COUNT","WEATHER1","WEATHER2","WORKERS_PRES","WORK_ZONE_IND","WORK_ZONE_LOC","WORK_ZONE_TYPE","WZ_CLOSE_DETOUR","WZ_FLAGGER","WZ_LAW_OFFCR_IND","WZ_LN_CLOSURE","WZ_MOVING","WZ_OTHER","WZ_SHLDER_MDN","WZ_WORKERS_INJ_KILLED"
"2014013361","0129","0","0","0","0","0","0","0","0","0","7","0","","02","1","2014","6","40.379065","-80.110513","0124","11","0","0","0","0","0","0","0","0","3","0","0","0","","","0","","0","","40 22:44.634","6","0","80 06:37.846","0","0","0","0","2102","0","0","0","N","0","0","0","2","02102","0","","5.0","","1","N","N","","0","","0","0","1","","0","Y","","1","0","0","0","0","0","0","2","0","1","","","","N","","","","","","","","","",""
"2014014233","2041","2","0","0","0","0","0","0","0","0","4","0","","02","2","2014","7","40.392888","-79.997383","2035","11","0","0","0","0","0","1","0","0","","0","0","0","","","1","","2","","40 23:34.396","","0","79 59:50.578","4","0","0","0","2301","0","0","0","N","0","0","0","3","02301","1","","1.0","","1","N","N","","0","","0","0","1","","2","","","3","1","0","0","0","0","0","2","0","3","","","","N","","","","","","","","","",""
"2014014982","1440","2","0","0","0","0","0","0","0","0","1","0","","02","1","2014","6","40.472965","-79.82024","1438","11","2","0","0","0","0","0","0","0","","0","0","0","","","0","","2","","40 28:22.673","","0","79 49:12.864","0","0","0","0","2113","0","0","0","N","0","0","0","4","02113","0","","1.0","","1","N","N","","0","","0","0","0","","0","","","3","0","0","0","0","0","0","2","1","3","","","","N","","","","","","","","","",""
"2014012603","0741","2","0","0","0","0","0","0","0","0","1","0","","02","1","2014","4","40.510431","-80.095684","0740","11","0","0","0","0","0","0","0","0","","0","0","0","","","2","","0","","40 30:37.550","","0","80 05:44.464","4","0","0","0","2429","0","0","0","","0","0","0","3","02215","2","","1.0","","2","","","","0","","0","0","0","","0","","","2","2","0","0","0","0","0","2","0","2","","","","N","","","","","","","","","",""
"2014012615","1748","1","0","0","0","0","0","0","0","0","8","0","","02","1","2014","4","40.448678","-79.989383","1708","11","0","0","0","0","0","0","0","0","","0","0","0","","","1","","1","","40 26:55.240","","0","79 59:21.778","8","0","0","0","2301","1","0","0","N","1","0","0","2","02301","0","","1.0","","1","N","N","","0","","0","0","0","","7","","","2","1","0","0","0","1","0","2","0","1","","","","N","","","","","","","","","",""
"2014013363","2315","1","0","0","0","0","0","0","0","0","7","0","","02","1","2014","5","40.437802","-79.994129","2307","11","0","0","0","0","0","0","0","0","","0","0","0","","","0","","0","","40 26:16.087","","0","79 59:38.866","9","0","0","0","2301","0","0","0","N","0","0","0","1","02301","0","","2.0","","2","N","N","","0","","0","0","0","","0","","","1","0","0","0","0","0","1","2","0","1","","","","N","","","","","","","","","",""
"2014012753","2044","0","0","0","0","0","0","0","0","0","5","0","","02","1","2014","4","40.426972","-79.966876","2040","11","0","0","0","0","0","1","0","0","1","0","0","0","","","1","","0","","40 25:37.098","4","0","79 58:00.754","4","0","0","0","2301","0","0","0","N","0","0","0","3","02301","1","","1.0","","1","N","N","","0","","0","0","2","","0","N","","2","1","0","0","0","0","0","2","0","2","","","","N","","","","","","","","","",""
"2014012616","0913","2","0","0","0","0","0","0","0","0","2","0","","02","1","2014","4","40.522833","-80.080967","0908","11","0","0","0","0","0","0","0","0","","0","0","0","","","2","","0","","40 31:22.200","","0","80 04:51.480","4","0","0","0","2215","0","0","0","","0","0","0","2","02215","2","","1.0","","2","","","","0","","0","0","0","","0","","","2","2","0","0","0","0","0","2","0","2","","","","N","","","","","","","","","",""
"2014013364","0655","0","0","0","0","0","0","0","0","0","7","0","","02","1","2014","5","40.418933","-80.066486","0655","11","0","0","0","0","0","0","0","0","1","0","0","0","","","0","","0","","40 25:08.159","1","0","80 03:59.348","0","0","0","0","2301","0","0","0","N","0","0","0","1","02301","0","","5.0","","2","N","N","","1","","0","0","0","","0","N","","1","0","0","0","0","0","0","2","0","1","","","","N","","","","","","","","","",""
"2014012742","2003","1","0","0","0","0","0","0","0","0","7","0","","02","1","2014","4","40.481527","-79.876154","1958","11","0","0","0","0","0","0","0","0","","0","0","0","","","0","","2","","40 28:53.497","","0","79 52:34.154","9","0","0","0","2113","0","0","0","N","0","0","0","1","02113","0","","2.0","","2","N","N","","0","","0","0","0","","0","","","1","0","0","0","0","0","1","2","0","1","","","","N","","","","","","","","","",""
"2014012605","1340","2","0","0","0","0","0","0","0","0","1","0","","02","1","2014","3","40.586795","-80.045021","1309","11","0","0","0","0","1","1","0","0","","0","0","0","","","0","","0","","40 35:12.462","","0","80 02:42.074","0","0","0","0","2108","0","0","0","N","0","0","0","3","02108","0","","1.0","","98","N","N","","0","","0","0","0","","0","","","2","0","0","0","0","0","0","2","0","2","","","","N","","","","","","","","","",""
"2014012606","0559","1","0","0","0","0","0","0","0","0","6","1","","02","1","2014","3","40.452053","-80.133863","0558","11","0","0","0","0","0","0","0","0","","0","1","0","","","0","","1","","40 27:07.390","","0","80 08:01.906","0","0","0","0","2115","0","0","0","N","0","0","0","2","02115","0","","1.0","","7","Y","N","","0","","0","0","0","","2","","","2","0","0","0","0","0","0","2","0","2","","","","N","","","","","","","","","",""
"2014012757","2102","1","0","0","0","0","0","0","0","0","2","0","","02","1","2014","4","40.463586","-79.952975","2052","11","0","0","0","0","0","1","0","0","2","0","0","0","","","0","","1","","40 27:48.909","5","0","79 57:10.710","0","0","0","0","2301","0","0","0","N","0","0","0","3","02301","0","","1.0","","1","N","N","","0","","0","0","1","","2","Y","","2","0","0","0","0","0","0","2","0","2","","","","N","","","","","","","","","",""
"2014012822","1044","1","0","0","0","0","0","0","0","0","7","0","","02","1","2014","1","40.494982","-79.906379","1031","11","0","0","0","0","0","1","0","0","","0","0","0","","","0","","6","","40 29:41.936","","2","79 54:22.966","0","0","0","0","2401","0","0","0","N","0","0","0","1","68D02","0","","5.0","","1","N","N","","0","","0","0","0","","0","","","1","0","0","0","0","0","0","2","0","1","","","","N","","","","","","","","","",""
"2014014942","0758","1","0","0","0","0","0","0","0","0","1","0","","02","2","2014","3","40.486055","-79.912131","0748","11","0","0","0","0","0","0","0","0","","0","0","0","","","0","","0","","40 29:09.799","","8","79 54:43.672","0","0","0","0","2301","0","0","0","N","0","0","0","2","02301","0","","1.0","","1","N","N","","0","","0","0","1","","0","","","2","0","0","0","0","0","0","2","0","2","","","","N","","","","","","","","","",""
"2014014384","0825","1","0","0","0","0","0","0","0","0","7","0","","02","2","2014","2","40.450611","-80.027304","0816","11","0","0","0","0","0","0","0","0","","0","0","0","","","1","","0","","40 27:02.199","","0","80 01:38.296","8","0","0","0","2301","0","0","0","N","0","0","0","1","02301","0","","3.0","","7","N","N","","0","","0","0","0","","0","","","1","1","0","0","0","1","0","2","0","1","","","","N","","","","","","","","","",""
"2014015072","2225","0","0","0","0","0","0","0","0","0","7","0","","02","2","2014","2","40.50913","-79.888333","2220","11","0","0","1","0","0","0","0","0","","0","0","0","","","0","","0","","40 30:32.868","","0","79 53:17.998","0","0","0","0","2432","0","0","0","N","0","0","0","1","02432","0","","2.0","","2","N","N","","0","","0","0","1","","0","","","1","0","0","0","0","0","0","2","0","1","","","","N","","","","","","","","","",""
"2014014398","0840","0","0","0","0","0","0","0","0","0","7","0","","02","2","2014","2","40.396914","-79.902939","0840","11","0","0","0","0","0","1","0","0","","0","0","0","","","0","","0","","40 23:48.890","","0","79 54:10.580","0","0","0","0","2448","0","0","0","N","0","0","0","1","02448","0","","2.0","","7","N","N","","0","","0","0","1","","0","","","1","0","0","0","0","0","0","2","0","1","","","","N","","","","","","","","","",""
"2014014100","1403","2","0","0","0","0","0","0","0","0","6","0","","02","2","2014","7","40.420755","-79.997387","1359","11","0","0","0","0","0","0","0","1","1","0","0","0","","","0","","1","","40 25:14.718","5","0","79 59:50.593","0","0","0","0","2301","0","0","0","N","0","0","0","2","02301","0","","1.0","","1","N","N","","0","","0","0","0","","0","N","","2","0","0","0","0","0","0","2","0","2","","","","N","","","","","","","","","",""
"2014013373","0005","1","0","0","0","0","0","0","0","0","2","0","","02","1","2014","6","40.342084","-79.845815","0002","11","0","0","0","0","0","0","0","0","","0","0","0","","","0","","0","","40 20:31.502","","0","79 50:44.934","0","0","0","0","2304","0","0","0","N","0","0","0","1","02304","0","","1.0","","2","N","N","","1","","0","0","0","","0","","","2","0","0","0","0","0","0","2","0","2","","","","N","","","","","","","","","",""
"2014013515","1436","0","0","0","0","0","0","0","0","0","8","0","","02","1","2014","6","40.438076","-79.9978","1436","11","0","0","0","0","0","1","0","0","","0","0","0","","","1","","1","","40 26:17.073","","0","79 59:52.080","8","0","0","0","2301","1","0","0","N","1","0","0","2","02301","0","","1.0","","1","N","N","","1","","0","0","0","","2","","","2","1","0","0","0","1","1","2","0","1","","","","N","","","","","","","","","",""
"2014014399","0909","1","0","0","0","0","0","0","0","0","6","0","","02","2","2014","2","40.489703","-79.795169","0904","11","0","0","0","0","0","1","0","0","1","0","0","0","","","1","","0","","40 29:22.932","1","0","79 47:42.609","4","0","0","0","2113","0","0","0","N","0","0","0","1","02113","1","","1.0","","7","N","N","","1","","0","0","0","","0","N","","2","1","0","0","0","0","0","2","0","2","","","","N","","","","","","","","","",""
"2014012558","1232","2","0","0","0","0","0","0","0","0","1","0","","02","1","2014","4","40.415444","-79.924874","1228","11","0","0","0","0","0","0","0","0","","0","0","0","","","0","","1","","40 24:55.598","","0","79 55:29.546","0","0","0","0","2301","0","0","0","N","0","0","0","3","02301","0","","1.0","","1","N","N","","0","","0","0","1","","2","","","3","0","2","0","0","0","0","2","0","3","","","","N","","","","","","","","","",""
"2014014182","2145","1","0","0","0","0","0","0","0","0","7","0","","02","1","2014","3","40.371786","-80.049376","2143","11","0","0","0","1","0","0","0","0","2","0","0","0","","","0","","2","","40 22:18.430","1","0","80 02:57.752","0","0","0","0","2109","0","0","0","N","0","0","0","1","02109","0","","5.0","","1","N","N","","0","","0","0","0","","0","N","","2","0","0","0","0","0","0","2","0","1","","","","N","","","","","","","","","",""
"2014014246","2015","1","0","0","0","0","0","0","0","0","7","0","","02","2","2014","1","40.332236","-80.069537","2015","11","0","0","0","0","0","0","0","0","","0","0","0","","","0","","0","","40 19:56.049","","0","80 04:10.332","0","0","0","0","2123","0","0","0","N","0","0","0","1","02123","0","","4.0","","7","N","N","","0","","0","0","0","","0","","","1","0","0","0","0","0","0","2","0","1","","","","N","","","","","","","","","",""
"2014014258","2024","3","0","0","0","0","0","0","0","0","99","0","","02","2","2014","1","40.370968","-79.854814","2023","11","0","0","0","0","0","0","0","0","2","0","0","0","","","1","","2","","40 22:15.484","7","0","79 51:17.330","8","0","0","0","2303","1","0","0","N","1","0","0","3","02303","0","","4.0","","7","N","N","","0","","0","0","0","","3","Y","","4","1","0","0","0","1","0","2","0","3","","","","N","","","","","","","","","",""
"2014013517","1337","1","0","0","0","0","0","0","0","0","4","1","","02","1","2014","6","40.321117","-79.942255","1337","11","0","0","0","0","0","1","0","1","","0","1","0","","","1","","1","","40 19:16.022","","0","79 56:32.119","8","0","0","0","2454","0","0","0","N","0","0","0","4","02454","0","","1.0","","1","N","N","","0","","0","0","1","","2","","","3","1","0","0","0","1","1","2","0","3","","","","N","","","","","","","","","",""
"2014013376","1143","1","0","0","0","0","0","0","0","0","1","0","","02","1","2014","1","40.350273","-79.926997","1139","11","0","0","1","0","0","0","0","0","1","0","0","0","","","0","","1","","40 21:00.984","4","0","79 55:37.188","0","0","0","0","2473","0","0","0","N","0","0","0","3","02473","0","","1.0","","7","N","N","","0","","0","0","1","","2","N","","2","0","0","0","0","0","0","2","0","2","","","","N","","","","","","","","","",""
"2014014259","2148","3","0","0","0","0","0","0","0","0","5","0","","02","2","2014","1","40.38439","-79.978955","2138","11","0","0","0","1","0","0","0","0","","0","0","0","","","0","","0","","40 23:03.805","","0","79 58:44.238","0","0","0","0","2301","0","0","0","N","0","0","0","3","02301","0","","1.0","","2","N","N","","0","","0","0","0","","0","","","3","0","0","0","0","0","0","2","0","3","","","","N","","","","","","","","","",""
"2014012766","2215","0","0","0","0","0","0","0","0","0","7","0","","02","1","2014","4","40.390888","-80.201134","2206","11","0","0","0","0","0","1","0","0","2","0","0","0","","","1","","0","","40 23:27.197","6","0","80 12:04.083","4","0","0","0","2214","0","0","0","N","0","0","0","1","02214","1","","4.0","","1","N","N","","1","","0","0","0","","0","Y","","1","1","1","0","0","0","0","2","0","1","","","","N","","","","","","","","","",""
"2014014404","0830","2","0","0","0","0","0","0","0","0","5","0","","02","2","2014","2","40.481628","-80.042022","0816","11","0","0","0","1","0","1","0","0","","0","0","0","","","0","","0","","40 28:53.860","","0","80 02:31.280","0","0","0","0","2301","0","0","0","N","0","0","0","2","02301","0","","1.0","","6","N","N","","0","","0","0","0","","0","","","2","0","0","0","0","0","0","2","0","2","","","","N","","","","","","","","","",""
"2014012907","0715","1","0","0","0","0","0","0","0","0","7","0","","02","1","2014","5","40.384501","-79.970354","0713","11","1","0","0","0","0","0","0","0","1","0","0","0","","","0","","2","","40 23:04.203","2","0","79 58:13.274","0","0","0","0","2413","0","0","0","N","0","0","0","1","02413","0","","2.0","","2","N","N","","0","","0","0","0","","0","N","","1","0","0","0","0","0","0","2","0","1","","","","N","","","","","","","","","",""
"2014013378","2322","1","0","0","0","0","0","0","0","0","7","0","","02","1","2014","5","40.436718","-80.0009","2315","11","0","0","0","0","0","0","0","0","","0","0","0","","","0","","1","","40 26:12.185","","0","80 00:03.239","9","0","0","0","2301","0","0","0","N","0","0","0","1","02301","0","","2.0","","1","N","N","","0","","0","0","0","","2","","","1","0","0","0","0","0","1","2","0","1","","","","N","","","","","","","","","",""
"2014014825","1857","0","0","0","0","0","0","0","0","0","7","0","","02","1","2014","3","40.521435","-80.130795","1847","11","0","0","0","0","0","1","0","0","","0","0","0","","","1","","0","","40 31:17.166","","2","80 07:50.863","8","0","0","0","2434","0","0","0","N","0","0","0","1","68B03","0","","2.0","","1","N","N","","1","","0","0","0","","0","","","1","1","1","0","0","1","0","2","0","1","","","","N","","","","","","","","","",""
"2014014952","1307","1","0","0","0","0","0","0","0","0","2","1","","02","2","2014","2","40.240458","-79.827031","1259","11","0","0","0","0","0","1","0","0","3","0","1","0","","","0","","0","","40 14:25.648","6","0","79 49:37.311","0","0","0","0","2105","0","0","0","N","0","0","0","2","02105","0","","1.0","","2","N","N","","0","","0","0","0","","0","Y","","2","0","0","0","0","0","0","1","0","2","","","","N","","","","","","","","","",""
"2014014262","0106","0","0","0","0","0","0","0","0","0","7","0","","02","2","2014","1","40.360061","-79.870589","0106","11","0","0","0","0","0","0","0","0","","0","0","0","","","0","","2","","40 21:36.221","","0","79 52:14.121","0","0","0","0","2473","0","0","0","N","0","0","0","1","02473","0","","2.0","","1","N","N","","0","","0","0","1","","0","","","1","0","0","0","0","0","0","2","0","1","","","","N","","","","","","","","","",""
"2014015081","1905","1","0","0","0","0","0","0","0","0","4","0","","02","1","2014","4","40.538044","-79.839716","1901","11","0","0","0","0","0","0","0","0","","0","0","0","","","0","","1","","40 32:16.958","","0","79 50:22.976","9","0","0","0","2208","0","0","0","N","0","0","0","5","02208","0","","1.0","","1","N","N","","0","","0","0","1","","2","","","2","0","0","0","0","0","2","2","0","2","","","","N","","","","","","","","","",""
"2014014407","1430","1","0","0","0","0","0","0","0","0","7","0","","02","1","2014","2","40.62828","-79.975447","1428","11","0","0","0","0","1","0","0","0","1","0","0","0","","","0","","0","","40 37:41.807","1","0","79 58:31.608","0","0","0","0","2217","0","0","0","N","0","0","0","1","02505","0","","4.0","","1","N","N","","0","","0","0","0","","0","N","","1","0","0","0","0","0","0","2","0","1","","","","N","","","","","","","","","",""
"2014014120","1016","1","0","0","0","0","0","0","0","0","4","0","","02","2","2014","1","40.414138","-80.0095","1015","11","0","0","0","0","0","0","0","0","","0","0","0","","","1","","1","","40 24:50.897","","0","80 00:34.199","4","0","0","0","2301","0","0","0","N","0","0","0","3","02301","1","","1.0","","9","N","N","","0","","0","0","1","","2","","","2","1","0","0","0","0","0","2","0","2","","","","N","","","","","","","","","",""
"2014012771","0241","1","0","0","0","0","0","0","0","0","7","0","","02","1","2014","4","40.543542","-80.080842","0241","11","0","0","0","0","0","0","0","0","1","0","0","0","","","0","","0","","40 32:36.750","4","0","80 04:51.030","0","0","0","0","2215","0","0","0","Y","0","0","0","1","02215","0","","4.0","","1","N","N","","0","","0","0","0","","8","N","","1","0","0","0","0","0","0","2","0","1","","","","N","","","","","","","","","",""
"2014014409","0826","0","0","0","0","0","0","0","0","0","7","0","","02","1","2014","4","40.41939","-79.775655","0822","11","0","0","0","0","0","0","0","0","2","0","0","0","","","1","","0","","40 25:09.805","6","0","79 46:32.359","4","0","0","0","2470","0","0","0","N","0","0","0","1","02424","1","","5.0","","2","N","N","","0","","0","0","1","","0","Y","","1","1","0","0","0","0","0","2","0","1","","","","N","","","","","","","","","",""
"2014013194","1318","0","0","0","0","0","0","0","0","0","7","0","","02","1","2014","1","40.528296","-80.222087","1314","11","0","0","0","0","0","0","0","0","1","0","0","0","","","0","","0","","40 31:41.865","2","0","80 13:19.513","0","0","0","0","2213","0","0","0","N","0","0","0","1","02213","0","","4.0","","7","N","N","","1","","0","0","0","","0","Y","","1","0","0","0","0","0","0","2","0","1","","","","N","","","","","","","","","",""
"2014011751","0300","0","0","0","0","0","0","0","0","0","7","0","","02","1","2014","7","40.625651","-79.941782","0255","11","0","0","0","0","1","0","0","0","","0","0","0","","","1","","0","","40 37:32.344","","0","79 56:30.415","4","0","0","0","2217","0","0","0","N","0","0","0","1","02505","1","","5.0","","1","N","N","","1","","0","0","0","","0","","","1","1","0","0","0","0","0","2","0","1","","","","N","","","","","","","","","",""
"2014011763","1349","1","0","0","0","0","0","0","0","0","1","1","","02","1","2014","5","40.628838","-80.056257","1343","11","0","0","0","0","0","0","0","0","","0","0","0","","","1","","0","","40 37:43.815","","0","80 03:22.525","3","0","0","0","2216","0","0","0","N","0","0","0","4","02505","0","","1.0","","1","N","N","","1","","1","0","0","","0","","","2","1","0","0","0","0","0","2","0","2","","","","N","","","","","","","","","",""
"2014009505","0752","1","0","0","0","0","0","0","0","0","4","0","","02","1","2014","5","40.502627","-80.071291","0749","11","0","0","0","0","0","2","0","0","","0","2","0","","","0","","2","","40 30:09.457","","0","80 04:16.647","0","0","0","0","2402","0","0","0","N","0","0","0","2","02402","0","","1.0","","9","N","N","","0","","0","0","0","","3","","","3","0","0","0","0","0","0","2","0","3","","","","N","","","","","","","","","",""
"2014013808","0032","3","0","0","0","0","0","0","0","0","6","0","","02","2","2014","7","40.458613","-79.908014","0030","11","0","0","0","0","0","0","0","1","1","0","0","0","","","2","","1","","40 27:31.005","5","0","79 54:28.849","4","0","0","0","2301","0","0","0","N","0","0","0","4","02301","2","","1.0","","1","N","N","","0","","0","0","0","","2","Y","","3","2","0","0","0","0","0","2","0","3","","","","N","","","","","","","","","",""
"2014014622","1912","1","0","0","0","0","0","0","0","0","1","0","","02","2","2014","1","40.4564","-79.940313","1901","11","0","0","0","0","0","1","0","0","","0","0","0","","","0","","0","","40 27:23.041","","0","79 56:25.128","9","0","0","0","2301","0","0","0","N","0","0","0","1","02301","0","","6.0","","1","N","N","","0","","0","0","1","","0","","","2","0","0","0","0","0","1","2","0","2","","","","N","","","","","","","","","",""
"2014011768","1254","0","0","0","0","0","0","0","0","0","7","0","","02","1","2014","1","40.647368","-80.10843","1247","11","0","0","0","0","0","0","0","0","","0","0","0","","","0","","0","","40 38:50.523","","0","80 06:30.349","0","0","0","0","2212","0","0","0","N","0","0","0","1","02505","0","","4.0","","1","N","N","","0","","0","0","1","","0","","","1","0","1","0","0","0","0","2","0","1","","","","N","","","","","","","","","",""
"2014014638","0945","0","0","0","0","0","0","0","0","0","4","1","","02","1","2014","2","40.459266","-80.190007","0942","11","0","0","0","0","0","0","0","0","4","1","1","0","","","1","","7","","40 27:33.356","4","2","80 11:24.024","1","0","0","0","2213","0","0","0","Y","0","0","0","2","68B03","0","2","1.0","","9","N","N","","0","0","0","0","1","","0","Y","","2","1","1","1","0","1","0","2","0","2","","","","N","","","","","","","","","",""
"2014013887","1315","0","0","0","0","0","0","0","0","0","8","0","","02","1","2014","5","40.417124","-80.020417","1308","11","0","0","0","0","0","1","0","0","","0","0","0","","","1","","0","","40 25:01.646","","0","80 01:13.501","4","0","0","0","2301","1","0","0","N","1","0","0","2","02301","1","","5.0","","1","N","Y","","0","","0","0","0","","0","","","2","1","0","0","0","0","0","2","1","1","","","","N","","","","","","","","","",""
"2014014626","1743","1","0","0","0","0","0","0","0","0","4","0","","02","2","2014","2","40.45086","-80.251161","1743","11","0","0","0","0","0","0","0","0","1","0","0","0","","","0","","1","","40 27:03.095","6","0","80 15:04.180","0","0","0","0","2203","0","0","0","N","0","0","0","3","02203","0","","1.0","","1","N","N","","0","","0","0","1","","3","N","","2","0","0","0","0","0","0","2","0","2","","","","N","","","","","","","","","",""
"2014014639","1559","0","0","0","0","0","0","0","0","0","1","0","","02","1","2014","5","40.425902","-79.900631","1532","11","0","0","0","0","0","0","1","0","","0","0","0","","","0","","0","","40 25:33.248","","0","79 54:02.270","0","0","0","0","2301","0","0","0","N","0","0","0","3","68B03","0","","1.0","","1","N","N","","0","","0","0","2","","0","","","2","0","0","0","0","0","0","2","0","2","","","","N","","","","","","","","","",""
"2014012920","1347","1","0","0","0","0","0","0","0","0","1","0","","02","1","2014","4","40.455409","-79.954145","1326","11","0","0","0","0","0","0","0","0","","0","0","0","","","1","","0","","40 27:19.473","","0","79 57:14.923","8","0","0","0","2301","0","0","0","N","0","0","0","4","02301","0","","1.0","","1","N","N","","0","","0","0","1","","0","","","2","1","0","0","0","1","0","2","0","2","","","","N","","","","","","","","","",""
"2014012932","0833","3","0","0","0","0","0","0","0","0","1","0","","02","1","2014","5","40.474395","-80.064124","0829","11","0","0","0","0","0","1","0","0","","0","0","0","","","1","","0","","40 28:27.822","","0","80 03:50.847","8","0","0","0","2444","0","0","0","N","0","0","0","5","02444","0","","1.0","","1","N","N","","0","","0","0","0","","0","","","3","1","2","0","0","1","0","2","0","3","","","","N","","","","","","","","","",""
"2014013684","0655","2","0","0","0","0","0","0","0","0","1","0","","02","1","2014","2","40.44866","-80.006623","0630","11","0","0","0","0","0","0","0","0","","0","0","0","","","0","","6","","40 26:55.176","","2","80 00:23.843","0","0","0","0","2301","0","0","0","N","0","0","0","2","68B03","0","","1.0","","9","N","N","","0","","0","0","0","","4","","","2","0","0","0","0","0","0","2","0","2","","","","N","","","","","","","","","",""
"2014014628","1810","0","0","0","0","0","0","0","0","0","1","0","","02","2","2014","2","40.416936","-80.014558","1807","11","0","0","0","0","0","0","0","0","","0","0","0","","","1","","2","","40 25:00.970","","0","80 00:52.409","8","0","0","0","2301","0","0","0","N","0","0","0","6","02301","0","","1.0","","9","N","N","","1","","0","0","0","","0","","","2","1","2","0","0","1","0","2","1","2","","","","N","","","","","","","","","",""
"2014014640","0352","0","0","0","0","0","0","0","0","0","7","0","","02","1","2014","6","40.434611","-79.988004","0337","11","0","0","0","0","0","0","0","0","1","0","0","0","","","0","","0","","40 26:04.599","4","0","79 59:16.813","9","0","0","0","2301","0","0","0","Y","0","0","0","1","68B03","0","","5.0","","1","N","N","","0","","0","0","1","","0","N","","1","0","0","0","0","0","1","2","0","1","","","","N","","","","","","","","","",""
"2014013202","2138","2","0","0","0","0","0","0","0","0","7","0","","02","1","2014","7","40.619518","-80.083069","2129","11","0","0","0","0","1","1","0","0","2","0","0","0","","","0","","0","","40 37:10.266","3","0","80 04:59.049","0","0","0","0","2212","0","0","0","Y","0","0","0","5","02505","0","","2.0","","7","N","N","","0","","0","0","0","","0","N","","2","0","0","0","0","0","0","2","0","2","","","","N","","","","","","","","","",""
"2014010211","1015","0","0","0","0","0","0","0","0","0","2","0","","02","1","2014","3","40.527694","-79.870464","1010","11","0","1","0","0","0","0","0","0","","0","0","0","","","0","","0","","40 31:39.698","","0","79 52:13.670","0","0","0","0","2432","0","0","0","N","0","0","0","1","02432","0","","6.0","","6","N","N","","0","","0","0","1","","0","","","2","0","0","0","0","0","0","2","1","2","","","","N","","","","","","","","","",""
"2014014629","2241","1","0","0","0","0","0","0","0","0","1","0","","02","2","2014","1","40.417091","-80.025155","2236","11","0","0","0","0","0","0","0","0","","0","0","0","","","0","","1","","40 25:01.527","","0","80 01:30.558","0","0","0","0","2301","0","0","0","N","0","0","0","4","02301","0","","2.0","","2","N","N","","0","","0","0","1","","2","","","2","0","0","0","0","0","0","2","0","2","","","","N","","","","","","","","","",""
"2014014641","0738","2","0","0","0","0","0","0","0","0","7","0","","02","1","2014","5","40.555466","-80.084984","0714","11","0","0","0","0","0","1","0","0","1","0","0","0","","","0","","0","","40 33:19.677","1","0","80 05:05.942","9","0","0","0","2215","0","0","0","N","0","0","0","2","68B03","0","","4.0","","9","N","N","","0","","0","0","0","","0","N","","2","0","0","0","0","0","1","2","0","2","","","","N","","","","","","","","","",""
"2014014642","0545","1","0","0","0","0","0","0","0","0","7","0","","02","1","2014","6","40.344831","-80.120906","0545","11","0","0","0","0","0","0","0","0","2","0","0","0","","","0","","0","","40 20:41.390","2","0","80 07:15.263","0","0","0","0","2119","0","0","0","Y","0","0","0","1","68B01","0","","2.0","","1","N","N","","0","","0","0","0","","0","N","","1","0","0","0","0","0","0","2","0","1","","","","N","","","","","","","","","",""