"CRN","ARRIVAL_TM","AUTOMOBILE_COUNT","BELTED_DEATH_COUNT","BELTED_SUSP_SERIOUS_INJ_COUNT","BICYCLE_COUNT","BICYCLE_DEATH_COUNT","BICYCLE_SUSP_SERIOUS_INJ_COUNT","BUS_COUNT","CHLDPAS_DEATH_COUNT","CHLDPAS_SUSP_SERIOUS_INJ_COUNT","COLLISION_TYPE","COMM_VEH_COUNT","CONS_ZONE_SPD_LIM","COUNTY","CRASH_MONTH","CRASH_YEAR","DAY_OF_WEEK","DEC_LATITUDE","DEC_LONGITUDE","DISPATCH_TM","DISTRICT","DRIVER_COUNT_16YR","DRIVER_COUNT_17YR","DRIVER_COUNT_18YR","DRIVER_COUNT_19YR","DRIVER_COUNT_20YR","DRIVER_COUNT_50_64YR","DRIVER_COUNT_65_74YR","DRIVER_COUNT_75PLUS","EST_HRS_CLOSED","FATAL_COUNT","HEAVY_TRUCK_COUNT","HORSE_BUGGY_COUNT","HOUR_OF_DAY","ILLUMINATION","INJURY_COUNT","INTERSECTION_RELATED","INTERSECT_TYPE","LANE_CLOSED","LATITUDE","LN_CLOSE_DIR","LOCATION_TYPE","LONGITUDE","MAX_SEVERITY_LEVEL","MCYCLE_DEATH_COUNT","MCYCLE_SUSP_SERIOUS_INJ_COUNT","MOTORCYCLE_COUNT","MUNICIPALITY","NONMOTR_COUNT","NONMOTR_DEATH_COUNT","NONMOTR_SUSP_SERIOUS_INJ_COUNT","NTFY_HIWY_MAINT","PED_COUNT","PED_DEATH_COUNT","PED_SUSP_SERIOUS_INJ_COUNT","PERSON_COUNT","POLICE_AGCY","POSSIBLE_INJ_COUNT","RDWY_SURF_TYPE_CD","RELATION_TO_ROAD","ROADWAY_CLEARED","ROAD_CONDITION","SCH_BUS_IND","SCH_ZONE_IND","SECONDARY_CRASH","SMALL_TRUCK_COUNT","SPEC_JURIS_CD","SUSP_MINOR_INJ_COUNT","SUSP_SERIOUS_INJ_COUNT","SUV_COUNT","TCD_FUNC_CD","TCD_TYPE","TFC_DETOUR_IND","TIME_OF_DAY","TOTAL_UNITS","TOT_INJ_COUNT","UNBELTED_OCC_COUNT","UNB_DEATH_COUNT","UNB_SUSP_SERIOUS_INJ_COUNT","UNK_INJ_DEG_COUNT","UNK_INJ_PER_COUNT","URBAN_RURAL","VAN_COUNT","VEHICLE_COUNT","WEATHER1","WEATHER2","WORKERS_PRES","WORK_ZONE_IND","WORK_ZONE_LOC","WORK_ZONE_TYPE","WZ_CLOSE_DETOUR","WZ_FLAGGER","WZ_LAW_OFFCR_IND","WZ_LN_CLOSURE","WZ_MOVING","WZ_OTHER","WZ_SHLDER_MDN","WZ_WORKERS_INJ_KILLED"
"2014011919","1517","0","0","0","0","0","0","0","0","0","7","0","","02","1","2014","6","40.482299","-80.188458","1517","11","0","0","0","0","0","0","0","0","","0","0","0","","","0","","0","","40 28:56.277","","0","80 11:18.447","0","0","0","0","2213","0","0","0","N","0","0","0","1","02213","0","","5.0","","7","N","N","","1","","0","0","0","","0","","","1","0","0","0","0","0","0","2","0","1","","","","N","","","","","","","","","",""
"2014009121","0905","1","0","0","0","0","0","0","0","0","7","0","","02","1","2014","4","40.493396","-80.0631","0852","11","0","0","0","0","0","0","0","0","","0","0","0","","","0","","0","","40 29:36.226","","7","80 03:47.161","0","0","0","0","2301","0","0","0","N","0","0","0","1","02301","0","","2.0","","1","N","N","","0","","0","0","0","","0","","","1","0","1","0","0","0","0","2","0","1","","","","N","","","","","","","","","",""
"2014010641","1011","1","0","0","0","0","0","0","0","0","7","0","","02","1","2014","7","40.544833","-79.770791","1003","11","0","0","0","0","0","0","0","0","1","0","0","0","","","0","","0","","40 32:41.398","2","0","79 46:14.847","0","0","0","0","2121","0","0","0","N","0","0","0","2","02121","0","","4.0","","7","N","N","","0","","0","0","0","","0","N","","1","0","0","0","0","0","0","1","0","1","","","","N","","","","","","","","","",""
"2014011921","1857","1","0","0","0","0","0","0","0","0","4","0","","02","1","2014","1","40.299856","-80.072001","1854","11","0","0","0","0","0","0","1","0","2","0","0","0","","","2","","0","","40 17:59.482","2","0","80 04:19.204","4","0","0","0","2407","0","0","0","N","0","0","0","2","02407","2","","1.0","","1","N","N","","0","","0","0","1","","0","N","","2","2","0","0","0","0","0","2","0","2","","","","N","","","","","","","","","",""
"2014011366","0635","1","0","0","0","0","0","0","0","0","7","0","","02","1","2014","1","40.380608","-79.974749","0630","11","0","0","0","0","0","1","0","0","","0","0","0","","","1","","0","","40 22:50.187","","0","79 58:29.097","8","0","0","0","2413","0","0","0","N","0","0","0","1","02413","0","","5.0","","2","N","N","","0","","0","0","0","","0","","","1","1","0","0","0","1","0","2","0","1","","","","N","","","","","","","","","",""
"2014011922","1919","0","0","0","0","0","0","0","0","0","7","0","","02","1","2014","3","40.339941","-80.021114","1910","11","0","0","0","0","0","0","0","0","2","0","0","0","","","1","","0","","40 20:23.788","6","0","80 01:16.011","4","0","0","0","2407","0","0","0","N","0","0","0","1","02407","1","","4.0","","9","N","N","","0","","0","0","0","","0","Y","","1","1","0","0","0","0","0","2","1","1","","","","N","","","","","","","","","",""
"2014011235","1740","2","0","0","0","0","0","0","0","0","2","0","","02","1","2014","7","40.317542","-79.995626","1731","11","0","0","0","0","0","0","0","0","1","0","0","0","","","0","","0","","40 19:03.151","1","0","79 59:44.253","0","0","0","0","2219","0","0","0","N","0","0","0","2","02219","0","","1.0","","7","N","N","","0","","0","0","0","","0","N","","2","0","0","0","0","0","0","2","0","2","","","","N","","","","","","","","","",""
"2014011856","0905","1","0","0","0","0","0","0","0","0","1","0","","02","1","2014","3","40.455841","-79.915089","0900","11","0","0","0","1","0","0","0","0","","0","0","0","","","4","","0","","40 27:21.026","","0","79 54:54.322","8","0","0","0","2301","0","0","0","N","0","0","0","4","02301","0","","1.0","","1","N","N","","0","","0","0","1","","0","","","2","4","0","0","0","4","0","2","0","2","","","","N","","","","","","","","","",""
"2014011163","1215","0","0","0","0","0","0","0","0","0","7","0","","02","1","2014","1","40.539629","-79.885451","1215","11","0","0","0","0","0","0","0","0","","0","0","0","","","0","","0","","40 32:22.664","","0","79 53:07.623","0","0","0","0","2432","0","0","0","N","0","0","0","1","02432","0","","5.0","","7","N","N","","0","","0","0","1","","0","","","1","0","0","0","0","0","0","2","0","1","","","","N","","","","","","","","","",""
"2014009125","0945","0","0","0","0","0","0","0","0","0","1","0","","02","1","2014","4","40.479423","-79.800226","0945","11","0","0","0","0","0","1","0","0","","0","0","0","","","0","","0","","40 28:45.922","","0","79 48:00.812","0","0","0","0","2113","0","0","0","N","0","0","0","2","02113","0","","1.0","","1","N","N","","0","","0","0","2","","0","","","2","0","0","0","0","0","0","2","0","2","","","","N","","","","","","","","","",""
"2014009137","0853","1","0","0","0","0","0","0","0","0","7","0","","02","1","2014","4","40.496042","-80.007021","0853","11","0","0","0","0","0","0","0","0","","0","0","0","","","0","","2","","40 29:45.751","","0","80 00:25.275","0","0","0","0","2301","0","0","0","N","0","0","0","1","02301","0","","2.0","","2","N","N","","0","","0","0","0","","3","","","1","0","0","0","0","0","0","2","0","1","","","","N","","","","","","","","","",""
"2014010644","1445","2","0","0","0","0","0","0","0","0","2","0","","02","1","2014","6","40.461896","-79.782286","1440","11","0","1","0","0","0","0","0","0","2","0","0","0","","","3","","0","","40 27:42.825","6","0","79 46:56.230","3","0","0","0","2113","0","0","0","N","0","0","0","3","02113","2","","1.0","","1","N","N","","0","","1","0","0","","0","Y","","2","3","1","0","0","0","0","2","0","2","","","","N","","","","","","","","","",""
"2014009126","0820","1","0","0","0","0","0","0","0","0","7","0","","02","1","2014","4","40.354922","-79.834942","0818","11","0","0","0","0","0","0","0","0","1","0","0","0","","","1","","0","","40 21:17.720","3","7","79 50:05.790","8","0","0","0","2304","0","0","0","N","0","0","0","1","02304","0","","4.0","","1","N","N","","0","","0","0","0","","2","Y","","1","1","0","0","0","1","0","2","0","1","","","","N","","","","","","","","","",""
"2014009881","1654","1","0","0","0","0","0","0","0","0","1","0","","02","1","2014","5","40.468096","-80.084771","1650","11","1","0","0","0","0","2","0","0","","0","0","0","","","1","","0","","40 28:05.144","","0","80 05:05.175","8","0","0","0","2126","0","0","0","N","0","0","0","4","02126","0","","1.0","","7","N","N","","1","","0","0","1","","0","","","3","1","0","0","0","1","0","2","0","3","","","","N","","","","","","","","","",""
"2014010570","1855","3","0","0","0","0","0","0","0","0","1","0","","02","1","2014","6","40.3844","-79.978552","1854","11","0","0","0","0","0","2","0","0","","0","0","0","","","0","","2","","40 23:03.840","","0","79 58:42.787","0","0","0","0","2301","0","0","0","N","0","0","0","4","02301","0","","1.0","","2","N","N","","0","","0","0","0","","0","","","3","0","0","0","0","0","0","2","0","3","","","","N","","","","","","","","","",""
"2014011860","1254","1","0","0","0","0","0","0","0","0","4","0","","02","1","2014","3","40.465236","-80.009249","1248","11","0","0","0","0","0","0","1","0","","0","0","0","","","0","","2","","40 27:54.849","","0","80 00:33.296","0","0","0","0","2301","0","0","0","N","0","0","0","2","02301","0","","1.0","","9","N","N","","0","","0","0","1","","0","","","3","0","1","0","0","0","0","2","1","3","","","","N","","","","","","","","","",""
"2014011861","1950","1","0","0","0","0","0","0","0","0","7","0","","02","1","2014","2","40.636613","-79.938584","1940","11","0","0","0","1","0","0","0","0","","0","0","0","","","0","","0","","40 38:11.805","","0","79 56:18.902","0","0","0","0","2217","0","0","0","N","0","0","0","1","02505","0","","5.0","","1","N","N","","0","","0","0","0","","0","","","1","0","0","0","0","0","0","2","0","1","","","","N","","","","","","","","","",""
"2014011168","1510","1","0","0","0","0","0","0","0","0","7","0","","02","1","2014","7","40.377302","-80.159641","1505","11","0","0","0","0","0","1","0","0","3","0","0","0","","","0","","0","","40 22:38.288","6","0","80 09:34.708","0","0","0","0","2119","0","0","0","N","0","0","0","2","02119","0","","4.0","","6","N","N","","0","","0","0","0","","0","N","","1","0","0","0","0","0","0","2","0","1","","","","N","","","","","","","","","",""
"2014009130","1000","1","0","0","0","0","0","0","0","0","1","0","","02","1","2014","3","40.355233","-79.979452","1000","11","0","0","0","0","0","0","0","0","","0","0","0","","","1","","0","","40 21:18.837","","0","79 58:46.028","4","0","0","0","2476","0","0","0","N","0","0","0","3","02476","1","","1.0","","7","N","N","","1","","0","0","0","","0","","","2","1","0","0","0","0","0","2","0","2","","","","N","","","","","","","","","",""
"2014011091","0840","1","0","0","0","0","0","0","0","0","7","0","","02","1","2014","1","40.436044","-79.994493","0830","11","0","0","0","0","0","0","0","0","","0","0","0","","","0","","3","","40 26:09.758","","0","79 59:40.176","0","0","0","0","2301","0","0","0","","0","0","0","1","02301","0","","2.0","","6","N","N","","0","","0","0","0","","0","","","1","0","0","0","0","0","0","2","0","1","","","","N","","","","","","","","","",""
"2014011849","1625","0","0","0","0","0","0","1","0","0","4","1","","02","1","2014","5","40.374756","-80.09473","1620","11","0","0","0","1","0","0","0","0","","0","0","0","","","0","","0","","40 22:29.121","","0","80 05:41.027","0","0","0","0","2117","0","0","0","N","0","0","0","4","02117","0","","1.0","","9","Y","N","","1","","0","0","0","","0","","","2","0","0","0","0","0","0","2","0","2","","","","N","","","","","","","","","",""
"2014011388","0209","2","0","0","0","0","0","0","0","0","4","0","","02","1","2014","2","40.357874","-79.844148","0209","11","0","0","0","0","0","0","0","0","","0","0","0","","","0","","0","","40 21:28.345","","3","79 50:38.931","0","0","0","0","2303","0","0","0","N","0","0","0","4","02303","0","","1.0","","6","N","N","","0","","0","0","0","","0","","","2","0","0","0","0","0","0","2","0","2","","","","N","","","","","","","","","",""
"2014010588","0242","1","0","0","0","0","0","0","0","0","7","0","","02","1","2014","7","40.450018","-79.903718","0241","11","0","0","0","0","0","0","0","0","2","0","0","0","","","1","","1","","40 27:00.064","3","0","79 54:13.386","4","0","0","0","2301","0","0","0","N","0","0","0","1","02301","1","","4.0","","1","N","N","","0","","0","0","0","","2","N","","1","1","0","0","0","0","0","2","0","1","","","","N","","","","","","","","","",""
"2014011389","1342","0","0","0","0","0","0","0","0","0","7","0","","02","1","2014","1","40.42775","-79.993467","1338","11","0","0","0","0","0","0","0","0","","0","0","0","","","0","","2","","40 25:39.900","","0","79 59:36.481","0","0","0","0","2301","0","0","0","N","0","0","0","2","02301","0","","5.0","","7","N","N","","0","","0","0","1","","3","","","1","0","0","0","0","0","0","2","0","1","","","","N","","","","","","","","","",""
"2014011172","1706","1","0","0","0","0","0","0","0","0","7","0","","02","1","2014","7","40.523459","-79.768358","1659","11","0","0","0","1","0","0","0","0","1","0","0","0","","","0","","0","","40 31:24.451","1","0","79 46:06.089","0","0","0","0","2466","0","0","0","N","0","0","0","1","02466","0","","4.0","","6","N","N","","0","","0","0","0","","0","N","","1","0","1","0","0","0","0","2","0","1","","","","N","","","","","","","","","",""
"2014011391","0336","1","0","0","0","0","0","0","0","0","7","0","","02","1","2014","2","40.422933","-79.919284","0331","11","0","0","0","0","0","0","0","0","","0","0","0","","","0","","0","","40 25:22.559","","0","79 55:09.422","0","0","0","0","2301","0","0","0","N","0","0","0","1","02301","0","","4.0","","2","N","N","","0","","0","0","0","","0","","","1","0","0","0","0","0","0","2","0","1","","","","N","","","","","","","","","",""
"2014010380","1652","1","0","0","0","0","0","0","0","0","2","0","","02","1","2014","6","40.446379","-79.993054","1642","11","0","0","0","0","0","0","0","0","","0","0","0","","","0","","1","","40 26:46.964","","0","79 59:34.994","0","0","0","0","2301","0","0","0","N","0","0","0","2","02301","0","","1.0","","1","N","N","","0","","0","0","1","","0","","","2","0","0","0","0","0","0","2","0","2","","","","N","","","","","","","","","",""
"2014011173","1352","1","0","0","0","0","0","0","0","0","7","0","","02","1","2014","1","40.493591","-80.010421","1342","11","0","0","0","0","0","0","0","0","","0","0","0","","","0","","0","","40 29:36.927","","2","80 00:37.514","0","0","0","0","2301","0","0","0","N","0","0","0","1","02301","0","","4.0","","7","N","N","","0","","0","0","0","","0","","","1","0","0","0","0","0","0","2","0","1","","","","N","","","","","","","","","",""
"2014010441","0525","1","0","0","0","0","0","0","0","0","7","0","","02","1","2014","5","40.587603","-79.777299","0458","11","0","0","0","0","0","1","0","0","2","0","0","0","","","0","","0","","40 35:15.371","2","0","79 46:38.278","0","0","0","0","2104","0","0","0","Y","0","0","0","1","68D02","0","","4.0","","7","N","N","","0","","0","0","0","","0","Y","","1","0","0","0","0","0","0","2","0","1","","","","N","","","","","","","","","",""
"2014011380","0235","1","0","0","0","0","0","0","0","0","7","0","","02","1","2014","7","40.43778","-79.972856","0230","11","0","0","0","0","0","0","0","0","1","0","0","0","","","0","","2","","40 26:16.008","1","0","79 58:22.281","0","0","0","0","2301","0","0","0","N","0","0","0","5","02301","0","","4.0","","2","N","N","","0","","0","0","0","","0","N","","1","0","0","0","0","0","0","2","0","1","","","","N","","","","","","","","","",""
"2014011392","2353","0","0","0","0","0","0","0","0","0","7","0","","02","1","2014","7","40.444754","-79.848221","2350","11","0","0","0","0","0","0","1","0","","0","0","0","","","0","","1","","40 26:41.114","","0","79 50:53.596","0","0","0","0","2419","0","0","0","Y","0","0","0","1","02419","0","","4.0","","7","N","N","","0","","0","0","1","","2","","","1","0","0","0","0","0","0","2","0","1","","","","N","","","","","","","","","",""
"2014011112","0633","1","1","0","0","0","0","0","0","0","7","0","","02","1","2014","1","40.352799","-79.97801","0631","11","0","0","0","0","0","1","0","0","4","1","0","0","","","1","","0","","40 21:10.078","5","0","79 58:40.836","1","0","0","0","2476","0","0","0","Y","0","0","0","2","02476","0","2","4.0","","6","N","N","","0","0","1","0","0","","0","Y","","1","1","0","0","0","0","0","2","0","1","","","","N","","","","","","","","","",""
"2014010580","0038","0","0","0","0","0","0","0","0","0","7","0","","02","1","2014","6","40.625382","-79.941819","0034","11","0","0","0","0","1","0","0","0","2","0","0","0","","","0","","1","","40 37:31.374","5","0","79 56:30.549","0","0","0","0","2217","0","0","0","Y","0","0","0","1","02505","0","","5.0","","9","N","N","","1","","0","0","0","","1","N","","1","0","0","0","0","0","0","2","0","1","","","","N","","","","","","","","","",""
"2014010316","0449","1","0","0","0","0","0","0","0","0","7","0","","02","1","2014","1","40.298334","-79.919593","0445","11","0","0","0","0","0","0","0","0","2","0","0","0","","","0","","0","","40 17:54.004","5","0","79 55:10.536","9","0","0","0","2440","0","0","0","N","0","0","0","1","02440","0","","5.0","","1","N","N","","0","","0","0","0","","0","Y","","1","0","1","0","0","0","1","2","0","1","","","","N","","","","","","","","","",""
"2014011113","0949","1","0","0","0","0","0","0","0","0","7","0","","02","1","2014","1","40.462586","-79.905554","0945","11","0","0","0","0","0","0","0","0","","0","0","0","","","0","","0","","40 27:45.310","","0","79 54:19.995","0","0","0","0","2301","0","0","0","N","0","0","0","1","02301","0","","2.0","","6","N","N","","0","","0","0","0","","0","","","1","0","0","0","0","0","0","2","0","1","","","","N","","","","","","","","","",""
"2014011175","1305","0","0","0","0","0","0","0","0","0","7","0","","02","1","2014","1","40.447744","-79.937123","1259","11","0","0","0","0","0","0","0","0","","0","0","0","","","0","","0","","40 26:51.877","","0","79 56:13.644","0","0","0","0","2301","0","0","0","N","0","0","0","1","02301","0","","4.0","","7","N","N","","0","","0","0","1","","0","","","1","0","0","0","0","0","0","2","0","1","","","","N","","","","","","","","","",""
"2014010383","1702","2","0","0","0","0","0","0","0","0","1","0","","02","1","2014","4","40.332422","-79.933883","1657","11","0","0","0","0","0","2","0","0","1","0","0","0","","","1","","1","","40 19:56.719","2","0","79 56:01.978","4","0","0","0","2473","0","0","0","N","0","0","0","2","02473","1","","1.0","","1","N","N","","0","","0","0","0","","2","Y","","2","1","0","0","0","0","0","2","0","2","","","","N","","","","","","","","","",""
"2014011315","1657","0","0","0","0","0","0","0","0","0","7","0","","02","1","2014","5","40.322607","-79.92636","1651","11","0","0","1","0","0","0","0","0","1","0","0","0","","","0","","2","","40 19:21.384","1","0","79 55:34.897","0","0","0","0","2440","0","0","0","N","0","0","0","1","02440","0","","5.0","","1","N","N","","0","","0","0","1","","3","N","","1","0","0","0","0","0","0","2","0","1","","","","N","","","","","","","","","",""
"2014011395","0039","1","0","0","0","0","0","0","0","0","7","0","","02","1","2014","1","40.439886","-80.022222","0029","11","0","0","0","0","1","0","0","0","","0","0","0","","","1","","0","","40 26:23.589","","0","80 01:19.999","4","0","0","0","2301","0","0","0","N","0","0","0","1","02301","1","","5.0","","7","N","N","","0","","0","0","0","","0","","","1","1","1","0","0","0","0","2","0","1","","","","N","","","","","","","","","",""
"2014011807","0910","4","0","0","0","0","0","0","0","0","1","0","","02","1","2014","3","40.440364","-80.018145","0906","11","0","0","0","0","0","2","0","0","","0","0","0","","","0","","0","","40 26:25.310","","0","80 01:05.323","0","0","0","0","2301","0","0","0","N","0","0","0","4","02301","0","","1.0","","1","N","N","","0","","0","0","0","","0","","","4","0","1","0","0","0","0","2","0","4","","","","N","","","","","","","","","",""
"2014011177","1136","0","0","0","0","0","0","0","0","0","7","0","","02","1","2014","1","40.437736","-80.042566","1125","11","0","0","0","0","0","0","0","0","1","0","0","0","","","1","","0","","40 26:15.850","6","0","80 02:33.237","8","0","0","0","2301","0","0","0","N","0","0","0","1","02301","0","","4.0","","2","N","N","","0","","0","0","1","","0","N","","1","1","1","0","0","1","0","2","0","1","","","","N","","","","","","","","","",""
"2014010595","0236","5","0","0","0","0","0","0","0","0","5","0","","02","1","2014","7","40.417978","-79.963007","0235","11","0","0","0","0","0","0","0","0","","0","0","0","","","0","","0","","40 25:04.720","","0","79 57:46.825","9","0","0","0","2301","0","0","0","N","0","0","0","1","02301","0","","6.0","","2","N","N","","0","","0","0","0","","0","","","5","0","0","0","0","0","1","2","0","5","","","","N","","","","","","","","","",""
"2014011396","1345","1","0","0","0","0","0","0","0","0","7","0","","02","1","2014","3","40.338943","-80.124833","1340","11","0","0","0","0","0","1","0","0","","0","0","0","","","0","","0","","40 20:20.194","","0","80 07:29.397","0","0","0","0","2119","0","0","0","N","0","0","0","1","02119","0","","5.0","","6","N","N","","0","","0","0","0","","0","","","1","0","0","0","0","0","0","2","0","1","","","","N","","","","","","","","","",""
"2014011116","0914","0","0","0","0","0","0","0","0","0","4","0","","02","1","2014","7","40.429286","-79.999241","0906","11","0","0","0","0","0","1","0","0","","0","0","0","","","0","","1","","40 25:45.428","","0","79 59:57.266","0","0","0","0","2301","0","0","0","N","0","0","0","2","02301","0","","1.0","","7","N","N","","1","","0","0","1","","2","","","2","0","0","0","0","0","0","2","0","2","","","","N","","","","","","","","","",""
"2014011873","1222","2","0","0","0","0","0","0","0","0","1","0","","02","1","2014","3","40.364921","-79.774949","1213","11","0","0","0","0","0","0","0","0","","0","0","0","","","0","","0","","40 21:53.716","","0","79 46:29.818","0","0","0","0","2111","0","0","0","N","0","0","0","3","02111","0","","1.0","","7","N","N","","0","","0","0","0","","0","","","2","0","0","0","0","0","0","2","0","2","","","","N","","","","","","","","","",""
"2014011178","1337","1","0","0","0","0","0","0","0","0","7","0","","02","1","2014","1","40.442834","-80.030846","1336","11","0","0","0","0","0","0","0","0","","0","0","0","","","1","","0","","40 26:34.204","","0","80 01:51.045","8","0","0","0","2301","0","0","0","N","0","0","0","1","02301","0","","3.0","","7","N","N","","0","","0","0","0","","3","","","1","1","0","0","0","1","0","2","0","1","","","","N","","","","","","","","","",""
"2014011397","1321","0","0","0","0","0","0","0","0","0","4","0","","02","1","2014","1","40.303771","-79.918739","1313","11","0","0","0","1","0","0","0","0","2","0","0","0","","","0","","0","","40 18:13.575","4","7","79 55:07.459","0","0","0","0","2440","0","0","0","N","0","0","0","1","02440","0","","5.0","","7","N","N","","0","","0","0","2","","0","N","","2","0","0","0","0","0","0","2","0","2","","","","N","","","","","","","","","",""
"2014010386","1610","2","0","0","0","0","0","0","0","0","1","0","","02","1","2014","6","40.448227","-79.986908","1605","11","0","0","0","0","0","1","0","0","2","0","0","0","","","2","","2","","40 26:53.617","7","0","79 59:12.868","8","0","0","0","2301","0","0","0","N","0","0","0","3","02301","0","","1.0","","1","N","N","","0","","0","0","0","","2","N","","2","2","1","0","0","2","0","2","0","2","","","","N","","","","","","","","","",""
"2014011191","2112","0","0","0","0","0","0","0","0","0","7","0","","02","1","2014","7","40.383076","-79.802938","2109","11","0","0","0","0","0","0","0","0","","0","0","0","","","1","","0","","40 22:59.073","","0","79 48:10.576","3","0","0","0","2111","0","0","0","N","0","0","0","1","02111","0","","4.0","","2","N","N","","1","","1","0","0","","0","","","1","1","1","0","0","0","0","2","0","1","","","","N","","","","","","","","","",""
"2014010322","1330","1","0","0","0","0","0","0","0","0","7","0","","02","1","2014","6","40.417962","-79.978952","1325","11","0","0","0","0","0","0","0","0","","0","0","0","","","0","","1","","40 25:04.663","","0","79 58:44.227","0","0","0","0","2301","0","0","0","N","0","0","0","1","02301","0","","2.0","","9","N","N","","0","","0","0","0","","3","","","1","0","1","0","0","0","0","2","0","1","","","","N","","","","","","","","","",""
"2014011875","1528","0","0","0","0","0","0","0","0","0","5","1","","02","1","2014","3","40.399938","-79.834781","1525","11","0","0","0","0","0","1","0","0","1","0","1","0","","","1","","1","","40 23:59.778","2","0","79 50:05.213","4","0","0","0","2425","0","0","0","N","0","0","0","2","02425","1","","1.0","","1","N","N","","1","","0","0","0","","2","N","","2","1","1","0","0","0","0","2","0","2","","","","N","","","","","","","","","",""
"2014011052","0751","1","0","0","0","0","0","0","0","0","6","0","","02","1","2014","7","40.36113","-79.905733","0751","11","0","0","0","0","0","1","0","0","","0","0","0","","","0","","3","","40 21:40.069","","0","79 54:20.637","0","0","0","0","2473","0","0","0","N","0","0","0","4","02473","0","","1.0","","7","N","N","","0","","0","0","1","","0","","","2","0","0","0","0","0","0","2","0","2","","","","N","","","","","","","","","",""
"2014011811","0943","1","0","0","0","0","0","0","0","0","4","0","","02","1","2014","3","40.476115","-80.033341","0939","11","0","0","0","0","0","0","0","0","","0","0","0","","","0","","0","","40 28:34.014","","0","80 02:00.027","0","0","0","0","2301","0","0","0","N","0","0","0","1","02301","0","","1.0","","1","N","N","","0","","0","0","0","","0","","","2","0","0","0","0","0","0","2","1","2","","","","N","","","","","","","","","",""
"2014011193","1456","1","0","0","0","0","0","0","0","0","7","0","","02","1","2014","6","40.543695","-79.994303","1451","11","0","1","0","0","0","0","0","0","2","0","0","0","","","1","","0","","40 32:37.302","1","0","79 59:39.490","8","0","0","0","2116","0","0","0","N","0","0","0","1","02116","0","","5.0","","2","N","N","","0","","0","0","0","","0","N","","1","1","0","0","0","1","0","2","0","1","","","","N","","","","","","","","","",""
"2014009571","0831","1","0","0","0","0","0","0","0","0","2","0","","02","1","2014","5","40.4119","-80.006775","0831","11","0","0","0","0","0","0","0","0","2","0","0","0","","","1","","0","","40 24:42.839","2","0","80 00:24.391","8","0","0","0","2301","0","0","0","Y","0","0","0","2","02301","0","","1.0","","2","N","N","","0","","0","0","1","","0","N","","2","1","0","0","0","1","0","2","0","2","","","","N","","","","","","","","","",""
"2014011878","1534","1","0","0","0","0","0","0","0","0","4","0","","02","1","2014","3","40.45623","-79.895639","1531","11","0","0","0","0","0","0","0","0","","0","0","0","","","0","","1","","40 27:22.428","","0","79 53:44.300","0","0","0","0","2301","0","0","0","N","0","0","0","3","02301","0","","1.0","","2","N","N","","0","","0","0","1","","2","","","2","0","0","0","0","0","0","2","0","2","","","","N","","","","","","","","","",""
"2014010602","1244","0","0","0","0","0","0","0","0","0","1","0","","02","1","2014","6","40.452117","-80.172666","1238","11","0","0","0","0","0","0","0","0","","0","0","0","","","0","","0","","40 27:07.621","","3","80 10:21.598","0","0","0","0","2214","0","0","0","N","0","0","0","2","02214","0","","1.0","","1","N","N","","0","","0","0","1","","0","","","2","0","0","0","0","0","0","2","1","2","","","","N","","","","","","","","","",""
"2014011055","0654","1","0","0","0","0","0","0","0","0","7","0","","02","1","2014","1","40.460397","-79.874163","0654","11","0","0","0","0","0","0","0","0","","0","0","0","","","0","","1","","40 27:37.429","","0","79 52:26.986","9","0","0","0","2113","0","0","0","N","0","0","0","1","02113","0","","4.0","","7","N","N","","0","","0","0","0","","0","","","1","0","0","0","0","0","1","2","0","1","","","","N","","","","","","","","","",""
"2014010390","1315","0","0","0","0","0","0","0","0","0","1","0","","02","1","2014","5","40.60616","-80.05152","1307","11","0","0","0","0","0","0","0","0","","0","0","0","","","0","","2","","40 36:22.176","","0","80 03:05.471","0","0","0","0","2108","0","0","0","N","0","0","0","2","02108","0","","1.0","","2","N","N","","0","","0","0","1","","0","","","2","0","0","0","0","0","0","2","1","2","","","","N","","","","","","","","","",""
"2014011195","1536","2","0","0","0","0","0","0","0","0","4","0","","02","1","2014","1","40.454755","-79.932541","1514","11","0","0","0","0","0","0","1","1","","0","0","0","","","0","","1","","40 27:17.118","","0","79 55:57.147","0","0","0","0","2301","0","0","0","N","0","0","0","2","02301","0","","1.0","","7","N","N","","0","","0","0","0","","2","","","2","0","0","0","0","0","0","2","0","2","","","","N","","","","","","","","","",""
"2014011880","2238","1","0","0","0","0","0","0","0","0","2","0","","02","1","2014","2","40.437961","-79.991059","2238","11","0","0","0","0","0","1","0","0","1","0","0","0","","","2","","1","","40 26:16.659","3","0","79 59:27.812","4","0","0","0","2301","0","0","0","N","0","0","0","6","02301","2","","1.0","","1","N","N","","0","","0","0","1","","2","N","","2","2","1","0","0","0","0","2","0","2","","","","N","","","","","","","","","",""
"2014010391","1505","1","0","0","0","0","0","0","0","0","7","0","","02","1","2014","5","40.355029","-80.0461","1500","11","0","0","0","0","0","1","0","0","1","0","0","0","","","1","","3","","40 21:18.104","5","0","80 02:45.960","4","0","0","0","2109","0","0","0","N","0","0","0","1","02109","1","","4.0","","1","N","N","","0","","0","0","0","","3","Y","","1","1","0","0","0","0","0","2","0","1","","","","N","","","","","","","","","",""