"CRN","ARRIVAL_TM","AUTOMOBILE_COUNT","BELTED_DEATH_COUNT","BELTED_SUSP_SERIOUS_INJ_COUNT","BICYCLE_COUNT","BICYCLE_DEATH_COUNT","BICYCLE_SUSP_SERIOUS_INJ_COUNT","BUS_COUNT","CHLDPAS_DEATH_COUNT","CHLDPAS_SUSP_SERIOUS_INJ_COUNT","COLLISION_TYPE","COMM_VEH_COUNT","CONS_ZONE_SPD_LIM","COUNTY","CRASH_MONTH","CRASH_YEAR","DAY_OF_WEEK","DEC_LATITUDE","DEC_LONGITUDE","DISPATCH_TM","DISTRICT","DRIVER_COUNT_16YR","DRIVER_COUNT_17YR","DRIVER_COUNT_18YR","DRIVER_COUNT_19YR","DRIVER_COUNT_20YR","DRIVER_COUNT_50_64YR","DRIVER_COUNT_65_74YR","DRIVER_COUNT_75PLUS","EST_HRS_CLOSED","FATAL_COUNT","HEAVY_TRUCK_COUNT","HORSE_BUGGY_COUNT","HOUR_OF_DAY","ILLUMINATION","INJURY_COUNT","INTERSECTION_RELATED","INTERSECT_TYPE","LANE_CLOSED","LATITUDE","LN_CLOSE_DIR","LOCATION_TYPE","LONGITUDE","MAX_SEVERITY_LEVEL","MCYCLE_DEATH_COUNT","MCYCLE_SUSP_SERIOUS_INJ_COUNT","MOTORCYCLE_COUNT","MUNICIPALITY","NONMOTR_COUNT","NONMOTR_DEATH_COUNT","NONMOTR_SUSP_SERIOUS_INJ_COUNT","NTFY_HIWY_MAINT","PED_COUNT","PED_DEATH_COUNT","PED_SUSP_SERIOUS_INJ_COUNT","PERSON_COUNT","POLICE_AGCY","POSSIBLE_INJ_COUNT","RDWY_SURF_TYPE_CD","RELATION_TO_ROAD","ROADWAY_CLEARED","ROAD_CONDITION","SCH_BUS_IND","SCH_ZONE_IND","SECONDARY_CRASH","SMALL_TRUCK_COUNT","SPEC_JURIS_CD","SUSP_MINOR_INJ_COUNT","SUSP_SERIOUS_INJ_COUNT","SUV_COUNT","TCD_FUNC_CD","TCD_TYPE","TFC_DETOUR_IND","TIME_OF_DAY","TOTAL_UNITS","TOT_INJ_COUNT","UNBELTED_OCC_COUNT","UNB_DEATH_COUNT","UNB_SUSP_SERIOUS_INJ_COUNT","UNK_INJ_DEG_COUNT","UNK_INJ_PER_COUNT","URBAN_RURAL","VAN_COUNT","VEHICLE_COUNT","WEATHER1","WEATHER2","WORKERS_PRES","WORK_ZONE_IND","WORK_ZONE_LOC","WORK_ZONE_TYPE","WZ_CLOSE_DETOUR","WZ_FLAGGER","WZ_LAW_OFFCR_IND","WZ_LN_CLOSURE","WZ_MOVING","WZ_OTHER","WZ_SHLDER_MDN","WZ_WORKERS_INJ_KILLED"
"2014017333","1715","1","0","0","0","0","0","0","0","0","4","0","","02","2","2014","3","40.585605","-80.069082","1712","11","0","0","1","0","0","1","0","0","","0","0","0","","","0","","2","","40 35:08.178","","0","80 04:08.695","0","0","0","0","2481","0","0","0","N","0","0","0","2","02481","0","","1.0","","1","N","N","","0","","0","0","1","","3","","","2","0","0","0","0","0","0","2","0","2","","","","N","","","","","","","","","",""
"2014015572","1533","1","0","0","0","0","0","0","0","0","7","0","","02","2","2014","4","40.488729","-80.014404","1520","11","0","0","0","0","0","0","0","0","","0","0","0","","","0","","0","","40 29:19.424","","0","80 00:51.854","0","0","0","0","2301","0","0","0","N","0","0","0","1","02301","0","","4.0","","7","N","N","","0","","0","0","0","","0","","","1","0","0","0","0","0","0","2","0","1","","","","N","","","","","","","","","",""
"2014017908","1304","2","0","0","0","0","0","0","0","0","4","0","","02","2","2014","1","40.337592","-80.097064","1300","11","0","0","0","0","0","0","0","0","","0","0","0","","","0","","0","","40 20:15.330","","0","80 05:49.430","0","0","0","0","2123","0","0","0","N","0","0","0","3","02123","0","","1.0","","7","N","N","","0","","0","0","0","","0","","","2","0","0","0","0","0","0","2","0","2","","","","N","","","","","","","","","",""
"2014015790","1832","2","0","0","0","0","0","0","0","0","4","0","","02","2","2014","4","40.249156","-79.877304","1827","11","0","0","0","0","0","1","0","0","3","0","0","0","","","1","","0","","40 14:56.961","2","0","79 52:38.296","8","0","0","0","2204","0","0","0","Y","0","0","0","1","02204","0","","5.0","","2","N","N","","2","","0","0","4","","0","N","","8","1","0","0","0","1","0","1","0","8","","","","N","","","","","","","","","",""
"2014018026","1737","2","0","0","0","0","0","0","0","0","4","0","","02","2","2014","2","40.376473","-79.908286","1737","11","0","1","0","0","0","1","0","0","2","0","0","0","","","1","","0","","40 22:35.304","6","0","79 54:29.828","4","0","0","0","2448","0","0","0","N","0","0","0","2","02448","1","","1.0","","1","N","N","","0","","0","0","0","","0","Y","","2","1","0","0","0","0","0","2","0","2","","","","N","","","","","","","","","",""
"2014016322","1449","0","0","0","0","0","0","0","0","0","7","0","","02","1","2014","1","40.496386","-79.913787","1400","11","0","0","0","0","0","0","0","0","","0","0","0","","","0","","0","","40 29:46.989","","0","79 54:49.632","0","0","0","0","2112","0","0","0","Y","0","0","0","4","68D02","0","","2.0","","2","N","N","","1","","0","0","0","","0","","","1","0","0","0","0","0","0","2","0","1","","","","N","","","","","","","","","",""
"2014015575","1540","1","0","0","0","0","0","0","0","0","4","0","","02","2","2014","4","40.425348","-79.990624","1536","11","0","0","0","0","0","1","0","0","","0","0","0","","","0","","0","","40 25:31.252","","0","79 59:26.246","0","0","0","0","2301","0","0","0","N","0","0","0","3","02301","0","","1.0","","2","N","N","","0","","0","0","2","","0","","","3","0","1","0","0","0","0","2","0","3","","","","N","","","","","","","","","",""
"2014016323","1609","1","0","0","0","0","0","0","0","0","7","0","","02","1","2014","1","40.655134","-79.724371","1604","11","0","0","0","0","0","1","0","0","","0","0","0","","","0","","0","","40 39:18.483","","3","79 43:27.734","0","0","0","0","2106","0","0","0","N","0","0","0","3","68D02","0","","4.0","","2","N","N","","1","","0","0","0","","0","","","2","0","0","0","0","0","0","2","0","2","","","","N","","","","","","","","","",""
"2014017977","1209","2","0","0","0","0","0","0","0","0","4","0","","02","2","2014","6","40.420854","-79.884244","1205","11","0","0","0","0","0","1","0","0","","0","0","0","","","1","","1","","40 25:15.074","","0","79 53:03.278","8","0","0","0","2463","0","0","0","","0","0","0","2","02463","0","","1.0","","9","","","","0","","0","0","0","","2","","","2","1","1","0","0","1","0","2","0","2","","","","N","","","","","","","","","",""
"2014017259","0718","2","0","0","0","0","0","0","0","0","6","0","","02","2","2014","6","40.397084","-79.797549","0716","11","0","0","0","0","1","1","0","0","1","0","0","0","","","0","","2","","40 23:49.502","7","0","79 47:51.176","0","0","0","0","2446","0","0","0","N","0","0","0","2","02446","0","","1.0","","1","N","N","","0","","0","0","0","","3","N","","2","0","0","0","0","0","0","2","0","2","","","","N","","","","","","","","","",""
"2014018028","0903","0","0","0","0","0","0","0","0","0","7","0","","02","2","2014","7","40.567732","-80.016515","0903","11","0","0","0","0","0","0","0","0","","0","0","0","","","0","","0","","40 34:03.835","","0","80 00:59.453","0","0","0","0","2108","0","0","0","N","0","0","0","3","02108","0","","3.0","","1","N","N","","0","","0","0","1","","0","","","1","0","0","0","0","0","0","2","0","1","","","","N","","","","","","","","","",""
"2014017198","0037","1","0","0","0","0","0","0","0","0","1","0","","02","2","2014","7","40.444202","-80.028173","0030","11","0","0","0","0","0","0","0","0","2","0","0","0","","","1","","1","","40 26:39.126","4","0","80 01:41.424","8","0","0","0","2301","0","0","0","N","0","0","0","4","02301","0","","1.0","","9","N","N","","0","","0","0","2","","2","Y","","3","1","0","0","0","1","0","2","0","3","","","","N","","","","","","","","","",""
"2014017978","1200","3","0","0","0","0","0","0","0","0","4","0","","02","2","2014","2","40.435581","-79.7638","1147","11","0","0","0","0","0","0","0","1","","0","0","0","","","0","","0","","40 26:08.090","","7","79 45:49.680","0","0","0","0","2446","0","0","0","N","0","0","0","1","02446","0","","6.0","","6","N","N","","0","","0","0","0","","0","","","3","0","0","0","0","0","0","2","0","3","","","","N","","","","","","","","","",""
"2014017273","1505","0","0","0","0","0","0","0","0","0","7","0","","02","2","2014","4","40.458902","-79.993351","1500","11","0","0","0","0","0","0","0","0","","0","0","0","","","0","","0","","40 27:32.047","","0","79 59:36.063","0","0","0","0","2301","0","0","0","N","0","0","0","1","02301","0","","5.0","","7","N","N","","0","","0","0","0","","0","","","1","0","0","0","0","0","0","2","1","1","","","","N","","","","","","","","","",""
"2014018029","1543","0","0","0","0","0","0","0","0","0","4","0","","02","2","2014","7","40.5574","-80.050211","1529","11","0","0","0","0","0","1","0","0","","0","0","0","","","0","","0","","40 33:26.640","","0","80 03:00.760","0","0","0","0","2108","0","0","0","N","0","0","0","1","02108","0","","4.0","","1","N","N","","0","","0","0","2","","0","","","2","0","0","0","0","0","0","2","0","2","","","","N","","","","","","","","","",""
"2014017404","1812","1","0","0","0","0","0","0","0","0","5","0","","02","2","2014","7","40.456848","-79.975654","1800","11","0","0","0","0","0","1","0","0","","0","0","0","","","0","","1","","40 27:24.652","","0","79 58:32.354","0","0","0","0","2301","0","0","0","N","0","0","0","2","02301","0","","1.0","","6","N","N","","0","","0","0","1","","2","","","2","0","0","0","0","0","0","2","0","2","","","","N","","","","","","","","","",""
"2014017897","1215","0","0","0","0","0","0","0","0","0","7","0","","02","2","2014","1","40.207609","-79.854254","1215","11","0","0","0","0","0","0","0","0","2","0","0","0","","","0","","0","","40 12:27.391","6","0","79 51:15.314","0","0","0","0","2204","0","0","0","Y","0","0","0","1","02204","0","","2.0","","7","N","N","","0","","0","0","1","","0","Y","","1","0","0","0","0","0","0","1","0","1","","","","N","","","","","","","","","",""
"2014017912","1202","1","0","0","0","0","0","0","0","0","7","0","","02","2","2014","1","40.349714","-80.061002","1200","11","0","0","0","0","0","1","0","0","","0","0","0","","","1","","2","","40 20:58.970","","0","80 03:39.606","4","0","0","0","2123","0","0","0","Y","0","0","0","2","02123","1","","5.0","","7","N","N","","0","","0","0","0","","0","","","1","1","0","0","0","0","0","2","0","1","","","","N","","","","","","","","","",""
"2014017979","1157","2","0","0","0","0","0","0","0","0","1","1","","02","2","2014","2","40.494011","-80.063907","1152","11","0","0","0","0","0","1","0","0","","0","1","0","","","0","","0","","40 29:38.439","","3","80 03:50.065","0","0","0","0","2402","0","0","0","N","0","0","0","3","02402","0","","1.0","","9","N","N","","0","","0","0","0","","0","","","3","0","2","0","0","0","0","2","0","3","","","","N","","","","","","","","","",""
"2014017274","0908","0","0","0","0","0","0","0","0","0","1","0","","02","2","2014","3","40.535086","-80.072929","0905","11","0","0","0","0","0","1","0","0","","0","0","0","","","0","","0","","40 32:06.309","","0","80 04:22.544","0","0","0","0","2215","0","0","0","N","0","0","0","3","02215","0","","1.0","","1","N","N","","0","","0","0","2","","0","","","2","0","0","0","0","0","0","2","0","2","","","","N","","","","","","","","","",""
"2014018030","1307","1","0","0","0","0","0","0","0","0","7","0","","02","2","2014","2","40.458368","-80.137764","1302","11","0","0","0","0","1","0","0","0","1","0","0","0","","","1","","0","","40 27:30.124","1","7","80 08:15.950","3","0","0","0","2115","0","0","0","N","0","0","0","1","02115","0","","5.0","","9","N","N","","0","","1","0","0","","0","N","","1","1","0","0","0","0","0","2","0","1","","","","N","","","","","","","","","",""
"2014015593","1626","0","0","0","0","0","0","0","0","0","7","0","","02","2","2014","4","40.453472","-79.826972","1616","11","0","0","0","0","0","0","0","0","","0","0","0","","","0","","0","","40 27:12.500","","0","79 49:37.100","0","0","0","0","2113","0","0","0","N","0","0","0","2","02113","0","","4.0","","2","N","N","","0","","0","0","1","","0","","","1","0","1","0","0","0","0","2","0","1","","","","N","","","","","","","","","",""
"2014017201","0404","1","0","0","0","0","0","0","0","0","7","0","","02","2","2014","7","40.542211","-79.725083","0358","11","0","0","0","0","1","0","0","0","","0","0","0","","","0","","0","","40 32:31.959","","0","79 43:30.300","0","0","0","0","2466","0","0","0","N","0","0","0","1","02466","0","","5.0","","2","N","N","","0","","0","0","0","","0","","","1","0","0","0","0","0","0","1","0","1","","","","N","","","","","","","","","",""
"2014018031","1258","1","0","0","0","0","0","0","0","0","1","0","","02","2","2014","6","40.44599","-80.151753","1258","11","0","0","0","0","0","1","1","0","1","0","0","0","","","1","","0","","40 26:45.563","4","0","80 09:06.312","4","0","0","0","2115","0","0","0","N","0","0","0","4","02115","1","","1.0","","1","N","N","","0","","0","0","2","","0","N","","3","1","0","0","0","0","0","2","0","3","","","","N","","","","","","","","","",""
"2014015579","1520","1","0","0","0","0","0","0","0","0","7","0","","02","2","2014","4","40.424767","-79.927013","1512","11","0","0","0","0","0","0","0","0","","0","0","0","","","0","","2","","40 25:29.160","","0","79 55:37.246","0","0","0","0","2301","0","0","0","N","0","0","0","1","02301","0","","4.0","","2","N","N","","0","","0","0","0","","3","","","1","0","0","0","0","0","0","2","0","1","","","","N","","","","","","","","","",""
"2014015595","1334","0","0","0","0","0","0","0","0","0","7","0","","02","1","2014","4","40.436115","-80.090207","1330","11","0","0","0","0","0","0","0","0","2","0","0","0","","","1","","0","","40 26:10.015","1","0","80 05:24.745","4","0","0","0","2115","0","0","0","N","0","0","0","1","02115","1","","4.0","","2","N","N","","0","","0","0","0","","0","N","","1","1","0","0","0","0","0","2","1","1","","","","N","","","","","","","","","",""
"2014015796","2111","1","0","0","0","0","0","0","0","0","7","0","","02","2","2014","4","40.466338","-79.90815","2102","11","0","0","0","0","0","0","0","0","","0","0","0","","","0","","0","","40 27:58.816","","0","79 54:29.340","0","0","0","0","2301","0","0","0","N","0","0","0","1","02301","0","","5.0","","2","N","N","","0","","0","0","0","","0","","","1","0","0","0","0","0","0","2","0","1","","","","N","","","","","","","","","",""
"2014017341","1500","1","0","0","0","0","0","0","0","0","1","0","","02","2","2014","7","40.349457","-79.987447","1450","11","0","0","0","0","0","1","0","0","","0","0","0","","","0","","2","","40 20:58.045","","0","79 59:14.809","0","0","0","0","2476","0","0","0","N","0","0","0","6","02476","0","","1.0","","1","N","N","","0","","0","0","1","","0","","","2","0","0","0","0","0","0","2","0","2","","","","N","","","","","","","","","",""
"2014018032","1323","2","0","1","0","0","0","0","0","0","4","0","","02","2","2014","1","40.443865","-80.097778","1318","11","0","0","0","0","0","0","0","0","","0","0","0","","","2","","0","","40 26:37.915","","0","80 05:51.999","2","0","0","0","2115","0","0","0","N","0","0","0","5","02115","1","","1.0","","7","N","N","","1","","0","1","0","","0","","","3","2","0","0","0","0","0","2","0","3","","","","N","","","","","","","","","",""
"2014015596","1735","1","0","0","0","0","0","0","0","0","7","0","","02","1","2014","5","40.440003","-80.083853","1730","11","0","0","0","0","0","0","0","0","2","0","0","0","","","0","","3","","40 26:24.012","4","0","80 05:01.871","0","0","0","0","2115","0","0","0","N","0","0","0","2","02115","0","","4.0","","1","N","N","","0","","0","0","1","","0","N","","2","0","0","0","0","0","0","2","0","2","","","","N","","","","","","","","","",""
"2014017982","1230","2","0","0","0","0","0","0","0","0","2","0","","02","2","2014","2","40.46163","-79.935078","1226","11","0","0","0","0","0","0","0","0","1","0","0","0","","","2","","1","","40 27:41.868","4","0","79 56:06.280","4","0","0","0","2301","0","0","0","N","0","0","0","2","02301","1","","1.0","","9","N","N","","0","","0","0","0","","2","N","","2","2","1","0","0","1","0","2","0","2","","","","N","","","","","","","","","",""
"2014018107","2356","1","0","0","0","0","0","0","0","0","7","0","","02","1","2014","2","40.606792","-80.094178","2316","11","0","0","0","0","0","0","0","0","","0","0","0","","","2","","0","","40 36:24.451","","0","80 05:39.041","3","0","0","0","2481","0","0","0","N","0","0","0","2","68B03","1","","3.0","","1","N","N","","0","","1","0","0","","0","","","1","2","0","0","0","0","0","2","0","1","","","","N","","","","","","","","","",""
"2014017342","1828","1","0","0","0","0","0","0","0","0","1","0","","02","2","2014","7","40.438868","-79.762086","1828","11","0","0","0","0","0","1","0","0","1","0","0","0","","","1","","0","","40 26:19.923","3","0","79 45:43.510","4","0","0","0","2446","0","0","0","N","0","0","0","3","02446","1","","1.0","","1","N","N","","0","","0","0","0","","0","N","","2","1","0","0","0","0","0","2","1","2","","","","N","","","","","","","","","",""
"2014018033","1737","2","0","0","0","0","0","0","0","0","1","0","","02","2","2014","5","40.509402","-80.223028","1734","11","0","1","0","0","0","0","0","0","","0","0","0","","","1","","2","","40 30:33.848","","0","80 13:22.900","4","0","0","0","2213","0","0","0","N","0","0","0","5","02213","1","","1.0","","1","N","N","","0","","0","0","0","","2","","","2","1","0","0","0","0","0","2","0","2","","","","N","","","","","","","","","",""
"2014015597","1559","1","0","0","0","0","0","0","0","0","4","0","","02","1","2014","6","40.444843","-80.149838","1559","11","0","0","0","0","0","1","0","0","2","0","0","0","","","2","","0","","40 26:41.436","3","7","80 08:59.418","8","0","0","0","2115","0","0","0","N","0","0","0","4","02115","0","","1.0","","1","N","N","","0","","0","0","1","","0","N","","2","2","2","0","0","2","0","2","0","2","","","","N","","","","","","","","","",""
"2014018108","0525","0","0","0","0","0","0","0","0","0","7","0","","02","2","2014","2","40.431881","-80.024621","0524","11","0","0","0","0","0","0","0","0","","0","0","0","","","0","","0","","40 25:54.773","","0","80 01:28.635","0","0","0","0","2301","0","0","0","N","0","0","0","2","68B03","0","","4.0","","7","N","N","","0","","0","0","1","","0","","","1","0","0","0","0","0","0","2","0","1","","","","N","","","","","","","","","",""
"2014018034","1300","1","0","0","0","0","0","0","0","0","1","0","","02","2","2014","6","40.513277","-80.222312","1258","11","0","0","0","0","1","0","0","0","1","0","0","0","","","0","","0","","40 30:47.797","1","0","80 13:20.322","0","0","0","0","2213","0","0","0","N","0","0","0","3","02213","0","","1.0","","1","N","N","","1","","0","0","0","","0","N","","2","0","0","0","0","0","0","2","0","2","","","","N","","","","","","","","","",""
"2014017919","0843","1","0","0","0","0","0","0","0","0","4","0","","02","2","2014","2","40.413084","-80.042322","0837","11","0","0","0","0","0","0","0","0","","0","0","0","","","0","","0","","40 24:47.102","","0","80 02:32.359","0","0","0","0","2301","0","0","0","N","0","0","0","2","02301","0","","1.0","","9","N","N","","0","","0","0","1","","0","","","2","0","0","0","0","0","0","2","0","2","","","","N","","","","","","","","","",""
"2014018109","1949","1","0","0","0","0","0","0","0","0","5","0","","02","2","2014","4","40.438364","-80.012186","1942","11","0","0","0","0","0","1","0","0","1","0","0","0","","","0","","0","","40 26:18.112","3","4","80 00:43.871","0","0","0","0","2301","0","0","0","Y","0","0","0","2","68B03","0","","1.0","","1","N","N","","0","","0","0","1","","0","N","","2","0","0","0","0","0","0","2","0","2","","","","N","","","","","","","","","",""
"2014015736","1817","2","0","0","0","0","0","0","0","0","4","0","","02","2","2014","4","40.466338","-79.90815","1816","11","0","0","0","0","0","0","0","0","","0","0","0","","","1","","0","","40 27:58.816","","0","79 54:29.340","8","0","0","0","2301","0","0","0","N","0","0","0","3","02301","0","","1.0","","2","N","N","","0","","0","0","0","","0","","","2","1","0","0","0","1","0","2","0","2","","","","N","","","","","","","","","",""
"2014018110","1346","2","0","0","0","0","0","0","0","0","1","0","","02","2","2014","6","40.448693","-80.166955","1340","11","0","0","0","0","0","0","0","0","","0","0","0","","","1","","6","","40 26:55.293","","2","80 10:01.038","4","0","0","0","2115","0","0","0","N","0","0","0","2","68B03","1","","1.0","","1","N","N","","0","","0","0","0","","4","","","2","1","0","0","0","0","0","2","0","2","","","","N","","","","","","","","","",""
"2014015110","1650","1","0","0","0","0","0","0","0","0","4","0","","02","2","2014","3","40.450559","-79.93008","1639","11","0","0","0","0","0","1","0","0","","0","0","0","","","1","","1","","40 27:02.012","","0","79 55:48.288","4","0","0","0","2301","0","0","0","N","0","0","0","4","02301","1","","1.0","","1","N","N","","0","","0","0","1","","3","","","2","1","0","0","0","0","0","2","0","2","","","","N","","","","","","","","","",""
"2014016679","2113","1","0","0","0","0","0","0","0","0","7","0","","02","2","2014","5","40.415894","-79.978464","2109","11","0","0","0","0","0","0","0","0","1","0","0","0","","","0","","0","","40 24:57.220","1","0","79 58:42.470","0","0","0","0","2301","0","0","0","N","0","0","0","1","02301","0","","2.0","","98","N","N","","0","","0","0","0","","0","N","","1","0","0","0","0","0","0","2","0","1","","","","N","","","","","","","","","",""
"2014017569","1236","1","0","0","0","0","0","0","0","0","4","0","","02","2","2014","1","40.264261","-79.831633","1159","11","0","0","0","0","0","0","0","0","","0","0","0","","","1","","0","","40 15:51.339","","7","79 49:53.878","4","0","0","0","2105","0","0","0","N","0","0","0","2","02105","1","","1.0","","2","N","N","","0","","0","0","1","","0","","","2","1","0","0","0","0","0","2","0","2","","","","N","","","","","","","","","",""
"2014017283","0800","1","0","0","0","0","0","0","0","0","1","0","","02","2","2014","3","40.517189","-80.004662","0751","11","0","0","0","0","0","0","0","0","1","0","0","0","","","0","","0","","40 31:01.880","2","0","80 00:16.783","0","0","0","0","2116","0","0","0","N","0","0","0","2","02116","0","","1.0","","2","N","N","","0","","0","0","1","","0","N","","2","0","1","0","0","0","0","2","0","2","","","","N","","","","","","","","","",""
"2014017284","1130","1","0","0","0","0","0","0","0","0","1","2","","02","2","2014","5","40.578041","-79.953693","9999","11","0","0","0","0","0","1","0","0","2","0","2","0","","","0","","2","","40 34:40.947","1","0","79 57:13.296","0","0","0","0","2207","0","0","0","N","0","0","0","4","02207","0","","1.0","","1","N","N","","0","","0","0","0","","3","N","","3","0","0","0","0","0","0","2","0","3","","","","N","","","","","","","","","",""
"2014015804","0237","1","0","0","0","0","0","0","0","0","7","0","","02","2","2014","3","40.423033","-79.893124","0235","11","0","0","0","0","0","0","0","0","","0","0","0","","","0","","0","","40 25:22.918","","0","79 53:35.246","9","0","0","0","2463","0","0","0","N","0","0","0","1","02463","0","","5.0","","2","N","N","","0","","0","0","0","","0","","","1","0","0","0","0","0","1","2","0","1","","","","N","","","","","","","","","",""
"2014015114","1314","1","0","0","0","0","0","0","0","0","6","0","","02","1","2014","4","40.538938","-80.255467","1312","11","0","0","0","0","0","0","0","0","2","0","0","0","","","1","","0","","40 32:20.176","1","0","80 15:19.681","8","0","0","0","2213","0","0","0","N","0","0","0","2","02213","0","","1.0","","1","N","N","","0","","0","0","0","","0","N","","2","1","0","0","0","1","0","2","1","2","","","","N","","","","","","","","","",""
"2014017433","0953","0","0","0","0","0","0","0","0","0","1","0","","02","2","2014","2","40.34105","-79.941303","0950","11","0","0","0","0","0","2","0","0","1","0","0","0","","","0","","0","","40 20:27.780","2","0","79 56:28.690","0","0","0","0","2473","0","0","0","N","0","0","0","2","02473","0","","1.0","","7","N","N","","2","","0","0","0","","0","N","","2","0","0","0","0","0","0","2","0","2","","","","N","","","","","","","","","",""
"2014015591","1651","1","0","0","0","0","0","0","0","0","2","0","","02","2","2014","4","40.461831","-80.075924","1648","11","0","1","0","0","0","0","0","1","","0","0","0","","","1","","2","","40 27:42.591","","0","80 04:33.326","4","0","0","0","2301","0","0","0","N","0","0","0","4","02301","1","","1.0","","6","N","N","","0","","0","0","1","","3","","","2","1","0","0","0","0","0","2","0","2","","","","N","","","","","","","","","",""
"2014015805","0639","1","0","0","0","0","0","0","0","0","7","0","","02","2","2014","4","40.346213","-80.104501","0629","11","0","0","0","0","0","0","0","0","1","0","0","0","","","0","","0","","40 20:46.368","3","0","80 06:16.204","0","0","0","0","2123","0","0","0","N","0","0","0","1","02123","0","","5.0","","2","N","N","","0","","0","0","0","","0","N","","1","0","0","0","0","0","0","2","0","1","","","","N","","","","","","","","","",""
"2014015866","0850","0","0","0","0","0","0","0","0","0","7","0","","02","2","2014","4","40.611564","-79.759816","0834","11","0","0","0","0","0","0","0","0","","0","0","0","","","0","","0","","40 36:41.629","","0","79 45:35.338","0","0","0","0","2464","0","0","0","N","0","0","0","1","68D02","0","","5.0","","2","N","N","","0","","0","0","1","","0","","","1","0","0","0","0","0","0","2","0","1","","","","N","","","","","","","","","",""
"2014015592","1425","2","0","0","0","0","0","0","0","0","4","0","","02","2","2014","4","40.386499","-80.092328","1422","11","0","0","0","0","0","2","0","0","1","0","0","0","","","0","","2","","40 23:11.395","6","7","80 05:32.379","0","0","0","0","2117","0","0","0","N","0","0","0","2","02117","0","","1.0","","9","N","N","","0","","0","0","0","","2","Y","","2","0","0","0","0","0","0","2","0","2","","","","N","","","","","","","","","",""
"2014017286","0942","2","0","0","0","0","0","0","0","0","4","0","","02","2","2014","7","40.454545","-79.921727","0938","11","0","0","0","0","0","0","0","0","","0","0","0","","","1","","1","","40 27:16.362","","0","79 55:18.217","8","0","0","0","2301","0","0","0","N","0","0","0","3","02301","0","","1.0","","2","N","N","","0","","0","0","0","","3","","","2","1","0","0","0","1","0","2","0","2","","","","N","","","","","","","","","",""
"2014016290","0856","2","0","0","0","0","0","0","0","0","1","0","","02","2","2014","5","40.426498","-80.126377","0850","11","0","0","0","0","0","0","0","0","","0","0","0","","","1","","0","","40 25:35.391","","0","80 07:34.956","8","0","0","0","2102","0","0","0","N","0","0","0","3","68B03","0","","1.0","","1","N","N","","0","","0","0","1","","0","","","3","1","0","0","0","1","0","2","0","3","","","","N","","","","","","","","","",""
"2014017226","1533","1","0","0","0","0","0","0","0","0","1","0","","02","2","2014","6","40.429743","-80.028023","1518","11","0","0","0","0","0","0","0","0","","0","0","0","","","1","","0","","40 25:47.076","","0","80 01:40.881","8","0","0","0","2301","0","0","0","N","0","0","0","3","68B03","0","","1.0","","1","N","N","","1","","0","0","0","","0","","","2","1","0","0","0","1","1","2","0","2","","","","N","","","","","","","","","",""
"2014017357","2000","1","0","0","0","0","0","0","0","0","4","0","","02","2","2014","6","40.323117","-79.956552","1958","11","0","1","0","0","0","0","0","0","2","0","0","0","","","0","","1","","40 19:23.221","5","0","79 57:23.587","0","0","0","0","2454","0","0","0","N","0","0","0","2","02454","0","","1.0","","1","N","N","","1","","0","0","0","","3","Y","","2","0","0","0","0","0","0","2","0","2","","","","N","","","","","","","","","",""
"2014017371","1141","1","0","0","0","0","0","0","0","0","7","0","","02","2","2014","6","40.42998","-80.107157","1122","11","0","0","0","0","0","0","0","0","2","0","0","0","","","0","","0","","40 25:47.928","2","0","80 06:25.765","0","0","0","0","2115","0","0","0","N","0","0","0","1","68B03","0","","2.0","","1","N","N","","0","","0","0","0","","0","N","","1","0","0","0","0","0","0","2","0","1","","","","N","","","","","","","","","",""
"2014017291","1410","1","0","0","0","0","0","0","0","0","1","0","","02","2","2014","6","40.342491","-79.964666","1405","11","0","0","0","0","0","0","1","0","","0","0","0","","","0","","1","","40 20:32.966","","0","79 57:52.797","0","0","0","0","2454","0","0","0","N","0","0","0","2","02454","0","","1.0","","1","N","N","","0","","0","0","0","","0","","","2","0","0","0","0","0","0","2","1","2","","","","N","","","","","","","","","",""
"2014017090","1819","1","0","0","0","0","0","0","0","0","1","0","","02","2","2014","6","40.585501","-80.072348","1817","11","0","0","0","0","0","0","0","0","1","0","0","0","","","1","","0","","40 35:07.804","6","0","80 04:20.453","4","0","0","0","2481","0","0","0","N","0","0","0","2","02481","1","","1.0","","1","N","N","","0","","0","0","1","","0","N","","2","1","0","0","0","0","0","2","0","2","","","","N","","","","","","","","","",""
"2014017153","2147","1","0","0","0","0","0","0","0","0","4","0","","02","1","2014","3","40.432698","-79.716155","2141","11","0","0","0","0","0","0","1","0","","0","0","0","","","1","","0","","40 25:57.714","","0","79 42:58.157","4","0","0","0","2446","0","0","0","N","0","0","0","2","02446","1","","1.0","","9","N","N","","0","","0","0","1","","0","","","2","1","0","0","0","0","0","2","0","2","","","","N","","","","","","","","","",""
"2014015826","1241","1","0","0","0","0","0","0","0","0","1","0","","02","1","2014","1","40.478954","-79.732331","1238","11","0","0","0","0","0","0","1","0","","0","0","0","","","0","","2","","40 28:44.234","","0","79 43:56.392","9","0","0","0","2466","0","0","0","N","0","0","0","2","02466","0","","1.0","","1","N","N","","0","","0","0","1","","0","","","2","0","0","0","0","0","1","2","0","2","","","","N","","","","","","","","","",""