"CRN","ARRIVAL_TM","AUTOMOBILE_COUNT","BELTED_DEATH_COUNT","BELTED_SUSP_SERIOUS_INJ_COUNT","BICYCLE_COUNT","BICYCLE_DEATH_COUNT","BICYCLE_SUSP_SERIOUS_INJ_COUNT","BUS_COUNT","CHLDPAS_DEATH_COUNT","CHLDPAS_SUSP_SERIOUS_INJ_COUNT","COLLISION_TYPE","COMM_VEH_COUNT","CONS_ZONE_SPD_LIM","COUNTY","CRASH_MONTH","CRASH_YEAR","DAY_OF_WEEK","DEC_LATITUDE","DEC_LONGITUDE","DISPATCH_TM","DISTRICT","DRIVER_COUNT_16YR","DRIVER_COUNT_17YR","DRIVER_COUNT_18YR","DRIVER_COUNT_19YR","DRIVER_COUNT_20YR","DRIVER_COUNT_50_64YR","DRIVER_COUNT_65_74YR","DRIVER_COUNT_75PLUS","EST_HRS_CLOSED","FATAL_COUNT","HEAVY_TRUCK_COUNT","HORSE_BUGGY_COUNT","HOUR_OF_DAY","ILLUMINATION","INJURY_COUNT","INTERSECTION_RELATED","INTERSECT_TYPE","LANE_CLOSED","LATITUDE","LN_CLOSE_DIR","LOCATION_TYPE","LONGITUDE","MAX_SEVERITY_LEVEL","MCYCLE_DEATH_COUNT","MCYCLE_SUSP_SERIOUS_INJ_COUNT","MOTORCYCLE_COUNT","MUNICIPALITY","NONMOTR_COUNT","NONMOTR_DEATH_COUNT","NONMOTR_SUSP_SERIOUS_INJ_COUNT","NTFY_HIWY_MAINT","PED_COUNT","PED_DEATH_COUNT","PED_SUSP_SERIOUS_INJ_COUNT","PERSON_COUNT","POLICE_AGCY","POSSIBLE_INJ_COUNT","RDWY_SURF_TYPE_CD","RELATION_TO_ROAD","ROADWAY_CLEARED","ROAD_CONDITION","SCH_BUS_IND","SCH_ZONE_IND","SECONDARY_CRASH","SMALL_TRUCK_COUNT","SPEC_JURIS_CD","SUSP_MINOR_INJ_COUNT","SUSP_SERIOUS_INJ_COUNT","SUV_COUNT","TCD_FUNC_CD","TCD_TYPE","TFC_DETOUR_IND","TIME_OF_DAY","TOTAL_UNITS","TOT_INJ_COUNT","UNBELTED_OCC_COUNT","UNB_DEATH_COUNT","UNB_SUSP_SERIOUS_INJ_COUNT","UNK_INJ_DEG_COUNT","UNK_INJ_PER_COUNT","URBAN_RURAL","VAN_COUNT","VEHICLE_COUNT","WEATHER1","WEATHER2","WORKERS_PRES","WORK_ZONE_IND","WORK_ZONE_LOC","WORK_ZONE_TYPE","WZ_CLOSE_DETOUR","WZ_FLAGGER","WZ_LAW_OFFCR_IND","WZ_LN_CLOSURE","WZ_MOVING","WZ_OTHER","WZ_SHLDER_MDN","WZ_WORKERS_INJ_KILLED"
"2014016984","1600","0","0","0","0","0","0","0","0","0","1","0","","02","1","2014","3","40.424778","-79.754541","1551","11","0","0","0","0","0","0","0","0","","0","0","0","","","1","","0","","40 25:29.199","","0","79 45:16.349","4","0","0","0","2446","0","0","0","N","0","0","0","3","02446","1","","1.0","","1","N","N","","1","","0","0","1","","0","","","3","1","0","0","0","0","0","2","1","3","","","","N","","","","","","","","","",""
"2014017447","0213","2","0","0","0","0","0","0","0","0","2","0","","02","2","2014","1","40.378088","-79.921756","0207","11","0","0","0","0","0","0","0","0","","0","0","0","","","0","","0","","40 22:41.118","","0","79 55:18.322","0","0","0","0","2301","0","0","0","N","0","0","0","3","02301","0","","1.0","","1","N","N","","0","","0","0","0","","0","","","2","0","0","0","0","0","0","2","0","2","","","","N","","","","","","","","","",""
"2014015954","0951","1","0","0","0","0","0","0","0","0","7","0","","02","2","2014","4","40.303748","-79.958416","0939","11","0","1","0","0","0","0","0","0","","0","0","0","","","1","","0","","40 18:13.493","","0","79 57:30.298","4","0","0","0","2440","0","0","0","N","0","0","0","1","02440","1","","5.0","","2","N","N","","0","","0","0","0","","0","","","1","1","0","0","0","0","0","2","0","1","","","","N","","","","","","","","","",""
"2014016698","2301","1","0","0","0","0","0","0","0","0","2","0","","02","2","2014","5","40.454076","-79.996814","2258","11","0","0","0","0","0","0","0","0","1","0","0","0","","","2","","1","","40 27:14.672","1","0","79 59:48.532","4","0","0","0","2301","0","0","0","","0","0","0","5","02301","2","","1.0","","1","N","N","","0","","0","0","0","","2","N","","2","2","1","0","0","0","0","2","1","2","","","","N","","","","","","","","","",""
"2014017588","1200","1","0","0","0","0","0","0","0","0","7","0","","02","2","2014","1","40.387126","-79.984091","1200","11","0","0","0","0","1","0","0","0","2","0","0","0","","","0","","0","","40 23:13.654","4","0","79 59:02.728","0","0","0","0","2301","0","0","0","N","0","0","0","1","02301","0","","2.0","","2","N","N","","0","","0","0","0","","0","Y","","1","0","0","0","0","0","0","2","0","1","","","","N","","","","","","","","","",""
"2014020804","1717","0","0","0","0","0","0","0","0","0","7","0","","02","2","2014","2","40.426358","-80.296743","1700","11","0","0","0","0","0","1","0","0","1","0","0","0","","","1","","0","","40 25:34.890","4","0","80 17:48.274","8","0","0","0","2203","0","0","0","Y","0","0","0","1","68B03","0","","4.0","","1","N","N","","0","","0","0","1","","0","N","","1","1","0","0","0","1","0","1","0","1","","","","N","","","","","","","","","",""
"2014017736","1833","1","0","0","0","0","0","0","0","0","2","0","","02","2","2014","1","40.337108","-79.984484","1830","11","0","0","0","0","0","1","0","0","3","0","0","0","","","1","","0","","40 20:13.588","5","0","79 59:04.142","3","0","0","0","2403","0","0","0","N","0","0","0","4","02403","0","","1.0","","6","N","N","","0","","1","0","1","","0","N","","2","1","2","0","0","0","1","2","0","2","","","","N","","","","","","","","","",""
"2014015969","0852","1","0","0","0","0","0","0","0","0","4","0","","02","1","2014","3","40.375858","-79.79734","0851","11","0","0","0","0","0","1","0","0","2","0","0","0","","","0","","0","","40 22:33.089","4","0","79 47:50.424","0","0","0","0","2111","0","0","0","N","0","0","0","3","02111","0","","1.0","","7","N","N","","0","","0","0","1","","0","N","","3","0","1","0","0","0","0","2","1","3","","","","N","","","","","","","","","",""
"2014015268","1847","2","0","0","0","0","0","0","0","0","2","0","","02","2","2014","3","40.441735","-80.239164","1845","11","0","0","0","0","0","0","0","0","","0","0","0","","","2","","5","","40 26:30.247","","0","80 14:20.991","4","0","0","0","2214","0","0","0","N","0","0","0","2","02214","2","","1.0","","1","N","N","","0","","0","0","0","","2","","","2","2","0","0","0","0","0","2","0","2","","","","N","","","","","","","","","",""
"2014016037","1112","0","0","0","0","0","0","1","0","0","4","1","","02","2","2014","5","40.448612","-79.899529","1105","11","0","0","0","0","0","1","0","0","","0","0","0","","","1","","2","","40 26:55.002","","0","79 53:58.304","8","0","0","0","2301","0","0","0","N","0","0","0","4","02503","0","","1.0","","2","N","N","","0","","0","0","1","","3","","","2","1","0","0","0","1","0","2","0","2","","","","N","","","","","","","","","",""
"2014015340","0220","0","0","0","0","0","0","0","0","0","7","0","","02","2","2014","4","40.376344","-79.847582","0215","11","0","0","0","0","0","0","0","0","1","0","0","0","","","0","","0","","40 22:34.837","2","0","79 50:51.294","0","0","0","0","2303","0","0","0","N","0","0","0","1","02303","0","","4.0","","7","N","N","","0","","0","0","1","","0","N","","1","0","0","0","0","0","0","2","0","1","","","","N","","","","","","","","","",""
"2014017607","1355","1","0","0","0","0","0","0","0","0","7","0","","02","2","2014","1","40.357442","-79.879957","1346","11","0","0","0","0","0","0","0","0","1","0","0","0","","","0","","0","","40 21:26.792","1","0","79 52:47.846","0","0","0","0","2423","0","0","0","Y","0","0","0","1","02304","0","","4.0","","7","N","N","","0","","0","0","0","","0","N","","1","0","0","0","0","0","0","2","0","1","","","","N","","","","","","","","","",""
"2014017608","1421","1","0","0","0","0","0","0","0","0","4","0","","02","2","2014","7","40.450674","-80.173888","1410","11","0","0","0","0","0","0","0","0","","0","0","0","","","0","","0","","40 27:02.425","","0","80 10:25.998","0","0","0","0","2214","0","0","0","N","0","0","0","4","02214","0","","1.0","","1","N","N","","0","","0","0","1","","0","","","2","0","0","0","0","0","0","2","0","2","","","","N","","","","","","","","","",""
"2014015353","0903","1","0","0","0","0","0","0","0","0","1","0","","02","1","2014","6","40.495882","-80.016201","0844","11","0","0","0","0","0","0","0","0","2","0","0","0","","","0","","0","","40 29:45.176","2","0","80 00:58.322","0","0","0","0","2301","0","0","0","N","0","0","0","2","68B03","0","","1.0","","7","N","N","","0","","0","0","1","","0","N","","2","0","0","0","0","0","0","2","0","2","","","","N","","","","","","","","","",""
"2014015272","1447","2","0","0","0","0","0","0","0","0","1","0","","02","2","2014","3","40.490829","-79.784202","1444","11","0","1","0","0","0","1","0","0","","0","0","0","","","1","","0","","40 29:26.984","","0","79 47:03.127","4","0","0","0","2466","0","0","0","N","0","0","0","5","02466","1","","1.0","","1","N","N","","0","","0","0","0","","0","","","2","1","1","0","0","0","0","2","0","2","","","","N","","","","","","","","","",""
"2014015354","0742","0","0","0","0","0","0","0","0","0","1","1","","02","1","2014","4","40.588908","-80.099048","0713","11","0","0","0","0","0","1","0","0","2","0","1","0","","","1","","0","","40 35:20.067","2","0","80 05:56.571","8","0","0","0","2481","0","0","0","N","0","0","0","3","68B03","0","","1.0","","1","N","N","","0","","0","0","0","","0","N","","2","1","0","0","0","1","0","2","1","2","","","","N","","","","","","","","","",""
"2014015484","1045","1","0","0","0","0","0","0","0","0","7","0","","02","2","2014","4","40.445117","-79.989394","1030","11","0","0","0","0","0","0","0","0","","0","0","0","","","0","","6","","40 26:42.421","","2","79 59:21.819","0","0","0","0","2301","0","0","0","N","0","0","0","1","02301","0","","5.0","","6","N","N","","0","","0","0","0","","0","","","1","0","0","0","0","0","0","2","0","1","","05","","N","","","","","","","","","",""
"2014016716","0302","1","0","0","0","0","0","0","0","0","4","0","","02","2","2014","6","40.454232","-79.883969","0302","11","0","0","0","0","0","1","0","0","","0","0","0","","","0","","1","","40 27:15.236","","0","79 53:02.289","0","0","0","0","2301","0","0","0","N","0","0","0","2","02301","0","","1.0","","9","N","N","","0","","0","0","0","","2","","","2","0","0","0","0","0","0","2","1","2","","","","N","","","","","","","","","",""
"2014015273","1910","1","0","0","0","0","0","0","0","0","4","0","","02","2","2014","3","40.451509","-79.908149","1900","11","0","0","0","0","0","1","1","0","1","0","0","0","","","2","","1","","40 27:05.432","2","0","79 54:29.335","4","0","0","0","2301","0","0","0","N","0","0","0","3","02301","2","","1.0","","1","N","N","","0","","0","0","1","","2","N","","3","2","0","0","0","0","0","2","1","3","","","","N","","","","","","","","","",""
"2014015355","0809","1","0","0","0","0","0","0","0","0","7","0","","02","1","2014","3","40.429548","-79.87555","0750","11","0","0","0","0","0","1","0","0","1","0","0","0","","","1","","0","","40 25:46.374","3","0","79 52:31.979","4","0","0","0","2426","0","0","0","Y","0","0","0","1","68B03","1","","2.0","","6","N","N","","0","","0","0","0","","0","Y","","1","1","0","0","0","0","0","2","0","1","","","","N","","","","","","","","","",""
"2014017597","1255","2","0","0","0","0","0","0","0","0","6","0","","02","2","2014","1","40.355025","-79.87873","1246","11","0","0","1","0","0","1","0","0","1","0","0","0","","","0","","0","","40 21:18.090","1","0","79 52:43.428","0","0","0","0","2423","0","0","0","Y","0","0","0","4","02304","0","","1.0","","7","N","N","","0","","0","0","0","","0","N","","2","0","0","0","0","0","0","2","0","2","","","","N","","","","","","","","","",""
"2014015356","0841","0","0","0","0","0","0","0","0","0","7","0","","02","1","2014","3","40.500707","-80.282911","0841","11","0","0","0","0","0","0","0","0","","0","0","0","","","0","","0","","40 30:02.546","","0","80 16:58.480","0","0","0","0","2203","0","0","0","N","0","0","0","1","68B03","0","","4.0","","7","N","N","","0","","0","0","1","","0","","","1","0","0","0","0","0","0","1","0","1","","","","N","","","","","","","","","",""
"2014020812","0751","1","0","0","0","0","0","0","0","0","7","0","","02","2","2014","7","40.530301","-79.850295","0750","11","0","0","0","0","0","1","0","0","","0","0","0","","","1","","0","","40 31:49.084","","0","79 51:01.062","4","0","0","0","2208","0","0","0","N","0","0","0","1","68D02","1","","5.0","","7","N","N","","0","","0","0","0","","0","","","1","1","0","0","0","0","0","2","0","1","","","","N","","","","","","","","","",""
"2014015276","1922","2","0","0","0","0","0","0","0","0","1","0","","02","2","2014","3","40.401667","-80.000481","1910","11","0","0","0","0","0","0","0","0","","0","0","0","","","0","","0","","40 24:06.002","","0","80 00:01.733","0","0","0","0","2301","0","0","0","N","0","0","0","2","02301","0","","1.0","","1","N","N","","0","","0","0","0","","4","","","2","0","0","0","0","0","0","2","0","2","","","","N","","","","","","","","","",""
"2014015357","0906","1","0","0","0","0","0","0","0","0","7","0","","02","1","2014","3","40.433439","-79.869911","0844","11","0","0","0","0","0","0","0","0","","0","0","0","","","0","","0","","40 26:00.379","","0","79 52:11.681","0","0","0","0","2446","0","0","0","N","0","0","0","1","68B03","0","","2.0","","7","N","N","","0","","0","0","0","","0","","","1","0","0","0","0","0","0","2","0","1","","","","N","","","","","","","","","",""
"2014016865","0835","0","0","0","0","0","0","0","0","0","1","0","","02","2","2014","6","40.428464","-80.041094","0830","11","0","0","0","0","0","0","0","0","","0","0","0","","","1","","2","","40 25:42.469","","0","80 02:27.940","8","0","0","0","2435","0","0","0","N","0","0","0","2","02435","0","","1.0","","1","N","N","","0","","0","0","2","","0","","","2","1","0","0","0","1","0","2","0","2","","","","N","","","","","","","","","",""
"2014015489","0815","2","0","0","0","0","0","0","0","0","4","0","","02","2","2014","4","40.443882","-79.938809","0805","11","0","0","0","0","0","1","0","0","","0","0","0","","","0","","2","","40 26:37.974","","0","79 56:19.714","9","0","0","0","2301","0","0","0","N","0","0","0","2","02301","0","","1.0","","6","N","N","","0","","0","0","0","","2","","","2","0","0","0","0","0","1","2","0","2","","","","N","","","","","","","","","",""
"2014020813","1310","0","0","0","0","0","0","0","0","0","7","0","","02","2","2014","1","40.548726","-79.822063","1252","11","0","0","0","0","0","0","0","0","","0","0","0","","","0","","0","","40 32:55.412","","0","79 49:19.427","0","0","0","0","2208","0","0","0","N","0","0","0","2","68D02","0","","5.0","","7","N","N","","1","","0","0","0","","0","","","1","0","0","0","0","0","0","2","0","1","","","","N","","","","","","","","","",""
"2014017456","0150","2","0","0","0","0","0","0","0","0","1","0","","02","1","2014","7","40.427291","-79.921956","0129","11","0","0","0","0","0","0","0","0","","0","0","0","","","0","","0","","40 25:38.246","","4","79 55:19.041","0","0","0","0","2301","0","0","0","N","0","0","0","2","68B03","0","","1.0","","1","N","N","","0","","0","0","0","","8","","","2","0","0","0","0","0","0","2","0","2","","","","N","","","","","","","","","",""
"2014017531","1447","2","0","0","0","0","0","0","0","0","4","0","","02","1","2014","1","40.464815","-79.915298","1434","11","0","0","0","0","0","1","0","0","","0","0","0","","","0","","1","","40 27:53.334","","0","79 54:55.072","0","0","0","0","2301","0","0","0","N","0","0","0","2","02301","0","","1.0","","1","N","N","","0","","0","0","0","","3","","","2","0","0","0","0","0","0","2","0","2","","","","N","","","","","","","","","",""
"2014015358","1145","1","0","0","0","0","0","0","0","0","7","0","","02","1","2014","3","40.426744","-79.892121","1048","11","0","0","0","0","1","0","0","0","1","0","0","0","","","0","","0","","40 25:36.277","3","0","79 53:31.636","0","0","0","0","2426","0","0","0","N","0","0","0","1","68B03","0","","4.0","","6","N","N","","0","","0","0","0","","0","Y","","1","0","0","0","0","0","0","2","0","1","","","","N","","","","","","","","","",""
"2014017747","0103","1","0","0","0","0","0","0","0","0","7","0","","02","2","2014","1","40.374579","-80.092857","0059","11","0","0","0","0","0","0","0","0","1","0","0","0","","","1","","0","","40 22:28.484","4","0","80 05:34.285","4","0","0","0","2117","0","0","0","N","0","0","0","1","02117","1","","5.0","","1","N","N","","0","","0","0","0","","0","N","","1","1","0","0","0","0","0","2","0","1","","","","N","","","","","","","","","",""
"2014017457","1644","1","0","0","0","0","0","0","0","0","7","0","","02","1","2014","1","40.52826","-80.164294","1626","11","0","0","0","0","0","0","0","0","","0","0","0","","","0","","0","","40 31:41.735","","0","80 09:51.458","0","0","0","0","2452","0","0","0","N","0","0","0","1","68B03","0","","4.0","","6","N","N","","0","","0","0","0","","0","","","1","0","0","0","0","0","0","2","0","1","","","","N","","","","","","","","","",""
"2014015359","0737","0","0","0","0","0","0","0","0","0","5","0","","02","1","2014","4","40.426778","-80.295545","0719","11","0","0","0","0","0","1","0","0","","0","0","0","","","0","","0","","40 25:36.401","","0","80 17:43.962","0","0","0","0","2203","0","0","0","N","0","0","0","2","68B03","0","","1.0","","1","N","N","","1","","0","0","1","","0","","","2","0","0","0","0","0","0","1","0","2","","","","N","","","","","","","","","",""
"2014016867","0910","2","0","0","0","0","0","0","0","0","1","0","","02","2","2014","6","40.437878","-80.004514","0900","11","0","0","0","0","0","2","0","0","","0","0","0","","","1","","10","","40 26:16.361","","6","80 00:16.249","4","0","0","0","2301","0","0","0","N","0","0","0","3","02301","1","","1.0","","1","N","N","","0","","0","0","0","","2","","","2","1","1","0","0","0","0","2","0","2","","","","N","","","","","","","","","",""
"2014017459","1315","2","0","0","0","0","0","0","0","0","1","0","","02","2","2014","7","40.432017","-79.871712","1300","11","0","0","0","0","0","0","0","0","","0","0","0","","","1","","0","","40 25:55.262","","0","79 52:18.164","4","0","0","0","2411","0","0","0","N","0","0","0","3","68B03","1","","1.0","","1","N","N","","0","","0","0","0","","0","","","2","1","0","0","0","0","0","2","0","2","","","","N","","","","","","","","","",""
"2014015360","1255","1","0","0","0","0","0","0","0","0","7","0","","02","1","2014","4","40.412223","-80.077855","1251","11","0","0","0","0","0","0","0","0","1","0","0","0","","","0","","0","","40 24:44.003","3","0","80 04:40.277","0","0","0","0","2301","0","0","0","N","0","0","0","3","68B03","0","","2.0","","1","N","N","","0","","0","0","0","","0","Y","","1","0","0","0","0","0","0","2","0","1","","","","N","","","","","","","","","",""
"2014016868","2308","1","0","0","0","0","0","0","0","0","7","0","","02","2","2014","2","40.555557","-79.808288","2302","11","0","0","0","0","0","0","0","0","2","0","0","0","","","2","","0","","40 33:20.004","5","0","79 48:29.837","3","0","0","0","2121","0","0","0","N","0","0","0","2","02121","0","","2.0","","9","N","N","","0","","1","0","1","","0","Y","","3","2","1","0","0","1","0","2","1","3","","","","N","","","","","","","","","",""
"2014016723","0250","1","0","0","0","0","0","0","0","0","7","0","","02","2","2014","6","40.436322","-80.01527","0245","11","0","0","0","0","0","0","0","0","2","0","0","0","","","2","","0","","40 26:10.759","7","0","80 00:54.972","3","0","0","0","2301","0","0","0","N","0","0","0","2","02301","1","","2.0","","9","N","N","","0","","1","0","0","","0","Y","","1","2","2","0","0","0","0","2","0","1","","","","N","","","","","","","","","",""
"2014015283","0548","1","0","0","0","0","0","0","0","0","6","0","","02","2","2014","2","40.481896","-79.972863","0548","11","0","0","0","0","0","1","0","0","1","0","0","0","","","0","","0","","40 28:54.825","6","0","79 58:22.306","0","0","0","0","2118","0","0","0","N","0","0","0","2","02445","0","","1.0","","7","N","N","","0","","0","0","1","","0","N","","2","0","0","0","0","0","0","2","0","2","","","","N","","","","","","","","","",""
"2014015361","1224","1","0","0","0","0","0","0","0","0","7","0","","02","1","2014","1","40.548398","-80.085665","1140","11","0","0","0","0","0","0","0","0","","0","0","0","","","0","","0","","40 32:54.232","","0","80 05:08.393","0","0","0","0","2215","0","0","0","N","0","0","0","1","68B03","0","","5.0","","2","N","N","","0","","0","0","0","","0","","","1","0","0","0","0","0","0","2","0","1","","","","N","","","","","","","","","",""
"2014016872","0759","3","0","0","0","0","0","0","0","0","1","0","","02","2","2014","6","40.425518","-79.926629","0751","11","0","0","0","0","0","0","1","0","1","0","0","0","","","1","","2","","40 25:31.864","4","0","79 55:35.865","4","0","0","0","2301","0","0","0","N","0","0","0","3","02301","1","","1.0","","1","N","N","","0","","0","0","0","","0","N","","3","1","0","0","0","0","0","2","0","3","","","","N","","","","","","","","","",""
"2014016724","0059","1","0","0","0","0","0","0","0","0","7","0","","02","2","2014","6","40.478498","-79.967421","0054","11","0","0","0","0","0","0","0","0","1","0","0","0","","","1","","0","","40 28:42.591","1","0","79 58:02.717","4","0","0","0","2445","0","0","0","N","0","0","0","1","02445","1","","3.0","","9","N","N","","0","","0","0","0","","0","Y","","1","1","0","0","0","0","0","2","0","1","","","","N","","","","","","","","","",""
"2014016787","1330","0","0","0","0","0","0","0","0","0","4","0","","02","2","2014","5","40.599546","-79.950429","1323","11","0","0","0","0","0","0","0","0","1","0","0","0","","","0","","2","","40 35:58.365","2","0","79 57:01.544","0","0","0","0","2207","0","0","0","N","0","0","0","2","02207","0","","1.0","","1","N","N","","1","","0","0","0","","3","N","","2","0","0","0","0","0","0","2","1","2","","","","N","","","","","","","","","",""
"2014016064","0819","0","0","0","0","0","0","0","0","0","7","0","","02","2","2014","5","40.617002","-79.945922","0813","11","0","0","0","0","0","0","0","0","2","0","0","0","","","1","","2","","40 37:01.207","1","0","79 56:45.319","8","0","0","0","2217","0","0","0","N","0","0","0","1","02505","0","","5.0","","1","N","N","","0","","0","0","1","","0","N","","1","1","0","0","0","1","0","2","0","1","","","","N","","","","","","","","","",""
"2014015362","1602","0","0","0","0","0","0","0","0","0","1","0","","02","1","2014","2","40.425599","-79.904403","1551","11","0","0","0","0","0","1","0","0","","0","0","0","","","0","","0","","40 25:32.157","","0","79 54:15.852","0","0","0","0","2301","0","0","0","N","0","0","0","3","68B03","0","","1.0","","1","N","N","","1","","0","0","2","","0","","","3","0","0","0","0","0","0","2","0","3","","","","N","","","","","","","","","",""
"2014015299","1616","2","0","0","0","0","0","0","0","0","2","0","","02","2","2014","3","40.48294","-79.809701","1605","11","0","0","0","0","0","0","0","1","","0","0","0","","","1","","0","","40 28:58.583","","7","79 48:34.924","8","0","0","0","2113","0","0","0","N","0","0","0","3","02113","0","","1.0","","1","N","N","","0","","0","0","0","","0","","","2","1","0","0","0","1","0","2","0","2","","","","N","","","","","","","","","",""
"2014015363","0900","0","0","0","0","0","0","0","0","0","4","2","","02","1","2014","4","40.425421","-79.908598","0852","11","0","0","0","0","0","1","0","0","1","0","2","0","","","0","","0","","40 25:31.516","3","0","79 54:30.952","0","0","0","0","2301","0","0","0","Y","0","0","0","2","68B03","0","","2.0","","1","N","N","","0","","0","0","0","","0","N","","2","0","0","0","0","0","0","2","0","2","","","","N","","","","","","","","","",""
"2014016789","0720","1","0","0","0","0","0","0","0","0","7","0","","02","2","2014","3","40.381196","-80.173983","0715","11","1","0","0","0","0","0","0","0","","0","0","0","","","0","","0","","40 22:52.306","","0","80 10:26.337","0","0","0","0","2119","0","0","0","Y","0","0","0","2","02119","0","","5.0","","2","N","N","","0","","0","0","0","","0","","","1","0","0","0","0","0","0","2","0","1","","","","N","","","","","","","","","",""
"2014015364","0925","1","0","0","0","0","0","0","0","0","1","0","","02","1","2014","4","40.425642","-79.91083","0925","11","0","0","0","0","0","0","0","0","2","0","0","0","","","2","","0","","40 25:32.311","3","4","79 54:38.989","4","0","0","0","2301","0","0","0","N","0","0","0","2","68B03","2","","1.0","","1","N","N","","0","","0","0","0","","0","N","","2","2","0","0","0","0","0","2","1","2","","","","N","","","","","","","","","",""
"2014016875","1742","1","0","0","0","0","0","0","0","0","7","0","","02","1","2014","7","40.521631","-80.033943","1738","11","0","0","0","0","0","1","0","0","","0","0","0","","","0","","1","","40 31:17.870","","0","80 02:02.195","0","0","0","0","2474","0","0","0","N","0","0","0","1","02474","0","","2.0","","7","N","N","","0","","0","0","0","","2","","","1","0","0","0","0","0","0","2","0","1","","","","N","","","","","","","","","",""
"2014017540","0255","0","0","0","0","0","0","0","0","0","8","0","","02","2","2014","1","40.399608","-80.0207","0215","11","0","0","0","0","0","0","0","0","3","1","0","0","","","0","","0","","40 23:58.587","5","0","80 01:14.520","1","0","0","0","2301","1","1","0","N","1","1","0","5","02301","0","2","1.0","","1","N","N","","0","0","0","0","1","","0","Y","","2","0","1","0","0","0","0","2","0","1","","","","N","","","","","","","","","",""
"2014016790","0750","0","0","0","0","0","0","0","0","0","4","0","","02","2","2014","3","40.631221","-79.881119","0746","11","0","0","0","0","0","0","0","0","2","0","0","0","","","1","","0","","40 37:52.395","5","0","79 52:52.028","8","0","0","0","2220","0","0","0","N","0","0","0","3","02220","0","","1.0","","1","N","N","","1","","0","0","1","","0","Y","","2","1","1","0","0","1","0","2","0","2","","","","N","","","","","","","","","",""
"2014017621","1530","1","0","0","0","0","0","0","0","0","7","0","","02","2","2014","1","40.436634","-79.997207","1524","11","0","0","0","0","0","0","0","1","2","0","0","0","","","0","","1","","40 26:11.884","5","0","79 59:49.946","0","0","0","0","2301","0","0","0","N","0","0","0","2","02301","0","","4.0","","7","N","N","","0","","0","0","0","","0","Y","","1","0","0","0","0","0","0","2","0","1","","","","N","","","","","","","","","",""
"2014015365","1045","0","0","0","0","0","0","0","0","0","1","0","","02","1","2014","4","40.425642","-79.91083","1045","11","0","0","0","0","0","1","0","0","","0","0","0","","","1","","0","","40 25:32.311","","4","79 54:38.989","8","0","0","0","2301","0","0","0","N","0","0","0","3","68B03","0","","1.0","","1","N","N","","0","","0","0","1","","0","","","3","1","0","0","0","1","0","2","2","3","","","","N","","","","","","","","","",""
"2014016194","1007","1","0","0","0","0","0","0","0","0","7","0","","02","2","2014","3","40.566151","-80.054176","1003","11","0","0","0","0","0","0","0","0","1","0","0","0","","","1","","0","","40 33:58.143","3","0","80 03:15.032","8","0","0","0","2108","0","0","0","N","0","0","0","1","02108","0","","4.0","","1","N","N","","0","","0","0","0","","0","N","","1","1","0","0","0","1","0","2","0","1","","","","N","","","","","","","","","",""
"2014015442","0715","0","0","0","0","0","0","0","0","0","7","0","","02","2","2014","4","40.517451","-79.852676","0706","11","0","0","0","0","0","1","0","0","2","0","0","0","","","1","","0","","40 31:02.824","1","0","79 51:09.632","8","0","0","0","2112","0","0","0","Y","0","0","0","2","02112","0","","2.0","","2","N","N","","1","","0","0","1","","0","Y","","2","1","0","0","0","1","0","2","0","2","","","","N","","","","","","","","","",""
"2014019304","0743","2","0","0","0","0","0","0","0","0","1","0","","02","1","2014","4","40.463145","-79.999861","0708","11","0","0","0","0","0","1","0","0","2","0","0","0","","","0","","0","","40 27:47.322","2","0","79 59:59.500","0","0","0","0","2301","0","0","0","N","0","0","0","3","68B03","0","","1.0","","1","N","N","","1","","0","0","0","","0","N","","3","0","0","0","0","0","0","2","0","3","","","","N","","","","","","","","","",""
"2014020412","1650","1","0","0","0","0","0","1","0","0","5","1","","02","2","2014","7","40.367767","-80.104087","1630","11","0","0","0","0","0","0","1","0","1","0","0","0","","","0","","0","","40 22:03.962","4","0","80 06:14.712","0","0","0","0","2102","0","0","0","N","0","0","0","2","02503","0","","1.0","","6","N","N","","0","","0","0","0","","0","Y","","2","0","0","0","0","0","0","2","0","2","","","","N","","","","","","","","","",""
"2014019305","1107","2","0","0","0","0","0","0","0","0","1","0","","02","1","2014","7","40.472247","-80.218543","1040","11","0","0","0","0","1","0","0","0","","0","0","0","","","2","","0","","40 28:20.089","","0","80 13:06.754","4","0","0","0","2203","0","0","0","N","0","0","0","2","68B03","1","","1.0","","6","N","N","","0","","0","0","0","","0","","","2","2","0","0","0","1","0","2","0","2","","","","N","","","","","","","","","",""
"2014020887","1245","1","0","0","0","0","0","0","0","0","7","0","","02","2","2014","5","40.439475","-80.192058","1243","11","0","0","0","0","1","0","0","0","","0","0","0","","","0","","2","","40 26:22.109","","0","80 11:31.407","0","0","0","0","2214","0","0","0","N","0","0","0","1","02214","0","","5.0","","7","N","N","","0","","0","0","0","","2","","","1","0","0","0","0","0","0","2","0","1","","","","N","","","","","","","","","",""
"2014019509","1137","1","0","0","0","0","0","0","0","0","7","0","","02","2","2014","5","40.448591","-80.014471","1129","11","0","0","0","0","0","0","0","0","","0","0","0","","","1","","0","","40 26:54.927","","0","80 00:52.096","8","0","0","0","2301","0","0","0","N","0","0","0","1","02301","0","","2.0","","7","N","N","","0","","0","0","0","","0","","","1","1","0","0","0","1","0","2","0","1","","","","N","","","","","","","","","",""