"CRN","ARRIVAL_TM","AUTOMOBILE_COUNT","BELTED_DEATH_COUNT","BELTED_SUSP_SERIOUS_INJ_COUNT","BICYCLE_COUNT","BICYCLE_DEATH_COUNT","BICYCLE_SUSP_SERIOUS_INJ_COUNT","BUS_COUNT","CHLDPAS_DEATH_COUNT","CHLDPAS_SUSP_SERIOUS_INJ_COUNT","COLLISION_TYPE","COMM_VEH_COUNT","CONS_ZONE_SPD_LIM","COUNTY","CRASH_MONTH","CRASH_YEAR","DAY_OF_WEEK","DEC_LATITUDE","DEC_LONGITUDE","DISPATCH_TM","DISTRICT","DRIVER_COUNT_16YR","DRIVER_COUNT_17YR","DRIVER_COUNT_18YR","DRIVER_COUNT_19YR","DRIVER_COUNT_20YR","DRIVER_COUNT_50_64YR","DRIVER_COUNT_65_74YR","DRIVER_COUNT_75PLUS","EST_HRS_CLOSED","FATAL_COUNT","HEAVY_TRUCK_COUNT","HORSE_BUGGY_COUNT","HOUR_OF_DAY","ILLUMINATION","INJURY_COUNT","INTERSECTION_RELATED","INTERSECT_TYPE","LANE_CLOSED","LATITUDE","LN_CLOSE_DIR","LOCATION_TYPE","LONGITUDE","MAX_SEVERITY_LEVEL","MCYCLE_DEATH_COUNT","MCYCLE_SUSP_SERIOUS_INJ_COUNT","MOTORCYCLE_COUNT","MUNICIPALITY","NONMOTR_COUNT","NONMOTR_DEATH_COUNT","NONMOTR_SUSP_SERIOUS_INJ_COUNT","NTFY_HIWY_MAINT","PED_COUNT","PED_DEATH_COUNT","PED_SUSP_SERIOUS_INJ_COUNT","PERSON_COUNT","POLICE_AGCY","POSSIBLE_INJ_COUNT","RDWY_SURF_TYPE_CD","RELATION_TO_ROAD","ROADWAY_CLEARED","ROAD_CONDITION","SCH_BUS_IND","SCH_ZONE_IND","SECONDARY_CRASH","SMALL_TRUCK_COUNT","SPEC_JURIS_CD","SUSP_MINOR_INJ_COUNT","SUSP_SERIOUS_INJ_COUNT","SUV_COUNT","TCD_FUNC_CD","TCD_TYPE","TFC_DETOUR_IND","TIME_OF_DAY","TOTAL_UNITS","TOT_INJ_COUNT","UNBELTED_OCC_COUNT","UNB_DEATH_COUNT","UNB_SUSP_SERIOUS_INJ_COUNT","UNK_INJ_DEG_COUNT","UNK_INJ_PER_COUNT","URBAN_RURAL","VAN_COUNT","VEHICLE_COUNT","WEATHER1","WEATHER2","WORKERS_PRES","WORK_ZONE_IND","WORK_ZONE_LOC","WORK_ZONE_TYPE","WZ_CLOSE_DETOUR","WZ_FLAGGER","WZ_LAW_OFFCR_IND","WZ_LN_CLOSURE","WZ_MOVING","WZ_OTHER","WZ_SHLDER_MDN","WZ_WORKERS_INJ_KILLED"
"2014020987","1240","1","0","0","0","0","0","1","0","0","4","1","","02","2","2014","2","40.448039","-80.017839","1238","11","0","0","0","0","0","2","0","0","","0","0","0","","","1","","1","","40 26:52.940","","0","80 01:04.220","8","0","0","0","2301","0","0","0","N","0","0","0","12","02301","0","","1.0","","1","N","N","","0","","0","0","0","","2","","","2","1","0","0","0","1","0","2","0","2","","","","N","","","","","","","","","",""
"2014020303","1830","2","0","0","0","0","0","0","0","0","4","0","","02","2","2014","6","40.383138","-79.827649","1826","11","0","0","0","0","0","2","0","0","2","0","0","0","","","1","","1","","40 22:59.298","6","0","79 49:39.538","8","0","0","0","2111","0","0","0","N","0","0","0","2","02111","0","","1.0","","9","N","N","","0","","0","0","0","","2","N","","2","1","0","0","0","1","0","2","0","2","","","","N","","","","","","","","","",""
"2014019547","2152","1","0","0","0","0","0","0","0","0","7","0","","02","1","2014","3","40.559638","-79.977316","2150","11","0","0","0","0","0","0","0","0","3","0","0","0","","","1","","0","","40 33:34.696","6","0","79 58:38.337","2","0","0","0","2108","0","0","0","N","0","0","0","1","02108","0","","4.0","","2","N","N","","0","","0","1","0","","0","Y","","1","1","0","0","0","0","0","2","0","1","","","","N","","","","","","","","","",""
"2014020368","1535","1","0","0","0","0","0","0","0","0","7","0","","02","2","2014","7","40.478838","-79.957436","1515","11","0","0","0","0","0","0","0","0","","0","0","0","","","1","","2","","40 28:43.816","","0","79 57:26.769","4","0","0","0","2301","0","0","0","N","0","0","0","1","02301","1","","4.0","","7","N","N","","0","","0","0","0","","3","","","1","1","1","0","0","0","0","2","0","1","","","","N","","","","","","","","","",""
"2014018847","0721","0","0","0","0","0","0","0","0","0","1","0","","02","1","2014","5","40.505687","-79.946337","0719","11","0","0","0","0","0","1","0","0","","0","0","0","","","0","","0","","40 30:20.472","","0","79 56:46.814","0","0","0","0","2430","0","0","0","N","0","0","0","2","02430","0","","1.0","","1","N","N","","0","","0","0","2","","0","","","2","0","0","0","0","0","0","2","0","2","","","","N","","","","","","","","","",""
"2014018859","1324","1","0","0","0","0","0","0","0","0","2","0","","02","2","2014","1","40.498741","-79.712163","1319","11","0","0","0","1","0","0","0","0","1","0","0","0","","","0","","0","","40 29:55.467","5","0","79 42:43.786","0","0","0","0","2466","0","0","0","N","0","0","0","4","02466","0","","1.0","","7","N","N","","0","","0","0","1","","0","N","","2","0","0","0","0","0","0","1","0","2","","","","N","","","","","","","","","",""
"2014020988","0906","2","0","0","0","0","0","0","0","0","1","0","","02","2","2014","2","40.596682","-80.077902","0902","11","0","0","0","0","1","1","0","0","1","0","0","0","","","0","","0","","40 35:48.055","1","7","80 04:40.448","0","0","0","0","2481","0","0","0","N","0","0","0","2","02481","0","","1.0","","9","N","N","","0","","0","0","0","","0","N","","2","0","0","0","0","0","0","2","0","2","","","","N","","","","","","","","","",""
"2014019548","1559","2","0","0","0","0","0","0","0","0","4","0","","02","2","2014","2","40.609991","-80.053301","1553","11","0","0","0","0","0","0","0","0","1","0","0","0","","","0","","1","","40 36:35.967","5","0","80 03:11.883","0","0","0","0","2108","0","0","0","N","0","0","0","2","02108","0","","1.0","","1","N","N","","0","","0","0","0","","2","N","","2","0","0","0","0","0","0","2","0","2","","","","N","","","","","","","","","",""
"2014020923","0830","0","0","0","0","0","0","0","0","0","7","0","","02","2","2014","2","40.487902","-79.920338","0813","11","0","0","0","0","0","1","0","0","","0","0","0","","","0","","3","","40 29:16.447","","0","79 55:13.218","0","0","0","0","2301","0","0","0","N","0","0","0","1","02301","0","","5.0","","2","N","N","","0","","0","0","1","","0","","","1","0","0","0","0","0","0","2","0","1","","","","N","","","","","","","","","",""
"2014020233","1003","1","0","0","0","0","0","0","0","0","7","0","","02","2","2014","2","40.48681","-79.834063","1000","11","0","0","1","0","0","0","0","0","","0","0","0","","","0","","0","","40 29:12.516","","0","79 50:02.628","0","0","0","0","2113","0","0","0","N","0","0","0","3","02113","0","","5.0","","7","N","N","","0","","0","0","0","","0","","","1","0","0","0","0","0","0","2","0","1","","","","N","","","","","","","","","",""
"2014019549","1833","2","0","0","0","0","0","0","0","0","4","0","","02","2","2014","3","40.452722","-80.17025","1830","11","0","0","0","0","0","1","0","0","","0","0","0","","","0","","0","","40 27:09.800","","7","80 10:12.900","0","0","0","0","2115","0","0","0","N","0","0","0","2","02115","0","","1.0","","1","N","N","","0","","0","0","0","","3","","","2","0","0","0","0","0","0","2","0","2","","","","N","","","","","","","","","",""
"2014018584","1508","1","0","0","0","0","0","0","0","0","4","0","","02","2","2014","3","40.34505","-80.082181","1506","11","0","0","0","0","0","0","1","0","","0","0","0","","","1","","1","","40 20:42.181","","0","80 04:55.851","8","0","0","0","2123","0","0","0","N","0","0","0","4","02123","0","","1.0","","1","N","N","","0","","0","0","1","","2","","","2","1","1","0","0","1","0","2","0","2","","","","N","","","","","","","","","",""
"2014020222","2108","2","0","0","0","0","0","0","0","0","4","0","","02","2","2014","6","40.430529","-79.79243","2108","11","0","0","0","0","0","0","1","0","1","0","0","0","","","2","","2","","40 25:49.904","3","0","79 47:32.748","4","0","0","0","2446","0","0","0","N","0","0","0","5","02446","2","","1.0","","1","N","N","","0","","0","0","0","","2","N","","2","2","0","0","0","0","0","2","0","2","","","","N","","","","","","","","","",""
"2014019550","0725","0","0","0","0","0","0","0","0","0","4","0","","02","2","2014","4","40.340972","-80.005083","0716","11","0","1","0","0","0","0","1","0","2","0","0","0","","","0","","0","","40 20:27.500","2","0","80 00:18.300","0","0","0","0","2407","0","0","0","N","0","0","0","2","02407","0","","1.0","","1","N","N","","0","","0","0","2","","0","N","","2","0","0","0","0","0","0","2","0","2","","","","N","","","","","","","","","",""
"2014021004","1948","1","0","0","0","0","0","0","0","0","2","0","","02","2","2014","1","40.352623","-79.842696","1948","11","0","0","0","0","1","0","0","0","1","0","0","0","","","1","","0","","40 21:09.442","3","0","79 50:33.707","8","0","0","0","2304","0","0","0","N","0","0","0","2","02304","0","","1.0","","2","N","N","","1","","0","0","0","","0","Y","","2","1","0","0","0","1","0","2","0","2","","","","N","","","","","","","","","",""
"2014020308","1217","2","0","0","0","0","0","0","0","0","6","0","","02","2","2014","7","40.519797","-80.002956","1212","11","0","0","0","0","0","0","0","0","2","0","0","0","","","1","","0","","40 31:11.270","6","0","80 00:10.640","8","0","0","0","2116","0","0","0","N","0","0","0","3","02116","0","","1.0","","9","N","N","","0","","0","0","0","","0","Y","","2","1","0","0","0","1","0","2","0","2","","","","N","","","","","","","","","",""
"2014020926","0915","1","0","0","0","0","0","0","0","0","2","0","","02","2","2014","2","40.458779","-80.023438","0912","11","0","0","0","0","0","1","0","1","","0","0","0","","","0","","2","","40 27:31.604","","3","80 01:24.376","0","0","0","0","2301","0","0","0","N","0","0","0","3","02301","0","","1.0","","2","N","N","","1","","0","0","0","","3","","","2","0","0","0","0","0","0","2","0","2","","","","N","","","","","","","","","",""
"2014021005","0003","1","0","0","0","0","0","1","0","0","2","1","","02","2","2014","7","40.551699","-80.094282","0003","11","0","1","0","0","0","1","0","0","2","0","0","0","","","2","","2","","40 33:06.118","6","0","80 05:39.416","8","0","0","0","2215","0","0","0","N","0","0","0","3","02215","0","","1.0","","7","N","N","","0","","0","0","0","","0","Y","","2","2","0","0","0","2","0","2","0","2","","","","N","","","","","","","","","",""
"2014019482","0735","1","0","0","0","0","0","0","0","0","7","0","","02","2","2014","5","40.262198","-79.828953","0735","11","0","0","0","0","0","0","0","0","2","0","0","0","","","0","","0","","40 15:43.912","5","0","79 49:44.230","0","0","0","0","2105","0","0","0","N","0","0","0","1","02105","0","","5.0","","2","N","N","","0","","0","0","0","","0","N","","1","0","0","0","0","0","0","1","0","1","","","","N","","","","","","","","","",""
"2014020309","2308","0","0","0","0","0","0","0","0","0","7","0","","02","2","2014","6","40.424909","-79.952181","2300","11","0","0","0","0","0","0","0","0","","0","0","0","","","0","","1","","40 25:29.672","","0","79 57:07.850","0","0","0","0","2301","0","0","0","N","0","0","0","1","02301","0","","4.0","","7","N","N","","0","","0","0","1","","2","","","2","0","0","0","0","0","0","2","0","1","","","","N","","","","","","","","","",""
"2014019552","1340","1","0","0","0","0","0","0","0","0","7","0","","02","2","2014","5","40.577995","-80.120559","1335","11","0","0","0","0","0","0","0","0","1","0","0","0","","","1","","0","","40 34:40.781","1","0","80 07:14.012","8","0","0","0","2481","0","0","0","N","0","0","0","1","02481","0","","4.0","","6","N","N","","0","","0","0","0","","0","N","","1","1","0","0","0","1","0","1","0","1","","","","N","","","","","","","","","",""
"2014020374","1748","2","0","0","0","0","0","0","0","0","1","0","","02","2","2014","6","40.425613","-79.910631","1735","11","0","0","0","0","0","0","0","0","","0","0","0","","","0","","0","","40 25:32.207","","4","79 54:38.271","0","0","0","0","2301","0","0","0","N","0","0","0","2","68B03","0","","1.0","","1","N","N","","0","","0","0","0","","0","","","2","0","0","0","0","0","0","2","0","2","","","","N","","","","","","","","","",""
"2014019283","0956","1","0","0","0","0","0","1","0","0","1","2","","02","2","2014","4","40.436634","-79.997207","0952","11","0","0","0","0","0","1","0","0","4","0","1","0","","","11","","1","","40 26:11.884","7","1","79 59:49.946","8","0","0","0","2301","0","0","0","N","0","0","0","13","02503","0","","1.0","","1","N","N","","0","","0","0","0","","0","Y","","3","11","1","0","0","11","0","2","0","3","","","","N","","","","","","","","","",""
"2014020095","2359","0","0","0","0","0","0","0","0","0","7","0","","02","2","2014","6","40.416519","-79.995648","2355","11","0","0","0","0","0","0","0","0","","0","0","0","","","0","","0","","40 24:59.468","","0","79 59:44.332","0","0","0","0","2301","0","0","0","N","0","0","0","1","02301","0","","5.0","","1","N","N","","0","","0","0","0","","0","","","1","0","0","0","0","0","0","2","1","1","","","","N","","","","","","","","","",""
"2014020928","0828","4","0","0","0","0","0","0","0","0","1","0","","02","2","2014","2","40.427254","-79.724655","0821","11","0","0","0","0","0","0","0","0","2","0","0","0","","","0","","0","","40 25:38.114","6","1","79 43:28.757","0","0","0","0","2446","0","0","0","N","0","0","0","5","02446","0","","1.0","","1","N","N","","0","","0","0","1","","0","N","","5","0","1","0","0","0","0","2","0","5","","","","N","","","","","","","","","",""
"2014020238","0757","0","0","0","0","0","0","0","0","0","4","0","","02","2","2014","6","40.350273","-79.926997","0755","11","0","0","0","2","0","0","0","0","","0","0","0","","","0","","1","","40 21:00.984","","0","79 55:37.188","0","0","0","0","2473","0","0","0","N","0","0","0","2","02473","0","","1.0","","9","N","N","","1","","0","0","1","","2","","","2","0","0","0","0","0","0","2","0","2","","","","N","","","","","","","","","",""
"2014018788","1840","1","0","0","0","0","0","0","0","0","8","0","","02","2","2014","3","40.47152","-79.926282","1835","11","0","0","0","0","0","0","0","1","","0","0","0","","","1","","1","","40 28:17.472","","0","79 55:34.615","4","0","0","0","2301","1","0","0","N","1","0","0","2","02301","1","","1.0","","9","N","N","","0","","0","0","0","","2","","","2","1","0","0","0","0","0","2","0","1","","","","N","","","","","","","","","",""
"2014019555","1615","0","0","0","0","0","0","0","0","0","7","0","","02","2","2014","4","40.541353","-80.079392","1607","11","0","0","0","0","0","1","0","0","","0","0","0","","","0","","0","","40 32:28.870","","0","80 04:45.811","0","0","0","0","2215","0","0","0","N","0","0","0","1","02215","0","","5.0","","9","N","N","","0","","0","0","1","","0","","","1","0","0","0","0","0","0","2","0","1","","","","N","","","","","","","","","",""
"2014020930","0855","2","0","0","0","0","0","0","0","0","4","0","","02","2","2014","2","40.435037","-79.733787","0843","11","0","0","0","0","1","0","0","0","","0","0","0","","","1","","0","","40 26:06.132","","0","79 44:01.633","4","0","0","0","2446","0","0","0","N","0","0","0","3","02446","1","","1.0","","1","N","N","","0","","0","0","0","","0","","","2","1","0","0","0","0","0","2","0","2","","","","N","","","","","","","","","",""
"2014021008","1407","0","0","0","0","0","0","0","0","0","1","0","","02","2","2014","2","40.393741","-80.019862","1403","11","0","0","0","0","0","0","0","0","","0","0","0","","","0","","0","","40 23:37.467","","0","80 01:11.503","0","0","0","0","2301","0","0","0","N","0","0","0","2","02301","0","","1.0","","1","N","N","","2","","0","0","0","","2","","","2","0","0","0","0","0","0","2","0","2","","","","N","","","","","","","","","",""
"2014019486","1413","1","0","0","0","0","0","1","0","0","4","1","","02","2","2014","4","40.639716","-79.953888","1413","11","0","0","0","0","0","1","1","0","1","0","0","0","","","1","","1","","40 38:22.977","7","0","79 57:13.996","8","0","0","0","2217","0","0","0","N","0","0","0","2","02505","0","","1.0","","1","Y","N","","0","","0","0","0","","3","Y","","2","1","0","0","0","1","0","2","0","2","","","","N","","","","","","","","","",""
"2014020946","0958","3","0","0","0","0","0","0","0","0","1","0","","02","2","2014","2","40.475809","-79.924382","0950","11","0","0","0","0","0","3","1","0","2","0","0","0","","","2","","0","","40 28:32.911","5","0","79 55:27.775","3","0","0","0","2301","0","0","0","N","0","0","0","8","02301","0","","1.0","","2","N","N","","0","","2","0","3","","0","Y","","6","2","1","0","0","0","0","2","0","6","","","","N","","","","","","","","","",""
"2014019487","0906","1","0","0","0","0","0","0","0","0","7","0","","02","2","2014","5","40.266885","-79.882037","0856","11","0","0","0","0","0","0","0","0","3","0","0","0","","","0","","0","","40 16:00.785","2","0","79 52:55.333","0","0","0","0","2105","0","0","0","N","0","0","0","1","02105","0","","5.0","","2","N","N","","0","","0","0","0","","0","N","","1","0","0","0","0","0","0","1","0","1","","","","N","","","","","","","","","",""
"2014018790","0139","1","0","0","0","0","0","0","0","0","1","0","","02","2","2014","7","40.306933","-79.886373","0138","11","0","0","0","0","0","0","0","0","2","0","0","0","","","0","","2","","40 18:24.959","1","0","79 53:10.942","0","0","0","0","2302","0","0","0","N","0","0","0","1","02302","0","","4.0","","1","N","N","","1","","0","0","0","","0","Y","","2","0","1","0","0","0","0","2","0","2","","","","N","","","","","","","","","",""
"2014019559","1358","0","0","0","0","0","0","0","0","0","7","0","","02","2","2014","5","40.366242","-79.890851","1358","11","0","0","0","0","1","0","0","0","1","0","0","0","","","0","","0","","40 21:58.471","3","0","79 53:27.063","0","0","0","0","2473","0","0","0","N","0","0","0","1","02473","0","","5.0","","7","N","N","","0","","0","0","1","","0","N","","1","0","0","0","0","0","0","2","0","1","","","","N","","","","","","","","","",""
"2014020947","0912","1","0","0","0","0","0","0","0","0","7","0","","02","2","2014","2","40.32273","-79.887845","0910","11","0","0","0","0","0","1","0","0","1","0","0","0","","","0","","1","","40 19:21.828","1","0","79 53:16.242","0","0","0","0","2433","0","0","0","N","0","0","0","1","02433","0","","4.0","","2","N","N","","0","","0","0","0","","0","N","","1","0","0","0","0","0","0","2","0","1","","","","N","","","","","","","","","",""
"2014020948","1004","1","0","0","0","0","0","0","0","0","7","0","","02","2","2014","2","40.352594","-79.834023","1000","11","0","0","0","0","0","0","0","0","1","0","0","0","","","0","","0","","40 21:09.338","1","0","79 50:02.482","0","0","0","0","2304","0","0","0","N","0","0","0","2","02304","0","","4.0","","7","N","N","","0","","0","0","0","","0","N","","1","0","0","0","0","0","0","2","0","1","","","","N","","","","","","","","","",""
"2014020315","1610","0","0","0","0","0","0","0","0","0","1","0","","02","2","2014","3","40.503349","-80.025268","1603","11","0","0","0","0","0","0","1","0","","0","0","0","","","2","","0","","40 30:12.058","","0","80 01:30.965","8","0","0","0","2116","0","0","0","N","0","0","0","2","02116","0","","1.0","","1","N","N","","0","","0","0","2","","0","","","2","2","0","0","0","2","0","2","0","2","","","","N","","","","","","","","","",""
"2014020394","1642","0","0","0","0","0","0","0","0","0","7","0","","02","2","2014","7","40.571882","-80.07968","1633","11","0","0","0","1","0","0","0","0","1","0","0","0","","","0","","0","","40 34:18.775","6","0","80 04:46.848","0","0","0","0","2481","0","0","0","N","0","0","0","2","02481","0","","5.0","","1","N","N","","0","","0","0","1","","0","N","","2","0","0","0","0","0","0","2","0","1","","","","N","","","","","","","","","",""
"2014020103","0120","0","0","0","0","0","0","0","0","0","7","0","","02","2","2014","7","40.471081","-79.877132","0116","11","0","0","0","0","0","0","0","0","","0","0","0","","","0","","0","","40 28:15.891","","0","79 52:37.675","0","0","0","0","2113","0","0","0","N","0","0","0","1","02113","0","","5.0","","7","N","N","","0","","0","0","1","","0","","","1","0","0","0","0","0","0","2","0","1","","","","N","","","","","","","","","",""
"2014018812","2058","2","0","0","0","0","0","0","0","0","4","0","","02","2","2014","3","40.423046","-79.927582","2056","11","0","0","0","0","0","0","0","0","","0","0","0","","","1","","1","","40 25:22.965","","0","79 55:39.295","8","0","0","0","2301","0","0","0","N","0","0","0","2","02301","0","","1.0","","1","N","N","","0","","0","0","0","","0","","","2","1","0","0","0","1","1","2","0","2","","","","N","","","","","","","","","",""
"2014020104","0055","2","0","0","0","0","0","0","0","0","2","0","","02","2","2014","7","40.402222","-79.804659","0046","11","0","0","0","1","1","0","0","0","2","0","0","0","","","1","","2","","40 24:07.999","2","0","79 48:16.772","4","0","0","0","2446","0","0","0","N","0","0","0","4","02446","1","","1.0","","7","N","N","","0","","0","0","0","","0","N","","2","1","0","0","0","0","0","2","0","2","","","","N","","","","","","","","","",""
"2014020167","0421","1","0","0","0","0","0","0","0","0","7","0","","02","2","2014","7","40.464777","-79.852923","0405","11","0","0","0","0","0","1","0","0","","0","0","0","","","0","","0","","40 27:53.198","","0","79 51:10.522","0","0","0","0","2113","0","0","0","N","0","0","0","1","02113","0","","4.0","","7","N","N","","0","","0","0","0","","0","","","1","0","0","0","0","0","0","2","0","1","","","","N","","","","","","","","","",""
"2014020871","1145","0","0","0","0","0","0","1","0","0","7","1","","02","2","2014","6","40.439328","-79.994472","1135","11","0","0","0","0","0","0","0","0","2","0","0","0","","","0","","0","","40 26:21.580","5","0","79 59:40.100","0","0","0","0","2301","0","0","0","N","0","0","0","1","02503","0","","5.0","","9","N","N","","0","","0","0","0","","0","Y","","1","0","0","0","0","0","0","2","0","1","","","","N","","","","","","","","","",""
"2014020939","0801","0","0","0","0","0","0","0","0","0","7","0","","02","2","2014","2","40.434514","-79.986826","0748","11","0","0","0","0","0","0","0","0","3","0","0","0","","","0","","0","","40 26:04.250","3","0","79 59:12.573","0","0","0","0","2301","0","0","0","N","0","0","0","1","02301","0","","4.0","","7","N","N","","0","","0","0","1","","0","N","","1","0","0","0","0","0","0","2","0","1","","","","N","","","","","","","","","",""
"2014019495","1046","2","0","0","0","0","0","0","0","0","1","0","","02","2","2014","5","40.563798","-80.208653","1043","11","0","0","0","0","0","1","0","1","1","0","0","0","","","0","","2","","40 33:49.672","2","0","80 12:31.151","0","0","0","0","2441","0","0","0","N","0","0","0","5","02441","0","","1.0","","9","N","N","","1","","0","0","0","","0","N","","3","0","0","0","0","0","0","2","0","3","","","","N","","","","","","","","","",""
"2014020811","0310","0","0","0","0","0","0","0","0","0","7","0","","02","2","2014","6","40.591484","-79.772926","0238","11","0","0","0","0","0","0","0","0","2","0","0","0","","","0","","0","","40 35:29.342","1","0","79 46:22.534","0","0","0","0","2104","0","0","0","Y","0","0","0","1","68D02","0","","2.0","","2","N","N","","0","","0","0","1","","0","N","","1","0","0","0","0","0","0","2","0","1","","","","N","","","","","","","","","",""
"2014019496","1030","2","0","0","0","0","0","0","0","0","1","0","","02","2","2014","5","40.449154","-80.005193","1023","11","0","0","0","0","0","2","0","0","","0","0","0","","","0","","7","","40 26:56.955","","2","80 00:18.693","0","0","0","0","2301","0","0","0","N","0","0","0","5","02301","0","","1.0","","7","N","N","","0","","0","0","0","","0","","","2","0","1","0","0","0","0","2","0","2","","","","N","","","","","","","","","",""
"2014020954","1235","2","0","0","0","0","0","0","0","0","4","0","","02","2","2014","6","40.386291","-80.084112","1233","11","0","0","0","0","0","1","0","1","1","0","0","0","","","0","","1","","40 23:10.646","3","0","80 05:02.804","0","0","0","0","2117","0","0","0","N","0","0","0","3","02117","0","","1.0","","2","N","N","","0","","0","0","0","","2","N","","2","0","0","0","0","0","0","2","0","2","","","","N","","","","","","","","","",""
"2014018816","2254","0","0","0","0","0","0","0","0","0","99","0","","02","2","2014","3","40.456265","-79.814911","2245","11","0","0","0","0","0","0","0","0","","0","0","0","","","0","","0","","40 27:22.553","","0","79 48:53.680","0","0","0","0","2113","0","0","0","N","0","0","0","1","02113","0","","1.0","","1","N","N","","0","","0","0","1","","0","","","1","0","0","0","0","0","0","2","0","1","","","","N","","","","","","","","","",""
"2014019579","1430","1","0","0","0","0","0","0","0","0","4","0","","02","2","2014","5","40.399353","-79.877836","1420","11","0","0","0","0","0","0","0","0","2","0","0","0","","","1","","0","","40 23:57.669","1","0","79 52:40.209","4","0","0","0","2473","0","0","0","N","0","0","0","4","02473","1","","1.0","","7","N","N","","1","","0","0","0","","0","N","","2","1","0","0","0","0","0","2","0","2","","","","N","","","","","","","","","",""
"2014020400","1857","3","0","0","0","0","0","0","0","0","1","0","","02","2","2014","7","40.523765","-80.071929","1850","11","0","0","1","0","0","0","0","0","1","0","0","0","","","1","","1","","40 31:25.554","4","0","80 04:18.945","4","0","0","0","2215","0","0","0","N","0","0","0","3","02215","1","","1.0","","1","N","N","","0","","0","0","0","","2","Y","","3","1","0","0","0","0","0","2","0","3","","","","N","","","","","","","","","",""
"2014019498","1048","1","0","0","0","0","0","0","0","0","6","0","","02","2","2014","5","40.439499","-79.900539","1034","11","0","0","0","0","0","1","0","0","2","0","0","0","","","0","","0","","40 26:22.198","6","0","79 54:01.940","0","0","0","0","2301","0","0","0","N","0","0","0","2","02301","0","","1.0","","7","N","N","","1","","0","0","0","","0","N","","2","0","0","0","0","0","0","2","0","2","","","","N","","","","","","","","","",""
"2014019511","1109","2","0","0","0","0","0","0","0","0","4","0","","02","2","2014","5","40.449819","-79.929656","1106","11","0","0","0","0","0","0","1","0","3","0","0","0","","","1","","1","","40 26:59.348","5","0","79 55:46.761","8","0","0","0","2301","0","0","0","N","0","0","0","3","02301","0","","1.0","","7","N","N","","0","","0","0","0","","2","N","","2","1","0","0","0","1","0","2","0","2","","","","N","","","","","","","","","",""
"2014018817","1327","1","0","0","0","0","0","0","0","0","7","0","","02","2","2014","4","40.670753","-80.069716","1320","11","0","0","0","0","0","1","0","0","","0","0","0","","","0","","0","","40 40:14.711","","0","80 04:10.978","0","0","0","0","2216","0","0","0","N","0","0","0","1","02505","0","","2.0","","7","N","N","","0","","0","0","0","","0","","","1","0","0","0","0","0","0","2","0","1","","","","N","","","","","","","","","",""
"2014020814","1316","1","0","0","0","0","0","0","0","0","7","0","","02","2","2014","1","40.549752","-79.819706","1316","11","0","0","0","0","0","0","0","0","","0","0","0","","","2","","0","","40 32:59.108","","0","79 49:10.940","4","0","0","0","2208","0","0","0","N","0","0","0","2","68D02","2","","5.0","","7","N","N","","0","","0","0","0","","0","","","1","2","0","0","0","0","0","2","0","1","","","","N","","","","","","","","","",""
"2014019512","1140","1","0","0","0","0","0","0","0","0","7","0","","02","2","2014","5","40.426386","-80.062313","1125","11","0","0","0","0","0","0","0","0","1","0","0","0","","","0","","0","","40 25:34.988","2","0","80 03:44.326","0","0","0","0","2435","0","0","0","N","0","0","0","1","02301","0","","4.0","","2","N","N","","0","","0","0","0","","0","N","","1","0","0","0","0","0","0","2","0","1","","","","N","","","","","","","","","",""
"2014020111","0244","1","0","0","0","0","0","0","0","0","1","1","","02","2","2014","7","40.429483","-79.958658","0244","11","0","0","0","0","0","0","0","0","","0","1","0","","","0","","0","","40 25:46.137","","3","79 57:31.167","0","0","0","0","2301","0","0","0","N","0","0","0","3","02301","0","","1.0","","6","N","N","","0","","0","0","0","","0","","","2","0","1","0","0","0","0","2","0","2","","","","N","","","","","","","","","",""
"2014020878","0700","1","0","0","0","0","0","0","0","0","7","0","","02","2","2014","2","40.473126","-79.908315","0655","11","0","0","0","0","0","0","0","0","","0","0","0","","","0","","0","","40 28:23.253","","0","79 54:29.933","0","0","0","0","2301","0","0","0","N","0","0","0","1","02301","0","","2.0","","2","N","N","","0","","0","0","0","","0","","","1","0","0","0","0","0","0","2","0","1","","","","N","","","","","","","","","",""
"2014020945","1445","2","0","0","0","0","0","0","0","0","4","0","","02","2","2014","7","40.426514","-79.980796","1430","11","0","0","0","0","0","0","0","0","2","0","0","0","","","0","","1","","40 25:35.450","2","0","79 58:50.865","0","0","0","0","2301","0","0","0","N","0","0","0","2","02301","0","","1.0","","2","N","N","","0","","0","0","0","","3","N","","2","0","0","0","0","0","0","2","0","2","","","","N","","","","","","","","","",""
"2014020957","0722","1","0","0","0","0","0","0","0","0","1","0","","02","2","2014","6","40.450602","-80.139346","0721","11","0","0","0","0","0","1","1","0","","0","0","0","","","2","","0","","40 27:02.166","","0","80 08:21.645","3","0","0","0","2115","0","0","0","N","0","0","0","4","02115","0","","1.0","","1","Y","N","","0","","2","0","1","","8","","","2","2","0","0","0","0","0","2","0","2","","","","N","","","","","","","","","",""
"2014019582","1440","1","0","0","0","0","0","0","0","0","2","0","","02","2","2014","5","40.633314","-80.003328","1436","11","0","0","0","0","0","2","0","0","2","0","0","0","","","2","","0","","40 37:59.931","7","0","80 00:11.982","8","0","0","0","2216","0","0","0","Y","0","0","0","3","02505","0","","1.0","","7","N","N","","0","","0","0","1","","0","Y","","2","2","0","0","0","2","0","2","0","2","","","","N","","","","","","","","","",""