"CRN","ARRIVAL_TM","AUTOMOBILE_COUNT","BELTED_DEATH_COUNT","BELTED_SUSP_SERIOUS_INJ_COUNT","BICYCLE_COUNT","BICYCLE_DEATH_COUNT","BICYCLE_SUSP_SERIOUS_INJ_COUNT","BUS_COUNT","CHLDPAS_DEATH_COUNT","CHLDPAS_SUSP_SERIOUS_INJ_COUNT","COLLISION_TYPE","COMM_VEH_COUNT","CONS_ZONE_SPD_LIM","COUNTY","CRASH_MONTH","CRASH_YEAR","DAY_OF_WEEK","DEC_LATITUDE","DEC_LONGITUDE","DISPATCH_TM","DISTRICT","DRIVER_COUNT_16YR","DRIVER_COUNT_17YR","DRIVER_COUNT_18YR","DRIVER_COUNT_19YR","DRIVER_COUNT_20YR","DRIVER_COUNT_50_64YR","DRIVER_COUNT_65_74YR","DRIVER_COUNT_75PLUS","EST_HRS_CLOSED","FATAL_COUNT","HEAVY_TRUCK_COUNT","HORSE_BUGGY_COUNT","HOUR_OF_DAY","ILLUMINATION","INJURY_COUNT","INTERSECTION_RELATED","INTERSECT_TYPE","LANE_CLOSED","LATITUDE","LN_CLOSE_DIR","LOCATION_TYPE","LONGITUDE","MAX_SEVERITY_LEVEL","MCYCLE_DEATH_COUNT","MCYCLE_SUSP_SERIOUS_INJ_COUNT","MOTORCYCLE_COUNT","MUNICIPALITY","NONMOTR_COUNT","NONMOTR_DEATH_COUNT","NONMOTR_SUSP_SERIOUS_INJ_COUNT","NTFY_HIWY_MAINT","PED_COUNT","PED_DEATH_COUNT","PED_SUSP_SERIOUS_INJ_COUNT","PERSON_COUNT","POLICE_AGCY","POSSIBLE_INJ_COUNT","RDWY_SURF_TYPE_CD","RELATION_TO_ROAD","ROADWAY_CLEARED","ROAD_CONDITION","SCH_BUS_IND","SCH_ZONE_IND","SECONDARY_CRASH","SMALL_TRUCK_COUNT","SPEC_JURIS_CD","SUSP_MINOR_INJ_COUNT","SUSP_SERIOUS_INJ_COUNT","SUV_COUNT","TCD_FUNC_CD","TCD_TYPE","TFC_DETOUR_IND","TIME_OF_DAY","TOTAL_UNITS","TOT_INJ_COUNT","UNBELTED_OCC_COUNT","UNB_DEATH_COUNT","UNB_SUSP_SERIOUS_INJ_COUNT","UNK_INJ_DEG_COUNT","UNK_INJ_PER_COUNT","URBAN_RURAL","VAN_COUNT","VEHICLE_COUNT","WEATHER1","WEATHER2","WORKERS_PRES","WORK_ZONE_IND","WORK_ZONE_LOC","WORK_ZONE_TYPE","WZ_CLOSE_DETOUR","WZ_FLAGGER","WZ_LAW_OFFCR_IND","WZ_LN_CLOSURE","WZ_MOVING","WZ_OTHER","WZ_SHLDER_MDN","WZ_WORKERS_INJ_KILLED"
"2014018879","2334","1","0","0","0","0","0","0","0","0","7","0","","02","2","2014","2","40.434555","-79.988679","2302","11","0","0","0","0","0","0","0","0","1","0","0","0","","","1","","0","","40 26:04.398","4","0","79 59:19.245","4","0","0","0","2301","0","0","0","Y","0","0","0","1","68B03","1","","7.0","","1","N","N","","0","","0","0","0","","0","N","","1","1","0","0","0","0","0","2","0","1","","","","N","","","","","","","","","",""
"2014018606","1529","1","0","0","0","0","0","0","0","0","4","0","","02","2","2014","5","40.325527","-80.042811","1527","11","0","0","0","0","0","1","0","0","","0","0","0","","","0","","2","","40 19:31.897","","0","80 02:34.119","0","0","0","0","2407","0","0","0","N","0","0","0","2","02407","0","","1.0","","1","N","N","","0","","0","0","1","","3","","","2","0","0","0","0","0","0","2","0","2","","","","N","","","","","","","","","",""
"2014020958","1330","2","0","0","0","0","0","0","0","0","1","0","","02","2","2014","6","40.450241","-80.109797","1326","11","0","0","0","0","0","0","2","0","","0","0","0","","","1","","6","","40 27:00.868","","2","80 06:35.269","4","0","0","0","2115","0","0","0","N","0","0","0","2","02115","1","","1.0","","1","N","N","","0","","0","0","0","","4","","","2","1","0","0","0","0","0","2","0","2","","","","N","","","","","","","","","",""
"2014020113","0030","2","0","0","0","0","0","0","0","0","5","0","","02","2","2014","7","40.480561","-79.954351","0026","11","0","0","0","0","0","0","0","0","2","0","0","0","","","0","","0","","40 28:50.021","2","0","79 57:15.662","0","0","0","0","2301","0","0","0","N","0","0","0","2","02301","0","","1.0","","7","N","N","","1","","0","0","0","","0","N","","3","0","0","0","0","0","0","2","0","3","","","","N","","","","","","","","","",""
"2014018607","2007","2","0","0","0","0","0","0","0","0","4","0","","02","2","2014","5","40.321391","-80.058132","2002","11","0","0","0","0","0","0","0","0","","0","0","0","","","1","","2","","40 19:17.006","","0","80 03:29.274","8","0","0","0","2407","0","0","0","N","0","0","0","3","02407","0","","1.0","","1","N","N","","0","","0","0","0","","3","","","2","1","0","0","0","1","0","2","0","2","","","","N","","","","","","","","","",""
"2014020177","1352","0","0","0","0","0","0","0","0","0","7","0","","02","1","2014","1","40.578166","-79.785734","1320","11","0","0","0","0","0","0","0","0","2","0","0","0","","","0","","0","","40 34:41.397","2","0","79 47:08.641","0","0","0","0","2206","0","0","0","N","0","0","0","1","68D02","0","","4.0","","7","N","N","","0","","0","0","1","","0","N","","1","0","0","0","0","0","0","2","0","1","","","","N","","","","","","","","","",""
"2014020959","1815","1","0","0","0","0","0","0","0","0","4","0","","02","2","2014","1","40.440544","-80.092869","1805","11","0","0","0","0","0","1","0","0","","0","0","0","","","0","","0","","40 26:25.959","","7","80 05:34.330","0","0","0","0","2115","0","0","0","N","0","0","0","2","02115","0","","1.0","","6","N","N","","0","","0","0","0","","0","","","2","0","0","0","0","0","0","2","1","2","","","","N","","","","","","","","","",""
"2014018608","1613","2","0","0","0","0","0","0","0","0","5","0","","02","2","2014","6","40.317067","-80.045821","1604","11","0","1","0","0","0","0","0","0","","0","0","0","","","0","","0","","40 19:01.441","","0","80 02:44.954","0","0","0","0","2407","0","0","0","N","0","0","0","1","02407","0","","4.0","","1","N","N","","0","","0","0","0","","0","","","2","0","0","0","0","0","0","2","0","2","","","","N","","","","","","","","","",""
"2014020960","1711","1","0","0","0","0","0","0","0","0","4","0","","02","2","2014","6","40.337889","-80.051194","1705","11","1","0","1","0","0","0","0","0","1","0","0","0","","","1","","0","","40 20:16.400","1","7","80 03:04.300","4","0","0","0","2407","0","0","0","N","0","0","0","2","02407","1","","1.0","","1","N","N","","0","","0","0","1","","0","N","","2","1","0","0","0","0","0","2","0","2","","","","N","","","","","","","","","",""
"2014020258","1130","0","0","0","0","0","0","0","0","0","2","0","","02","2","2014","7","40.465072","-79.946499","1118","11","0","0","0","0","0","0","0","0","","0","0","0","","","0","","1","","40 27:54.259","","0","79 56:47.396","0","0","0","0","2301","0","0","0","N","0","0","0","2","02301","0","","1.0","","9","N","N","","0","","0","0","2","","0","","","2","0","0","0","0","0","0","2","0","2","","","","N","","","","","","","","","",""
"2014018822","0642","1","0","0","0","0","0","0","0","0","0","0","","02","2","2014","3","40.4661","-79.824102","0641","11","0","0","0","0","0","1","0","0","","0","0","0","","","0","","0","","40 27:57.960","","0","79 49:26.767","0","0","0","0","2113","0","0","0","N","0","0","0","1","02113","0","","1.0","","1","N","N","","0","","0","0","0","","0","","","1","0","0","0","0","0","0","2","0","1","","","","N","","","","","","","","","",""
"2014020407","1515","0","0","0","0","0","0","0","0","0","0","0","","02","2","2014","5","40.393358","-79.982444","1503","11","0","0","0","0","0","0","0","0","3","0","0","0","","","1","","0","","40 23:36.088","3","0","79 58:56.798","4","0","0","0","2301","0","0","0","N","0","0","0","3","02301","1","","1.0","","7","N","N","","0","","0","0","1","","0","N","","1","1","0","0","0","0","0","2","0","1","","","","N","","","","","","","","","",""
"2014018539","1058","1","0","0","0","0","0","0","0","0","1","0","","02","2","2014","3","40.456914","-79.938524","1058","11","0","0","0","0","0","1","0","0","","0","0","0","","","1","","1","","40 27:24.889","","0","79 56:18.688","8","0","0","0","2301","0","0","0","N","0","0","0","2","02301","0","","1.0","","1","N","N","","1","","0","0","0","","2","","","2","1","0","0","0","1","0","2","0","2","","","","N","","","","","","","","","",""
"2014019301","1843","0","0","0","0","0","0","0","0","0","8","0","","02","1","2014","7","40.425882","-79.90101","1827","11","0","0","0","0","0","0","0","0","","0","0","0","","","1","","0","","40 25:33.174","","0","79 54:03.636","4","0","0","0","2301","1","0","0","N","1","0","0","3","68B03","1","","1.0","","1","N","N","","0","","0","0","1","","0","","","2","1","0","0","0","0","0","2","0","1","","","","N","","","","","","","","","",""
"2014020961","0007","0","0","0","0","0","0","0","0","0","4","0","","02","2","2014","6","40.337576","-80.015145","2358","11","0","1","0","0","0","0","0","0","","0","0","0","","","0","","0","","40 20:15.272","","0","80 00:54.522","0","0","0","0","2407","0","0","0","N","0","0","0","4","02407","0","","1.0","","7","N","N","","2","","0","0","0","","0","","","2","0","0","0","0","0","0","2","0","2","","","","N","","","","","","","","","",""
"2014019505","1130","0","0","0","0","0","0","0","0","0","7","0","","02","2","2014","5","40.465072","-79.946499","1121","11","0","0","0","0","0","1","0","0","","0","0","0","","","0","","1","","40 27:54.259","","0","79 56:47.396","0","0","0","0","2301","0","0","0","N","0","0","0","2","02301","0","","4.0","","7","N","N","","0","","0","0","1","","3","","","1","0","0","0","0","0","0","2","0","1","","","","N","","","","","","","","","",""
"2014019302","0937","1","0","0","0","0","0","0","0","0","0","0","","02","1","2014","5","40.427953","-79.890041","0920","11","0","0","0","0","0","1","0","0","","0","0","0","","","0","","0","","40 25:40.632","","0","79 53:24.147","0","0","0","0","2463","0","0","0","N","0","0","0","1","68B03","0","","1.0","","1","N","N","","0","","0","0","0","","0","","","1","0","0","0","0","0","0","2","0","1","","","","N","","","","","","","","","",""
"2014020884","0715","0","0","0","0","0","0","0","0","0","7","0","","02","2","2014","2","40.467593","-79.790969","0704","11","0","0","0","0","0","0","0","0","3","0","0","0","","","1","","0","","40 28:03.336","5","0","79 47:27.488","4","0","0","0","2113","0","0","0","N","0","0","0","1","02113","1","","5.0","","2","N","N","","0","","0","0","1","","0","Y","","1","1","0","0","0","0","0","2","0","1","","","","N","","","","","","","","","",""
"2014019506","1155","1","0","0","0","0","0","0","0","0","6","0","","02","2","2014","5","40.347192","-79.859469","1151","11","0","0","0","0","0","0","1","0","","0","0","0","","","1","","10","","40 20:49.890","","0","79 51:34.090","8","0","0","0","2304","0","0","0","N","0","0","0","2","02304","0","","1.0","","6","N","","","0","","0","0","1","","0","","","2","1","0","0","0","1","0","2","0","2","","","","N","","","","","","","","","",""
"2014021074","1832","2","0","0","0","0","0","0","0","0","1","0","","02","2","2014","6","40.438373","-79.862821","1822","11","0","0","0","0","0","0","0","0","1","0","0","0","","","1","","0","","40 26:18.143","4","0","79 51:46.156","8","0","0","0","2419","0","0","0","N","0","0","0","7","68B03","0","","1.0","","1","N","N","","0","","0","0","1","","0","N","","3","1","0","0","0","1","0","2","0","3","","","","N","","","","","","","","","",""
"2014019303","1107","1","0","0","0","0","0","0","0","0","7","0","","02","1","2014","3","40.326245","-80.142281","1048","11","0","0","0","0","0","0","0","0","2","0","0","0","","","0","","0","","40 19:34.481","2","0","80 08:32.210","0","0","0","0","2119","0","0","0","Y","0","0","0","1","68B03","0","","2.0","","1","N","N","","0","","0","0","0","","0","N","","1","0","0","0","0","0","0","2","0","1","","","","N","","","","","","","","","",""
"2014019588","1640","1","0","0","0","0","0","0","0","0","7","0","","02","2","2014","5","40.434227","-79.933614","1624","11","0","0","0","0","0","0","0","0","","0","0","0","","","0","","2","","40 26:03.217","","0","79 56:01.010","0","0","0","0","2301","0","0","0","N","0","0","0","1","02301","0","","5.0","","6","N","N","","0","","0","0","0","","3","","","1","0","0","0","0","0","0","2","0","1","","","","N","","","","","","","","","",""
"2014020411","0043","1","0","0","0","0","0","0","0","0","2","0","","02","2","2014","6","40.594447","-80.11115","0037","11","0","1","0","0","0","0","0","0","","0","0","0","","","2","","0","","40 35:40.010","","0","80 06:40.140","8","0","0","0","2481","0","0","0","N","0","0","0","3","02481","0","","1.0","","7","N","N","","1","","0","0","0","","0","","","2","2","0","0","0","2","1","2","0","2","","","","N","","","","","","","","","",""
"2014021075","1419","0","0","0","0","0","0","0","0","0","7","0","","02","2","2014","1","40.429027","-79.939818","1417","11","0","0","0","0","0","1","0","0","","0","0","0","","","1","","0","","40 25:44.497","","0","79 56:23.346","4","0","0","0","2301","0","0","0","N","0","0","0","5","68B03","1","","3.0","","9","N","N","","0","","0","0","0","","0","","","2","1","0","0","0","0","0","2","2","2","","","","N","","","","","","","","","",""
"2014019028","1419","1","0","0","0","0","0","0","0","0","7","0","","02","2","2014","1","40.40317","-80.020274","1417","11","0","0","0","0","0","0","0","0","1","0","0","0","","","2","","0","","40 24:11.411","1","0","80 01:12.985","4","0","0","0","2301","0","0","0","N","0","0","0","4","02301","2","","4.0","","7","N","N","","0","","0","0","0","","0","N","","1","2","0","0","0","0","0","2","0","1","","","","N","","","","","","","","","",""
"2014020630","2036","1","0","0","0","0","0","0","0","0","7","0","","02","2","2014","2","40.434171","-79.99488","2024","11","0","0","0","0","0","0","0","0","","0","0","0","","","0","","0","","40 26:03.014","","0","79 59:41.569","0","0","0","0","2301","0","0","0","N","0","0","0","1","68B03","0","","2.0","","1","N","N","","0","","0","0","0","","0","","","1","0","0","0","0","0","0","2","0","1","","","","N","","","","","","","","","",""
"2014019170","1553","1","0","0","0","0","0","0","0","0","1","0","","02","2","2014","4","40.650026","-79.799031","1548","11","0","0","0","0","0","1","1","0","2","0","0","0","","","1","","5","","40 39:00.094","6","99","79 47:56.512","8","0","0","0","2202","0","0","0","N","0","0","0","2","02202","0","","1.0","","1","N","N","","0","","0","0","1","","3","N","","2","1","0","0","0","1","0","1","0","2","","","","N","","","","","","","","","",""
"2014020554","1217","0","0","0","0","0","0","0","0","0","7","0","","02","2","2014","5","40.377242","-80.139441","1217","11","0","0","0","0","0","0","0","0","1","0","0","0","","","0","","0","","40 22:38.072","3","0","80 08:21.986","0","0","0","0","2102","0","0","0","N","0","0","0","4","02102","0","","5.0","","7","N","N","","0","","0","0","0","","0","N","","1","0","0","0","0","0","0","2","1","1","","","","N","","","","","","","","","",""
"2014020631","1436","1","0","0","0","0","0","0","0","0","1","0","","02","2","2014","7","40.431645","-80.024734","1425","11","0","0","0","0","0","1","0","0","","0","0","0","","","0","","0","","40 25:53.922","","4","80 01:29.042","0","0","0","0","2301","0","0","0","N","0","0","0","2","68B03","0","","1.0","","9","N","N","","0","","0","0","1","","0","","","2","0","0","0","0","0","0","2","0","2","","","","N","","","","","","","","","",""
"2014019249","2047","2","0","0","0","0","0","0","0","0","4","0","","02","2","2014","4","40.462139","-79.926861","2047","11","0","0","0","0","0","1","0","0","2","0","0","0","","","0","","1","","40 27:43.700","6","0","79 55:36.700","0","0","0","0","2301","0","0","0","N","0","0","0","3","02301","0","","1.0","","9","N","N","","0","","0","0","0","","0","N","","2","0","0","0","0","0","0","2","0","2","","","","N","","","","","","","","","",""
"2014020487","0506","1","0","0","0","0","0","0","0","0","7","0","","02","2","2014","5","40.393078","-79.791219","0506","11","0","0","0","0","0","0","0","0","","0","0","0","","","0","","0","","40 23:35.080","","0","79 47:28.390","0","0","0","0","2470","0","0","0","N","0","0","0","1","02424","0","","4.0","","2","N","N","","0","","0","0","0","","0","","","1","0","0","0","0","0","0","2","0","1","","","","N","","","","","","","","","",""
"2014020555","1300","1","0","0","0","0","0","0","0","0","2","0","","02","2","2014","1","40.438761","-79.997342","1250","11","0","0","0","0","0","0","0","0","","0","0","0","","","0","","1","","40 26:19.539","","0","79 59:50.431","0","0","0","0","2301","0","0","0","N","0","0","0","7","02301","0","","1.0","","7","N","N","","0","","0","0","1","","2","","","2","0","0","0","0","0","0","2","0","2","","","","N","","","","","","","","","",""
"2014020632","1651","0","0","0","0","0","0","0","0","0","1","0","","02","2","2014","7","40.431752","-80.024865","1634","11","0","0","0","0","0","0","1","0","","0","0","0","","","0","","0","","40 25:54.308","","4","80 01:29.513","0","0","0","0","2301","0","0","0","N","0","0","0","3","68B03","0","","1.0","","1","N","N","","0","","0","0","1","","0","","","2","0","0","0","0","0","0","2","1","2","","","","N","","","","","","","","","",""
"2014020771","2315","0","0","0","0","0","0","1","0","0","8","1","","02","2","2014","1","40.438322","-79.97947","2313","11","0","0","0","0","0","0","0","0","3","0","0","0","","","1","","2","","40 26:17.959","4","0","79 58:46.092","8","0","0","0","2301","1","0","0","N","1","0","0","6","02503","0","","1.0","","2","N","N","","0","","0","0","0","","3","Y","","2","1","0","0","0","1","0","2","0","1","","","","N","","","","","","","","","",""
"2014019812","0659","0","0","0","0","0","0","0","0","0","7","0","","02","2","2014","6","40.263251","-79.886521","0650","11","0","0","0","0","0","1","0","0","","0","0","0","","","0","","0","","40 15:47.704","","0","79 53:11.476","0","0","0","0","2204","0","0","0","Y","0","0","0","1","02204","0","","4.0","","6","N","N","","0","","0","0","1","","0","","","1","0","1","0","0","0","0","2","0","1","","","","N","","","","","","","","","",""
"2014019174","1632","2","0","0","0","0","0","0","0","0","4","0","","02","2","2014","4","40.463222","-79.937303","1632","11","0","0","0","0","0","0","0","0","1","0","0","0","","","2","","1","","40 27:47.599","6","0","79 56:14.290","4","0","0","0","2301","0","0","0","N","0","0","0","2","02301","2","","1.0","","2","N","N","","0","","0","0","0","","0","N","","2","2","0","0","0","0","0","2","0","2","","","","N","","","","","","","","","",""
"2014020706","1655","2","0","0","0","0","0","0","0","0","1","0","","02","2","2014","7","40.48685","-80.03698","1651","11","0","0","0","0","0","0","0","0","","0","0","0","","","0","","2","","40 29:12.660","","0","80 02:13.128","0","0","0","0","2301","0","0","0","N","0","0","0","2","02301","0","","1.0","","7","N","N","","1","","0","0","0","","0","","","3","0","0","0","0","0","0","2","0","3","","","","N","","","","","","","","","",""
"2014020772","0452","0","0","0","0","0","0","0","0","0","7","0","","02","2","2014","7","40.499418","-80.11142","0447","11","0","0","0","0","0","0","0","0","","0","0","0","","","0","","0","","40 29:57.903","","0","80 06:41.111","0","0","0","0","2126","0","0","0","N","0","0","0","2","02126","0","","5.0","","6","N","N","","0","","0","0","1","","0","","","1","0","0","0","0","0","0","2","0","1","","","","N","","","","","","","","","",""
"2014020489","1246","1","0","0","0","0","0","0","0","0","4","0","","02","2","2014","7","40.33798","-79.894971","1242","11","0","0","0","0","0","0","0","0","","0","0","0","","","0","","2","","40 20:16.728","","0","79 53:41.897","0","0","0","0","2473","0","0","0","N","0","0","0","3","02473","0","","1.0","","9","N","N","","1","","0","0","0","","2","","","2","0","0","0","0","0","0","2","0","2","","","","N","","","","","","","","","",""
"2014018280","2026","1","0","0","0","0","0","0","0","0","7","0","","02","2","2014","2","40.436931","-79.994219","2016","11","0","0","0","0","0","0","0","0","1","0","0","0","","","0","","0","","40 26:12.950","1","2","79 59:39.188","0","0","0","0","2301","0","0","0","N","0","0","0","1","02301","0","","3.0","","2","N","N","","0","","0","0","0","","0","Y","","1","0","0","0","0","0","0","2","0","1","","","","N","","","","","","","","","",""
"2014020707","1602","1","0","0","0","0","0","0","0","0","7","0","","02","2","2014","1","40.487902","-79.920338","1557","11","0","0","0","0","0","0","0","0","","0","0","0","","","2","","1","","40 29:16.447","","0","79 55:13.218","4","0","0","0","2301","0","0","0","N","0","0","0","3","02301","2","","2.0","","7","N","N","","0","","0","0","0","","3","","","1","2","0","0","0","0","0","2","0","1","","","","N","","","","","","","","","",""
"2014018490","0837","1","0","0","0","0","0","0","0","0","0","0","","02","2","2014","3","40.465959","-79.825599","0830","11","0","0","0","0","0","0","0","0","2","0","0","0","","","0","","0","","40 27:57.451","1","0","79 49:32.155","0","0","0","0","2113","0","0","0","N","0","0","0","1","02113","0","","1.0","","2","N","N","","0","","0","0","0","","0","Y","","1","0","0","0","0","0","0","2","0","1","","","","N","","","","","","","","","",""
"2014020430","0449","1","0","0","0","0","0","0","0","0","4","0","","02","2","2014","7","40.353084","-79.909568","0443","11","0","0","0","0","0","0","0","0","1","0","0","0","","","1","","0","","40 21:11.102","4","0","79 54:34.445","8","0","0","0","2473","0","0","0","N","0","0","0","1","02473","0","","5.0","","7","N","N","","1","","0","0","0","","0","N","","2","1","0","0","0","1","0","2","0","2","","","","N","","","","","","","","","",""
"2014019673","1815","3","0","0","0","0","0","0","0","0","2","0","","02","2","2014","5","40.401499","-80.000448","1810","11","0","0","0","0","0","0","0","0","2","0","0","0","","","0","","0","","40 24:05.398","7","0","80 00:01.613","0","0","0","0","2301","0","0","0","N","0","0","0","3","02301","0","","1.0","","6","N","N","","0","","0","0","0","","0","Y","","3","0","0","0","0","0","0","2","0","3","","","","N","","","","","","","","","",""
"2014020558","2221","2","0","0","0","0","0","0","0","0","2","0","","02","2","2014","7","40.355171","-79.83524","2221","11","0","0","0","0","0","1","1","0","1","0","0","0","","","1","","2","","40 21:18.617","3","0","79 50:06.865","8","0","0","0","2304","0","0","0","N","0","0","0","5","02304","0","","1.0","","9","N","N","","0","","0","0","0","","2","N","","2","1","0","0","0","1","0","2","0","2","","","","N","","","","","","","","","",""
"2014019033","1040","1","0","0","0","0","0","0","0","0","1","0","","02","2","2014","4","40.530392","-79.775503","1032","11","0","0","0","0","0","2","0","0","","0","0","0","","","2","","0","","40 31:49.412","","0","79 46:31.812","4","0","0","0","2466","0","0","0","N","0","0","0","2","02466","1","","1.0","","1","N","N","","1","","0","0","0","","0","","","2","2","0","0","0","1","0","2","0","2","","","","N","","","","","","","","","",""
"2014019815","0739","1","0","0","0","0","0","0","0","0","4","0","","02","2","2014","2","40.5034","-80.025118","0731","11","0","0","0","0","0","1","0","0","1","0","0","0","","","0","","1","","40 30:12.241","2","0","80 01:30.426","0","0","0","0","2116","0","0","0","N","0","0","0","2","02116","0","","1.0","","9","N","N","","1","","0","0","0","","2","N","","2","0","0","0","0","0","0","2","0","2","","","","N","","","","","","","","","",""
"2014020491","1840","2","0","0","0","0","0","0","0","0","4","0","","02","2","2014","2","40.353854","-79.914941","1839","11","0","0","0","0","0","1","0","0","1","0","0","0","","","2","","2","","40 21:13.876","3","0","79 54:53.788","8","0","0","0","2473","0","0","0","N","0","0","0","6","02473","0","","1.0","","1","N","N","","0","","0","0","0","","2","N","","2","2","0","0","0","2","0","2","0","2","","","","N","","","","","","","","","",""
"2014019177","1430","1","0","0","0","0","0","0","0","0","5","1","","02","2","2014","1","40.450027","-80.111417","1415","11","0","0","0","0","0","0","0","0","1","0","1","0","","","0","","0","","40 27:00.097","3","1","80 06:41.102","0","0","0","0","2115","0","0","0","N","0","0","0","2","02115","0","","1.0","","7","N","N","","0","","0","0","0","","0","N","","2","0","0","0","0","0","0","2","0","2","","","","N","","","","","","","","","",""
"2014020709","1755","0","0","0","0","0","0","0","0","0","7","0","","02","2","2014","1","40.416826","-80.029827","1751","11","0","0","0","0","0","0","1","0","","0","0","0","","","0","","1","","40 25:00.574","","0","80 01:47.376","0","0","0","0","2301","0","0","0","N","0","0","0","1","02301","0","","2.0","","2","N","N","","0","","0","0","1","","9","","","1","0","0","0","0","0","0","2","0","1","","","","N","","","","","","","","","",""
"2014018492","1444","2","0","0","0","0","0","0","0","0","1","0","","02","2","2014","4","40.445154","-79.936004","1430","11","0","0","0","0","0","1","0","0","","0","0","0","","","0","","0","","40 26:42.553","","0","79 56:09.613","0","0","0","0","2301","0","0","0","N","0","0","0","1","02301","0","","4.0","","7","N","N","","0","","0","0","0","","0","","","2","0","0","0","0","0","0","2","0","2","","","","N","","","","","","","","","",""
"2014020560","1322","1","0","0","0","0","0","0","0","0","4","0","","02","2","2014","1","40.372939","-79.792797","1319","11","0","0","0","0","0","1","0","0","1","0","0","0","","","0","","2","","40 22:22.582","3","0","79 47:34.069","0","0","0","0","2111","0","0","0","N","0","0","0","3","02111","0","","1.0","","7","N","N","","0","","0","0","1","","3","N","","2","0","0","0","0","0","0","2","0","2","","","","N","","","","","","","","","",""
"2014020574","1258","1","0","0","0","0","0","0","0","0","7","0","","02","2","2014","5","40.393426","-79.804946","1255","11","0","0","0","0","0","0","0","0","1","0","0","0","","","0","","0","","40 23:36.335","3","1","79 48:17.807","9","0","0","0","2111","0","0","0","N","0","0","0","1","02111","0","","2.0","","7","N","N","","0","","0","0","0","","0","N","","1","0","0","0","0","0","1","2","0","1","","","","N","","","","","","","","","",""
"2014019887","1216","2","0","0","0","0","0","0","0","0","6","0","","02","2","2014","6","40.332517","-79.96436","1213","11","0","0","0","0","1","0","0","1","2","0","0","0","","","2","","0","","40 19:57.061","6","0","79 57:51.696","8","0","0","0","2454","0","0","0","N","0","0","0","2","02454","0","","1.0","","9","N","N","","0","","0","0","1","","0","Y","","3","2","1","0","0","2","0","2","0","3","","","","N","","","","","","","","","",""
"2014019676","1731","2","0","0","0","0","0","0","0","0","1","0","","02","2","2014","5","40.340455","-79.95807","1729","11","0","0","0","0","0","1","0","1","2","0","0","0","","","2","","0","","40 20:25.638","6","0","79 57:29.052","8","0","0","0","2454","0","0","0","N","0","0","0","3","02454","0","","1.0","","9","N","N","","0","","0","0","1","","0","Y","","3","2","0","0","0","2","0","2","0","3","","","","N","","","","","","","","","",""
"2014020562","1145","1","0","0","0","0","0","0","0","0","7","0","","02","2","2014","1","40.511396","-80.030634","1143","11","0","0","0","0","0","1","0","0","3","0","0","0","","","1","","0","","40 30:41.024","5","0","80 01:50.284","8","0","0","0","2116","0","0","0","Y","0","0","0","1","02116","0","","5.0","","7","N","N","","0","","0","0","0","","0","Y","","1","1","1","0","0","1","0","2","0","1","","","","N","","","","","","","","","",""
"2014020711","1438","1","0","0","0","0","0","0","0","0","7","0","","02","2","2014","7","40.473979","-79.75675","1438","11","0","0","0","0","0","0","0","0","1","0","0","0","","","0","","2","","40 28:26.324","1","0","79 45:24.300","9","0","0","0","2466","0","0","0","Y","0","0","0","1","02466","0","","5.0","","6","N","N","","0","","0","0","0","","0","N","","1","0","0","0","0","0","1","2","0","1","","","","N","","","","","","","","","",""
"2014019964","1735","2","0","0","0","0","0","0","0","0","4","0","","02","2","2014","6","40.449316","-79.999051","1735","11","0","0","0","0","0","0","0","0","","0","0","0","","","0","","2","","40 26:57.536","","0","79 59:56.585","0","0","0","0","2301","0","0","0","N","0","0","0","2","02301","0","","1.0","","1","N","N","","0","","0","0","0","","3","","","2","0","0","0","0","0","0","2","0","2","","","","N","","","","","","","","","",""
"2014020778","0243","0","0","0","0","0","0","0","0","0","7","0","","02","2","2014","7","40.590015","-79.750828","0243","11","0","0","0","0","0","0","0","0","2","0","0","0","","","0","","2","","40 35:24.053","1","7","79 45:02.979","0","0","0","0","2464","0","0","0","N","0","0","0","2","64305","0","","5.0","","7","N","N","","1","","0","0","0","","2","N","","1","0","0","0","0","0","0","2","0","1","","","","N","","","","","","","","","",""
"2014020434","0234","1","0","0","0","0","0","0","0","0","7","0","","02","2","2014","7","40.378667","-79.910617","0231","11","0","0","1","0","0","0","0","0","","0","0","0","","","0","","2","","40 22:43.200","","0","79 54:38.220","0","0","0","0","2448","0","0","0","N","0","0","0","1","02448","0","","2.0","","7","N","N","","0","","0","0","0","","0","","","1","0","0","0","0","0","0","2","0","1","","","","N","","","","","","","","","",""
"2014019677","1816","2","0","0","0","0","0","0","0","0","5","0","","02","2","2014","5","40.459211","-79.865834","1816","11","0","0","0","0","0","0","0","0","","0","0","0","","","1","","0","","40 27:33.160","","0","79 51:57.004","4","0","0","0","2113","0","0","0","N","0","0","0","3","02113","1","","1.0","","7","N","N","","0","","0","0","0","","2","","","2","1","0","0","0","0","0","2","0","2","","","","N","","","","","","","","","",""
"2014020494","1200","0","0","0","0","0","0","0","0","0","7","0","","02","2","2014","7","40.350255","-79.942829","1158","11","0","0","0","0","0","1","0","0","1","0","0","0","","","0","","0","","40 21:00.919","1","4","79 56:34.184","0","0","0","0","2473","0","0","0","N","0","0","0","3","02473","0","","3.0","","6","N","N","","0","","0","0","2","","0","N","","2","0","0","0","0","0","0","2","0","2","","","","N","","","","","","","","","",""
"2014019678","1842","1","0","0","0","0","0","0","0","0","7","0","","02","2","2014","5","","","1842","11","0","0","0","0","0","0","0","0","2","0","0","0","","","0","","2","","","6","2","","0","0","0","0","2304","0","0","0","N","0","0","0","1","02304","0","","5.0","","6","N","N","","0","","0","0","0","","0","Y","","1","0","0","0","0","0","0","1","0","1","","","","N","","","","","","","","","",""