"CRN","ARRIVAL_TM","AUTOMOBILE_COUNT","BELTED_DEATH_COUNT","BELTED_SUSP_SERIOUS_INJ_COUNT","BICYCLE_COUNT","BICYCLE_DEATH_COUNT","BICYCLE_SUSP_SERIOUS_INJ_COUNT","BUS_COUNT","CHLDPAS_DEATH_COUNT","CHLDPAS_SUSP_SERIOUS_INJ_COUNT","COLLISION_TYPE","COMM_VEH_COUNT","CONS_ZONE_SPD_LIM","COUNTY","CRASH_MONTH","CRASH_YEAR","DAY_OF_WEEK","DEC_LATITUDE","DEC_LONGITUDE","DISPATCH_TM","DISTRICT","DRIVER_COUNT_16YR","DRIVER_COUNT_17YR","DRIVER_COUNT_18YR","DRIVER_COUNT_19YR","DRIVER_COUNT_20YR","DRIVER_COUNT_50_64YR","DRIVER_COUNT_65_74YR","DRIVER_COUNT_75PLUS","EST_HRS_CLOSED","FATAL_COUNT","HEAVY_TRUCK_COUNT","HORSE_BUGGY_COUNT","HOUR_OF_DAY","ILLUMINATION","INJURY_COUNT","INTERSECTION_RELATED","INTERSECT_TYPE","LANE_CLOSED","LATITUDE","LN_CLOSE_DIR","LOCATION_TYPE","LONGITUDE","MAX_SEVERITY_LEVEL","MCYCLE_DEATH_COUNT","MCYCLE_SUSP_SERIOUS_INJ_COUNT","MOTORCYCLE_COUNT","MUNICIPALITY","NONMOTR_COUNT","NONMOTR_DEATH_COUNT","NONMOTR_SUSP_SERIOUS_INJ_COUNT","NTFY_HIWY_MAINT","PED_COUNT","PED_DEATH_COUNT","PED_SUSP_SERIOUS_INJ_COUNT","PERSON_COUNT","POLICE_AGCY","POSSIBLE_INJ_COUNT","RDWY_SURF_TYPE_CD","RELATION_TO_ROAD","ROADWAY_CLEARED","ROAD_CONDITION","SCH_BUS_IND","SCH_ZONE_IND","SECONDARY_CRASH","SMALL_TRUCK_COUNT","SPEC_JURIS_CD","SUSP_MINOR_INJ_COUNT","SUSP_SERIOUS_INJ_COUNT","SUV_COUNT","TCD_FUNC_CD","TCD_TYPE","TFC_DETOUR_IND","TIME_OF_DAY","TOTAL_UNITS","TOT_INJ_COUNT","UNBELTED_OCC_COUNT","UNB_DEATH_COUNT","UNB_SUSP_SERIOUS_INJ_COUNT","UNK_INJ_DEG_COUNT","UNK_INJ_PER_COUNT","URBAN_RURAL","VAN_COUNT","VEHICLE_COUNT","WEATHER1","WEATHER2","WORKERS_PRES","WORK_ZONE_IND","WORK_ZONE_LOC","WORK_ZONE_TYPE","WZ_CLOSE_DETOUR","WZ_FLAGGER","WZ_LAW_OFFCR_IND","WZ_LN_CLOSURE","WZ_MOVING","WZ_OTHER","WZ_SHLDER_MDN","WZ_WORKERS_INJ_KILLED"
"2014018971","0820","1","0","0","0","0","0","0","0","0","1","0","","02","2","2014","4","40.247829","-79.875809","0816","11","0","0","0","0","0","0","0","1","1","0","0","0","","","0","","2","","40 14:52.186","1","0","79 52:32.913","0","0","0","0","2204","0","0","0","N","0","0","0","2","02204","0","","1.0","","1","N","N","","0","","0","0","1","","2","N","","2","0","0","0","0","0","0","1","0","2","","","","N","","","","","","","","","",""
"2014020564","2028","1","0","0","0","0","0","0","0","0","5","0","","02","2","2014","3","40.453676","-79.931136","2028","11","0","0","0","1","0","0","0","0","1","0","0","0","","","1","","0","","40 27:13.234","7","0","79 55:52.091","8","0","0","0","2301","0","0","0","N","0","0","0","3","02506","0","","1.0","","2","N","N","","0","","0","0","2","","0","N","","3","1","2","0","0","1","0","2","0","3","","","","N","","","","","","","","","",""
"2014020577","1844","2","0","0","0","0","0","0","0","0","2","0","","02","2","2014","4","40.417519","-79.751894","1840","11","0","0","0","0","1","0","1","0","1","0","0","0","","","2","","0","","40 25:03.070","2","0","79 45:06.820","4","0","0","0","2446","0","0","0","N","0","0","0","2","02446","2","","1.0","","7","N","N","","0","","0","0","0","","0","N","","2","2","0","0","0","0","0","2","0","2","","","","N","","","","","","","","","",""
"2014020436","0118","0","0","0","0","0","0","0","0","0","7","0","","02","2","2014","1","40.405671","-80.219118","0114","11","1","0","0","0","0","0","0","0","2","0","0","0","","","0","","0","","40 24:20.414","2","0","80 13:08.823","0","0","0","0","2214","0","0","0","N","0","0","0","1","02214","0","","4.0","","1","N","N","","0","","0","0","1","","0","N","","1","0","0","0","0","0","0","1","0","1","","","","N","","","","","","","","","",""
"2014020566","1355","1","0","0","0","0","0","0","0","0","7","0","","02","2","2014","1","40.394097","-79.935558","1344","11","0","0","0","0","0","0","0","1","2","0","0","0","","","0","","0","","40 23:38.749","3","2","79 56:08.010","0","0","0","0","2301","0","0","0","N","0","0","0","1","02301","0","","4.0","","2","N","N","","0","","0","0","0","","0","Y","","1","0","0","0","0","0","0","2","0","1","","","","N","","","","","","","","","",""
"2014020579","1634","1","0","0","0","0","0","0","0","0","4","0","","02","2","2014","6","40.426481","-80.056964","1631","11","0","0","0","0","0","1","0","0","2","0","0","0","","","2","","1","","40 25:35.333","1","0","80 03:25.069","3","0","0","0","2435","0","0","0","N","0","0","0","4","02435","0","","1.0","","1","N","N","","0","","2","0","1","","2","Y","","2","2","0","0","0","0","0","2","0","2","","","","N","","","","","","","","","",""
"2014019823","1355","1","0","0","0","0","0","0","0","0","4","0","","02","2","2014","5","40.35906","-79.888049","1347","11","0","0","0","0","0","0","0","0","2","0","0","0","","","1","","0","","40 21:32.616","3","0","79 53:16.975","3","0","0","0","2473","0","0","0","N","0","0","0","2","02473","0","","1.0","","7","N","N","","1","","1","0","0","","0","Y","","2","1","0","0","0","0","0","2","0","2","","","","N","","","","","","","","","",""
"2014020702","1624","3","0","0","0","0","0","0","0","0","4","0","","02","2","2014","7","40.519296","-80.166082","1622","11","0","0","0","0","0","1","1","0","","0","0","0","","","1","","1","","40 31:09.466","","0","80 09:57.896","8","0","0","0","2420","0","0","0","N","0","0","0","5","02420","0","","1.0","","9","N","N","","1","","0","0","0","","2","","","4","1","0","0","0","1","0","2","0","4","","","","N","","","","","","","","","",""
"2014020437","0410","0","0","0","0","0","0","0","0","0","7","0","","02","2","2014","7","40.481122","-80.096833","0406","11","0","0","0","0","0","0","0","0","4","0","0","0","","","0","","0","","40 28:52.040","7","0","80 05:48.598","0","0","0","0","2126","0","0","0","N","0","0","0","1","02126","0","","4.0","","7","N","N","","0","","0","0","0","","0","Y","","1","0","0","0","0","0","0","2","1","1","","","","N","","","","","","","","","",""
"2014020497","0644","0","0","0","0","0","0","0","0","0","4","0","","02","2","2014","1","40.448652","-80.002304","0641","11","0","0","0","0","0","2","0","0","2","0","0","0","","","2","","1","","40 26:55.147","3","0","80 00:08.294","3","0","0","0","2301","0","0","0","N","0","0","0","2","02301","1","","1.0","","9","N","N","","0","","1","0","0","","2","N","","2","2","0","0","0","0","0","2","2","2","","","","N","","","","","","","","","",""
"2014018987","0839","1","0","0","0","0","0","0","0","0","1","0","","02","2","2014","3","40.380135","-79.809036","0838","11","0","0","0","0","0","1","1","0","","0","0","0","","","0","","2","","40 22:48.485","","0","79 48:32.529","0","0","0","0","2424","0","0","0","N","0","0","0","2","02424","0","","1.0","","1","N","N","","0","","0","0","1","","2","","","2","0","0","0","0","0","0","2","0","2","","","","N","","","","","","","","","",""
"2014020703","1735","0","0","0","0","0","0","0","0","0","7","0","","02","2","2014","1","40.354136","-79.842314","1728","11","0","0","0","0","0","0","0","0","","0","0","0","","","0","","3","","40 21:14.889","","3","79 50:32.332","0","0","0","0","2304","0","0","0","N","0","0","0","2","02304","0","","2.0","","2","N","N","","0","","0","0","1","","0","","","1","0","0","0","0","0","0","2","0","1","","","","N","","","","","","","","","",""
"2014020715","1738","0","0","0","0","0","0","0","0","0","7","0","","02","2","2014","1","40.466634","-79.983509","1729","11","0","0","0","0","0","0","0","0","2","0","0","0","","","1","","2","","40 27:59.882","5","0","79 59:00.631","8","0","0","0","2301","0","0","0","N","0","0","0","1","02301","0","","4.0","","7","N","N","","0","","0","0","1","","0","N","","1","1","0","0","0","1","0","2","0","1","","","","N","","","","","","","","","",""
"2014020438","0350","3","0","0","0","0","0","0","0","0","4","1","","02","2","2014","7","40.477926","-79.949887","0342","11","0","0","0","0","0","1","0","0","2","0","1","0","","","0","","0","","40 28:40.533","5","0","79 56:59.593","0","0","0","0","2301","0","0","0","N","0","0","0","2","02301","0","","1.0","","7","N","N","","0","","0","0","0","","0","Y","","4","0","0","0","0","0","0","2","0","4","","","","N","","","","","","","","","",""
"2014020568","1520","1","0","0","0","0","0","0","0","0","7","0","","02","2","2014","4","40.448415","-79.761143","1515","11","0","0","0","0","0","0","0","0","2","0","0","0","","","0","","0","","40 26:54.295","6","0","79 45:40.113","0","0","0","0","2446","0","0","0","N","0","0","0","1","02446","0","","5.0","","7","N","N","","0","","0","0","0","","3","Y","","1","0","0","0","0","0","0","2","0","1","","","","N","","","","","","","","","",""
"2014018355","0525","1","0","0","0","0","0","0","0","0","7","0","","02","1","2014","4","40.580837","-80.114083","0459","11","0","0","0","0","0","1","0","0","","0","0","0","","","0","","0","","40 34:51.012","","0","80 06:50.697","0","0","0","0","2481","0","0","0","N","0","0","0","1","68B03","0","","2.0","","1","N","N","","0","","0","0","0","","0","","","1","0","0","0","0","0","0","1","0","1","","","","N","","","","","","","","","",""
"2014020704","1647","1","0","0","0","0","0","0","0","0","7","0","","02","2","2014","1","40.454222","-79.965814","1642","11","0","0","0","0","0","0","0","0","","0","0","0","","","0","","0","","40 27:15.199","","0","79 57:56.930","0","0","0","0","2301","0","0","0","N","0","0","0","1","02301","0","","4.0","","2","N","N","","0","","0","0","0","","0","","","1","0","0","0","0","0","0","2","0","1","","","","N","","","","","","","","","",""
"2014020717","1725","1","0","0","0","0","0","0","0","0","7","0","","02","2","2014","1","40.38286","-79.931825","1720","11","0","0","0","0","0","0","1","0","","0","0","0","","","1","","2","","40 22:58.296","","0","79 55:54.570","3","0","0","0","2301","0","0","0","N","0","0","0","2","02301","0","","4.0","","7","N","N","","0","","1","0","0","","0","","","1","1","1","0","0","0","0","2","0","1","","","","N","","","","","","","","","",""
"2014019969","1645","0","0","0","0","0","0","0","0","0","1","0","","02","2","2014","6","40.510867","-79.956966","1639","11","1","0","0","0","0","0","0","0","","0","0","0","","","1","","2","","40 30:39.120","","0","79 57:25.078","4","0","0","0","2118","0","0","0","N","0","0","0","2","02118","1","","1.0","","1","N","N","","1","","0","0","1","","3","","","2","1","0","0","0","0","0","2","0","2","","","","N","","","","","","","","","",""
"2014018356","0754","0","0","0","0","0","0","0","0","0","7","0","","02","2","2014","4","40.424622","-80.103733","0730","11","0","0","0","0","0","1","0","0","","0","0","0","","","0","","0","","40 25:28.638","","2","80 06:13.437","0","0","0","0","2115","0","0","0","Y","0","0","0","1","68B03","0","","2.0","","6","N","N","","0","","0","0","1","","0","","","1","0","0","0","0","0","0","2","0","1","","","","N","","","","","","","","","",""
"2014020718","1719","1","0","0","0","0","0","0","0","0","7","0","","02","2","2014","1","40.391496","-79.933811","1641","11","0","0","0","0","0","0","0","0","1","0","0","0","","","0","","0","","40 23:29.387","4","2","79 56:01.718","0","0","0","0","2301","0","0","0","N","0","0","0","2","02301","0","","1.0","","7","N","N","","0","","0","0","0","","0","N","","1","0","0","0","0","0","0","2","0","1","","","","N","","","","","","","","","",""
"2014019970","1821","1","0","0","0","0","0","0","0","0","4","0","","02","2","2014","5","40.559446","-79.959266","1817","11","0","0","0","0","0","0","0","0","2","0","0","0","","","1","","2","","40 33:34.005","2","0","79 57:33.357","8","0","0","0","2207","0","0","0","N","0","0","0","2","02207","0","","1.0","","1","N","N","","0","","0","0","1","","2","Y","","2","1","0","0","0","1","0","2","0","2","","","","N","","","","","","","","","",""
"2014004166","1402","3","0","0","0","0","0","0","0","0","2","0","","02","1","2014","5","40.419254","-80.045989","1402","11","0","0","0","0","0","0","1","1","","0","0","0","","","0","","1","","40 25:09.315","","0","80 02:45.559","0","0","0","0","2435","0","0","0","N","0","0","0","3","02435","0","","1.0","","1","N","N","","0","","0","0","0","","2","","","3","0","0","0","0","0","0","2","0","3","","","","N","","","","","","","","","",""
"2014020584","1530","1","0","0","0","0","0","0","0","0","5","0","","02","2","2014","1","40.539663","-79.840407","1526","11","0","0","0","0","0","0","0","0","1","0","0","0","","","0","","0","","40 32:22.787","3","1","79 50:25.465","0","0","0","0","2208","0","0","0","N","0","0","0","4","02208","0","","1.0","","2","N","N","","0","","0","0","1","","0","Y","","2","0","0","0","0","0","0","2","0","2","","","","N","","","","","","","","","",""
"2014018357","0850","1","0","0","0","0","0","0","0","0","7","0","","02","2","2014","1","40.429617","-79.875853","0827","11","0","0","0","0","0","0","0","1","","0","0","0","","","1","","0","","40 25:46.622","","0","79 52:33.071","4","0","0","0","2426","0","0","0","N","0","0","0","1","68B03","1","","3.0","","9","N","N","","0","","0","0","0","","0","","","1","1","0","0","0","0","0","2","0","1","","","","N","","","","","","","","","",""
"2014018358","1102","1","0","0","0","0","0","0","0","0","7","0","","02","2","2014","1","40.428919","-79.930334","1030","11","0","0","0","0","0","1","0","0","","0","0","0","","","0","","0","","40 25:44.110","","0","79 55:49.202","0","0","0","0","2301","0","0","0","N","0","0","0","1","68B03","0","","2.0","","9","N","N","","0","","0","0","0","","0","","","1","0","0","0","0","0","0","2","0","1","","","","N","","","","","","","","","",""
"2014019270","0150","0","0","0","0","0","0","0","0","0","7","0","","02","2","2014","1","40.541128","-79.79083","0150","11","0","0","0","0","0","0","0","0","1","0","0","0","","","0","","0","","40 32:28.060","2","0","79 47:26.989","0","0","0","0","2462","0","0","0","N","0","0","0","1","02462","0","","5.0","","1","N","N","","0","","0","0","1","","0","N","","1","0","0","0","0","0","0","2","0","1","","","","N","","","","","","","","","",""
"2014005675","1845","0","0","0","0","0","0","0","0","0","7","0","","02","1","2014","4","40.429546","-80.028304","1829","11","0","0","0","0","0","0","1","0","1","0","0","0","","","1","","0","","40 25:46.367","3","0","80 01:41.896","8","0","0","0","2301","0","0","0","N","0","0","0","1","68B03","0","","2.0","","1","N","N","","0","","0","0","1","","0","N","","1","1","0","0","0","1","0","2","0","1","","","","N","","","","","","","","","",""
"2014019059","1506","1","0","0","0","0","0","0","0","0","7","0","","02","2","2014","4","40.426878","-80.281584","1501","11","0","0","0","0","0","0","0","0","","0","0","0","","","2","","0","","40 25:36.762","","0","80 16:53.702","4","0","0","0","2214","0","0","0","N","0","0","0","2","02214","1","","5.0","","1","N","N","","0","","0","0","0","","0","","","1","2","2","0","0","1","0","1","0","1","","","","N","","","","","","","","","",""
"2014018359","1102","0","0","0","0","0","0","0","0","0","1","0","","02","2","2014","1","40.428919","-79.930334","1035","11","0","0","0","0","0","1","0","0","","0","0","0","","","1","","0","","40 25:44.110","","0","79 55:49.202","4","0","0","0","2301","0","0","0","N","0","0","0","2","68B03","1","","1.0","","9","N","N","","1","","0","0","1","","0","","","2","1","0","0","0","0","0","2","0","2","","","","N","","","","","","","","","",""
"2014005676","1937","2","0","0","0","0","0","0","0","0","1","0","","02","1","2014","1","40.439381","-80.008478","1926","11","0","0","0","0","0","2","0","0","","0","0","0","","","1","","0","","40 26:21.770","","0","80 00:30.519","8","0","0","0","2301","0","0","0","N","0","0","0","2","68B03","0","","1.0","","1","N","N","","0","","0","0","0","","0","","","2","1","0","0","0","1","0","2","0","2","","","","N","","","","","","","","","",""
"2014018981","0947","1","0","0","0","0","0","0","0","0","1","0","","02","2","2014","2","40.381154","-79.811838","0926","11","0","0","0","0","0","0","1","0","","0","0","0","","","1","","1","","40 22:52.153","","0","79 48:42.618","4","0","0","0","2424","0","0","0","N","0","0","0","3","02424","1","","1.0","","1","N","N","","0","","0","0","0","","2","","","2","1","0","0","0","0","0","2","1","2","","","","N","","","","","","","","","",""
"2014018295","1119","2","0","0","0","0","0","0","0","0","4","0","","02","1","2014","6","40.306451","-79.935327","1114","11","0","0","0","0","0","1","0","0","2","0","0","0","","","2","","0","","40 18:23.223","5","7","79 56:07.178","8","0","0","0","2440","0","0","0","N","0","0","0","4","02440","0","","1.0","","1","N","N","","0","","0","0","0","","0","N","","2","2","0","0","0","2","2","2","0","2","","","","N","","","","","","","","","",""
"2014018360","1159","1","0","0","0","0","0","0","0","0","7","0","","02","2","2014","1","40.428831","-79.930357","1144","11","0","0","0","0","0","0","0","0","","0","0","0","","","0","","0","","40 25:43.793","","0","79 55:49.284","0","0","0","0","2301","0","0","0","N","0","0","0","1","68B03","0","","2.0","","7","N","N","","0","","0","0","0","","0","","","1","0","0","0","0","0","0","2","0","1","","","","N","","","","","","","","","",""
"2014019912","1610","1","0","0","0","0","0","0","0","0","4","0","","02","2","2014","7","40.461578","-79.967126","1554","11","0","0","0","0","0","1","1","0","","0","0","0","","","0","","1","","40 27:41.680","","0","79 58:01.653","0","0","0","0","2301","0","0","0","N","0","0","0","2","02301","0","","1.0","","9","N","N","","0","","0","0","1","","2","","","2","0","0","0","0","0","0","2","0","2","","","","N","","","","","","","","","",""
"2014020722","1733","1","0","0","0","0","0","0","0","0","7","0","","02","2","2014","1","40.422158","-79.972757","1713","11","0","0","0","0","0","0","0","0","3","0","0","0","","","0","","2","","40 25:19.768","7","0","79 58:21.925","0","0","0","0","2301","0","0","0","N","0","0","0","1","02301","0","","2.0","","7","N","N","","0","","0","0","0","","0","Y","","1","0","0","0","0","0","0","2","0","1","","","","N","","","","","","","","","",""
"2014019689","1748","1","0","0","0","0","0","0","0","0","0","0","","02","2","2014","5","40.531805","-79.711391","1748","11","1","0","0","0","0","0","0","0","2","0","0","0","","","2","","0","","40 31:54.499","5","0","79 42:41.009","4","0","0","0","2466","0","0","0","N","0","0","0","2","02466","2","","5.0","","7","N","N","","0","","0","0","0","","0","N","","1","2","0","0","0","0","0","1","0","1","","","","N","","","","","","","","","",""
"2014018361","1229","1","0","0","0","0","0","0","0","0","1","0","","02","2","2014","1","40.429047","-79.956367","1229","11","0","0","0","0","0","0","0","1","","0","0","0","","","0","","0","","40 25:44.568","","0","79 57:22.920","0","0","0","0","2301","0","0","0","N","0","0","0","3","68B03","0","","1.0","","7","N","N","","0","","0","0","1","","0","","","2","0","0","0","0","0","0","2","0","2","","","","N","","","","","","","","","",""
"2014019690","1312","1","0","0","0","0","0","0","0","0","7","0","","02","2","2014","4","40.549525","-79.778373","1308","11","0","0","0","0","1","0","0","0","1","0","0","0","","","0","","0","","40 32:58.290","3","0","79 46:42.142","0","0","0","0","2121","0","0","0","N","0","0","0","1","02121","0","","4.0","","6","N","N","","0","","0","0","0","","0","N","","1","0","0","0","0","0","0","1","0","1","","","","N","","","","","","","","","",""
"2014018983","1041","2","0","0","0","0","0","0","0","0","4","0","","02","2","2014","3","40.434357","-79.793364","1038","11","0","0","0","0","0","0","0","1","","0","0","0","","","3","","0","","40 26:03.685","","0","79 47:36.109","4","0","0","0","2446","0","0","0","N","0","0","0","3","02446","3","","1.0","","1","N","N","","0","","0","0","0","","0","","","2","3","2","0","0","0","0","2","0","2","","","","N","","","","","","","","","",""
"2014018996","1134","1","0","0","0","0","0","0","0","0","2","0","","02","2","2014","1","40.585914","-80.090182","1129","11","0","0","0","0","0","0","1","0","2","0","0","0","","","6","","2","","40 35:09.289","5","0","80 05:24.654","3","0","0","0","2481","0","0","0","N","0","0","0","7","02481","4","","1.0","","2","N","N","","0","","2","0","1","","0","Y","","2","6","1","0","0","0","0","2","0","2","","","","N","","","","","","","","","",""
"2014020589","1535","2","0","0","0","0","0","0","0","0","4","0","","02","2","2014","1","40.489442","-80.016455","1524","11","0","0","0","0","0","1","0","0","2","0","0","0","","","1","","0","","40 29:21.991","6","0","80 00:59.238","8","0","0","0","2301","0","0","0","N","0","0","0","3","02301","0","","1.0","","7","N","N","","0","","0","0","0","","0","N","","2","1","0","0","0","1","0","2","0","2","","","","N","","","","","","","","","",""
"2014018362","1506","1","0","0","0","0","0","0","0","0","0","0","","02","2","2014","1","40.514519","-80.278135","1435","11","0","0","0","0","0","0","0","0","","0","0","0","","","0","","0","","40 30:52.269","","0","80 16:41.285","0","0","0","0","2203","0","0","0","N","0","0","0","1","68B03","0","","4.0","","9","N","N","","0","","0","0","0","","0","","","1","0","0","0","0","0","0","1","0","1","","","","N","","","","","","","","","",""
"2014019275","2345","4","0","0","0","0","0","0","0","0","1","0","","02","2","2014","4","40.426236","-79.927757","2329","11","0","0","0","0","0","0","0","0","","0","0","0","","","0","","0","","40 25:34.449","","0","79 55:39.925","0","0","0","0","2301","0","0","0","N","0","0","0","3","02301","0","","4.0","","2","N","N","","0","","0","0","1","","0","","","5","0","0","0","0","0","0","2","0","5","","","","N","","","","","","","","","",""
"2014018363","2228","1","0","0","0","0","0","0","0","0","7","0","","02","2","2014","2","40.423646","-80.107424","2212","11","0","0","0","0","0","0","0","0","1","0","0","0","","","0","","0","","40 25:25.124","1","2","80 06:26.728","0","0","0","0","2102","0","0","0","N","0","0","0","1","68B03","0","","4.0","","9","N","N","","0","","0","0","0","","0","N","","1","0","1","0","0","0","0","2","0","1","","","","N","","","","","","","","","",""
"2014020725","1714","1","0","0","0","0","0","0","0","0","7","0","","02","2","2014","1","40.354103","-79.881151","1712","11","0","0","0","0","0","0","0","0","2","0","0","0","","","0","","0","","40 21:14.770","6","0","79 52:52.145","0","0","0","0","2423","0","0","0","N","0","0","0","1","02304","0","","4.0","","2","N","N","","0","","0","0","0","","0","N","","1","0","0","0","0","0","0","2","0","1","","","","N","","","","","","","","","",""
"2014019693","2033","1","0","0","0","0","0","0","0","0","7","0","","02","2","2014","5","40.481669","-79.837683","2027","11","0","0","0","0","0","0","0","0","1","0","0","0","","","0","","0","","40 28:54.010","6","0","79 50:15.660","0","0","0","0","2113","0","0","0","N","0","0","0","1","02113","0","","5.0","","6","N","N","","0","","0","0","0","","0","Y","","1","0","0","0","0","0","0","2","0","1","","","","N","","","","","","","","","",""
"2014019834","1150","1","0","0","0","0","0","0","0","0","7","0","","02","2","2014","5","40.485343","-79.972139","1150","11","0","0","0","0","0","1","0","0","","0","0","0","","","1","","0","","40 29:07.233","","0","79 58:19.700","4","0","0","0","2445","0","0","0","Y","0","0","0","1","02445","1","","4.0","","7","N","N","","0","","0","0","0","","0","","","1","1","0","0","0","0","0","2","0","1","","","","N","","","","","","","","","",""
"2014019916","1535","1","0","0","0","0","0","0","0","0","7","0","","02","2","2014","6","","","1530","11","0","0","0","0","0","0","0","0","2","0","0","0","","","0","","0","","","1","0","","0","0","0","0","2105","0","0","0","N","0","0","0","1","02105","0","","2.0","","1","N","N","","0","","0","0","0","","0","N","","1","0","0","0","0","0","0","1","0","1","","","","N","","","","","","","","","",""
"2014019696","1837","0","0","0","0","0","0","0","0","0","4","0","","02","2","2014","5","40.430377","-79.710764","1837","11","0","0","0","0","0","0","0","0","1","0","1","0","","","0","","1","","40 25:49.356","3","0","79 42:38.750","0","0","0","0","2446","0","0","0","N","0","0","0","2","02446","0","","1.0","","9","N","N","","0","","0","0","0","","2","N","","2","0","0","0","0","0","0","2","1","2","","","","N","","","","","","","","","",""
"2014020509","1930","1","0","0","0","0","0","0","0","0","6","0","","02","2","2014","7","40.396176","-80.191312","1924","11","0","0","0","0","0","0","1","0","3","0","0","0","","","0","","2","","40 23:46.233","4","0","80 11:28.723","0","0","0","0","2214","0","0","0","N","0","0","0","4","02214","0","","1.0","","1","N","N","","1","","0","0","0","","0","N","","2","0","0","0","0","0","0","1","0","2","","","","N","","","","","","","","","",""
"2014019979","0330","1","0","0","0","0","0","0","0","0","7","0","","02","2","2014","2","40.503576","-80.137547","0322","11","0","0","0","0","0","0","0","0","1","0","0","0","","","1","","0","","40 30:12.873","2","3","80 08:15.170","4","0","0","0","2115","0","0","0","N","0","0","0","2","68B03","1","","2.0","","7","N","N","","0","","0","0","1","","0","N","","2","1","0","0","0","0","0","2","0","2","","","","N","","","","","","","","","",""
"2014018302","0728","1","0","0","0","0","0","0","0","0","6","0","","02","2","2014","2","40.495705","-79.978618","0721","11","0","0","0","0","0","0","0","0","","0","0","0","","","0","","0","","40 29:44.539","","0","79 58:43.024","0","0","0","0","2118","0","0","0","N","0","0","0","2","02118","0","","1.0","","2","N","N","","1","","0","0","0","","0","","","2","0","2","0","0","0","0","2","0","2","","","","N","","","","","","","","","",""
"2014020728","1827","1","0","0","0","0","0","0","0","0","7","0","","02","2","2014","1","40.493344","-79.818669","1808","11","0","0","0","0","0","0","0","0","","0","0","0","","","0","","2","","40 29:36.037","","0","79 49:07.210","0","0","0","0","2113","0","0","0","N","0","0","0","1","02113","0","","5.0","","7","N","N","","0","","0","0","0","","0","","","1","0","0","0","0","0","0","2","0","1","","","","N","","","","","","","","","",""
"2014019980","0600","1","0","0","0","0","0","0","0","0","7","0","","02","2","2014","3","40.501524","-80.135166","0542","11","0","0","0","0","0","0","0","0","","0","0","0","","","0","","0","","40 30:05.486","","2","80 08:06.597","0","0","0","0","2115","0","0","0","N","0","0","0","1","68B03","0","","1.0","","1","N","N","","0","","0","0","0","","0","","","1","0","0","0","0","0","0","2","0","1","","","","N","","","","","","","","","",""
"2014019001","0845","2","0","0","0","0","0","0","0","0","1","0","","02","2","2014","4","40.421478","-79.958736","0820","11","0","0","0","0","0","0","0","0","2","0","0","0","","","1","","0","","40 25:17.320","4","0","79 57:31.451","3","0","0","0","2301","0","0","0","N","0","0","0","2","02301","0","","1.0","","2","N","N","","0","","1","0","0","","0","N","","2","1","0","0","0","0","0","2","0","2","","","","N","","","","","","","","","",""
"2014019838","0858","1","0","0","0","0","0","0","0","0","1","1","","02","2","2014","6","40.467622","-79.92818","0850","11","0","0","0","0","0","0","1","0","1","0","1","0","","","1","","1","","40 28:03.439","4","0","79 55:41.448","8","0","0","0","2301","0","0","0","N","0","0","0","2","02301","0","","1.0","","9","N","N","","0","","0","0","0","","2","N","","2","1","1","0","0","1","0","2","0","2","","","","N","","","","","","","","","",""
"2014019919","1535","0","0","0","0","0","0","0","0","0","7","0","","02","2","2014","5","40.368273","-79.947542","1528","11","0","0","0","0","0","0","0","0","","0","0","0","","","0","","0","","40 22:05.783","","0","79 56:51.152","0","0","0","0","2473","0","0","0","N","0","0","0","3","02473","0","","5.0","","2","N","N","","0","","0","0","0","","0","","","1","0","1","0","0","0","0","2","1","1","","","","N","","","","","","","","","",""
"2014020729","1936","2","0","0","0","0","0","0","0","0","4","0","","02","2","2014","1","40.479301","-79.955106","1925","11","0","0","0","1","0","0","0","0","1","0","0","0","","","0","","0","","40 28:45.482","4","7","79 57:18.382","0","0","0","0","2301","0","0","0","N","0","0","0","2","02301","0","","1.0","","7","N","N","","0","","0","0","0","","0","N","","2","0","1","0","0","0","0","2","0","2","","","","N","","","","","","","","","",""
"2014019981","1305","2","0","0","0","0","0","0","0","0","4","0","","02","2","2014","1","40.552082","-80.086733","1305","11","0","0","0","0","0","1","0","0","","0","0","0","","","0","","0","","40 33:07.496","","0","80 05:12.240","0","0","0","0","2215","0","0","0","N","0","0","0","2","68B03","0","","1.0","","7","N","N","","0","","0","0","0","","0","","","2","0","0","0","0","0","0","2","0","2","","","","N","","","","","","","","","",""
"2014020596","2046","2","0","0","0","0","0","0","0","0","5","0","","02","2","2014","7","40.350273","-79.926997","2044","11","0","0","0","0","0","1","0","0","2","0","0","0","","","2","","1","","40 21:00.984","6","0","79 55:37.188","3","0","0","0","2473","0","0","0","N","0","0","0","5","02473","0","","1.0","","1","N","N","","0","","2","0","0","","2","Y","","2","2","1","0","0","0","0","2","0","2","","","","N","","","","","","","","","",""
"2014018304","0055","2","0","0","0","0","0","0","0","0","4","0","","02","2","2014","3","40.428551","-79.976817","0051","11","0","0","0","0","0","0","0","0","1","0","0","0","","","0","","0","","40 25:42.782","4","0","79 58:36.542","9","0","0","0","2301","0","0","0","N","0","0","0","2","02301","0","","1.0","","1","N","N","","0","","0","0","1","","0","N","","3","0","0","0","0","0","1","2","0","3","","","","N","","","","","","","","","",""