"CRN","ARRIVAL_TM","AUTOMOBILE_COUNT","BELTED_DEATH_COUNT","BELTED_SUSP_SERIOUS_INJ_COUNT","BICYCLE_COUNT","BICYCLE_DEATH_COUNT","BICYCLE_SUSP_SERIOUS_INJ_COUNT","BUS_COUNT","CHLDPAS_DEATH_COUNT","CHLDPAS_SUSP_SERIOUS_INJ_COUNT","COLLISION_TYPE","COMM_VEH_COUNT","CONS_ZONE_SPD_LIM","COUNTY","CRASH_MONTH","CRASH_YEAR","DAY_OF_WEEK","DEC_LATITUDE","DEC_LONGITUDE","DISPATCH_TM","DISTRICT","DRIVER_COUNT_16YR","DRIVER_COUNT_17YR","DRIVER_COUNT_18YR","DRIVER_COUNT_19YR","DRIVER_COUNT_20YR","DRIVER_COUNT_50_64YR","DRIVER_COUNT_65_74YR","DRIVER_COUNT_75PLUS","EST_HRS_CLOSED","FATAL_COUNT","HEAVY_TRUCK_COUNT","HORSE_BUGGY_COUNT","HOUR_OF_DAY","ILLUMINATION","INJURY_COUNT","INTERSECTION_RELATED","INTERSECT_TYPE","LANE_CLOSED","LATITUDE","LN_CLOSE_DIR","LOCATION_TYPE","LONGITUDE","MAX_SEVERITY_LEVEL","MCYCLE_DEATH_COUNT","MCYCLE_SUSP_SERIOUS_INJ_COUNT","MOTORCYCLE_COUNT","MUNICIPALITY","NONMOTR_COUNT","NONMOTR_DEATH_COUNT","NONMOTR_SUSP_SERIOUS_INJ_COUNT","NTFY_HIWY_MAINT","PED_COUNT","PED_DEATH_COUNT","PED_SUSP_SERIOUS_INJ_COUNT","PERSON_COUNT","POLICE_AGCY","POSSIBLE_INJ_COUNT","RDWY_SURF_TYPE_CD","RELATION_TO_ROAD","ROADWAY_CLEARED","ROAD_CONDITION","SCH_BUS_IND","SCH_ZONE_IND","SECONDARY_CRASH","SMALL_TRUCK_COUNT","SPEC_JURIS_CD","SUSP_MINOR_INJ_COUNT","SUSP_SERIOUS_INJ_COUNT","SUV_COUNT","TCD_FUNC_CD","TCD_TYPE","TFC_DETOUR_IND","TIME_OF_DAY","TOTAL_UNITS","TOT_INJ_COUNT","UNBELTED_OCC_COUNT","UNB_DEATH_COUNT","UNB_SUSP_SERIOUS_INJ_COUNT","UNK_INJ_DEG_COUNT","UNK_INJ_PER_COUNT","URBAN_RURAL","VAN_COUNT","VEHICLE_COUNT","WEATHER1","WEATHER2","WORKERS_PRES","WORK_ZONE_IND","WORK_ZONE_LOC","WORK_ZONE_TYPE","WZ_CLOSE_DETOUR","WZ_FLAGGER","WZ_LAW_OFFCR_IND","WZ_LN_CLOSURE","WZ_MOVING","WZ_OTHER","WZ_SHLDER_MDN","WZ_WORKERS_INJ_KILLED"
"2014004463","","1","0","1","0","0","0","0","0","0","2","0","","02","1","2014","6","40.382961","-79.806999","","11","0","0","0","0","0","0","0","0","2","0","0","0","","","1","","1","","40 22:58.659","7","0","79 48:25.196","2","0","0","0","2424","0","0","0","N","0","0","0","2","02424","0","","1.0","","6","N","N","","1","","0","1","0","","8","Y","","2","1","0","0","0","0","0","2","0","2","","","","N","","","","","","","","","",""
"2014005276","","1","0","0","0","0","0","0","0","0","4","0","","02","1","2014","5","40.652306","-79.792583","","11","0","0","0","0","0","1","0","0","2","0","0","0","","","2","","1","","40 39:08.301","7","0","79 47:33.297","3","0","0","0","2202","0","0","0","Y","0","0","0","2","02202","0","","1.0","","1","N","N","","0","","2","0","1","","3","N","","2","2","0","0","0","0","0","1","0","2","","","","N","","","","","","","","","",""
"2014005807","","1","0","0","0","0","0","0","0","0","4","1","","02","1","2014","1","40.411974","-79.881134","","11","0","0","0","0","0","0","0","0","","0","0","0","","","0","","10","","40 24:43.106","","0","79 52:52.082","0","0","0","0","2456","0","0","0","N","0","0","0","1","02456","0","","4.0","","1","N","N","","0","","0","0","1","","0","","","3","0","0","0","0","0","0","2","1","3","","","","N","","","","","","","","","",""
"2014005076","","0","0","0","0","0","0","0","0","0","7","0","","02","1","2014","1","40.569773","-80.117134","","11","0","0","0","0","0","0","0","0","2","0","0","0","","","0","","0","","40 34:11.183","2","0","80 07:01.683","0","0","0","0","2460","0","0","0","Y","0","0","0","2","02215","0","","4.0","","6","N","N","","1","","0","0","0","","0","N","","1","0","1","0","0","0","0","2","0","1","","","","N","","","","","","","","","",""
"2014005278","","1","0","0","0","0","0","0","0","0","7","0","","02","1","2014","5","40.574947","-80.077678","","11","0","0","0","0","0","1","0","0","","0","0","0","","","0","","3","","40 34:29.808","","0","80 04:39.641","0","0","0","0","2481","0","0","0","N","0","0","0","1","02481","0","","5.0","","1","N","N","","0","","0","0","0","","0","","","1","0","0","0","0","0","0","2","0","1","","","","N","","","","","","","","","",""
"2014004935","","0","0","0","0","0","0","0","0","0","1","0","","02","1","2014","7","40.505041","-80.104061","","11","0","0","0","0","0","1","0","0","","0","0","0","","","1","","0","","40 30:18.147","","0","80 06:14.619","4","0","0","0","2110","0","0","0","N","0","0","0","2","02215","1","","1.0","","9","N","N","","2","","0","0","0","","0","","","2","1","0","0","0","0","0","2","0","2","","","","N","","","","","","","","","",""
"2014004175","","1","0","0","0","0","0","0","0","0","7","0","","02","1","2014","4","40.512222","-79.993369","","11","0","0","0","0","0","0","0","0","","0","0","0","","","1","","0","","40 30:44.000","","0","79 59:36.130","4","0","0","0","2116","0","0","0","N","0","0","0","1","02116","1","","2.0","","2","N","N","","0","","0","0","0","","0","","","1","1","0","0","0","0","0","2","0","1","","","","N","","","","","","","","","",""
"2014004465","","0","0","0","0","0","0","0","0","0","4","0","","02","1","2014","6","40.264463","-79.878649","","11","0","0","0","0","0","0","1","0","2","0","0","0","","","0","","2","","40 15:52.065","2","7","79 52:43.138","0","0","0","0","2105","0","0","0","N","0","0","0","2","02105","0","","1.0","","9","N","N","","1","","0","0","1","","2","N","","2","0","0","0","0","0","0","1","0","2","","","","N","","","","","","","","","",""
"2014004244","","3","0","0","0","0","0","0","0","0","1","0","","02","1","2014","4","40.371388","-79.788991","","11","0","0","0","0","0","1","0","0","1","0","0","0","","","1","","2","","40 22:16.998","4","0","79 47:20.368","4","0","0","0","2111","0","0","0","N","0","0","0","5","02111","1","","1.0","","1","N","N","","0","","0","0","1","","0","N","","5","1","0","0","0","0","0","2","0","4","","","","N","","","","","","","","","",""
"2014004322","","1","0","0","0","0","0","0","0","0","4","0","","02","1","2014","5","40.306933","-79.886373","","11","0","0","0","0","0","2","0","0","","0","0","0","","","0","","2","","40 18:24.959","","0","79 53:10.942","0","0","0","0","2302","0","0","0","N","0","0","0","2","02302","0","","1.0","","1","N","N","","1","","0","0","0","","0","","","2","0","0","0","0","0","0","2","0","2","","","","N","","","","","","","","","",""
"2014004937","","1","0","0","0","0","0","0","0","0","1","0","","02","1","2014","7","40.248853","-79.877087","","11","0","0","0","0","0","0","0","0","","0","0","0","","","1","","2","","40 14:55.870","","0","79 52:37.512","8","0","0","0","2204","0","0","0","N","0","0","0","5","02204","0","","1.0","","1","N","N","","1","","0","0","0","","2","","","2","1","0","0","0","1","0","1","0","2","","","","N","","","","","","","","","",""
"2014003629","","2","0","0","0","0","0","0","0","0","4","0","","02","1","2014","5","40.438067","-79.922993","","11","0","0","0","0","0","0","0","0","3","0","0","0","","","0","","1","","40 26:17.041","7","0","79 55:22.774","0","0","0","0","2301","0","0","0","N","0","0","0","3","02301","0","","1.0","","6","N","N","","0","","0","0","1","","2","Y","","3","0","0","0","0","0","0","2","0","3","","","","N","","","","","","","","","",""
"2014004179","","0","0","0","0","0","0","0","0","0","1","0","","02","1","2014","5","40.473674","-79.856493","","11","0","0","0","0","0","1","0","1","3","0","0","0","","","2","","2","","40 28:25.228","7","0","79 51:23.374","8","0","0","0","2113","0","0","0","N","0","0","0","2","02113","0","","1.0","","9","N","N","","0","","0","0","2","","3","N","","2","2","0","0","0","2","0","2","0","2","","","","N","","","","","","","","","",""
"2014005006","","2","0","0","0","0","0","0","0","0","4","0","","02","1","2014","7","40.513921","-80.003529","","11","0","0","0","0","1","0","0","0","1","0","0","0","","","0","","2","","40 30:50.116","1","2","80 00:12.704","0","0","0","0","2116","0","0","0","N","0","0","0","3","02116","0","","1.0","","1","N","N","","0","","0","0","0","","3","Y","","2","0","0","0","0","0","0","2","0","2","","","","N","","","","","","","","","",""
"2014005282","","0","0","0","0","0","0","0","0","0","4","0","","02","1","2014","2","40.457246","-79.997838","","11","0","0","0","0","0","1","0","0","","0","0","0","","","0","","1","","40 27:26.085","","0","79 59:52.216","0","0","0","0","2301","0","0","0","","0","0","0","2","02301","0","","1.0","","1","N","N","","1","","0","0","0","","2","","","2","0","0","0","0","0","0","2","1","2","","","","N","","","","","","","","","",""
"2014004250","","1","0","0","0","0","0","0","0","0","1","0","","02","1","2014","4","40.381688","-79.811308","","11","0","0","0","0","0","0","0","0","1","0","0","0","","","1","","2","","40 22:54.076","2","0","79 48:40.708","8","0","0","0","2424","0","0","0","N","0","0","0","2","02424","0","","1.0","","1","N","N","","0","","0","0","1","","0","N","","2","1","0","0","0","1","0","2","0","2","","","","N","","","","","","","","","",""
"2014004474","","1","0","0","0","0","0","0","0","0","4","0","","02","1","2014","6","40.386142","-79.822478","","11","0","0","0","1","0","0","0","0","2","0","0","0","","","0","","0","","40 23:10.110","5","7","79 49:20.920","0","0","0","0","2111","0","0","0","N","0","0","0","3","02111","0","","1.0","","9","N","N","","0","","0","0","1","","0","N","","2","0","0","0","0","0","0","2","0","2","","","","N","","","","","","","","","",""
"2014005689","","0","0","0","0","0","0","0","0","0","7","0","","02","1","2014","7","40.649292","-79.723015","","11","0","0","0","0","0","0","0","0","","0","0","0","","","0","","0","","40 38:57.451","","0","79 43:22.854","0","0","0","0","2106","0","0","0","N","0","0","0","1","68B03","0","","2.0","","9","N","N","","0","","0","0","1","","0","","","1","0","0","0","0","0","0","2","0","1","","","","N","","","","","","","","","",""
"2014003634","","1","0","0","0","0","0","0","0","0","7","0","","02","1","2014","7","40.483924","-79.765938","","11","0","0","0","0","0","0","0","0","2","0","0","0","","","0","","0","","40 29:02.126","5","0","79 45:57.376","0","0","0","0","2466","0","0","0","N","0","0","0","1","02466","0","","2.0","","2","N","N","","0","","0","0","0","","0","N","","1","0","0","0","0","0","0","2","0","1","","","","N","","","","","","","","","",""
"2014005690","","1","0","0","0","0","0","0","0","0","7","0","","02","1","2014","2","40.607476","-79.763423","","11","0","0","0","0","0","0","0","0","","0","0","0","","","0","","0","","40 36:26.912","","0","79 45:48.322","0","0","0","0","2464","0","0","0","N","0","0","0","1","68D01","0","","4.0","","2","N","N","","0","","0","0","0","","0","","","1","0","0","0","0","0","0","1","0","1","","","","N","","","","","","","","","",""
"2014003568","","0","0","0","0","0","0","0","0","0","1","0","","02","1","2014","4","40.421823","-80.004244","","11","0","0","0","0","0","0","0","0","","0","0","0","","","0","","0","","40 25:18.562","","4","80 00:15.279","0","0","0","0","2301","0","0","0","N","0","0","0","2","02301","0","","1.0","","2","N","N","","0","","0","0","1","","0","","","2","0","1","0","0","0","0","2","1","2","","","","N","","","","","","","","","",""
"2014004335","","1","0","0","0","0","0","1","0","0","1","1","","02","1","2014","5","40.301026","-79.919363","","11","0","0","0","0","0","1","0","0","1","0","0","0","","","2","","2","","40 18:03.692","4","0","79 55:09.706","8","0","0","0","2440","0","0","0","N","0","0","0","4","02440","0","","1.0","","1","Y","N","","0","","0","0","0","","3","Y","","2","2","0","0","0","2","0","2","0","2","","","","N","","","","","","","","","",""
"2014003635","","1","0","0","0","0","0","0","0","0","7","0","","02","1","2014","1","40.494367","-80.033706","","11","0","0","0","0","0","1","0","0","1","0","0","0","","","0","","0","","40 29:39.720","4","0","80 02:01.340","0","0","0","0","2116","0","0","0","N","0","0","0","1","02116","0","","2.0","","2","N","N","","0","","0","0","0","","0","N","","1","0","0","0","0","0","0","2","0","1","","","","N","","","","","","","","","",""
"2014004265","","1","0","0","0","0","0","0","0","0","7","0","","02","1","2014","4","40.478479","-80.054123","","11","0","0","0","0","0","0","0","0","","0","0","0","","","0","","0","","40 28:42.524","","0","80 03:14.842","0","0","0","0","2122","0","0","0","N","0","0","0","1","02444","0","","6.0","","2","N","N","","0","","0","0","0","","3","","","1","0","0","0","0","0","0","2","0","1","","","","N","","","","","","","","","",""
"2014003648","","2","0","0","0","0","0","0","0","0","6","0","","02","1","2014","5","40.453987","-79.997852","","11","0","0","0","1","0","1","0","0","","0","0","0","","","0","","1","","40 27:14.353","","0","79 59:52.267","0","0","0","0","2301","0","0","0","N","0","0","0","2","02301","0","","1.0","","9","N","N","","0","","0","0","0","","2","","","2","0","0","0","0","0","0","2","0","2","","","","N","","","","","","","","","",""
"2014006021","","1","0","0","0","0","0","0","0","0","4","0","","02","1","2014","3","40.447891","-79.897344","","11","0","0","0","0","0","0","0","0","","0","0","0","","","0","","0","","40 26:52.408","","7","79 53:50.440","9","0","0","0","2301","0","0","0","N","0","0","0","2","02301","0","","1.0","","1","N","N","","1","","0","0","0","","0","","","2","0","0","0","0","0","1","2","0","2","","","","N","","","","","","","","","",""
"2014005836","","1","0","0","0","0","0","0","0","0","4","0","","02","1","2014","3","40.603276","-79.757344","","11","0","0","0","0","0","1","0","0","1","0","0","0","","","2","","1","","40 36:11.794","5","99","79 45:26.437","8","0","0","0","2464","0","0","0","N","0","0","0","2","02464","0","","1.0","","1","N","N","","0","","0","0","0","","3","N","","2","2","0","0","0","2","0","2","1","2","","","","N","","","","","","","","","",""
"2014004337","","2","0","0","0","0","0","0","0","0","1","0","","02","1","2014","6","40.345633","-80.114238","","11","0","0","0","0","0","2","0","0","1","0","0","0","","","0","","1","","40 20:44.280","2","0","80 06:51.257","0","0","0","0","2119","0","0","0","N","0","0","0","4","02119","0","","1.0","","9","N","N","","0","","0","0","1","","0","N","","3","0","0","0","0","0","0","2","0","3","","","","N","","","","","","","","","",""
"2014003649","","3","0","0","0","0","0","0","0","0","1","0","","02","1","2014","4","40.399664","-80.035671","","11","0","0","0","0","0","0","0","0","","0","0","0","","","0","","0","","40 23:58.792","","0","80 02:08.416","0","0","0","0","2422","0","0","0","N","0","0","0","2","02422","0","","1.0","","7","N","N","","0","","0","0","1","","0","","","4","0","0","0","0","0","0","2","0","4","","","","N","","","","","","","","","",""
"2014005290","","2","0","0","0","0","0","0","0","0","1","0","","02","1","2014","2","40.451509","-79.908149","","11","0","0","0","0","0","1","0","0","","0","0","0","","","2","","1","","40 27:05.432","","0","79 54:29.335","4","0","0","0","2301","0","0","0","N","0","0","0","5","02301","1","","1.0","","1","N","N","","0","","0","0","0","","2","","","2","2","0","0","0","1","0","2","0","2","","","","N","","","","","","","","","",""
"2014004948","","1","0","0","0","0","0","0","0","0","7","0","","02","1","2014","1","40.384331","-79.980444","","11","0","0","0","0","0","0","0","0","2","0","0","0","","","1","","2","","40 23:03.591","6","0","79 58:49.598","4","0","0","0","2301","0","0","0","N","0","0","0","1","02301","1","","4.0","","1","N","N","","0","","0","0","0","","0","Y","","1","1","0","0","0","0","0","2","0","1","","","","N","","","","","","","","","",""
"2014004189","","1","0","0","0","0","0","0","0","0","2","0","","02","1","2014","5","40.509038","-79.88826","","11","0","0","0","0","0","1","0","0","","0","0","0","","","1","","1","","40 30:32.536","","0","79 53:17.736","4","0","0","0","2432","0","0","0","N","0","0","0","2","02432","1","","1.0","","1","N","N","","0","","0","0","0","","3","","","2","1","0","0","0","0","0","2","1","2","","","","N","","","","","","","","","",""
"2014004269","","1","0","0","0","0","0","0","0","0","7","0","","02","1","2014","6","40.450801","-79.903001","","11","0","0","0","0","0","0","0","1","","0","0","0","","","0","","0","","40 27:02.883","","0","79 54:10.803","0","0","0","0","2301","0","0","0","N","0","0","0","1","02301","0","","5.0","","9","N","N","","0","","0","0","0","","0","","","1","0","0","0","0","0","0","2","0","1","","","","N","","","","","","","","","",""
"2014004191","","1","0","0","0","0","0","0","0","0","5","0","","02","1","2014","5","40.354973","-80.115926","","11","0","0","0","0","0","0","0","0","","0","0","0","","","0","","3","","40 21:17.904","","2","80 06:57.334","0","0","0","0","2119","0","0","0","N","0","0","0","2","02119","0","","1.0","","1","N","N","","1","","0","0","0","","4","","","2","0","0","0","0","0","0","2","0","2","","","","N","","","","","","","","","",""
"2014005839","","2","0","0","0","0","0","0","0","0","4","0","","02","1","2014","3","40.420015","-79.889226","","11","0","0","0","0","1","0","0","0","1","0","0","0","","","0","","2","","40 25:12.054","1","0","79 53:21.213","0","0","0","0","2463","0","0","0","N","0","0","0","2","02463","0","","1.0","","1","N","N","","0","","0","0","0","","2","N","","2","0","0","0","0","0","0","2","0","2","","","","N","","","","","","","","","",""
"2014004340","","1","0","0","0","0","0","0","0","0","1","0","","02","1","2014","6","40.456047","-79.991701","","11","0","0","0","0","0","2","1","0","","0","0","0","","","0","","3","","40 27:21.770","","2","79 59:30.122","0","0","0","0","2301","0","0","0","N","0","0","0","6","02301","0","","1.0","","1","N","N","","0","","0","0","1","","0","","","4","0","1","0","0","0","0","2","2","4","","","","N","","","","","","","","","",""
"2014006025","","1","0","0","0","0","0","0","0","0","0","0","","02","1","2014","3","40.456718","-79.906676","","11","0","0","0","0","0","0","0","0","1","0","0","0","","","0","","1","","40 27:24.184","3","0","79 54:24.033","0","0","0","0","2301","0","0","0","N","0","0","0","1","02301","0","","1.0","","1","N","N","","0","","0","0","0","","3","Y","","1","0","0","0","0","0","0","2","0","1","","","","N","","","","","","","","","",""
"2014004341","","1","0","0","0","0","0","0","0","0","1","0","","02","1","2014","6","40.429355","-79.727931","","11","1","0","0","0","0","0","0","0","2","0","0","0","","","2","","0","","40 25:45.678","3","0","79 43:40.551","8","0","0","0","2446","0","0","0","N","0","0","0","4","02446","0","","1.0","","1","N","N","","0","","0","0","1","","2","N","","2","2","0","0","0","2","0","2","0","2","","","","N","","","","","","","","","",""
"2014005960","","2","0","0","0","0","0","0","0","0","4","0","","02","1","2014","3","40.396683","-79.993618","","11","0","0","0","0","0","0","0","0","2","0","0","0","","","1","","0","","40 23:48.058","6","0","79 59:37.023","3","0","0","0","2301","0","0","0","N","0","0","0","2","02301","0","","1.0","","1","N","N","","0","","1","0","0","","0","Y","","2","1","0","0","0","0","0","2","0","2","","","","N","","","","","","","","","",""
"2014004483","","2","0","0","0","0","0","0","0","0","4","0","","02","1","2014","6","40.444202","-80.028173","","11","0","0","0","1","0","0","0","0","2","0","0","0","","","0","","1","","40 26:39.126","2","3","80 01:41.424","0","0","0","0","2301","0","0","0","N","0","0","0","4","02301","0","","1.0","","1","N","N","","0","","0","0","0","","2","Y","","2","0","0","0","0","0","0","2","0","2","","","","N","","","","","","","","","",""
"2014003642","","1","0","0","0","0","0","0","0","0","7","0","","02","1","2014","4","40.612113","-79.757568","","11","0","0","0","0","0","0","0","0","","0","0","0","","","0","","0","","40 36:43.606","","2","79 45:27.246","0","0","0","0","2464","0","0","0","Y","0","0","0","1","02464","0","","5.0","","7","N","N","","0","","0","0","0","","0","","","1","0","0","0","0","0","0","2","0","1","","","","N","","","","","","","","","",""
"2014005961","","1","0","0","0","0","0","0","0","0","1","0","","02","1","2014","3","40.642739","-80.067719","","11","0","0","0","0","0","1","0","0","1","0","0","0","","","0","","0","","40 38:33.860","2","0","80 04:03.788","0","0","0","0","2216","0","0","0","N","0","0","0","2","02505","0","","1.0","","1","N","N","","1","","0","0","0","","2","N","","2","0","0","0","0","0","0","2","0","2","","","","N","","","","","","","","","",""
"2014005758","","1","0","0","0","0","0","0","0","0","1","0","","02","1","2014","7","40.384919","-79.862737","","11","0","0","0","0","0","1","0","0","1","0","0","0","","","0","","2","","40 23:05.707","2","0","79 51:45.853","0","0","0","0","2473","0","0","0","N","0","0","0","3","02473","0","","1.0","","9","N","N","","0","","0","0","1","","2","Y","","2","0","0","0","0","0","0","2","0","2","","","","N","","","","","","","","","",""
"2014004206","","1","0","0","0","0","0","0","0","0","4","0","","02","1","2014","6","40.46919","-79.961643","","11","0","0","0","0","0","1","0","0","","0","0","0","","","1","","1","","40 28:09.084","","0","79 57:41.913","4","0","0","0","2301","0","0","0","N","0","0","0","2","02301","1","","1.0","","9","N","N","","0","","0","0","0","","3","","","2","1","0","0","0","0","0","2","1","2","","","","N","","","","","","","","","",""
"2014005774","","1","0","0","0","0","0","0","0","0","8","0","","02","1","2014","3","40.438981","-79.99476","","11","0","0","0","0","0","0","1","0","","0","0","0","","","1","","2","","40 26:20.331","","0","79 59:41.136","4","0","0","0","2301","1","0","0","N","1","0","0","2","02301","1","","1.0","","9","N","N","","0","","0","0","0","","2","","","2","1","0","0","0","0","0","2","0","1","","","","N","","","","","","","","","",""
"2014004343","","1","0","0","0","0","0","0","0","0","4","0","","02","1","2014","3","40.393259","-80.047418","","11","0","0","0","0","0","0","0","0","2","0","0","0","","","3","","3","","40 23:35.732","2","0","80 02:50.704","8","0","0","0","2109","0","0","0","N","0","0","0","4","02109","0","","1.0","","2","N","N","","0","","0","0","1","","0","Y","","2","3","0","0","0","3","0","2","0","2","","","","N","","","","","","","","","",""
"2014005963","","0","0","0","0","0","0","0","0","0","7","0","","02","1","2014","3","","","","11","0","0","0","0","0","0","0","0","","0","0","0","","","1","","10","","","","0","","4","0","0","1","2301","0","0","0","N","0","0","0","1","02301","1","","4.0","","1","N","N","","0","","0","0","0","","0","","","1","1","0","0","0","0","0","1","0","1","","","","N","","","","","","","","","",""
"2014005097","","1","0","0","0","0","0","0","0","0","7","0","","02","1","2014","1","40.463403","-79.980803","","11","0","0","0","0","0","0","0","0","","0","0","0","","","1","","0","","40 27:48.250","","0","79 58:50.889","4","0","0","0","2301","0","0","0","Y","0","0","0","1","02301","1","","1.0","","1","N","N","","0","","0","0","0","","0","","","1","1","0","0","0","0","0","2","0","1","","","","N","","","","","","","","","",""
"2014003595","","1","0","0","0","0","0","0","0","0","8","0","","02","1","2014","4","40.45289","-79.920715","","11","0","0","0","0","0","1","0","0","1","0","0","0","","","1","","1","","40 27:10.404","3","0","79 55:14.574","8","0","0","0","2301","1","0","0","N","1","0","0","2","02301","0","","1.0","","9","N","N","","0","","0","0","0","","2","N","","2","1","0","0","0","1","0","2","0","1","","","","N","","","","","","","","","",""
"2014005300","","0","0","0","0","0","0","0","0","0","4","0","","02","1","2014","7","40.388417","-79.821944","","11","0","0","0","0","0","2","0","0","2","0","0","0","","","0","","0","","40 23:18.300","1","0","79 49:19.000","0","0","0","0","2111","0","0","0","N","0","0","0","2","02111","0","","1.0","","1","N","N","","1","","0","0","1","","0","N","","2","0","0","0","0","0","0","2","0","2","","","","N","","","","","","","","","",""
"2014004278","","0","0","0","0","0","0","0","0","0","7","0","","02","1","2014","6","40.450266","-80.06043","","11","0","0","0","0","0","0","0","0","","0","0","0","","","0","","0","","40 27:00.957","","0","80 03:37.548","9","0","0","0","2301","0","0","0","N","0","0","0","1","02301","0","","5.0","","1","N","N","","0","","0","0","1","","0","","","1","0","0","0","0","0","1","2","0","1","","","","N","","","","","","","","","",""
"2014005968","","0","0","0","0","0","0","0","0","0","7","0","","02","1","2014","2","40.64746","-79.721804","","11","0","0","0","0","0","1","0","0","","0","0","0","","","0","","0","","40 38:50.856","","0","79 43:18.496","0","0","0","0","2106","0","0","0","Y","0","0","0","1","68D02","0","","3.0","","2","N","N","","1","","0","0","0","","0","","","1","0","0","0","0","0","0","2","0","1","","","","N","","","","","","","","","",""
"2014004491","","2","0","0","0","0","0","0","0","0","4","0","","02","1","2014","6","40.474687","-80.079823","","11","0","0","0","0","0","1","0","0","1","0","0","0","","","0","","1","","40 28:28.874","1","0","80 04:47.364","0","0","0","0","2122","0","0","0","N","0","0","0","2","02122","0","","1.0","","1","N","N","","0","","0","0","0","","0","Y","","2","0","0","0","0","0","0","2","0","2","","","","N","","","","","","","","","",""
"2014004492","","2","0","0","0","0","0","0","0","0","4","0","","02","1","2014","6","40.458534","-79.972488","","11","0","0","0","0","0","1","0","0","","0","0","0","","","0","","1","","40 27:30.722","","0","79 58:20.956","0","0","0","0","2301","0","0","0","N","0","0","0","2","02301","0","","1.0","","1","N","N","","0","","0","0","0","","0","","","2","0","0","0","0","0","0","2","0","2","","","","N","","","","","","","","","",""
"2014003599","","2","0","0","0","0","0","0","0","0","1","0","","02","1","2014","4","40.385109","-79.975638","","11","0","0","0","0","1","0","0","0","1","0","0","0","","","0","","0","","40 23:06.392","3","0","79 58:32.296","0","0","0","0","2413","0","0","0","N","0","0","0","2","02413","0","","1.0","","1","N","N","","0","","0","0","0","","0","N","","2","0","0","0","0","0","0","2","0","2","","","","N","","","","","","","","","",""
"2014003600","","1","0","0","0","0","0","0","0","0","6","0","","02","1","2014","4","40.463191","-80.021527","","11","0","0","0","0","0","0","0","0","","0","0","0","","","0","","0","","40 27:47.487","","0","80 01:17.497","0","0","0","0","2301","0","0","0","N","0","0","0","1","02301","0","","6.0","","7","N","N","","0","","0","0","1","","0","","","2","0","0","0","0","0","0","2","0","2","","","","N","","","","","","","","","",""
"2014006037","","1","0","0","0","0","0","1","0","0","1","1","","02","1","2014","2","40.441317","-80.020558","","11","0","0","0","0","0","2","0","0","1","0","0","0","","","0","","0","","40 26:28.742","3","0","80 01:14.008","0","0","0","0","2301","0","0","0","N","0","0","0","4","02503","0","","1.0","","9","N","N","","0","","0","0","0","","2","N","","2","0","0","0","0","0","0","2","0","2","","","","N","","","","","","","","","",""
"2014003877","","1","0","0","0","0","0","0","0","0","7","0","","02","1","2014","5","40.566794","-80.044278","","11","0","0","0","1","0","0","0","0","","0","0","0","","","0","","0","","40 34:00.460","","0","80 02:39.400","0","0","0","0","2108","0","0","0","N","0","0","0","1","02108","0","","4.0","","7","N","N","","0","","0","0","0","","0","","","1","0","0","0","0","0","0","2","0","1","","","","N","","","","","","","","","",""
"2014003256","","1","0","0","0","0","0","0","0","0","7","0","","02","1","2014","4","40.388727","-79.829268","","11","0","0","0","0","0","0","0","0","2","0","0","0","","","1","","0","","40 23:19.418","4","4","79 49:45.365","4","0","0","0","2111","0","0","0","N","0","0","0","2","02111","1","","4.0","","2","N","N","","0","","0","0","0","","0","N","","1","1","0","0","0","0","0","2","0","1","","","","N","","","","","","","","","",""
"2014004800","","1","0","0","0","0","0","0","0","0","5","1","","02","1","2014","2","40.64047","-79.999403","","11","0","0","0","0","0","1","0","0","","0","1","0","","","1","","0","","40 38:25.691","","0","79 59:57.851","3","0","0","0","2216","0","0","0","N","0","0","0","2","68T02","0","","1.0","","6","N","N","","0","","1","0","0","","0","","","2","1","0","0","0","0","0","1","0","2","","","","N","","","","","","","","","",""
"2014005319","","1","0","0","0","0","0","0","0","0","1","0","","02","1","2014","2","40.476873","-80.066015","","11","0","0","0","0","0","0","0","1","","0","0","0","","","0","","2","","40 28:36.744","","0","80 03:57.655","0","0","0","0","2122","0","0","0","N","0","0","0","3","02122","0","","1.0","","1","N","N","","0","","0","0","1","","0","","","2","0","0","0","0","0","0","2","0","2","","","","N","","","","","","","","","",""
"2014004016","","1","0","0","0","0","0","0","0","0","2","0","","02","1","2014","1","40.399421","-80.184509","","11","0","1","0","0","0","0","0","1","1","0","0","0","","","1","","1","","40 23:57.915","7","0","80 11:04.232","4","0","0","0","2450","0","0","0","N","0","0","0","2","02450","1","","1.0","","9","N","N","","0","","0","0","1","","3","Y","","2","1","0","0","0","0","0","2","0","2","","","","N","","","","","","","","","",""
"2014003274","","1","0","0","0","0","0","0","0","0","4","0","","02","1","2014","4","40.396081","-80.009892","","11","0","0","0","0","0","0","0","0","1","0","0","0","","","1","","0","","40 23:45.891","4","0","80 00:35.611","8","0","0","0","2301","0","0","0","N","0","0","0","2","02301","0","","1.0","","1","N","N","","0","","0","0","1","","0","N","","2","1","0","0","0","1","0","2","0","2","","","","N","","","","","","","","","",""
"2014004801","","1","0","0","0","0","0","0","0","0","5","0","","02","1","2014","5","40.632196","-79.987089","","11","0","0","0","0","0","1","0","0","1","0","0","0","","","2","","0","","40 37:55.906","4","0","79 59:13.522","4","0","0","0","2217","0","0","0","N","0","0","0","2","68T02","2","","1.0","","6","N","N","","1","","0","0","0","","0","N","","2","2","0","0","0","0","0","1","0","2","","","","N","","","","","","","","","",""