"CRN","ARRIVAL_TM","AUTOMOBILE_COUNT","BELTED_DEATH_COUNT","BELTED_SUSP_SERIOUS_INJ_COUNT","BICYCLE_COUNT","BICYCLE_DEATH_COUNT","BICYCLE_SUSP_SERIOUS_INJ_COUNT","BUS_COUNT","CHLDPAS_DEATH_COUNT","CHLDPAS_SUSP_SERIOUS_INJ_COUNT","COLLISION_TYPE","COMM_VEH_COUNT","CONS_ZONE_SPD_LIM","COUNTY","CRASH_MONTH","CRASH_YEAR","DAY_OF_WEEK","DEC_LATITUDE","DEC_LONGITUDE","DISPATCH_TM","DISTRICT","DRIVER_COUNT_16YR","DRIVER_COUNT_17YR","DRIVER_COUNT_18YR","DRIVER_COUNT_19YR","DRIVER_COUNT_20YR","DRIVER_COUNT_50_64YR","DRIVER_COUNT_65_74YR","DRIVER_COUNT_75PLUS","EST_HRS_CLOSED","FATAL_COUNT","HEAVY_TRUCK_COUNT","HORSE_BUGGY_COUNT","HOUR_OF_DAY","ILLUMINATION","INJURY_COUNT","INTERSECTION_RELATED","INTERSECT_TYPE","LANE_CLOSED","LATITUDE","LN_CLOSE_DIR","LOCATION_TYPE","LONGITUDE","MAX_SEVERITY_LEVEL","MCYCLE_DEATH_COUNT","MCYCLE_SUSP_SERIOUS_INJ_COUNT","MOTORCYCLE_COUNT","MUNICIPALITY","NONMOTR_COUNT","NONMOTR_DEATH_COUNT","NONMOTR_SUSP_SERIOUS_INJ_COUNT","NTFY_HIWY_MAINT","PED_COUNT","PED_DEATH_COUNT","PED_SUSP_SERIOUS_INJ_COUNT","PERSON_COUNT","POLICE_AGCY","POSSIBLE_INJ_COUNT","RDWY_SURF_TYPE_CD","RELATION_TO_ROAD","ROADWAY_CLEARED","ROAD_CONDITION","SCH_BUS_IND","SCH_ZONE_IND","SECONDARY_CRASH","SMALL_TRUCK_COUNT","SPEC_JURIS_CD","SUSP_MINOR_INJ_COUNT","SUSP_SERIOUS_INJ_COUNT","SUV_COUNT","TCD_FUNC_CD","TCD_TYPE","TFC_DETOUR_IND","TIME_OF_DAY","TOTAL_UNITS","TOT_INJ_COUNT","UNBELTED_OCC_COUNT","UNB_DEATH_COUNT","UNB_SUSP_SERIOUS_INJ_COUNT","UNK_INJ_DEG_COUNT","UNK_INJ_PER_COUNT","URBAN_RURAL","VAN_COUNT","VEHICLE_COUNT","WEATHER1","WEATHER2","WORKERS_PRES","WORK_ZONE_IND","WORK_ZONE_LOC","WORK_ZONE_TYPE","WZ_CLOSE_DETOUR","WZ_FLAGGER","WZ_LAW_OFFCR_IND","WZ_LN_CLOSURE","WZ_MOVING","WZ_OTHER","WZ_SHLDER_MDN","WZ_WORKERS_INJ_KILLED"
"2014003057","","1","0","0","0","0","0","0","0","0","4","0","","02","1","2014","3","40.345366","-80.15479","","11","0","0","0","0","0","1","0","0","2","0","0","0","","","0","","1","","40 20:43.316","3","0","80 09:17.243","0","0","0","0","2119","0","0","0","N","0","0","0","2","02119","0","","1.0","","1","N","N","","1","","0","0","0","","3","N","","2","0","0","0","0","0","0","2","0","2","","","","N","","","","","","","","","",""
"2014004017","","0","0","0","0","0","0","0","0","0","99","0","","02","1","2014","5","40.643504","-80.053512","","11","0","0","0","0","0","0","0","0","1","0","0","0","","","0","","0","","40 38:36.613","1","0","80 03:12.644","0","0","0","0","2216","0","0","0","N","0","0","0","2","02505","0","","1.0","","1","N","N","","0","","0","0","0","","0","N","","1","0","0","0","0","0","0","2","1","1","","","","N","","","","","","","","","",""
"2014003260","","0","0","0","0","0","0","1","0","0","6","1","","02","1","2014","4","40.367461","-79.971761","","11","0","0","0","0","0","1","1","0","","0","0","0","","","0","","0","","40 22:02.860","","0","79 58:18.340","0","0","0","0","2413","0","0","0","N","0","0","0","2","02413","0","","1.0","","2","Y","N","","0","","0","0","1","","0","","","2","0","0","0","0","0","0","2","0","2","","","","N","","","","","","","","","",""
"2014004805","","1","0","0","0","0","0","0","0","0","2","0","","02","1","2014","7","40.28779","-79.998987","","11","0","0","1","0","0","1","0","0","3","0","0","0","","","2","","0","","40 17:16.045","5","0","79 59:56.352","2","0","0","0","2219","0","0","0","N","0","0","0","2","02219","1","","1.0","","9","N","N","","1","","0","1","0","","0","Y","","2","2","0","0","0","0","0","2","0","2","","05","","N","","","","","","","","","",""
"2014003746","","0","0","0","0","0","0","0","0","0","8","0","","02","1","2014","4","40.421567","-79.882536","","11","0","0","0","0","0","0","0","0","","0","0","0","","","1","","0","","40 25:17.641","","0","79 52:57.129","4","0","0","0","2463","1","0","0","N","1","0","0","2","02463","1","","1.0","","1","N","N","","1","","0","0","0","","0","","","2","1","1","0","0","0","0","2","0","1","","","","N","","","","","","","","","",""
"2014004518","","0","0","0","0","0","0","0","0","0","0","0","","02","1","2014","7","40.421545","-79.853335","","11","0","0","0","0","0","0","0","0","2","0","0","0","","","0","","0","","40 25:17.562","3","0","79 51:12.007","0","0","0","0","2431","0","0","0","N","0","0","0","1","02431","0","","1.0","","1","N","N","","0","","0","0","0","","0","N","","1","0","0","0","0","0","0","2","1","1","","","","N","","","","","","","","","",""
"2014004806","","1","0","0","0","0","0","0","0","0","8","0","","02","1","2014","7","40.45625","-79.994971","","11","0","0","0","1","0","0","0","0","1","0","0","0","","","1","","1","","40 27:22.500","7","0","79 59:41.895","8","0","0","0","2301","1","0","0","N","1","0","0","2","02301","0","","1.0","","9","N","N","","0","","0","0","0","","3","N","","2","1","0","0","0","1","0","2","0","1","","","","N","","","","","","","","","",""
"2014004036","","1","0","0","0","0","0","0","0","0","7","0","","02","1","2014","5","40.384983","-79.814594","","11","0","0","0","0","1","0","0","0","2","0","0","0","","","0","","0","","40 23:05.940","5","0","79 48:52.540","0","0","0","0","2111","0","0","0","N","0","0","0","1","02111","0","","2.0","","7","N","N","","0","","0","0","0","","3","N","","1","0","1","0","0","0","0","2","0","1","","","","N","","","","","","","","","",""
"2014004807","","2","0","0","0","0","0","0","0","0","4","0","","02","1","2014","7","40.454227","-79.948488","","11","0","0","0","0","0","0","0","0","","0","0","0","","","1","","0","","40 27:15.218","","0","79 56:54.556","4","0","0","0","2301","0","0","0","N","0","0","0","2","02301","1","","1.0","","1","N","N","","0","","0","0","0","","0","","","2","1","0","0","0","0","0","2","0","2","","","","N","","","","","","","","","",""
"2014005327","","0","0","0","0","0","0","0","0","0","4","0","","02","1","2014","2","40.454076","-79.996814","","11","0","0","0","0","1","0","0","1","1","0","0","0","","","0","","1","","40 27:14.672","3","2","79 59:48.532","0","0","0","0","2301","0","0","0","N","0","0","0","2","02301","0","","1.0","","1","N","N","","0","","0","0","2","","2","N","","2","0","0","0","0","0","0","2","0","2","","","","N","","","","","","","","","",""
"2014004744","","1","0","0","0","0","0","0","0","0","1","0","","02","1","2014","7","40.393679","-79.934454","","11","0","0","0","0","0","1","0","0","1","0","0","0","","","1","","3","","40 23:37.243","2","2","79 56:04.036","8","0","0","0","2301","0","0","0","N","0","0","0","4","02301","0","","1.0","","1","N","N","","0","","0","0","1","","0","Y","","2","1","0","0","0","1","0","2","0","2","","","","N","","","","","","","","","",""
"2014003349","","1","0","0","0","0","0","0","0","0","4","0","","02","1","2014","4","40.452823","-79.980008","","11","0","0","0","0","0","0","0","0","","0","0","0","","","1","","2","","40 27:10.162","","0","79 58:48.028","8","0","0","0","2301","0","0","0","N","0","0","0","2","02301","0","","1.0","","1","N","N","","0","","0","0","1","","3","","","2","1","0","0","0","1","0","2","0","2","","","","N","","","","","","","","","",""
"2014004102","","1","0","0","0","0","0","0","0","0","7","0","","02","1","2014","3","40.398536","-80.1052","","11","0","0","0","0","0","0","0","0","","0","0","0","","","1","","0","","40 23:54.728","","3","80 06:18.719","4","0","0","0","2102","0","0","0","N","0","0","0","1","68B03","1","","2.0","","2","N","N","","0","","0","0","0","","0","","","1","1","0","0","0","0","0","2","0","1","","","","N","","","","","","","","","",""
"2014003836","","1","0","0","0","0","0","0","0","0","2","0","","02","1","2014","4","40.547079","-80.21888","","11","0","0","0","0","0","1","0","0","3","0","0","0","","","1","","0","","40 32:49.485","1","0","80 13:07.969","4","0","0","0","2103","0","0","0","N","0","0","0","3","02103","1","","1.0","","7","N","N","","1","","0","0","0","","0","N","","2","1","0","0","0","0","0","2","0","2","","","","N","","","","","","","","","",""
"2014004103","","2","0","0","0","0","0","0","0","0","7","0","","02","1","2014","3","40.398225","-80.104966","","11","0","0","0","0","0","0","0","0","1","0","0","0","","","1","","0","","40 23:53.610","2","3","80 06:17.878","4","0","0","0","2102","0","0","0","N","0","0","0","2","68B03","1","","2.0","","2","N","N","","0","","0","0","0","","0","N","","2","1","0","0","0","0","0","2","0","2","","","","N","","","","","","","","","",""
"2014003823","","2","0","0","0","0","0","0","0","0","4","0","","02","1","2014","5","40.454368","-79.947669","","11","0","0","0","0","0","1","1","0","","0","0","0","","","0","","1","","40 27:15.726","","0","79 56:51.607","0","0","0","0","2301","0","0","0","N","0","0","0","2","02301","0","","1.0","","1","N","N","","0","","0","0","0","","2","","","2","0","0","0","0","0","0","2","0","2","","","","N","","","","","","","","","",""
"2014004812","","1","0","0","0","0","0","0","0","0","7","0","","02","1","2014","7","40.357088","-79.88155","","11","0","0","0","0","0","1","0","0","2","0","0","0","","","0","","0","","40 21:25.518","5","0","79 52:53.580","9","0","0","0","2423","0","0","0","N","0","0","0","1","02304","0","","4.0","","9","N","N","","0","","0","0","0","","0","Y","","1","0","0","0","0","0","1","2","0","1","","","","N","","","","","","","","","",""
"2014004104","","0","0","0","0","0","0","0","0","0","1","0","","02","1","2014","3","40.399259","-80.105303","","11","0","0","0","0","0","1","0","0","1","0","0","0","","","0","","0","","40 23:57.334","1","3","80 06:19.089","0","0","0","0","2102","0","0","0","N","0","0","0","2","68B03","0","","1.0","","2","N","N","","0","","0","0","2","","0","N","","2","0","0","0","0","0","0","2","0","2","","","","N","","","","","","","","","",""
"2014004105","","1","0","0","0","0","0","0","0","0","7","0","","02","1","2014","4","40.550039","-80.086589","","11","0","0","0","0","0","0","0","0","","0","0","0","","","0","","0","","40 33:00.142","","0","80 05:11.721","0","0","0","0","2215","0","0","0","N","0","0","0","1","68B03","0","","2.0","","9","N","N","","0","","0","0","0","","0","","","1","0","0","0","0","0","0","2","0","1","","","","N","","","","","","","","","",""
"2014004044","","0","0","0","0","0","0","0","0","0","7","0","","02","1","2014","5","40.273813","-79.898144","","11","0","0","0","0","0","0","0","0","2","0","0","0","","","0","","0","","40 16:25.727","1","0","79 53:53.319","0","0","0","0","2440","0","0","0","N","0","0","0","1","02440","0","","3.0","","9","N","N","","1","","0","0","0","","0","N","","1","0","1","0","0","0","0","2","0","1","","","","N","","","","","","","","","",""
"2014046202","","3","0","0","0","0","0","0","0","0","2","0","","02","5","2014","2","40.454492","-80.026465","","11","0","0","0","0","0","0","0","0","","0","0","0","","","0","","2","","40 27:16.171","","0","80 01:35.274","0","0","0","0","2301","0","0","0","","0","0","0","1","02301","0","","1.0","","1","","","","0","","0","0","0","","0","","","3","0","0","0","0","0","0","2","0","3","","","","N","","","","","","","","","",""
"2014046924","","2","0","0","0","0","0","0","0","0","1","0","","02","5","2014","4","40.411422","-80.00632","","11","0","0","0","1","0","0","0","0","1","0","0","0","","","1","","0","","40 24:41.119","1","0","80 00:22.752","8","0","0","0","2301","0","0","0","N","0","0","0","5","02301","0","","1.0","","9","N","N","","0","","0","0","3","","0","N","","5","1","0","0","0","1","0","2","0","5","","","","N","","","","","","","","","",""
"2014004738","","1","0","0","0","0","0","0","0","0","4","0","","02","1","2014","7","40.440424","-80.018418","","11","0","0","0","0","0","1","0","0","1","0","0","0","","","0","","0","","40 26:25.526","6","0","80 01:06.304","0","0","0","0","2301","0","0","0","N","0","0","0","3","02301","0","","1.0","","1","N","N","","0","","0","0","1","","0","N","","2","0","0","0","0","0","0","2","0","2","","","","N","","","","","","","","","",""
"2014004892","","1","0","0","0","0","0","0","0","0","7","0","","02","1","2014","5","40.533127","-79.821201","","11","0","0","0","0","0","0","0","0","","0","0","0","","","0","","0","","40 31:59.256","","0","79 49:16.322","0","0","0","0","2466","0","0","0","N","0","0","0","1","68T02","0","","2.0","","1","N","N","","0","","0","0","0","","0","","","1","0","0","0","0","0","0","1","0","1","","","","N","","","","","","","","","",""
"2014003292","","0","0","0","0","0","0","0","0","0","7","0","","02","1","2014","4","40.449925","-79.826988","","11","0","0","0","0","0","0","0","0","1","0","0","0","","","0","","0","","40 26:59.730","2","0","79 49:37.158","0","0","0","0","2113","0","0","0","N","0","0","0","1","02113","0","","4.0","","1","N","N","","0","","0","0","1","","0","N","","2","0","0","0","0","0","0","2","0","1","","","","N","","","","","","","","","",""
"2014003356","","1","0","0","0","0","0","0","0","0","7","0","","02","1","2014","4","40.422796","-80.174601","","11","0","0","1","0","0","0","0","0","","0","0","0","","","2","","0","","40 25:22.067","","0","80 10:28.562","4","0","0","0","2214","0","0","0","N","0","0","0","2","02214","2","","2.0","","1","N","N","","0","","0","0","0","","0","","","1","2","0","0","0","0","0","1","0","1","","","","N","","","","","","","","","",""
"2014003221","","1","0","0","0","0","0","0","0","0","7","0","","02","1","2014","2","40.378903","-79.937095","","11","0","0","0","0","0","0","0","0","","0","0","0","","","0","","0","","40 22:44.049","","0","79 56:13.543","0","0","0","0","2301","0","0","0","N","0","0","0","1","02301","0","","4.0","","7","N","N","","0","","0","0","0","","0","","","1","0","0","0","0","0","0","2","0","1","","","","N","","","","","","","","","",""
"2014003296","","1","0","0","0","0","0","0","0","0","4","0","","02","1","2014","4","40.47152","-79.926282","","11","0","0","0","0","0","1","0","1","","0","0","0","","","1","","1","","40 28:17.472","","0","79 55:34.615","4","0","0","0","2301","0","0","0","N","0","0","0","3","02301","1","","1.0","","1","N","N","","0","","0","0","1","","2","","","2","1","0","0","0","0","0","2","0","2","","","","N","","","","","","","","","",""
"2014003359","","0","0","0","0","0","0","0","0","0","7","0","","02","1","2014","3","40.558077","-80.023261","","11","0","0","0","0","0","1","0","0","1","0","0","0","","","0","","0","","40 33:29.076","2","0","80 01:23.740","0","0","0","0","2108","0","0","0","Y","0","0","0","1","02108","0","","4.0","","6","N","N","","0","","0","0","1","","0","N","","1","0","0","0","0","0","0","2","0","1","","","","N","","","","","","","","","",""
"2014005342","","0","0","0","0","0","0","0","0","0","1","0","","02","1","2014","7","40.373041","-80.099257","","11","0","0","0","0","0","0","0","0","","0","0","0","","","0","","2","","40 22:22.946","","2","80 05:57.324","0","0","0","0","2102","0","0","0","N","0","0","0","6","02102","0","","1.0","","9","N","N","","0","","0","0","2","","2","","","2","0","0","0","0","0","0","2","0","2","","","","N","","","","","","","","","",""
"2014004675","","1","0","0","0","0","0","0","0","0","1","0","","02","1","2014","7","40.512184","-80.103889","","11","0","0","0","0","0","0","0","0","","0","0","0","","","0","","3","","40 30:43.863","","0","80 06:13.999","0","0","0","0","2429","0","0","0","N","0","0","0","2","02215","0","","1.0","","9","N","N","","0","","0","0","1","","2","","","2","0","1","0","0","0","0","2","0","2","","","","N","","","","","","","","","",""
"2014003360","","0","0","0","0","0","0","0","0","0","4","0","","02","1","2014","5","40.351741","-80.011492","","11","0","0","0","0","0","1","0","0","1","0","0","0","","","0","","0","","40 21:06.266","3","0","80 00:41.371","0","0","0","0","2407","0","0","0","N","0","0","0","2","02407","0","","1.0","","7","N","N","","0","","0","0","1","","2","N","","2","0","0","0","0","0","0","2","1","2","","","","N","","","","","","","","","",""
"2014003361","","1","0","0","0","0","0","0","0","0","7","0","","02","1","2014","2","40.327098","-80.025699","","11","0","0","0","0","0","0","0","0","1","0","0","0","","","0","","0","","40 19:37.552","1","0","80 01:32.518","0","0","0","0","2407","0","0","0","N","0","0","0","1","02407","0","","4.0","","2","N","N","","0","","0","0","0","","0","N","","1","0","0","0","0","0","0","2","0","1","","","","N","","","","","","","","","",""
"2014005417","","1","0","0","0","0","0","0","0","0","4","0","","02","1","2014","1","40.443847","-79.920516","","11","0","0","0","0","0","0","0","0","","0","0","0","","","1","","1","","40 26:37.849","","0","79 55:13.858","4","0","0","0","2301","0","0","0","N","0","0","0","2","02301","1","","1.0","","1","N","N","","0","","0","0","1","","2","","","2","1","0","0","0","0","0","2","0","2","","","","N","","","","","","","","","",""
"2014005418","","1","0","0","0","0","0","0","0","0","4","0","","02","1","2014","2","40.336598","-79.948508","","11","0","0","0","0","0","1","0","0","","0","0","0","","","0","","3","","40 20:11.751","","0","79 56:54.628","9","0","0","0","2454","0","0","0","N","0","0","0","3","02454","0","","1.0","","9","N","N","","1","","0","0","0","","3","","","3","0","0","0","0","0","1","2","0","3","","","","N","","","","","","","","","",""
"2014004764","","2","0","0","0","0","0","0","0","0","6","0","","02","1","2014","7","40.605526","-79.947104","","11","0","0","0","0","0","0","0","0","1","0","0","0","","","0","","2","","40 36:19.892","5","0","79 56:49.575","0","0","0","0","2207","0","0","0","N","0","0","0","2","02207","0","","1.0","","1","N","N","","0","","0","0","0","","2","N","","2","0","0","0","0","0","0","2","0","2","","","","N","","","","","","","","","",""
"2014004551","","1","0","0","0","0","0","0","0","0","7","0","","02","1","2014","7","40.444582","-79.942971","","11","0","0","0","0","0","0","0","0","","0","0","0","","","0","","1","","40 26:40.494","","0","79 56:34.697","0","0","0","0","2301","0","0","0","N","0","0","0","4","02301","0","","5.0","","1","N","N","","0","","0","0","0","","2","","","1","0","0","0","0","0","0","2","0","1","","","","N","","","","","","","","","",""
"2014003215","","2","0","0","0","0","0","0","0","0","1","0","","02","1","2014","4","40.403984","-79.976422","","11","0","0","0","0","0","1","0","0","","0","0","0","","","1","","0","","40 24:14.343","","0","79 58:35.118","8","0","0","0","2301","0","0","0","N","0","0","0","2","02301","0","","1.0","","1","N","N","","0","","0","0","0","","0","","","2","1","0","0","0","1","0","2","0","2","","","","N","","","","","","","","","",""
"2014005619","","0","0","0","0","0","0","0","0","0","7","0","","02","1","2014","2","40.505299","-80.085698","","11","0","0","0","0","0","0","0","0","1","0","0","0","","","0","","0","","40 30:19.078","5","0","80 05:08.512","0","0","0","0","2405","0","0","0","N","0","0","0","1","02215","0","","4.0","","9","N","N","","1","","0","0","0","","0","N","","1","0","0","0","0","0","0","2","0","1","","","","N","","","","","","","","","",""
"2014005347","","1","0","0","0","0","0","0","0","0","4","0","","02","1","2014","7","40.376395","-80.067611","","11","0","0","0","0","0","0","0","0","1","0","0","0","","","0","","1","","40 22:35.022","3","0","80 04:03.399","0","0","0","0","2109","0","0","0","N","0","0","0","4","02109","0","","1.0","","1","N","N","","0","","0","0","0","","2","N","","2","0","0","0","0","0","0","2","1","2","","","","N","","","","","","","","","",""
"2014005420","","2","0","0","0","0","0","0","0","0","1","0","","02","1","2014","2","40.439486","-80.07588","","11","0","0","0","0","0","0","0","0","","0","0","0","","","0","","1","","40 26:22.150","","0","80 04:33.168","0","0","0","0","2421","0","0","0","N","0","0","0","3","02421","0","","1.0","","9","N","N","","0","","0","0","0","","0","","","2","0","0","0","0","0","0","2","0","2","","","","N","","","","","","","","","",""
"2014004056","","0","0","0","0","0","0","0","0","0","7","0","","02","1","2014","5","40.331649","-79.786301","","11","0","0","0","0","0","0","1","0","1","0","0","0","","","0","","0","","40 19:53.936","2","0","79 47:10.685","0","0","0","0","2477","0","0","0","N","0","0","0","1","02477","0","","4.0","","2","N","N","","0","","0","0","1","","0","N","","1","0","0","0","0","0","0","2","0","1","","","","N","","","","","","","","","",""
"2014005348","","0","0","0","0","0","0","0","0","0","7","0","","02","1","2014","5","40.535638","-80.201953","","11","0","0","0","0","0","0","0","0","2","0","0","0","","","0","","0","","40 32:08.297","2","0","80 12:07.030","0","0","0","0","2213","0","0","0","N","0","0","0","1","02213","0","","4.0","","7","N","N","","1","","0","0","0","","0","Y","","1","0","0","0","0","0","0","2","0","1","","","","N","","","","","","","","","",""
"2014003990","","1","0","0","0","0","0","0","0","0","7","0","","02","1","2014","3","40.590337","-79.888575","","11","0","0","0","0","0","0","0","0","1","0","0","0","","","1","","0","","40 35:25.214","4","0","79 53:18.870","8","0","0","0","2209","0","0","0","N","0","0","0","1","68T02","0","","3.0","","1","N","N","","0","","0","0","0","","0","N","","1","1","0","0","0","1","0","1","0","1","","","","N","","","","","","","","","",""
"2014004057","","1","0","0","0","0","0","0","0","0","7","0","","02","1","2014","6","40.39423","-79.936475","","11","0","0","0","0","1","0","0","0","","0","0","0","","","0","","0","","40 23:39.229","","0","79 56:11.311","0","0","0","0","2301","0","0","0","N","0","0","0","2","02301","0","","3.0","","9","N","N","","0","","0","0","0","","0","","","1","0","0","0","0","0","0","2","0","1","","","","N","","","","","","","","","",""
"2014004541","","2","0","0","0","0","0","0","0","0","1","0","","02","1","2014","6","40.43637","-79.976491","","11","0","0","0","0","0","0","0","0","","0","0","0","","","0","","2","","40 26:10.933","","0","79 58:35.366","0","0","0","0","2301","0","0","0","N","0","0","0","2","02301","0","","1.0","","9","N","N","","0","","0","0","0","","3","","","2","0","0","0","0","0","0","2","0","2","","","","N","","","","","","","","","",""
"2014005349","","2","0","0","0","0","0","0","0","0","1","0","","02","1","2014","2","40.516983","-80.221407","","11","0","0","0","1","0","0","0","0","","0","0","0","","","1","","0","","40 31:01.137","","0","80 13:17.066","4","0","0","0","2213","0","0","0","N","0","0","0","4","02213","1","","1.0","","2","N","N","","0","","0","0","0","","0","","","2","1","0","0","0","0","0","2","0","2","","","","N","","","","","","","","","",""
"2014003776","","2","0","0","0","0","0","0","0","0","4","0","","02","1","2014","5","40.426431","-79.746973","","11","0","0","0","0","0","0","1","0","","0","0","0","","","1","","2","","40 25:35.151","","0","79 44:49.102","4","0","0","0","2446","0","0","0","N","0","0","0","4","02446","1","","1.0","","1","N","N","","0","","0","0","0","","3","","","2","1","0","0","0","0","0","2","0","2","","","","N","","","","","","","","","",""
"2014003789","","0","0","0","0","0","0","0","0","0","7","0","","02","1","2014","5","40.45446","-79.994787","","11","0","0","0","0","0","1","0","0","","0","0","0","","","0","","3","","40 27:16.055","","8","79 59:41.233","0","0","0","0","2301","0","0","0","N","0","0","0","2","02301","0","","2.0","","9","N","N","","0","","0","0","0","","0","","","1","0","0","0","0","0","0","2","1","1","","","","N","","","","","","","","","",""
"2014004072","","1","0","0","0","0","0","0","0","0","7","0","","02","1","2014","4","40.341203","-79.903022","","11","0","0","1","0","0","0","0","0","1","0","0","0","","","0","","0","","40 20:28.329","6","0","79 54:10.879","0","0","0","0","2473","0","0","0","Y","0","0","0","3","02473","0","","2.0","","9","N","N","","0","","0","0","0","","0","N","","1","0","3","0","0","0","0","2","0","1","","","","N","","","","","","","","","",""
"2014004556","","0","0","0","0","0","0","0","0","0","99","0","","02","1","2014","5","40.654886","-79.789919","","11","0","0","0","0","0","1","0","0","3","0","0","0","","","0","","0","","40 39:17.590","3","0","79 47:23.708","0","0","0","0","2202","0","0","0","N","0","0","0","1","02202","0","","1.0","","1","N","N","","1","","0","0","0","","0","N","","1","0","0","0","0","0","0","1","0","1","","","","N","","","","","","","","","",""
"2014003232","","1","0","0","0","0","0","0","0","0","7","0","","02","1","2014","1","40.521033","-79.938107","","11","0","0","0","0","0","1","0","0","2","0","0","0","","","1","","0","","40 31:15.718","4","0","79 56:17.184","4","0","0","0","2118","0","0","0","N","0","0","0","1","02118","1","","5.0","","1","N","N","","0","","0","0","0","","0","N","","1","1","0","0","0","0","0","2","0","1","","","","N","","","","","","","","","",""
"2014004770","","2","0","0","0","0","0","0","0","0","7","0","","02","1","2014","4","40.460802","-79.716125","","11","0","0","0","0","1","0","0","0","","0","0","0","","","1","","0","","40 27:38.887","","0","79 42:58.050","4","0","0","0","2466","0","0","0","N","0","0","0","2","02466","1","","5.0","","7","N","N","","0","","0","0","0","","0","","","2","1","0","0","0","0","0","2","0","2","","","","N","","","","","","","","","",""
"2014004705","","0","0","0","0","0","0","0","0","0","4","0","","02","1","2014","7","40.407087","-80.034183","","11","0","0","0","0","0","2","0","0","1","0","0","0","","","0","","1","","40 24:25.512","2","0","80 02:03.059","0","0","0","0","2301","0","0","0","N","0","0","0","2","02301","0","","1.0","","9","N","N","","0","","0","0","2","","2","N","","2","0","0","0","0","0","0","2","0","2","","","","N","","","","","","","","","",""
"2014004771","","2","0","0","0","0","0","0","0","0","1","0","","02","1","2014","7","40.430269","-80.02846","","11","0","0","0","0","0","0","0","0","","0","0","0","","","0","","3","","40 25:48.968","","2","80 01:42.455","0","0","0","0","2301","0","0","0","N","0","0","0","3","02301","0","","1.0","","9","N","N","","0","","0","0","0","","4","","","2","0","0","0","0","0","0","2","0","2","","","","N","","","","","","","","","",""
"2014004061","","0","0","0","0","0","0","0","0","0","7","0","","02","1","2014","7","40.569042","-79.931707","","11","0","0","0","0","0","0","0","0","","0","0","0","","","0","","0","","40 34:08.550","","0","79 55:54.144","0","0","0","0","2207","0","0","0","N","0","0","0","1","02207","0","","5.0","","9","N","N","","0","","0","0","1","","0","","","1","0","0","0","0","0","0","2","0","1","","","","N","","","","","","","","","",""
"2014003792","","1","0","0","0","0","0","0","0","0","4","0","","02","1","2014","4","40.28809","-79.996666","","11","0","0","0","1","0","1","0","0","1","0","0","0","","","0","","1","","40 17:17.124","7","0","79 59:47.997","0","0","0","0","2219","0","0","0","N","0","0","0","2","02219","0","","1.0","","1","N","N","","0","","0","0","1","","3","N","","2","0","0","0","0","0","0","2","0","2","","","","N","","","","","","","","","",""
"2014004691","","1","0","0","0","0","0","0","0","0","7","0","","02","1","2014","7","40.371415","-80.080274","","11","0","0","0","0","0","0","0","0","2","0","0","0","","","1","","3","","40 22:17.094","3","0","80 04:48.986","8","0","0","0","2117","0","0","0","N","0","0","0","1","02117","0","","4.0","","9","N","N","","0","","0","0","0","","0","Y","","1","1","0","0","0","1","0","2","0","1","","","","N","","","","","","","","","",""
"2014004772","","2","0","0","0","0","0","0","0","0","1","0","","02","1","2014","5","40.361249","-80.046874","","11","0","0","0","0","0","0","0","0","1","0","0","0","","","1","","0","","40 21:40.496","2","0","80 02:48.745","8","0","0","0","2109","0","0","0","N","0","0","0","3","02109","0","","1.0","","1","N","N","","0","","0","0","0","","0","N","","2","1","0","0","0","1","0","2","0","2","","","","N","","","","","","","","","",""
"2014004560","","3","0","0","0","0","0","0","0","0","6","0","","02","1","2014","7","40.474045","-79.793645","","11","0","0","0","0","0","0","0","0","","0","0","0","","","1","","0","","40 28:26.562","","0","79 47:37.122","3","0","0","0","2113","0","0","0","N","0","0","0","1","02113","0","","1.0","","1","N","N","","0","","1","0","0","","0","","","3","1","1","0","0","0","0","2","0","3","","","","N","","","","","","","","","",""
"2014004773","","2","0","0","0","0","0","0","0","0","4","0","","02","1","2014","5","40.352837","-80.02622","","11","0","0","0","0","0","1","0","0","3","0","0","0","","","2","","2","","40 21:10.213","5","0","80 01:34.391","4","0","0","0","2407","0","0","0","N","0","0","0","2","02407","1","","1.0","","7","N","N","","0","","0","0","0","","3","Y","","2","2","0","0","0","1","0","2","0","2","","","","N","","","","","","","","","",""
"2014003236","","1","0","0","0","0","0","0","0","0","7","0","","02","1","2014","3","40.423272","-79.773003","","11","0","0","0","0","0","0","0","0","","0","0","0","","","1","","0","","40 25:23.780","","0","79 46:22.810","3","0","0","0","2446","0","0","0","N","0","0","0","1","02446","0","","2.0","","2","N","N","","0","","1","0","0","","0","","","1","1","0","0","0","0","0","2","0","1","","","","N","","","","","","","","","",""
"2014003237","","2","0","0","0","0","0","0","0","0","2","0","","02","1","2014","4","40.485245","-80.025166","","11","0","0","0","0","0","1","0","0","","0","0","0","","","0","","2","","40 29:06.882","","0","80 01:30.597","0","0","0","0","2301","0","0","0","N","0","0","0","2","02301","0","","1.0","","1","N","N","","0","","0","0","0","","3","","","2","0","0","0","0","0","0","2","0","2","","","","N","","","","","","","","","",""