"CRN","ARRIVAL_TM","AUTOMOBILE_COUNT","BELTED_DEATH_COUNT","BELTED_SUSP_SERIOUS_INJ_COUNT","BICYCLE_COUNT","BICYCLE_DEATH_COUNT","BICYCLE_SUSP_SERIOUS_INJ_COUNT","BUS_COUNT","CHLDPAS_DEATH_COUNT","CHLDPAS_SUSP_SERIOUS_INJ_COUNT","COLLISION_TYPE","COMM_VEH_COUNT","CONS_ZONE_SPD_LIM","COUNTY","CRASH_MONTH","CRASH_YEAR","DAY_OF_WEEK","DEC_LATITUDE","DEC_LONGITUDE","DISPATCH_TM","DISTRICT","DRIVER_COUNT_16YR","DRIVER_COUNT_17YR","DRIVER_COUNT_18YR","DRIVER_COUNT_19YR","DRIVER_COUNT_20YR","DRIVER_COUNT_50_64YR","DRIVER_COUNT_65_74YR","DRIVER_COUNT_75PLUS","EST_HRS_CLOSED","FATAL_COUNT","HEAVY_TRUCK_COUNT","HORSE_BUGGY_COUNT","HOUR_OF_DAY","ILLUMINATION","INJURY_COUNT","INTERSECTION_RELATED","INTERSECT_TYPE","LANE_CLOSED","LATITUDE","LN_CLOSE_DIR","LOCATION_TYPE","LONGITUDE","MAX_SEVERITY_LEVEL","MCYCLE_DEATH_COUNT","MCYCLE_SUSP_SERIOUS_INJ_COUNT","MOTORCYCLE_COUNT","MUNICIPALITY","NONMOTR_COUNT","NONMOTR_DEATH_COUNT","NONMOTR_SUSP_SERIOUS_INJ_COUNT","NTFY_HIWY_MAINT","PED_COUNT","PED_DEATH_COUNT","PED_SUSP_SERIOUS_INJ_COUNT","PERSON_COUNT","POLICE_AGCY","POSSIBLE_INJ_COUNT","RDWY_SURF_TYPE_CD","RELATION_TO_ROAD","ROADWAY_CLEARED","ROAD_CONDITION","SCH_BUS_IND","SCH_ZONE_IND","SECONDARY_CRASH","SMALL_TRUCK_COUNT","SPEC_JURIS_CD","SUSP_MINOR_INJ_COUNT","SUSP_SERIOUS_INJ_COUNT","SUV_COUNT","TCD_FUNC_CD","TCD_TYPE","TFC_DETOUR_IND","TIME_OF_DAY","TOTAL_UNITS","TOT_INJ_COUNT","UNBELTED_OCC_COUNT","UNB_DEATH_COUNT","UNB_SUSP_SERIOUS_INJ_COUNT","UNK_INJ_DEG_COUNT","UNK_INJ_PER_COUNT","URBAN_RURAL","VAN_COUNT","VEHICLE_COUNT","WEATHER1","WEATHER2","WORKERS_PRES","WORK_ZONE_IND","WORK_ZONE_LOC","WORK_ZONE_TYPE","WZ_CLOSE_DETOUR","WZ_FLAGGER","WZ_LAW_OFFCR_IND","WZ_LN_CLOSURE","WZ_MOVING","WZ_OTHER","WZ_SHLDER_MDN","WZ_WORKERS_INJ_KILLED"
"2014045981","","1","0","0","0","0","0","0","0","0","7","0","","02","5","2014","1","40.458083","-79.708308","","11","0","0","0","0","0","0","0","0","","0","0","0","","","1","","0","","40 27:29.097","","0","79 42:29.908","8","0","0","0","2466","0","0","0","N","0","0","0","1","02466","0","","5.0","","1","N","N","","0","","0","0","0","","0","","","1","1","0","0","0","1","0","2","0","1","","","","N","","","","","","","","","",""
"2014047377","","3","0","0","0","0","0","0","0","0","4","0","","02","5","2014","5","40.630601","-79.972347","","11","1","0","0","0","0","1","0","0","1","0","0","0","","","1","","1","","40 37:50.163","6","0","79 58:20.448","8","0","0","0","2217","0","0","0","N","0","0","0","3","02505","0","","1.0","","1","N","N","","0","","0","0","0","","3","N","","3","1","0","0","0","1","0","2","0","3","","","","N","","","","","","","","","",""
"2014047879","","2","0","0","0","0","0","0","0","0","7","0","","02","5","2014","7","40.500558","-80.061929","","11","0","0","0","0","0","1","0","0","2","0","0","0","","","1","","1","","40 30:02.009","1","0","80 03:42.944","8","0","0","0","2402","0","0","0","N","0","0","0","3","02402","0","","4.0","","9","N","N","","0","","0","0","0","","2","N","","2","1","0","0","0","1","0","2","0","2","","","","N","","","","","","","","","",""
"2014045769","","2","0","0","0","0","0","0","0","0","1","0","","02","5","2014","7","40.396497","-80.031656","","11","0","0","0","1","0","0","0","0","","0","0","0","","","1","","0","","40 23:47.388","","0","80 01:53.963","4","0","0","0","2422","0","0","0","N","0","0","0","1","02422","1","","6.0","","1","N","N","","0","","0","0","0","","0","","","2","1","0","0","0","0","0","2","0","2","","","","N","","","","","","","","","",""
"2014046450","","0","0","0","0","0","0","0","0","0","8","0","","02","5","2014","3","40.419643","-79.927184","","11","0","0","0","0","0","0","0","0","2","0","0","0","","","1","","5","","40 25:10.714","5","0","79 55:37.862","8","0","0","0","2301","1","0","0","N","1","0","0","2","02301","0","","1.0","","1","N","N","","0","","0","0","1","","2","Y","","2","1","0","0","0","1","0","2","0","1","","","","N","","","","","","","","","",""
"2014045302","","1","0","0","0","0","0","0","0","0","7","0","90","02","4","2014","2","40.274013","-79.88626","","11","0","0","0","0","0","0","0","0","1","0","0","0","","","0","","0","","40 16:26.446","1","3","79 53:10.536","0","0","0","0","2428","0","0","0","N","0","0","0","1","02428","0","","1.0","","9","N","N","","0","","0","0","0","","1","Y","","1","0","0","0","0","0","0","2","0","1","","","Y","Y","3","2","","","N","Y","","Y","",""
"2014045368","","2","0","0","0","0","0","0","0","0","1","0","","02","5","2014","5","40.592141","-80.074993","","11","0","0","0","0","0","1","1","0","","0","0","0","","","1","","3","","40 35:31.706","","0","80 04:29.976","4","0","0","0","2481","0","0","0","N","0","0","0","3","02481","1","","1.0","","1","N","N","","0","","0","0","0","","3","","","2","1","0","0","0","0","0","2","0","2","","","","N","","","","","","","","","",""
"2014046386","","1","0","0","0","0","0","0","0","0","2","0","","02","5","2014","2","40.437508","-80.050946","","11","0","0","0","0","0","1","0","0","1","0","0","0","","","1","","2","","40 26:15.028","5","0","80 03:03.405","4","0","0","0","2301","0","0","0","N","0","0","0","3","02301","1","","1.0","","1","N","N","","0","","0","0","1","","3","Y","","2","1","0","0","0","0","0","2","0","2","","","","N","","","","","","","","","",""
"2014046538","","1","0","0","0","0","0","0","0","0","1","0","","02","5","2014","2","40.51397","-79.843241","","11","0","0","0","0","0","2","0","0","","0","0","0","","","1","","1","","40 30:50.291","","0","79 50:35.668","4","0","0","0","2451","0","0","0","N","0","0","0","2","02451","1","","1.0","","1","N","N","","0","","0","0","1","","3","","","2","1","0","0","0","0","0","2","0","2","","","","N","","","","","","","","","",""
"2014047256","","2","0","0","0","0","0","0","0","0","1","0","","02","5","2014","5","40.325239","-79.818077","","11","0","0","0","0","0","0","0","0","1","0","0","0","","","0","","2","","40 19:30.860","5","0","79 49:05.078","0","0","0","0","2304","0","0","0","N","0","0","0","2","02304","0","","1.0","","1","N","N","","0","","0","0","0","","0","N","","2","0","0","0","0","0","0","2","0","2","","","","N","","","","","","","","","",""
"2014045236","","1","0","0","0","0","0","0","0","0","1","0","","02","4","2014","4","40.498358","-80.020306","","11","0","0","0","0","0","0","0","0","2","0","0","0","","","0","","2","","40 29:54.088","2","0","80 01:13.103","0","0","0","0","2116","0","0","0","N","0","0","0","6","02116","0","","1.0","","9","N","N","","0","","0","0","0","","2","N","","3","0","0","0","0","0","0","2","2","3","","","","N","","","","","","","","","",""
"2014045370","","1","0","0","0","0","0","0","0","0","4","1","","02","4","2014","6","40.505847","-79.793623","","11","0","0","0","0","0","2","0","0","","0","1","0","","","0","","0","","40 30:21.049","","0","79 47:37.041","0","0","0","0","2113","0","0","0","N","0","0","0","2","02113","0","","1.0","","1","N","N","","0","","0","0","0","","0","","","2","0","1","0","0","0","0","2","0","2","","","","N","","","","","","","","","",""
"2014046453","","1","0","0","0","0","0","0","0","0","1","0","","02","5","2014","5","40.56761","-79.954423","","11","0","0","0","0","0","0","0","0","","0","0","0","","","1","","2","","40 34:03.395","","0","79 57:15.924","8","0","0","0","2207","0","0","0","N","0","0","0","2","02207","0","","1.0","","1","N","N","","0","","0","0","1","","0","","","2","1","0","0","0","1","0","2","0","2","","","","N","","","","","","","","","",""
"2014045386","","1","0","0","0","0","0","0","0","0","2","0","","02","4","2014","1","40.406678","-79.820237","","11","0","0","0","0","0","0","0","0","2","0","0","0","","","1","","0","","40 24:24.040","5","7","79 49:12.854","3","0","0","0","2467","0","0","0","N","0","0","0","1","02467","0","","6.0","","1","N","N","","1","","1","0","0","","0","N","","2","1","0","0","0","0","0","2","0","2","","","","N","","","","","","","","","",""
"2014047116","","1","0","0","0","0","0","0","0","0","7","0","","02","4","2014","4","40.404091","-79.95284","","11","0","0","0","0","0","0","0","0","2","0","0","0","","","2","","0","","40 24:14.726","4","0","79 57:10.225","3","0","0","0","2403","0","0","0","N","0","0","0","2","02403","0","","2.0","","9","N","N","","0","","2","0","0","","0","Y","","1","2","2","0","0","0","0","2","0","1","","","","N","","","","","","","","","",""
"2014047884","","0","0","0","0","0","0","0","0","0","7","0","","02","4","2014","7","40.502167","-80.102144","","11","0","0","0","0","0","0","0","0","1","0","0","0","","","0","","2","","40 30:07.801","1","0","80 06:07.718","0","0","0","0","2110","0","0","0","N","0","0","0","1","02215","0","","2.0","","1","N","N","","0","","0","0","1","","3","Y","","1","0","0","0","0","0","0","2","0","1","","","","N","","","","","","","","","",""
"2014047383","","1","0","0","0","0","0","0","0","0","1","0","","02","5","2014","5","40.335472","-79.826778","","11","0","0","0","0","0","0","0","0","","0","0","0","","","0","","0","","40 20:07.700","","0","79 49:36.400","0","0","0","0","2304","0","0","0","N","0","0","0","2","02304","0","","1.0","","1","N","N","","0","","0","0","1","","0","","","2","0","1","0","0","0","0","2","0","2","","","","N","","","","","","","","","",""
"2014045776","","1","0","0","0","0","0","0","0","0","7","0","","02","5","2014","7","40.350379","-79.887324","","11","0","0","0","0","0","0","0","0","3","0","0","0","","","0","","0","","40 21:01.365","5","0","79 53:14.367","0","0","0","0","2304","0","0","0","N","0","0","0","1","02304","0","","4.0","","1","N","N","","0","","0","0","0","","0","Y","","1","0","0","0","0","0","0","2","0","1","","","","N","","","","","","","","","",""
"2014046542","","1","0","0","0","0","0","0","0","0","5","0","","02","5","2014","3","40.322607","-79.92636","","11","0","0","0","0","0","0","0","0","2","0","0","0","","","5","","2","","40 19:21.384","1","0","79 55:34.897","8","0","0","0","2440","0","0","0","N","0","0","0","5","02440","0","","1.0","","1","N","N","","0","","0","0","0","","3","Y","","2","5","0","0","0","5","0","2","1","2","","","","N","","","","","","","","","",""
"2014046004","","0","0","0","1","0","0","0","0","0","8","0","","02","5","2014","1","40.456007","-80.061715","","11","0","0","0","0","0","0","0","0","","0","0","0","","","1","","2","","40 27:21.625","","0","80 03:42.174","4","0","0","0","2301","1","0","0","N","0","0","0","3","02301","1","","1.0","","1","N","N","","0","","0","0","1","","3","","","2","1","0","0","0","0","0","2","0","1","","","","N","","","","","","","","","",""
"2014047887","","1","0","0","0","0","0","0","0","0","7","0","","02","5","2014","7","40.339093","-79.859007","","11","0","0","0","0","0","0","0","0","1","0","0","0","","","0","","0","","40 20:20.733","2","0","79 51:32.424","0","0","0","0","2304","0","0","0","N","0","0","0","1","02304","0","","4.0","","9","N","N","","0","","0","0","0","","0","Y","","1","0","1","0","0","0","0","2","0","1","","","","N","","","","","","","","","",""
"2014045856","","1","0","0","0","0","0","0","0","0","4","0","","02","5","2014","7","40.420854","-79.884244","","11","0","0","0","0","0","1","0","0","","0","0","0","","","0","","1","","40 25:15.074","","0","79 53:03.278","0","0","0","0","2463","0","0","0","N","0","0","0","3","02463","0","","1.0","","9","N","N","","0","","0","0","1","","2","","","2","0","1","0","0","0","0","2","0","2","","","","N","","","","","","","","","",""
"2014045241","","2","0","0","0","0","0","0","0","0","4","0","","02","5","2014","5","40.444202","-80.028173","","11","0","0","0","0","0","1","0","0","","0","0","0","","","0","","5","","40 26:39.126","","8","80 01:41.424","9","0","0","0","2301","0","0","0","N","0","0","0","3","02301","0","","1.0","","9","N","N","","0","","0","0","0","","2","","","2","0","0","0","0","0","3","2","0","2","","","","N","","","","","","","","","",""
"2014045778","","1","0","0","0","0","0","0","0","0","7","0","","02","5","2014","5","40.359102","-79.975754","","11","0","0","0","0","0","1","0","0","","0","0","0","","","0","","2","","40 21:32.767","","0","79 58:32.715","0","0","0","0","2476","0","0","0","N","0","0","0","1","02476","0","","2.0","","1","N","N","","0","","0","0","0","","3","","","1","0","0","0","0","0","0","2","0","1","","","","N","","","","","","","","","",""
"2014045243","","1","0","0","0","0","0","0","0","0","4","0","","02","2","2014","1","40.376321","-79.798789","","11","0","0","0","0","0","1","0","0","1","0","0","0","","","0","","0","","40 22:34.754","3","0","79 47:55.642","0","0","0","0","2111","0","0","0","N","0","0","0","3","02111","0","","1.0","","7","N","N","","0","","0","0","1","","0","N","","2","0","0","0","0","0","0","2","0","2","","","","N","","","","","","","","","",""
"2014045994","","0","0","0","0","0","0","0","0","0","4","0","","02","5","2014","7","40.351898","-79.940878","","11","0","0","1","0","0","0","0","0","","0","0","0","","","0","","0","","40 21:06.834","","0","79 56:27.160","0","0","0","0","2473","0","0","0","N","0","0","0","6","02473","0","","1.0","","9","N","N","","0","","0","0","2","","0","","","2","0","0","0","0","0","0","2","0","2","","","","N","","","","","","","","","",""
"2014046071","","1","0","0","0","0","0","0","0","0","1","1","","02","4","2014","2","40.472598","-79.972608","","11","0","0","0","1","0","0","0","0","2","0","1","0","","","2","","0","","40 28:21.353","1","0","79 58:21.387","8","0","0","0","2445","0","0","0","N","0","0","0","4","02445","0","","1.0","","9","N","N","","0","","0","0","0","","0","N","","2","2","0","0","0","2","0","2","0","2","","","","N","","","","","","","","","",""
"2014031132","","1","0","0","0","0","0","0","0","0","7","0","","02","3","2014","7","40.477289","-79.968946","","11","0","0","0","0","0","1","0","0","","0","0","0","","","0","","0","","40 28:38.239","","0","79 58:08.207","0","0","0","0","2445","0","0","0","N","0","0","0","1","02445","0","","2.0","","1","N","N","","0","","0","0","0","","0","","","1","0","0","0","0","0","0","2","0","1","","","","N","","","","","","","","","",""
"2014031958","","1","0","0","0","0","0","0","0","0","1","0","","02","3","2014","3","40.54469","-80.015254","","11","0","0","0","0","0","1","0","0","2","0","0","0","","","0","","0","","40 32:40.885","1","0","80 00:54.913","0","0","0","0","2116","0","0","0","N","0","0","0","3","02116","0","","1.0","","1","N","N","","0","","0","0","2","","0","N","","3","0","0","0","0","0","0","2","0","3","","","","N","","","","","","","","","",""
"2014031263","","1","0","0","0","0","0","0","0","0","1","0","","02","3","2014","7","40.558141","-80.023489","","11","0","0","0","0","0","0","0","0","1","0","0","0","","","1","","1","","40 33:29.308","6","0","80 01:24.560","8","0","0","0","2108","0","0","0","N","0","0","0","4","02108","0","","1.0","","1","N","N","","0","","0","0","1","","2","N","","2","1","0","0","0","1","0","2","0","2","","","","N","","","","","","","","","",""
"2014030487","","0","0","0","0","0","0","0","0","0","7","1","","02","3","2014","4","40.436308","-79.973418","","11","0","0","0","0","0","0","0","0","","0","1","0","","","0","","0","","40 26:10.708","","0","79 58:24.304","0","0","0","0","2301","0","0","0","N","0","0","0","1","68B03","0","","2.0","","9","N","N","","0","","0","0","0","","0","","","1","0","0","0","0","0","0","2","0","1","","","","N","","","","","","","","","",""
"2014031960","","2","0","0","0","0","0","0","0","0","1","0","","02","3","2014","6","40.379719","-79.807892","","11","0","0","0","0","0","1","0","0","","0","0","0","","","0","","0","","40 22:46.988","","0","79 48:28.412","0","0","0","0","2424","0","0","0","N","0","0","0","2","02424","0","","1.0","","1","N","N","","0","","0","0","0","","0","","","2","0","0","0","0","0","0","2","0","2","","","","N","","","","","","","","","",""
"2014031264","","0","0","0","0","0","0","0","0","0","7","0","","02","3","2014","1","40.564167","-80.035667","","11","0","0","0","0","0","0","0","0","2","0","0","0","","","0","","0","","40 33:51.000","5","0","80 02:08.400","0","0","0","0","2108","0","0","0","N","0","0","0","2","02108","0","","4.0","","1","N","N","","0","","0","0","1","","0","N","","1","0","0","0","0","0","0","2","0","1","","","","N","","","","","","","","","",""
"2014031346","","1","0","0","0","0","0","0","0","0","7","0","","02","2","2014","3","40.4581","-80.188619","","11","0","0","0","0","0","0","0","0","2","0","0","0","","","1","","0","","40 27:29.160","2","1","80 11:19.028","4","0","0","0","2213","0","0","0","N","0","0","0","1","02213","1","","2.0","","2","N","N","","0","","0","0","0","","0","N","","1","1","0","0","0","0","0","2","0","1","","","","N","","","","","","","","","",""
"2014031120","","2","0","0","0","0","0","0","0","0","2","0","","02","3","2014","7","40.441065","-79.978967","","11","0","0","0","0","0","0","0","0","","0","0","0","","","0","","0","","40 26:27.834","","0","79 58:44.281","0","0","0","0","2301","0","0","0","N","0","0","0","1","02301","0","","6.0","","1","N","N","","0","","0","0","0","","0","","","2","0","1","0","0","0","0","2","0","2","","","","N","","","","","","","","","",""
"2014031265","","0","0","0","0","0","0","0","0","0","1","0","","02","3","2014","1","40.560624","-80.013726","","11","0","0","0","0","0","0","1","0","","0","0","0","","","2","","0","","40 33:38.245","","7","80 00:49.415","8","0","0","0","2108","0","0","0","N","0","0","0","4","02108","0","","1.0","","1","N","N","","0","","0","0","2","","0","","","2","2","0","0","0","2","0","2","0","2","","","","N","","","","","","","","","",""
"2014031347","","1","0","0","0","0","0","0","0","0","1","0","","02","3","2014","2","40.369444","-80.030524","","11","0","0","0","0","0","0","0","0","","0","0","0","","","1","","3","","40 22:10.000","","0","80 01:49.886","4","0","0","0","2416","0","0","0","N","0","0","0","2","02416","1","","1.0","","1","N","N","","0","","0","0","0","","4","","","2","1","0","0","0","0","0","2","1","2","","","","N","","","","","","","","","",""
"2014032839","","2","0","0","0","0","0","0","0","0","1","0","","02","3","2014","6","40.431356","-79.796122","","11","0","0","0","0","1","0","0","0","","0","0","0","","","1","","3","","40 25:52.880","","7","79 47:46.040","8","0","0","0","2446","0","0","0","N","0","0","0","3","02446","0","","1.0","","1","N","N","","0","","0","0","0","","4","","","2","1","0","0","0","1","2","2","0","2","","","","N","","","","","","","","","",""
"2014030341","","1","0","0","0","0","0","0","0","0","4","0","","02","2","2014","6","40.51146","-80.100944","","11","0","0","0","0","0","1","1","0","1","0","0","0","","","0","","1","","40 30:41.255","5","0","80 06:03.397","0","0","0","0","2429","0","0","0","N","0","0","0","2","02215","0","","1.0","","1","N","N","","0","","0","0","0","","2","N","","2","0","0","0","0","0","0","2","1","2","","","","N","","","","","","","","","",""
"2014030353","","1","0","0","0","0","0","0","0","0","1","2","","02","2","2014","6","40.659235","-79.721351","","11","0","0","0","0","0","2","0","0","1","0","1","0","","","1","","0","","40 39:33.246","1","0","79 43:16.862","4","0","0","0","2106","0","0","0","N","0","0","0","2","68D02","1","","1.0","","1","N","N","","0","","0","0","0","","0","N","","2","1","0","0","0","0","0","2","0","2","","","","N","","","","","","","","","",""
"2014032840","","2","0","0","0","0","0","0","0","0","4","0","","02","3","2014","7","40.445346","-79.895887","","11","0","0","0","0","0","2","0","0","","0","0","0","","","0","","2","","40 26:43.245","","0","79 53:45.193","0","0","0","0","2301","0","0","0","N","0","0","0","4","02301","0","","1.0","","1","N","N","","0","","0","0","0","","3","","","2","0","0","0","0","0","0","2","0","2","","","","N","","","","","","","","","",""
"2014032107","","0","0","0","0","0","0","0","0","0","7","0","","02","3","2014","3","40.301755","-79.866225","","11","0","0","0","0","0","0","0","0","","0","1","0","","","0","","0","","40 18:06.318","","0","79 51:58.410","0","0","0","0","2443","0","0","0","N","0","0","0","1","02443","0","","2.0","","1","N","N","","0","","0","0","0","","0","","","1","0","0","0","0","0","0","1","0","1","","","","N","","","","","","","","","",""
"2014032028","","0","0","0","0","0","0","0","0","0","8","0","","02","3","2014","4","40.474028","-79.988472","","11","0","0","0","0","0","0","0","0","2","0","0","0","","","1","","0","","40 28:26.500","5","0","79 59:18.500","8","0","0","0","2301","1","0","0","N","1","0","0","3","02301","0","","1.0","","9","N","N","","0","","0","0","1","","0","Y","","2","1","0","0","0","1","0","2","0","1","","","","N","","","","","","","","","",""
"2014030627","","0","0","0","0","0","0","0","0","0","7","0","","02","2","2014","3","40.655859","-79.723899","","11","0","0","0","0","0","0","0","0","","0","0","0","","","0","","0","","40 39:21.093","","3","79 43:26.035","0","0","0","0","2106","0","0","0","N","0","0","0","1","68D02","0","","4.0","","7","N","N","","1","","0","0","0","","0","","","1","0","0","0","0","0","0","2","0","1","","","","N","","","","","","","","","",""
"2014032843","","1","0","0","0","0","0","0","0","0","7","0","","02","3","2014","6","40.437188","-80.063507","","11","0","0","0","0","0","1","0","0","","0","0","0","","","0","","0","","40 26:13.877","","0","80 03:48.626","0","0","0","0","2421","0","0","0","N","0","0","0","1","02421","0","","4.0","","1","N","N","","0","","0","0","0","","0","","","1","0","0","0","0","0","0","2","0","1","","","","N","","","","","","","","","",""
"2014032975","","1","0","0","0","0","0","0","0","0","7","0","","02","3","2014","6","40.264678","-79.852245","","11","0","0","0","1","0","0","0","0","","0","0","0","","","0","","0","","40 15:52.840","","0","79 51:08.082","9","0","0","0","2105","0","0","0","Y","0","0","0","1","02105","0","","4.0","","1","N","N","","0","","0","0","0","","0","","","1","0","0","0","0","0","1","2","0","1","","","","N","","","","","","","","","",""
"2014031967","","0","0","0","0","0","0","0","0","0","7","0","","02","3","2014","3","40.608111","-79.751056","","11","0","0","0","0","0","0","0","0","4","0","0","0","","","1","","0","","40 36:29.200","6","0","79 45:03.800","4","0","0","0","2464","0","0","0","Y","0","0","0","1","02464","1","","4.0","","1","N","N","","0","","0","0","1","","0","Y","","1","1","0","0","0","0","0","2","0","1","","","","N","","","","","","","","","",""
"2014031076","","1","0","0","0","0","0","0","0","0","1","0","","02","3","2014","6","40.348079","-79.94835","","11","0","0","0","0","0","0","0","0","1","0","0","0","","","1","","0","","40 20:53.085","3","0","79 56:54.060","4","0","0","0","2473","0","0","0","N","0","0","0","3","02473","1","","1.0","","1","N","N","","1","","0","0","0","","0","N","","2","1","1","0","0","0","0","2","0","2","","","","N","","","","","","","","","",""
"2014030562","","2","0","0","0","0","0","0","0","0","1","0","","02","2","2014","5","40.458685","-80.190272","","11","0","0","0","0","0","0","0","0","1","0","0","0","","","0","","2","","40 27:31.267","1","0","80 11:24.980","0","0","0","0","2213","0","0","0","N","0","0","0","2","02213","0","","1.0","","9","N","N","","0","","0","0","0","","2","N","","2","0","0","0","0","0","0","2","0","2","","","","N","","","","","","","","","",""
"2014032850","","1","0","0","0","0","0","0","0","0","5","0","","02","3","2014","6","40.440883","-79.992928","","11","0","0","0","0","0","1","0","0","2","0","0","0","","","1","","0","","40 26:27.177","2","0","79 59:34.540","8","0","0","0","2301","0","0","0","N","0","0","0","4","02301","0","","1.0","","1","N","N","","1","","0","0","0","","0","N","","2","1","0","0","0","1","0","2","0","2","","","","N","","","","","","","","","",""
"2014031144","","1","0","0","0","0","0","0","0","0","1","0","","02","2","2014","3","40.427831","-79.949532","","11","0","0","0","0","0","0","0","0","1","0","0","0","","","0","","0","","40 25:40.193","4","0","79 56:58.315","0","0","0","0","2301","0","0","0","N","0","0","0","2","68B03","0","","1.0","","1","N","N","","0","","0","0","1","","0","N","","2","0","0","0","0","0","0","2","0","2","","","","N","","","","","","","","","",""
"2014032802","","1","0","0","0","0","0","0","0","0","7","0","","02","3","2014","6","40.274953","-79.853775","","11","0","0","0","0","1","0","0","0","","0","0","0","","","0","","0","","40 16:29.831","","0","79 51:13.591","0","0","0","0","2105","0","0","0","N","0","0","0","1","02105","0","","4.0","","2","N","N","","0","","0","0","0","","0","","","1","0","0","0","0","0","0","2","0","1","","","","N","","","","","","","","","",""
"2014031145","","2","0","0","0","0","0","0","0","0","1","0","","02","2","2014","2","40.417656","-80.055667","","11","0","0","0","0","2","0","0","0","2","0","0","0","","","0","","0","","40 25:03.562","3","0","80 03:20.402","0","0","0","0","2435","0","0","0","N","0","0","0","8","68B03","0","","1.0","","1","N","N","","2","","0","0","0","","0","N","","4","0","0","0","0","0","0","2","0","4","","","","N","","","","","","","","","",""
"2014030436","","2","0","0","0","0","0","0","0","0","6","0","","02","3","2014","5","40.4795","-79.941028","","11","0","0","0","0","0","0","0","0","","0","0","0","","","1","","0","","40 28:46.200","","0","79 56:27.700","4","0","0","0","2301","0","0","0","N","0","0","0","1","02301","1","","1.0","","1","N","N","","0","","0","0","0","","0","","","2","1","1","0","0","0","0","2","0","2","","","","N","","","","","","","","","",""
"2014032116","","1","0","0","0","0","0","0","0","0","4","1","","02","3","2014","4","40.470219","-79.908537","","11","0","0","0","0","0","1","0","0","","0","1","0","","","0","","2","","40 28:12.788","","0","79 54:30.734","0","0","0","0","2301","0","0","0","N","0","0","0","2","02301","0","","1.0","","1","N","N","","0","","0","0","0","","0","","","2","0","0","0","0","0","0","2","0","2","","","","N","","","","","","","","","",""
"2014031081","","1","0","0","0","0","0","0","0","0","4","0","","02","3","2014","7","40.617609","-79.931328","","11","0","1","0","0","0","0","0","0","1","0","0","0","","","0","","2","","40 37:03.391","2","0","79 55:52.782","0","0","0","0","2217","0","0","0","N","0","0","0","3","02505","0","","1.0","","1","N","N","","0","","0","0","1","","3","N","","2","0","0","0","0","0","0","2","0","2","","","","N","","","","","","","","","",""
"2014031222","","2","0","0","0","0","0","0","0","0","1","0","","02","3","2014","6","40.433783","-80.066301","","11","0","0","0","0","0","1","0","0","","0","0","0","","","1","","1","","40 26:01.618","","0","80 03:58.683","4","0","0","0","2421","0","0","0","N","0","0","0","2","02421","1","","1.0","","1","N","N","","0","","0","0","0","","2","","","2","1","0","0","0","0","0","2","0","2","","","","N","","","","","","","","","",""
"2014029951","","1","0","0","0","0","0","0","0","0","7","0","","02","2","2014","5","40.495969","-80.1216","","11","0","0","0","0","0","0","0","0","","0","0","0","","","1","","0","","40 29:45.489","","0","80 07:17.759","3","0","0","0","2115","0","0","0","N","0","0","0","1","68B03","0","","2.0","","1","N","N","","0","","1","0","0","","0","","","1","1","1","0","0","0","0","2","0","1","","","","N","","","","","","","","","",""
"2014032051","","2","0","0","0","0","0","0","0","0","4","0","","02","3","2014","4","40.466769","-79.925301","","11","0","0","0","0","0","0","0","0","2","0","0","0","","","0","","1","","40 28:00.369","7","0","79 55:31.083","0","0","0","0","2301","0","0","0","N","0","0","0","3","02301","0","","1.0","","9","N","N","","0","","0","0","0","","2","N","","2","0","0","0","0","0","0","2","0","2","","","","N","","","","","","","","","",""
"2014030569","","1","0","0","0","0","0","0","0","0","7","0","","02","3","2014","6","40.352111","-79.850667","","11","0","0","0","0","0","0","0","1","","0","0","0","","","0","","0","","40 21:07.600","","0","79 51:02.400","0","0","0","0","2304","0","0","0","N","0","0","0","1","02304","0","","5.0","","1","N","N","","0","","0","0","0","","0","","","1","0","0","0","0","0","0","2","0","1","","","","N","","","","","","","","","",""
"2014029952","","1","0","0","0","0","0","0","0","0","7","0","","02","3","2014","5","40.659719","-80.092134","","11","0","0","0","0","0","0","0","0","","0","0","0","","","0","","0","","40 39:34.987","","3","80 05:31.683","0","0","0","0","2212","0","0","0","Y","0","0","0","1","68B03","0","","2.0","","1","N","N","","0","","0","0","0","","0","","","1","0","0","0","0","0","0","2","0","1","","","","N","","","","","","","","","",""
"2014030440","","1","0","0","0","0","0","0","0","0","2","0","","02","3","2014","5","40.48497","-79.971583","","11","0","0","0","0","0","1","0","0","2","0","0","0","","","1","","0","","40 29:05.891","6","0","79 58:17.700","4","0","0","0","2445","0","0","0","N","0","0","0","1","02445","1","","1.0","","1","N","N","","0","","0","0","1","","0","N","","2","1","0","0","0","0","0","2","0","2","","","","N","","","","","","","","","",""
"2014032730","","0","0","0","0","0","0","0","0","0","4","0","","02","1","2014","5","40.643501","-80.029936","","11","0","0","0","0","0","0","0","0","2","0","0","0","","","1","","0","","40 38:36.603","4","0","80 01:47.770","4","0","0","0","2216","0","0","0","N","0","0","0","3","68T02","1","","1.0","","6","N","N","","0","","0","0","2","","0","N","","2","1","0","0","0","0","0","2","0","2","","","","N","","","","","","","","","",""