"CRN","ARRIVAL_TM","AUTOMOBILE_COUNT","BELTED_DEATH_COUNT","BELTED_SUSP_SERIOUS_INJ_COUNT","BICYCLE_COUNT","BICYCLE_DEATH_COUNT","BICYCLE_SUSP_SERIOUS_INJ_COUNT","BUS_COUNT","CHLDPAS_DEATH_COUNT","CHLDPAS_SUSP_SERIOUS_INJ_COUNT","COLLISION_TYPE","COMM_VEH_COUNT","CONS_ZONE_SPD_LIM","COUNTY","CRASH_MONTH","CRASH_YEAR","DAY_OF_WEEK","DEC_LATITUDE","DEC_LONGITUDE","DISPATCH_TM","DISTRICT","DRIVER_COUNT_16YR","DRIVER_COUNT_17YR","DRIVER_COUNT_18YR","DRIVER_COUNT_19YR","DRIVER_COUNT_20YR","DRIVER_COUNT_50_64YR","DRIVER_COUNT_65_74YR","DRIVER_COUNT_75PLUS","EST_HRS_CLOSED","FATAL_COUNT","HEAVY_TRUCK_COUNT","HORSE_BUGGY_COUNT","HOUR_OF_DAY","ILLUMINATION","INJURY_COUNT","INTERSECTION_RELATED","INTERSECT_TYPE","LANE_CLOSED","LATITUDE","LN_CLOSE_DIR","LOCATION_TYPE","LONGITUDE","MAX_SEVERITY_LEVEL","MCYCLE_DEATH_COUNT","MCYCLE_SUSP_SERIOUS_INJ_COUNT","MOTORCYCLE_COUNT","MUNICIPALITY","NONMOTR_COUNT","NONMOTR_DEATH_COUNT","NONMOTR_SUSP_SERIOUS_INJ_COUNT","NTFY_HIWY_MAINT","PED_COUNT","PED_DEATH_COUNT","PED_SUSP_SERIOUS_INJ_COUNT","PERSON_COUNT","POLICE_AGCY","POSSIBLE_INJ_COUNT","RDWY_SURF_TYPE_CD","RELATION_TO_ROAD","ROADWAY_CLEARED","ROAD_CONDITION","SCH_BUS_IND","SCH_ZONE_IND","SECONDARY_CRASH","SMALL_TRUCK_COUNT","SPEC_JURIS_CD","SUSP_MINOR_INJ_COUNT","SUSP_SERIOUS_INJ_COUNT","SUV_COUNT","TCD_FUNC_CD","TCD_TYPE","TFC_DETOUR_IND","TIME_OF_DAY","TOTAL_UNITS","TOT_INJ_COUNT","UNBELTED_OCC_COUNT","UNB_DEATH_COUNT","UNB_SUSP_SERIOUS_INJ_COUNT","UNK_INJ_DEG_COUNT","UNK_INJ_PER_COUNT","URBAN_RURAL","VAN_COUNT","VEHICLE_COUNT","WEATHER1","WEATHER2","WORKERS_PRES","WORK_ZONE_IND","WORK_ZONE_LOC","WORK_ZONE_TYPE","WZ_CLOSE_DETOUR","WZ_FLAGGER","WZ_LAW_OFFCR_IND","WZ_LN_CLOSURE","WZ_MOVING","WZ_OTHER","WZ_SHLDER_MDN","WZ_WORKERS_INJ_KILLED"
"2014030442","","2","0","0","0","0","0","0","0","0","1","0","","02","3","2014","5","40.463253","-79.941559","","11","0","0","0","0","0","0","0","0","2","0","0","0","","","0","","0","","40 27:47.710","1","0","79 56:29.612","9","0","0","0","2301","0","0","0","N","0","0","0","1","02301","0","","1.0","","1","N","N","","0","","0","0","0","","0","N","","2","0","0","0","0","0","1","2","0","2","","","","N","","","","","","","","","",""
"2014032731","","1","0","0","0","0","0","0","0","0","7","0","","02","1","2014","5","40.506789","-79.789491","","11","0","0","0","1","0","0","0","0","","0","0","0","","","0","","0","","40 30:24.442","","0","79 47:22.169","0","0","0","0","2466","0","0","0","N","0","0","0","1","68T02","0","","3.0","","9","N","N","","0","","0","0","0","","0","","","1","0","0","0","0","0","0","2","0","1","","","","N","","","","","","","","","",""
"2014032055","","1","0","0","0","0","0","0","0","0","4","0","","02","3","2014","4","40.530097","-79.914986","","11","0","0","0","0","0","1","1","0","","0","0","0","","","0","","2","","40 31:48.349","","0","79 54:53.949","9","0","0","0","2112","0","0","0","N","0","0","0","4","02112","0","","1.0","","9","N","N","","0","","0","0","1","","3","","","2","0","0","0","0","0","1","2","0","2","","","","N","","","","","","","","","",""
"2014031295","","1","0","0","0","0","0","0","0","0","4","1","","02","3","2014","2","40.408897","-79.905355","","11","0","0","0","0","0","2","0","0","","0","1","0","","","1","","1","","40 24:32.028","","0","79 54:19.279","8","0","0","0","2448","0","0","0","N","0","0","0","2","02448","0","","1.0","","1","N","N","","0","","0","0","0","","2","","","2","1","0","0","0","1","0","2","0","2","","","","N","","","","","","","","","",""
"2014031156","","1","0","0","0","0","0","0","0","0","1","0","","02","3","2014","5","40.493979","-79.902872","","11","0","0","0","0","0","0","0","0","","0","0","0","","","0","","0","","40 29:38.323","","0","79 54:10.339","0","0","0","0","2401","0","0","0","N","0","0","0","2","68D02","0","","1.0","","1","N","N","","0","","0","0","1","","0","","","2","0","0","0","0","0","0","2","0","2","","","","N","","","","","","","","","",""
"2014031912","","1","0","0","0","0","0","0","0","0","7","0","","02","3","2014","4","40.466273","-80.034314","","11","0","0","0","0","0","0","0","0","","0","0","0","","","0","","0","","40 27:58.582","","0","80 02:03.530","0","0","0","0","2301","0","0","0","N","0","0","0","1","02301","0","","3.0","","1","N","N","","0","","0","0","0","","0","","","1","0","0","0","0","0","0","2","0","1","","","","N","","","","","","","","","",""
"2014031232","","1","0","0","0","0","0","0","0","0","7","0","","02","3","2014","2","40.451389","-80.057694","","11","0","0","0","0","0","0","0","0","4","0","0","0","","","0","","0","","40 27:05.000","6","0","80 03:27.700","0","0","0","0","2301","0","0","0","N","0","0","0","1","02301","0","","4.0","","1","N","N","","0","","0","0","1","","0","Y","","2","0","0","0","0","0","0","2","0","2","","","","N","","","","","","","","","",""
"2014032058","","0","0","0","0","0","0","0","0","0","7","0","","02","3","2014","4","40.41625","-79.988917","","11","0","0","1","0","0","0","0","0","","0","0","0","","","0","","0","","40 24:58.500","","0","79 59:20.100","9","0","0","0","2301","0","0","0","N","0","0","0","1","02301","0","","5.0","","1","N","N","","1","","0","0","1","","0","","","2","0","0","0","0","0","1","2","0","2","","","","N","","","","","","","","","",""
"2014032814","","1","0","0","0","0","0","0","0","0","7","0","","02","3","2014","6","40.455409","-79.967024","","11","0","0","0","0","0","0","0","0","","0","0","0","","","0","","0","","40 27:19.474","","0","79 58:01.287","0","0","0","0","2301","0","0","0","N","0","0","0","1","02301","0","","5.0","","9","N","N","","0","","0","0","0","","0","","","1","0","0","0","0","0","0","2","0","1","","","","N","","","","","","","","","",""
"2014031982","","3","0","0","0","0","0","0","0","0","5","0","","02","3","2014","3","40.420444","-79.848444","","11","0","0","0","0","0","0","0","0","2","0","0","0","","","0","","0","","40 25:13.600","2","0","79 50:54.400","0","0","0","0","2431","0","0","0","N","0","0","0","2","02431","0","","6.0","","1","N","N","","0","","0","0","0","","0","N","","3","0","0","0","0","0","0","2","0","3","","","","N","","","","","","","","","",""
"2014031233","","1","0","0","0","0","0","0","0","0","7","0","","02","3","2014","6","40.547126","-80.195035","","11","0","0","0","0","0","0","0","0","","0","0","0","","","0","","1","","40 32:49.655","","0","80 11:42.125","0","0","0","0","2427","0","0","0","N","0","0","0","1","02427","0","","2.0","","1","N","N","","0","","0","0","0","","3","","","1","0","0","0","0","0","0","2","0","1","","","","N","","","","","","","","","",""
"2014031299","","0","0","0","0","0","0","0","0","0","1","0","","02","3","2014","5","40.374389","-80.092667","","11","0","0","0","0","0","0","0","0","1","0","0","0","","","2","","0","","40 22:27.800","6","0","80 05:33.600","8","0","0","0","2117","0","0","0","N","0","0","0","2","02117","0","","1.0","","1","N","N","","0","","0","0","0","","0","N","","2","2","0","0","0","2","0","2","2","2","","","","N","","","","","","","","","",""
"2014032816","","2","0","0","0","0","0","0","0","0","4","0","","02","3","2014","6","40.438634","-79.986476","","11","0","0","0","0","0","0","1","0","1","0","0","0","","","1","","1","","40 26:19.082","4","0","79 59:11.313","4","0","0","0","2301","0","0","0","N","0","0","0","3","02301","1","","1.0","","1","N","N","","0","","0","0","0","","2","N","","2","1","0","0","0","0","0","2","0","2","","","","N","","","","","","","","","",""
"2014031313","","1","0","0","0","0","0","0","0","0","8","0","","02","3","2014","2","40.444468","-79.978642","","11","0","0","0","0","0","1","0","0","1","0","0","0","","","1","","0","","40 26:40.083","1","0","79 58:43.110","8","0","0","0","2301","1","0","0","N","1","0","0","2","02301","0","","1.0","","1","N","N","","0","","0","0","0","","0","N","","2","1","0","0","0","1","0","2","0","1","","","","N","","","","","","","","","",""
"2014031997","","1","0","0","0","0","0","0","0","0","4","0","","02","3","2014","6","40.415444","-79.924874","","11","0","0","0","0","0","1","0","0","","0","0","0","","","0","","2","","40 24:55.598","","0","79 55:29.546","0","0","0","0","2301","0","0","0","N","0","0","0","2","02301","0","","1.0","","1","N","N","","0","","0","0","1","","2","","","2","0","0","0","0","0","0","2","0","2","","","","N","","","","","","","","","",""
"2014030512","","1","0","0","0","0","0","0","0","0","0","0","","02","3","2014","4","40.596228","-79.916098","","11","0","0","0","0","0","0","0","0","","0","0","0","","","0","","0","","40 35:46.420","","0","79 54:57.953","0","0","0","0","2207","0","0","0","N","0","0","0","1","68T02","0","","1.0","","9","N","N","","0","","0","0","0","","0","","","1","0","0","0","0","0","0","2","0","1","","","","N","","","","","","","","","",""
"2014031301","","1","0","0","0","0","0","0","0","0","4","1","","02","3","2014","2","40.449101","-79.931967","","11","0","0","0","0","0","2","0","0","","0","1","0","","","0","","2","","40 26:56.763","","0","79 55:55.081","0","0","0","0","2301","0","0","0","N","0","0","0","2","02301","0","","1.0","","1","N","N","","0","","0","0","0","","0","","","2","0","0","0","0","0","0","2","0","2","","","","N","","","","","","","","","",""
"2014030316","","1","0","1","0","0","0","0","0","0","7","0","","02","2","2014","2","40.412484","-80.106383","","11","0","0","0","0","0","0","0","0","","0","0","0","","","1","","0","","40 24:44.944","","0","80 06:22.979","2","0","0","0","2102","0","0","0","N","0","0","0","1","68B03","0","","4.0","","1","N","N","","0","","0","1","0","","0","","","1","1","0","0","0","0","0","2","0","1","","","","N","","","","","","","","","",""
"2014032062","","1","0","0","0","0","0","0","0","0","4","1","","02","3","2014","4","40.401967","-80.000684","","11","0","0","0","0","0","0","0","0","2","0","0","0","","","0","","1","","40 24:07.080","2","0","80 00:02.464","0","0","0","0","2301","0","0","0","N","0","0","0","2","02301","0","","1.0","","9","N","N","","0","","0","0","0","","2","N","","2","0","0","0","0","0","0","2","0","2","","","","N","","","","","","","","","",""
"2014032143","","3","0","0","0","0","0","0","0","0","1","0","","02","2","2014","6","40.465719","-80.000299","","11","0","0","0","0","0","1","0","0","2","0","0","0","","","1","","0","","40 27:56.590","2","0","80 00:01.077","8","0","0","0","2301","0","0","0","N","0","0","0","3","68B03","0","","1.0","","1","N","N","","0","","0","0","0","","0","N","","3","1","0","0","0","1","0","2","0","3","","","","N","","","","","","","","","",""
"2014030514","","1","0","0","0","0","0","0","0","0","7","0","","02","3","2014","6","40.353213","-79.841133","","11","0","0","0","0","0","0","0","0","","0","0","0","","","0","","0","","40 21:11.566","","2","79 50:28.080","0","0","0","0","2304","0","0","0","N","0","0","0","1","02304","0","","2.0","","1","N","N","","0","","0","0","0","","0","","","1","0","0","0","0","0","0","2","0","1","","","","N","","","","","","","","","",""
"2014032144","","1","0","0","0","0","0","0","0","0","1","0","","02","3","2014","2","40.462521","-79.999825","","11","0","0","0","0","0","0","0","0","","0","0","0","","","1","","0","","40 27:45.077","","0","79 59:59.370","4","0","0","0","2301","0","0","0","N","0","0","0","2","68B03","1","","1.0","","1","N","N","","0","","0","0","0","","0","","","2","1","0","0","0","0","1","2","0","2","","","","N","","","","","","","","","",""
"2014030662","","0","0","0","0","0","0","1","0","0","3","1","","02","3","2014","5","40.449659","-80.02643","","11","0","0","0","0","0","0","0","0","","0","0","0","","","3","","0","","40 26:58.771","","0","80 01:35.147","3","0","0","0","2301","0","0","0","N","0","0","0","7","02503","1","","1.0","","1","N","N","","1","","2","0","0","","0","","","2","3","0","0","0","0","0","2","0","2","","","","N","","","","","","","","","",""
"2014030453","","2","0","0","0","0","0","0","0","0","7","0","","02","3","2014","7","40.61844","-79.932352","","11","0","0","0","0","0","0","0","0","","0","0","0","","","0","","2","","40 37:06.384","","0","79 55:56.467","0","0","0","0","2217","0","0","0","N","0","0","0","1","02505","0","","4.0","","9","N","N","","0","","0","0","0","","3","","","2","0","0","0","0","0","0","2","0","2","","","","N","","","","","","","","","",""
"2014032145","","1","0","0","0","0","0","0","0","0","1","0","","02","3","2014","3","40.427763","-79.890511","","11","0","0","0","0","0","1","0","0","","0","0","0","","","0","","0","","40 25:39.947","","4","79 53:25.840","0","0","0","0","2301","0","0","0","N","0","0","0","3","68B03","0","","1.0","","1","N","N","","1","","0","0","1","","0","","","3","0","0","0","0","0","0","2","0","3","","","","N","","","","","","","","","",""
"2014031919","","1","0","0","0","0","0","0","0","0","5","0","","02","3","2014","4","40.471111","-79.927944","","11","0","0","0","0","0","0","0","0","","0","0","0","","","0","","0","","40 28:16.000","","0","79 55:40.600","9","0","0","0","2301","0","0","0","N","0","0","0","1","02301","0","","6.0","","1","N","N","","0","","0","0","0","","0","","","2","0","0","0","0","0","1","2","0","2","","","","N","","","","","","","","","",""
"2014030597","","1","0","0","0","0","0","0","0","0","4","0","","02","3","2014","2","40.440445","-79.960321","","11","0","0","0","0","0","0","0","0","1","0","0","0","","","4","","1","","40 26:25.602","4","0","79 57:37.155","4","0","0","0","2301","0","0","0","N","0","0","0","5","02301","1","","1.0","","1","N","N","","0","","0","0","1","","2","Y","","2","4","4","0","0","3","0","2","0","2","","","","N","","","","","","","","","",""
"2014031100","","1","0","0","0","0","0","0","0","0","7","0","","02","3","2014","7","40.409113","-79.902066","","11","0","0","0","0","0","0","0","0","","0","0","0","","","0","","0","","40 24:32.805","","0","79 54:07.438","0","0","0","0","2448","0","0","0","","0","0","0","1","02448","0","","5.0","","9","","","","0","","0","0","0","","0","","","1","0","1","0","0","0","0","2","0","1","","","","N","","","","","","","","","",""
"2014031990","","2","0","0","0","0","0","0","0","0","1","0","","02","3","2014","3","40.425291","-79.860903","","11","0","0","0","0","0","0","0","0","","0","0","0","","","0","","0","","40 25:31.047","","0","79 51:39.251","0","0","0","0","2431","0","0","0","N","0","0","0","2","02431","0","","1.0","","1","N","N","","0","","0","0","0","","0","","","2","0","0","0","0","0","0","2","0","2","","","","N","","","","","","","","","",""
"2014030455","","1","0","0","0","0","0","0","0","0","7","0","","02","3","2014","5","40.351301","-79.79922","","11","0","0","0","1","0","0","0","0","1","0","0","0","","","1","","0","","40 21:04.682","6","0","79 47:57.192","4","0","0","0","2477","0","0","0","N","0","0","0","1","02477","1","","2.0","","2","N","N","","0","","0","0","0","","0","Y","","1","1","0","0","0","0","0","2","0","1","","","","N","","","","","","","","","",""
"2014030665","","0","0","0","0","0","0","0","0","0","4","0","","02","3","2014","6","40.544721","-80.193361","","11","0","0","0","0","0","0","0","0","","0","0","0","","","0","","0","","40 32:40.995","","7","80 11:36.099","0","0","0","0","2427","0","0","0","N","0","0","0","4","02427","0","","1.0","","1","N","N","","0","","0","0","2","","0","","","2","0","0","0","0","0","0","2","0","2","","","","N","","","","","","","","","",""
"2014031450","","0","0","0","0","0","0","0","0","0","0","0","","02","3","2014","4","40.364105","-79.931044","","11","0","0","0","0","0","1","0","0","2","0","0","0","","","0","","0","","40 21:50.777","2","0","79 55:51.760","0","0","0","0","2473","0","0","0","N","0","0","0","1","02473","0","","1.0","","1","N","N","","0","","0","0","1","","0","N","","1","0","0","0","0","0","0","2","0","1","","","","N","","","","","","","","","",""
"2014032823","","0","0","0","0","0","0","0","0","0","8","0","","02","3","2014","6","40.430972","-79.955444","","11","0","0","0","0","0","0","0","1","1","0","0","0","","","1","","0","","40 25:51.500","2","0","79 57:19.600","8","0","0","0","2301","1","0","0","N","1","0","0","2","02301","0","","1.0","","1","N","N","","0","","0","0","1","","0","N","","2","1","0","0","0","1","0","2","0","1","","","","N","","","","","","","","","",""
"2014030599","","1","0","0","0","0","0","0","0","0","7","0","","02","3","2014","5","40.375067","-80.150171","","11","1","0","0","0","0","0","0","0","","0","0","0","","","0","","0","","40 22:30.241","","0","80 09:00.615","0","0","0","0","2119","0","0","0","N","0","0","0","2","02119","0","","4.0","","3","N","N","","0","","0","0","0","","0","","","1","0","0","0","0","0","0","2","0","1","","","","N","","","","","","","","","",""
"2014032950","","3","0","0","0","0","0","0","0","0","1","0","","02","3","2014","6","40.391099","-80.072758","","11","0","0","1","0","0","1","0","0","","0","0","0","","","1","","0","","40 23:27.955","","0","80 04:21.930","4","0","0","0","2117","0","0","0","N","0","0","0","5","02117","1","","1.0","","1","N","N","","0","","0","0","1","","0","","","4","1","1","0","0","0","0","2","0","4","","","","N","","","","","","","","","",""
"2014031455","","2","0","0","0","0","0","0","0","0","4","0","","02","2","2014","5","40.375814","-79.817364","","11","0","1","0","0","0","1","0","0","2","0","0","0","","","1","","2","","40 22:32.930","7","0","79 49:02.510","3","0","0","0","2111","0","0","0","N","0","0","0","3","02111","0","","1.0","","1","N","N","","0","","1","0","0","","3","Y","","2","1","0","0","0","0","0","2","0","2","","","","N","","","","","","","","","",""
"2014031928","","0","0","0","0","0","0","0","0","0","1","0","","02","3","2014","4","40.615681","-80.094185","","11","0","0","0","0","0","2","0","0","","0","0","0","","","1","","7","","40 36:56.450","","2","80 05:39.065","4","0","0","0","2481","0","0","0","N","0","0","0","3","02481","1","","1.0","","1","N","N","","2","","0","0","1","","2","","","3","1","0","0","0","0","0","2","0","3","","","","N","","","","","","","","","",""
"2014032951","","0","0","0","0","0","0","0","0","0","1","0","","02","3","2014","6","40.43387","-79.732328","","11","0","0","0","0","0","0","0","0","","0","0","0","","","1","","0","","40 26:01.932","","0","79 43:56.380","8","0","0","0","2446","0","0","0","N","0","0","0","4","02446","0","","1.0","","1","N","N","","1","","0","0","2","","0","","","3","1","0","0","0","1","0","2","0","3","","","","N","","","","","","","","","",""
"2014030603","","1","0","0","0","0","0","0","0","0","1","0","","02","3","2014","6","40.414503","-80.009288","","11","0","0","1","0","0","1","0","0","1","0","0","0","","","0","","0","","40 24:52.211","1","0","80 00:33.437","0","0","0","0","2301","0","0","0","N","0","0","0","3","02301","0","","1.0","","1","N","N","","0","","0","0","2","","0","N","","3","0","0","0","0","0","0","2","0","3","","","","N","","","","","","","","","",""
"2014031930","","1","0","0","0","0","0","0","0","0","4","0","","02","3","2014","4","40.344926","-79.837516","","11","0","0","0","0","0","0","0","0","","0","0","0","","","0","","1","","40 20:41.733","","0","79 50:15.057","0","0","0","0","2304","0","0","0","N","0","0","0","2","02304","0","","1.0","","1","N","N","","0","","0","0","1","","3","","","2","0","0","0","0","0","0","2","0","2","","","","N","","","","","","","","","",""
"2014030461","","1","0","0","0","0","0","0","0","0","1","0","","02","3","2014","5","40.642943","-79.850473","","11","0","0","0","0","0","1","0","0","1","0","0","0","","","0","","0","","40 38:34.596","2","0","79 51:01.704","0","0","0","0","2220","0","0","0","N","0","0","0","2","02220","0","","1.0","","2","N","N","","1","","0","0","0","","0","N","","2","0","0","0","0","0","0","2","0","2","","","","N","","","","","","","","","",""
"2014032090","","0","0","0","0","0","0","0","0","0","4","0","","02","3","2014","3","","","","11","0","0","0","0","0","0","0","0","2","0","0","0","","","1","","0","","","4","0","","8","0","0","0","2473","0","0","0","N","0","0","0","2","02473","0","","1.0","","1","N","N","","1","","0","0","1","","0","N","","2","1","0","0","0","1","0","1","0","2","","","","N","","","","","","","","","",""
"2014032952","","1","0","0","0","0","0","0","0","0","5","0","","02","3","2014","6","40.415643","-80.011131","","11","0","0","0","0","0","0","0","0","","0","0","0","","","1","","2","","40 24:56.314","","0","80 00:40.071","3","0","0","1","2301","0","0","0","N","0","0","0","1","02301","0","","1.0","","1","N","N","","0","","1","0","0","","0","","","2","1","0","0","0","0","0","2","0","2","","","","N","","","","","","","","","",""
"2014031107","","0","0","0","0","0","0","0","0","0","7","0","","02","3","2014","7","40.393607","-79.895424","","11","0","0","0","0","0","0","0","0","","0","0","0","","","0","","0","","40 23:36.986","","0","79 53:43.526","0","0","0","0","2448","0","0","0","","0","0","0","1","02448","0","","2.0","","1","","","","0","","0","0","1","","0","","","1","0","1","0","0","0","0","2","0","1","","","","N","","","","","","","","","",""
"2014030462","","0","0","0","0","0","0","0","0","0","7","0","","02","2","2014","4","40.460917","-79.874889","","11","0","0","0","0","0","0","0","0","3","0","0","0","","","2","","0","","40 27:39.300","3","0","79 52:29.600","4","0","0","0","2301","0","0","0","N","0","0","0","3","02301","2","","2.0","","2","N","N","","0","","0","0","0","","0","N","","1","2","2","0","0","0","0","2","1","1","","","","N","","","","","","","","","",""
"2014030463","","1","0","0","0","0","0","0","0","0","7","0","","02","3","2014","5","40.533336","-80.018892","","11","0","0","0","0","0","0","0","0","","0","0","0","","","1","","0","","40 32:00.010","","0","80 01:08.010","3","0","0","0","2116","0","0","0","N","0","0","0","1","02116","0","","5.0","","1","N","N","","0","","1","0","0","","0","","","1","1","0","0","0","0","0","2","0","1","","","","N","","","","","","","","","",""
"2014031250","","1","0","0","0","0","0","0","0","0","4","0","","02","3","2014","2","40.429999","-79.957723","","11","0","0","0","0","0","1","1","0","","0","0","0","","","1","","2","","40 25:47.997","","0","79 57:27.802","3","0","0","0","2301","0","0","0","N","0","0","0","2","02301","0","","1.0","","1","N","N","","0","","1","0","1","","2","","","2","1","0","0","0","0","0","2","0","2","","","","N","","","","","","","","","",""
"2014032766","","0","0","0","0","0","0","0","0","0","1","2","","02","3","2014","6","","","","11","0","0","0","0","0","1","0","0","","0","1","0","","","0","","0","","","","7","","0","0","0","0","2110","0","0","0","N","0","0","0","2","02215","0","","2.0","","1","N","N","","1","","0","0","0","","0","","","2","0","0","0","0","0","0","1","0","2","","","","N","","","","","","","","","",""
"2014031251","","0","0","0","0","0","0","0","0","0","7","0","","02","3","2014","2","40.411611","-80.028389","","11","0","0","0","0","0","0","0","0","","0","0","0","","","1","","0","","40 24:41.800","","0","80 01:42.200","8","0","0","0","2301","0","0","0","N","0","0","0","3","02301","0","","4.0","","1","N","N","","0","","0","0","1","","0","","","1","1","0","0","0","1","0","2","0","1","","","","N","","","","","","","","","",""
"2014031266","","1","0","0","0","0","0","0","0","0","7","0","","02","3","2014","7","40.523084","-80.177503","","11","0","0","0","0","0","0","0","0","","0","0","0","","","0","","1","","40 31:23.102","","0","80 10:39.011","0","0","0","0","2213","0","0","0","N","0","0","0","1","02213","0","","4.0","","9","N","N","","0","","0","0","0","","0","","","1","0","0","0","0","0","0","2","0","1","","","","N","","","","","","","","","",""
"2014031335","","1","0","0","0","0","0","0","0","0","4","0","","02","3","2014","2","40.428618","-79.992209","","11","0","0","0","0","0","1","0","0","1","0","0","0","","","0","","1","","40 25:43.023","6","0","79 59:31.952","0","0","0","0","2301","0","0","0","N","0","0","0","2","02301","0","","1.0","","1","N","N","","1","","0","0","0","","3","Y","","2","0","0","0","0","0","0","2","0","2","","","","N","","","","","","","","","",""
"2014032958","","1","0","0","0","0","0","0","0","0","7","0","","02","3","2014","6","40.673142","-80.063826","","11","0","1","0","0","0","0","0","0","","0","0","0","","","0","","2","","40 40:23.311","","0","80 03:49.773","0","0","0","0","2216","0","0","0","Y","0","0","0","1","02505","0","","5.0","","1","N","N","","0","","0","0","0","","3","","","1","0","0","0","0","0","0","2","0","1","","","","N","","","","","","","","","",""
"2014030608","","1","0","0","0","0","0","0","0","0","1","0","","02","3","2014","6","40.622967","-80.063717","","11","0","0","0","0","0","2","0","0","","0","0","0","","","0","","2","","40 37:22.681","","0","80 03:49.381","0","0","0","0","2216","0","0","0","N","0","0","0","3","02505","0","","1.0","","1","N","N","","1","","0","0","0","","0","","","3","0","0","0","0","0","0","2","1","3","","","","N","","","","","","","","","",""
"2014031267","","1","0","0","0","0","0","0","0","0","4","0","","02","3","2014","2","40.501996","-80.204806","","11","0","0","0","0","0","1","0","0","","0","0","0","","","0","","1","","40 30:07.184","","0","80 12:17.303","0","0","0","0","2213","0","0","0","N","0","0","0","2","02213","0","","1.0","","1","N","N","","0","","0","0","1","","2","","","2","0","0","0","0","0","0","2","0","2","","","","N","","","","","","","","","",""
"2014031111","","0","0","0","0","0","0","0","0","0","1","0","","02","3","2014","1","40.466774","-79.925298","","11","0","0","0","0","0","0","0","0","1","0","0","0","","","0","","1","","40 28:00.386","5","0","79 55:31.074","9","0","0","0","2301","0","0","0","N","0","0","0","2","02301","0","","1.0","","1","N","N","","1","","0","0","1","","2","Y","","2","0","0","0","0","0","1","2","0","2","","","","N","","","","","","","","","",""
"2014031268","","1","0","0","0","0","0","0","0","0","4","0","","02","3","2014","3","40.516417","-80.219389","","11","0","0","0","0","0","0","0","0","","0","0","0","","","2","","0","","40 30:59.100","","7","80 13:09.800","4","0","0","0","2213","0","0","0","N","0","0","0","4","02213","2","","1.0","","1","N","N","","0","","0","0","0","","0","","","2","2","0","0","0","0","0","2","1","2","","","","N","","","","","","","","","",""
"2014031337","","1","0","0","0","0","0","0","0","0","1","0","","02","3","2014","2","40.457889","-79.856111","","11","0","0","0","0","0","1","0","0","","0","0","0","","","0","","0","","40 27:28.400","","7","79 51:22.000","0","0","0","0","2113","0","0","0","N","0","0","0","2","02113","0","","1.0","","1","N","N","","0","","0","0","1","","0","","","2","0","0","0","0","0","0","2","0","2","","","","N","","","","","","","","","",""
"2014031938","","2","0","0","0","0","0","0","0","0","5","0","","02","3","2014","1","40.496314","-80.207534","","11","0","0","0","0","0","0","0","0","1","0","0","0","","","0","","6","","40 29:46.732","3","2","80 12:27.121","0","0","0","0","2213","0","0","0","Y","0","0","0","2","02213","0","","1.0","","6","N","N","","0","","0","0","0","","0","N","","2","0","0","0","0","0","0","2","0","2","","","","N","","","","","","","","","",""
"2014032769","","1","0","0","0","0","0","0","0","0","4","0","","02","3","2014","6","40.419808","-79.964349","","11","0","0","0","0","0","0","0","1","","0","0","0","","","0","","2","","40 25:11.308","","0","79 57:51.656","0","0","0","0","2301","0","0","0","N","0","0","0","4","02301","0","","1.0","","1","N","N","","0","","0","0","1","","3","","","2","0","0","0","0","0","0","2","0","2","","","","N","","","","","","","","","",""
"2014031269","","1","0","0","0","0","0","0","0","0","4","0","","02","3","2014","2","40.337889","-80.05125","","11","0","0","0","0","0","1","0","0","","0","0","0","","","1","","0","","40 20:16.400","","7","80 03:04.500","4","0","0","0","2407","0","0","0","N","0","0","0","2","02407","1","","1.0","","1","N","N","","0","","0","0","1","","0","","","2","1","0","0","0","0","0","2","0","2","","","","N","","","","","","","","","",""
"2014031339","","2","0","0","0","0","0","0","0","0","1","0","","02","3","2014","2","40.432873","-79.936537","","11","0","0","0","0","0","2","0","0","","0","0","0","","","1","","1","","40 25:58.342","","0","79 56:11.533","8","0","0","0","2301","0","0","0","N","0","0","0","5","02301","0","","7.0","","1","N","N","","0","","0","0","0","","3","","","2","1","0","0","0","1","0","2","0","2","","","","N","","","","","","","","","",""
"2014031113","","1","0","0","0","0","0","0","0","0","7","0","","02","3","2014","2","40.343556","-79.863294","","11","0","0","0","0","0","0","0","0","2","0","0","0","","","1","","0","","40 20:36.801","1","0","79 51:47.860","3","0","0","0","2304","0","0","0","N","0","0","0","1","02304","0","","4.0","","1","N","N","","0","","1","0","0","","0","Y","","1","1","0","0","0","0","0","2","0","1","","","","N","","","","","","","","","",""
"2014031939","","1","0","0","0","0","0","0","0","0","7","0","","02","3","2014","1","40.528806","-80.240517","","11","0","0","1","0","0","0","0","0","","0","0","0","","","0","","0","","40 31:43.702","","0","80 14:25.861","0","0","0","0","2213","0","0","0","Y","0","0","0","2","02213","0","","4.0","","7","N","N","","0","","0","0","0","","0","","","1","0","0","0","0","0","0","2","0","1","","","","N","","","","","","","","","",""
"2014031270","","2","0","0","0","0","0","0","0","0","4","0","","02","3","2014","6","40.343092","-80.024423","","11","0","0","0","0","0","1","0","1","","0","0","0","","","0","","2","","40 20:35.130","","0","80 01:27.922","0","0","0","0","2407","0","0","0","N","0","0","0","3","02407","0","","1.0","","1","N","N","","0","","0","0","0","","3","","","2","0","0","0","0","0","0","2","0","2","","","","N","","","","","","","","","",""