"CRN","ARRIVAL_TM","AUTOMOBILE_COUNT","BELTED_DEATH_COUNT","BELTED_SUSP_SERIOUS_INJ_COUNT","BICYCLE_COUNT","BICYCLE_DEATH_COUNT","BICYCLE_SUSP_SERIOUS_INJ_COUNT","BUS_COUNT","CHLDPAS_DEATH_COUNT","CHLDPAS_SUSP_SERIOUS_INJ_COUNT","COLLISION_TYPE","COMM_VEH_COUNT","CONS_ZONE_SPD_LIM","COUNTY","CRASH_MONTH","CRASH_YEAR","DAY_OF_WEEK","DEC_LATITUDE","DEC_LONGITUDE","DISPATCH_TM","DISTRICT","DRIVER_COUNT_16YR","DRIVER_COUNT_17YR","DRIVER_COUNT_18YR","DRIVER_COUNT_19YR","DRIVER_COUNT_20YR","DRIVER_COUNT_50_64YR","DRIVER_COUNT_65_74YR","DRIVER_COUNT_75PLUS","EST_HRS_CLOSED","FATAL_COUNT","HEAVY_TRUCK_COUNT","HORSE_BUGGY_COUNT","HOUR_OF_DAY","ILLUMINATION","INJURY_COUNT","INTERSECTION_RELATED","INTERSECT_TYPE","LANE_CLOSED","LATITUDE","LN_CLOSE_DIR","LOCATION_TYPE","LONGITUDE","MAX_SEVERITY_LEVEL","MCYCLE_DEATH_COUNT","MCYCLE_SUSP_SERIOUS_INJ_COUNT","MOTORCYCLE_COUNT","MUNICIPALITY","NONMOTR_COUNT","NONMOTR_DEATH_COUNT","NONMOTR_SUSP_SERIOUS_INJ_COUNT","NTFY_HIWY_MAINT","PED_COUNT","PED_DEATH_COUNT","PED_SUSP_SERIOUS_INJ_COUNT","PERSON_COUNT","POLICE_AGCY","POSSIBLE_INJ_COUNT","RDWY_SURF_TYPE_CD","RELATION_TO_ROAD","ROADWAY_CLEARED","ROAD_CONDITION","SCH_BUS_IND","SCH_ZONE_IND","SECONDARY_CRASH","SMALL_TRUCK_COUNT","SPEC_JURIS_CD","SUSP_MINOR_INJ_COUNT","SUSP_SERIOUS_INJ_COUNT","SUV_COUNT","TCD_FUNC_CD","TCD_TYPE","TFC_DETOUR_IND","TIME_OF_DAY","TOTAL_UNITS","TOT_INJ_COUNT","UNBELTED_OCC_COUNT","UNB_DEATH_COUNT","UNB_SUSP_SERIOUS_INJ_COUNT","UNK_INJ_DEG_COUNT","UNK_INJ_PER_COUNT","URBAN_RURAL","VAN_COUNT","VEHICLE_COUNT","WEATHER1","WEATHER2","WORKERS_PRES","WORK_ZONE_IND","WORK_ZONE_LOC","WORK_ZONE_TYPE","WZ_CLOSE_DETOUR","WZ_FLAGGER","WZ_LAW_OFFCR_IND","WZ_LN_CLOSURE","WZ_MOVING","WZ_OTHER","WZ_SHLDER_MDN","WZ_WORKERS_INJ_KILLED"
"2014030613","","1","0","0","0","0","0","0","0","0","4","0","","02","3","2014","5","40.512213","-79.843405","","11","0","0","0","0","0","1","0","0","1","0","0","0","","","0","","2","","40 30:43.968","1","0","79 50:36.259","0","0","0","0","2451","0","0","0","N","0","0","0","3","02451","0","","1.0","","1","N","N","","0","","0","0","1","","0","N","","2","0","0","0","0","0","0","2","0","2","","","","N","","","","","","","","","",""
"2014031940","","1","0","0","0","0","0","0","0","0","4","0","","02","3","2014","6","40.348701","-80.023822","","11","0","0","0","0","0","1","0","0","","0","0","0","","","0","","0","","40 20:55.325","","0","80 01:25.758","0","0","0","0","2407","0","0","0","N","0","0","0","3","02407","0","","1.0","","1","N","N","","0","","0","0","1","","0","","","2","0","0","0","0","0","0","2","0","2","","","","N","","","","","","","","","",""
"2014031271","","1","0","0","0","0","0","0","0","0","7","0","","02","3","2014","7","40.330527","-80.022053","","11","0","0","0","0","0","2","0","0","1","0","0","0","","","0","","5","","40 19:49.897","3","0","80 01:19.389","0","0","0","0","2407","0","0","0","N","0","0","0","4","02407","0","","4.0","","1","N","N","","0","","0","0","2","","2","Y","","3","0","0","0","0","0","0","2","0","3","","","","N","","","","","","","","","",""
"2014031115","","2","0","0","0","0","0","0","0","0","1","0","","02","3","2014","7","40.473807","-80.072006","","11","0","0","0","0","0","1","0","0","","0","0","0","","","1","","1","","40 28:25.705","","4","80 04:19.220","4","0","0","0","2122","0","0","0","N","0","0","0","3","02122","1","","1.0","","1","N","N","","0","","0","0","0","","0","","","2","1","0","0","0","0","0","2","0","2","","","","N","","","","","","","","","",""
"2014030347","","2","0","0","0","0","0","0","0","0","1","0","","02","2","2014","7","40.514599","-80.140487","","11","0","0","0","1","0","0","0","0","","0","0","0","","","0","","0","","40 30:52.556","","0","80 08:25.753","0","0","0","0","2110","0","0","0","N","0","0","0","1","02215","0","","2.0","","1","N","N","","0","","0","0","0","","0","","","2","0","1","0","0","0","0","2","0","2","","","","N","","","","","","","","","",""
"2014031192","","2","0","0","0","0","0","0","0","0","2","0","","02","3","2014","1","40.41846","-79.74338","","11","0","0","0","0","0","0","0","1","2","0","0","0","","","1","","0","","40 25:06.456","5","0","79 44:36.168","3","0","0","0","2446","0","0","0","N","0","0","0","2","02446","0","","1.0","","1","N","N","","0","","1","0","0","","0","N","","2","1","0","0","0","0","0","2","0","2","","","","N","","","","","","","","","",""
"2014030484","","0","0","0","0","0","0","0","0","0","7","0","","02","2","2014","6","40.524358","-80.069628","","11","0","0","0","0","0","0","0","0","","0","0","0","","","0","","0","","40 31:27.688","","0","80 04:10.661","0","0","0","0","2215","0","0","0","Y","0","0","0","1","68B03","0","","5.0","","9","N","N","","0","","0","0","1","","0","","","1","0","0","0","0","0","0","2","0","1","","","","N","","","","","","","","","",""
"2014031116","","1","0","0","0","0","0","0","0","0","1","0","","02","3","2014","2","40.477336","-79.954074","","11","0","0","0","0","0","0","0","0","1","0","0","0","","","0","","0","","40 28:38.410","5","0","79 57:14.665","0","0","0","0","2301","0","0","0","N","0","0","0","1","02301","0","","6.0","","1","N","N","","0","","0","0","1","","0","Y","","2","0","0","0","0","0","0","2","0","2","","","","N","","","","","","","","","",""
"2014031194","","2","0","0","0","0","0","0","0","0","4","0","","02","3","2014","4","40.382961","-79.806999","","11","0","0","0","0","0","0","1","0","1","0","0","0","","","0","","1","","40 22:58.659","1","0","79 48:25.196","0","0","0","0","2424","0","0","0","N","0","0","0","2","02424","0","","1.0","","1","N","N","","0","","0","0","0","","3","N","","2","0","0","0","0","0","0","2","0","2","","","","N","","","","","","","","","",""
"2014030485","","0","0","0","0","0","0","0","0","0","7","0","","02","2","2014","6","40.450178","-79.993591","","11","0","0","0","0","0","0","0","0","","0","0","0","","","1","","0","","40 27:00.641","","3","79 59:36.929","4","0","0","0","2301","0","0","0","Y","0","0","0","1","68B03","1","","5.0","","1","N","N","","0","","0","0","1","","0","","","1","1","0","0","0","0","0","2","0","1","","","","N","","","","","","","","","",""
"2014030549","","2","0","0","0","0","0","0","0","0","1","0","","02","2","2014","6","40.408798","-79.906933","","11","0","0","0","0","0","1","0","0","","0","0","0","","","1","","0","","40 24:31.674","","0","79 54:24.960","8","0","0","0","2478","0","0","0","N","0","0","0","1","02438","0","","4.0","","1","N","N","","0","","0","0","0","","0","","","2","1","0","0","0","1","0","2","0","2","","","","N","","","","","","","","","",""
"2014030337","","2","0","0","0","0","0","0","0","0","1","0","","02","3","2014","5","40.436527","-79.972798","","11","0","0","0","0","0","0","0","0","2","0","0","0","","","2","","0","","40 26:11.497","3","0","79 58:22.074","8","0","0","0","2301","0","0","0","N","0","0","0","3","02301","0","","1.0","","1","N","N","","0","","0","0","0","","0","Y","","2","2","1","0","0","2","0","2","0","2","","","","N","","","","","","","","","",""
"2014031955","","1","0","0","0","0","0","0","0","0","1","0","","02","3","2014","3","40.47508","-79.822109","","11","0","0","1","0","0","0","0","0","1","0","0","0","","","1","","0","","40 28:30.289","3","0","79 49:19.592","4","0","0","0","2113","0","0","0","N","0","0","0","2","02113","1","","1.0","","1","N","N","","0","","0","0","1","","0","Y","","2","1","0","0","0","0","0","2","0","2","","","","N","","","","","","","","","",""
"2014032022","","1","0","0","0","0","0","0","0","0","4","0","","02","3","2014","4","40.437","-79.771222","","11","0","0","0","0","0","0","0","1","1","0","0","0","","","1","","0","","40 26:13.200","1","7","79 46:16.400","8","0","0","0","2446","0","0","0","N","0","0","0","3","02446","0","","1.0","","1","N","N","","0","","0","0","0","","0","Y","","2","1","0","0","0","1","0","2","1","2","","","","N","","","","","","","","","",""
"2014031262","","0","0","0","0","0","0","0","0","0","7","0","","02","3","2014","7","40.566623","-80.043791","","11","0","0","0","0","0","0","0","0","","0","0","0","","","1","","0","","40 33:59.843","","0","80 02:37.649","8","0","0","0","2108","0","0","0","Y","0","0","0","1","02108","0","","2.0","","1","N","N","","0","","0","0","1","","0","","","1","1","0","0","0","1","0","2","0","1","","","","N","","","","","","","","","",""
"2014030486","","1","0","0","0","0","0","0","0","0","7","0","","02","2","2014","3","40.372276","-80.114616","","11","0","0","0","0","0","0","0","0","","0","0","0","","","0","","0","","40 22:20.195","","0","80 06:52.617","0","0","0","0","2102","0","0","0","Y","0","0","0","1","68B03","0","","5.0","","2","Y","N","","0","","0","0","0","","0","","","1","0","0","0","0","0","0","2","0","1","","","","N","","","","","","","","","",""
"2014031344","","2","0","0","0","0","0","0","0","0","7","0","","02","3","2014","2","40.435421","-79.984437","","11","0","0","0","0","0","0","1","0","","0","0","0","","","0","","2","","40 26:07.514","","0","79 59:03.974","0","0","0","0","2301","0","0","0","N","0","0","0","2","02301","0","","2.0","","1","N","N","","0","","0","0","0","","3","","","2","0","0","0","0","0","0","2","0","2","","","","N","","","","","","","","","",""
"2014030703","","2","0","0","0","0","0","0","0","0","4","0","","02","3","2014","6","40.459997","-79.945927","","11","0","0","0","0","0","0","0","0","","0","0","0","","","1","","1","","40 27:35.989","","0","79 56:45.337","8","0","0","0","2301","0","0","0","N","0","0","0","3","02301","0","","1.0","","1","N","N","","0","","0","0","0","","2","","","2","1","0","0","0","1","0","2","0","2","","","","N","","","","","","","","","",""
"2014032522","","1","0","0","0","0","0","0","0","0","4","0","","02","3","2014","5","40.438629","-79.769007","","11","0","0","0","0","0","2","0","0","1","0","0","0","","","2","","1","","40 26:19.065","3","0","79 46:08.426","8","0","0","0","2446","0","0","0","N","0","0","0","2","02446","0","","1.0","","1","N","N","","0","","0","0","1","","2","N","","2","2","1","0","0","2","0","2","0","2","","","","N","","","","","","","","","",""
"2014032243","","0","0","0","0","0","0","0","0","0","99","0","","02","3","2014","4","40.438769","-80.251337","","11","0","0","0","0","0","0","0","0","","0","0","0","","","1","","0","","40 26:19.570","","0","80 15:04.812","4","0","0","0","2214","0","0","0","N","0","0","0","1","02214","1","","1.0","","1","N","N","","0","","0","0","0","","0","","","1","1","0","0","0","0","0","2","1","1","","","","N","","","","","","","","","",""
"2014030704","","1","0","0","0","0","0","0","0","0","4","0","","02","3","2014","6","40.449574","-80.064329","","11","0","0","0","0","0","1","0","0","2","0","0","0","","","2","","1","","40 26:58.466","5","0","80 03:51.584","8","0","0","0","2301","0","0","0","N","0","0","0","3","02301","0","","1.0","","1","N","N","","1","","0","0","0","","3","Y","","2","2","0","0","0","2","0","2","0","2","","","","N","","","","","","","","","",""
"2014032523","","2","0","0","0","0","0","0","0","0","4","0","","02","3","2014","1","40.331276","-80.052771","","11","0","0","0","0","0","2","0","0","","0","0","0","","","0","","2","","40 19:52.594","","0","80 03:09.976","0","0","0","0","2407","0","0","0","N","0","0","0","3","02407","0","","1.0","","1","N","N","","0","","0","0","0","","3","","","3","0","0","0","0","0","0","2","1","3","","","","N","","","","","","","","","",""
"2014030705","","2","0","0","0","0","0","0","0","0","5","0","","02","3","2014","7","40.446","-80.010833","","11","0","0","0","0","0","0","0","0","","0","0","0","","","0","","0","","40 26:45.600","","0","80 00:39.000","0","0","0","0","2301","0","0","0","N","0","0","0","1","02301","0","","1.0","","1","N","N","","0","","0","0","0","","0","","","2","0","0","0","0","0","0","2","0","2","","","","N","","","","","","","","","",""
"2014032320","","0","0","0","0","0","0","0","0","0","4","0","","02","3","2014","3","40.439442","-80.192042","","11","0","0","0","0","0","0","1","0","","0","0","0","","","1","","2","","40 26:21.990","","2","80 11:31.351","3","0","0","0","2214","0","0","0","N","0","0","0","3","02214","0","","1.0","","1","N","N","","0","","1","0","1","","2","","","2","1","2","0","0","0","0","2","1","2","","","","N","","","","","","","","","",""
"2014030706","","3","0","0","0","0","0","0","0","0","1","0","","02","3","2014","7","40.460806","-79.947361","","11","0","0","0","0","0","1","0","0","1","0","0","0","","","2","","0","","40 27:38.900","4","0","79 56:50.500","8","0","0","0","2301","0","0","0","N","0","0","0","3","02301","0","","1.0","","1","N","N","","0","","0","0","0","","0","Y","","3","2","1","0","0","2","0","2","0","3","","","","N","","","","","","","","","",""
"2014030707","","0","0","0","0","0","0","0","0","0","7","0","","02","3","2014","6","40.493067","-79.964969","","11","0","0","0","0","0","0","0","0","3","0","0","0","","","0","","0","","40 29:35.042","6","0","79 57:53.887","9","0","0","0","2118","0","0","0","N","0","0","0","1","02118","0","","1.0","","1","N","N","","1","","0","0","0","","0","Y","","1","0","0","0","0","0","1","2","0","1","","","","N","","","","","","","","","",""
"2014031780","","2","0","0","0","0","0","0","0","0","1","0","","02","3","2014","3","40.339908","-79.826686","","11","0","0","0","0","0","1","0","0","","0","0","0","","","1","","0","","40 20:23.669","","0","79 49:36.068","4","0","0","0","2304","0","0","0","N","0","0","0","3","02304","1","","1.0","","1","N","N","","0","","0","0","0","","0","","","2","1","1","0","0","0","0","2","0","2","","","","N","","","","","","","","","",""
"2014031658","","1","0","0","0","0","0","0","0","0","1","0","","02","3","2014","3","40.402861","-79.989694","","11","0","0","0","0","0","0","0","0","","0","0","0","","","1","","0","","40 24:10.300","","0","79 59:22.900","8","0","0","0","2301","0","0","0","N","0","0","0","3","02301","0","","1.0","","1","N","N","","0","","0","0","1","","0","","","2","1","0","0","0","1","0","2","0","2","","","","N","","","","","","","","","",""
"2014032312","","1","0","0","0","0","0","0","0","0","1","0","","02","3","2014","5","40.384713","-79.995126","","11","0","0","0","0","0","0","1","0","","0","0","0","","","1","","2","","40 23:04.968","","0","79 59:42.454","4","0","0","0","2301","0","0","0","N","0","0","0","4","02301","1","","1.0","","1","N","N","","0","","0","0","0","","2","","","2","1","0","0","0","0","0","2","1","2","","","","N","","","","","","","","","",""
"2014032326","","1","0","0","0","0","0","0","0","0","5","0","","02","3","2014","5","","","","11","0","0","0","0","0","1","0","0","1","0","1","0","","","1","","0","","","2","0","","4","0","0","0","2301","0","0","0","N","0","0","0","3","02301","1","","1.0","","1","N","N","","1","","0","0","0","","0","N","","3","1","0","0","0","0","0","1","0","3","","","","N","","","","","","","","","",""
"2014031502","","1","0","0","0","0","0","0","0","0","7","0","","02","3","2014","3","40.545504","-80.064076","","11","0","0","0","0","0","0","0","0","1","0","0","0","","","1","","2","","40 32:43.816","3","0","80 03:50.672","3","0","0","0","2116","0","0","0","N","0","0","0","1","02116","0","","4.0","","1","N","N","","0","","1","0","0","","0","N","","1","1","1","0","0","0","0","2","0","1","","","","N","","","","","","","","","",""
"2014031646","","2","0","0","0","0","0","0","0","0","4","0","","02","3","2014","2","40.423739","-79.88305","","11","0","0","0","1","0","0","1","0","","0","0","0","","","0","","1","","40 25:25.460","","0","79 52:58.980","0","0","0","0","2463","0","0","0","N","0","0","0","2","02463","0","","1.0","","1","N","N","","0","","0","0","0","","3","","","2","0","0","0","0","0","0","2","0","2","","","","N","","","","","","","","","",""
"2014031517","","1","0","0","0","0","0","0","0","0","7","0","","02","3","2014","3","40.46","-79.870917","","11","0","0","0","0","0","0","0","0","1","0","0","0","","","0","","0","","40 27:36.000","1","0","79 52:15.300","0","0","0","0","2301","0","0","0","N","0","0","0","1","02301","0","","4.0","","3","N","N","","0","","0","0","0","","0","N","","1","0","0","0","0","0","0","2","0","1","","","","N","","","","","","","","","",""
"2014032328","","2","0","0","0","0","0","0","0","0","4","0","","02","3","2014","5","40.330086","-80.077281","","11","0","0","0","0","0","1","0","0","","0","0","0","","","0","","2","","40 19:48.309","","1","80 04:38.211","0","0","0","0","2123","0","0","0","N","0","0","0","2","02123","0","","1.0","","1","N","N","","0","","0","0","0","","3","","","2","0","0","0","0","0","0","2","0","2","","","","N","","","","","","","","","",""
"2014031785","","1","0","0","0","0","0","0","0","0","1","0","","02","3","2014","3","40.460311","-79.873216","","11","0","0","0","0","0","1","0","0","1","0","0","0","","","1","","0","","40 27:37.120","3","0","79 52:23.578","4","0","0","0","2301","0","0","0","N","0","0","0","3","02301","1","","1.0","","1","N","N","","0","","0","0","1","","0","N","","2","1","0","0","0","0","1","2","0","2","","","","N","","","","","","","","","",""
"2014030713","","1","0","0","0","0","0","0","0","0","7","0","","02","3","2014","7","40.404349","-80.019199","","11","0","0","0","0","0","0","0","0","1","0","0","0","","","0","","0","","40 24:15.656","2","0","80 01:09.115","9","0","0","0","2301","0","0","0","N","0","0","0","1","02301","0","","2.0","","9","N","N","","0","","0","0","0","","0","N","","1","0","0","0","0","0","1","2","0","1","","","","N","","","","","","","","","",""
"2014030023","","0","0","0","0","0","0","0","0","0","7","0","","02","3","2014","3","40.416481","-79.730963","","11","0","0","0","0","0","0","1","0","","0","0","0","","","0","","0","","40 24:59.332","","0","79 43:51.466","0","0","0","0","2446","0","0","0","N","0","0","0","1","68T09","0","","2.0","","1","N","N","","0","","0","0","1","","0","","","1","0","0","0","0","0","0","2","0","1","","","","N","","","","","","","","","",""
"2014030870","","0","0","0","0","0","0","0","0","0","2","0","","02","3","2014","7","40.424805","-79.979558","","11","0","0","0","0","0","1","0","1","1","0","0","0","","","1","","2","","40 25:29.298","4","0","79 58:46.408","8","0","0","0","2301","0","0","0","N","0","0","0","4","02301","0","","1.0","","1","N","N","","0","","0","0","2","","3","N","","2","1","0","0","0","1","0","2","0","2","","","","N","","","","","","","","","",""
"2014031786","","1","0","0","0","0","0","0","0","0","7","0","","02","3","2014","5","40.540239","-79.939918","","11","0","0","0","0","0","1","0","0","","0","0","0","","","0","","2","","40 32:24.860","","0","79 56:23.704","9","0","0","0","2118","0","0","0","N","0","0","0","1","02118","0","","4.0","","1","N","N","","0","","0","0","0","","0","","","1","0","0","0","0","0","1","2","0","1","","","","N","","","","","","","","","",""
"2014030714","","0","0","0","0","0","0","0","0","0","4","1","","02","3","2014","7","40.430546","-80.000384","","11","0","0","0","1","0","0","0","0","2","0","1","0","","","1","","2","","40 25:49.965","7","0","80 00:01.383","4","0","0","0","2301","0","0","0","N","0","0","0","4","02301","1","","1.0","","9","N","N","","0","","0","0","1","","2","Y","","2","1","2","0","0","0","0","2","0","2","","","","N","","","","","","","","","",""
"2014031584","","1","0","0","0","0","0","0","0","0","8","0","","02","3","2014","3","40.490167","-80.049207","","11","0","0","0","0","0","1","0","0","","0","0","0","","","1","","1","","40 29:24.601","","0","80 02:57.145","3","0","0","0","2404","1","0","0","N","1","0","0","2","02404","0","","1.0","","1","N","N","","0","","1","0","0","","3","","","2","1","0","0","0","0","0","2","0","1","","","","N","","","","","","","","","",""
"2014030871","","1","0","0","0","0","0","0","0","0","7","0","","02","3","2014","7","40.460697","-79.988639","","11","0","0","1","0","0","0","0","0","2","0","0","0","","","0","","2","","40 27:38.509","1","0","79 59:19.100","9","0","0","0","2301","0","0","0","N","0","0","0","2","02301","0","","2.0","","1","N","N","","0","","0","0","0","","0","N","","1","0","0","0","0","0","1","2","0","1","","","","N","","","","","","","","","",""
"2014032534","","0","0","0","0","0","0","0","0","0","1","0","","02","3","2014","1","40.620481","-79.747085","","11","0","0","0","1","0","1","0","0","","0","0","0","","","0","","0","","40 37:13.730","","0","79 44:49.505","0","0","0","0","2106","0","0","0","N","0","0","0","3","68D02","0","","1.0","","2","N","N","","1","","0","0","0","","0","","","2","0","0","0","0","0","0","2","1","2","","","","N","","","","","","","","","",""
"2014032331","","1","0","0","0","0","0","0","0","0","2","0","","02","3","2014","5","40.380826","-79.855141","","11","0","0","0","0","0","1","0","0","","0","0","0","","","1","","2","","40 22:50.972","","0","79 51:18.509","8","0","0","0","2303","0","0","0","N","0","0","0","2","02303","0","","1.0","","1","N","N","","1","","0","0","0","","0","","","2","1","0","0","0","1","0","2","0","2","","","","N","","","","","","","","","",""
"2014032601","","2","0","0","0","0","0","0","0","0","1","0","","02","3","2014","5","40.402624","-80.06821","","11","0","0","0","0","0","1","0","0","","0","0","0","","","0","","2","","40 24:09.448","","0","80 04:05.556","9","0","0","0","2415","0","0","0","N","0","0","0","2","02415","0","","1.0","","1","N","N","","0","","0","0","0","","0","","","2","0","0","0","0","0","1","2","0","2","","","","N","","","","","","","","","",""
"2014030239","","1","0","0","0","0","0","0","0","0","6","0","","02","3","2014","5","40.349753","-79.885727","","11","0","0","0","0","0","0","0","0","","0","0","0","","","0","","2","","40 20:59.109","","0","79 53:08.616","0","0","0","0","2423","0","0","0","N","0","0","0","2","02304","0","","1.0","","9","N","N","","0","","0","0","1","","0","","","2","0","0","0","0","0","0","2","0","2","","","","N","","","","","","","","","",""
"2014031806","","0","0","0","0","0","0","0","0","0","7","0","","02","3","2014","7","40.436185","-79.972864","","11","0","0","0","0","0","0","0","0","","0","0","0","","","0","","2","","40 26:10.266","","0","79 58:22.309","0","0","0","0","2301","0","0","0","N","0","0","0","1","02301","0","","5.0","","1","N","N","","0","","0","0","1","","2","","","1","0","1","0","0","0","0","2","0","1","","","","N","","","","","","","","","",""
"2014031794","","1","0","0","0","0","0","0","0","0","7","0","","02","3","2014","3","40.638312","-80.077551","","11","0","0","0","0","0","1","0","0","2","0","0","0","","","1","","2","","40 38:17.923","3","0","80 04:39.183","4","0","0","0","2412","0","0","0","N","0","0","0","1","02505","1","","5.0","","1","N","N","","0","","0","0","0","","0","Y","","1","1","0","0","0","0","0","2","0","1","","","","N","","","","","","","","","",""
"2014030029","","1","0","0","0","0","0","0","0","0","1","0","","02","3","2014","4","40.341906","-79.892533","","11","0","0","0","0","0","1","0","0","2","0","0","0","","","1","","0","","40 20:30.862","2","0","79 53:33.120","4","0","0","0","2423","0","0","0","N","0","0","0","3","02304","1","","1.0","","9","N","N","","1","","0","0","1","","0","N","","3","1","0","0","0","0","0","2","0","3","","","","N","","","","","","","","","",""
"2014031795","","0","0","0","0","0","0","0","0","0","1","0","","02","3","2014","3","40.349186","-79.936148","","11","0","0","0","0","0","3","0","0","2","0","0","0","","","1","","0","","40 20:57.071","3","0","79 56:10.132","4","0","0","0","2473","0","0","0","N","0","0","0","3","02473","1","","1.0","","1","N","N","","1","","0","0","2","","0","N","","3","1","0","0","0","0","0","2","0","3","","","","N","","","","","","","","","",""
"2014031808","","0","0","0","0","0","0","0","0","0","7","0","","02","3","2014","4","40.474018","-80.015238","","11","0","0","0","0","0","0","0","0","1","0","0","0","","","0","","0","","40 28:26.463","1","0","80 00:54.858","9","0","0","0","2301","0","0","0","N","0","0","0","1","02301","0","","4.0","","1","N","N","","0","","0","0","1","","0","N","","1","0","0","0","0","0","1","2","0","1","","","","N","","","","","","","","","",""
"2014032399","","0","0","0","0","0","0","0","0","0","4","0","","02","3","2014","5","40.493036","-80.011436","","11","0","0","0","1","0","0","0","0","2","0","0","0","","","1","","2","","40 29:34.928","1","1","80 00:41.170","8","0","0","0","2301","0","0","0","N","0","0","0","3","02301","0","","1.0","","1","N","N","","0","","0","0","1","","2","N","","2","1","0","0","0","1","0","2","1","2","","","","N","","","","","","","","","",""
"2014030243","","1","0","0","0","0","0","0","0","0","4","0","","02","3","2014","5","40.441547","-80.193295","","11","0","0","0","0","0","1","1","0","","0","0","0","","","0","","2","","40 26:29.569","","0","80 11:35.861","0","0","0","0","2214","0","0","0","N","0","0","0","2","02214","0","","1.0","","1","N","N","","0","","0","0","1","","3","","","2","0","0","0","0","0","0","2","0","2","","","","N","","","","","","","","","",""
"2014030100","","2","0","0","0","0","0","0","0","0","0","0","","02","3","2014","5","40.493186","-79.872025","","11","0","0","0","0","0","1","0","0","","0","0","0","","","1","","0","","40 29:35.468","","0","79 52:19.291","4","0","0","0","2112","0","0","0","N","0","0","0","2","68D02","1","","1.0","","1","N","N","","0","","0","0","0","","0","","","2","1","0","0","0","0","0","2","0","2","","","","N","","","","","","","","","",""
"2014030176","","1","0","0","0","0","0","0","0","0","7","0","","02","3","2014","6","40.360388","-79.845373","","11","0","0","0","0","0","0","0","0","1","0","0","0","","","0","","0","","40 21:37.398","5","3","79 50:43.344","0","0","0","0","2303","0","0","0","N","0","0","0","3","02473","0","","3.0","","1","N","N","","0","","0","0","0","","0","N","","1","0","0","0","0","0","0","2","0","1","","","","N","","","","","","","","","",""
"2014031810","","1","0","0","0","0","0","0","0","0","7","0","","02","3","2014","4","40.468389","-79.896611","","11","0","0","0","0","0","0","0","0","","0","0","0","","","0","","0","","40 28:06.200","","0","79 53:47.800","0","0","0","0","2301","0","0","0","N","0","0","0","1","02301","0","","4.0","","1","N","N","","0","","0","0","0","","0","","","1","0","0","0","0","0","0","2","0","1","","","","N","","","","","","","","","",""
"2014030954","","2","0","0","0","0","0","0","0","0","1","0","","02","3","2014","7","40.429854","-79.751251","","11","0","0","2","0","0","0","0","0","","0","0","0","","","0","","2","","40 25:47.476","","0","79 45:04.504","0","0","0","0","2446","0","0","0","N","0","0","0","2","02446","0","","1.0","","1","N","N","","0","","0","0","0","","2","","","2","0","0","0","0","0","0","2","0","2","","","","N","","","","","","","","","",""
"2014032267","","1","0","0","0","0","0","0","0","0","4","0","","02","3","2014","5","40.453729","-79.993335","","11","0","0","0","0","0","2","0","0","1","0","0","0","","","0","","1","","40 27:13.424","1","0","79 59:36.006","0","0","0","0","2301","0","0","0","N","0","0","0","2","02301","0","","1.0","","9","Y","N","","0","","0","0","0","","0","N","","2","0","0","0","0","0","0","2","1","2","","","","N","","","","","","","","","",""
"2014031814","","1","0","0","0","0","0","0","0","0","4","0","","02","3","2014","2","40.331172","-79.945558","","11","0","0","0","0","0","0","0","0","1","0","0","0","","","0","","0","","40 19:52.218","1","7","79 56:44.009","0","0","0","0","2454","0","0","0","N","0","0","0","2","02454","0","","1.0","","1","N","N","","0","","0","0","1","","0","Y","","2","0","0","0","0","0","0","2","0","2","","","","N","","","","","","","","","",""
"2014031457","","1","0","0","0","0","0","0","0","0","1","0","","02","3","2014","2","40.417943","-79.887962","","11","0","0","0","0","0","1","0","0","","0","0","0","","","0","","2","","40 25:04.594","","0","79 53:16.663","0","0","0","0","2463","0","0","0","N","0","0","0","3","02463","0","","1.0","","1","N","N","","1","","0","0","0","","3","","","2","0","1","0","0","0","0","2","0","2","","","","N","","","","","","","","","",""
"2014030803","","0","0","0","0","0","0","0","0","0","7","0","","02","3","2014","7","40.281172","-79.872967","","11","0","0","0","0","0","0","0","0","1","0","0","0","","","0","","0","","40 16:52.218","1","0","79 52:22.681","0","0","0","0","2443","0","0","0","N","0","0","0","1","02443","0","","4.0","","1","N","N","","1","","0","0","0","","0","N","","1","0","0","0","0","0","0","1","0","1","","","","N","","","","","","","","","",""
"2014032269","","2","1","0","0","0","0","1","0","0","4","1","35","02","3","2014","6","40.613879","-79.947404","","11","0","0","0","0","0","2","0","0","5","1","0","0","","","1","","1","","40 36:49.963","7","0","79 56:50.656","1","0","0","0","2207","0","0","0","N","0","0","0","4","02207","0","2","1.0","","1","Y","N","","1","0","0","0","0","","2","Y","","4","1","0","0","0","1","0","2","0","4","","","Y","Y","4","3","","","N","","","","Y",""
"2014032283","","1","0","0","0","0","0","0","0","0","4","1","","02","3","2014","5","40.443155","-80.057911","","11","0","0","0","0","0","0","0","0","1","0","1","0","","","1","","1","","40 26:35.358","3","0","80 03:28.479","8","0","0","0","2439","0","0","0","N","0","0","0","3","02301","0","","1.0","","1","N","N","","0","","0","0","0","","3","N","","2","1","0","0","0","1","1","2","0","2","","","","N","","","","","","","","","",""