"CRN","ARRIVAL_TM","AUTOMOBILE_COUNT","BELTED_DEATH_COUNT","BELTED_SUSP_SERIOUS_INJ_COUNT","BICYCLE_COUNT","BICYCLE_DEATH_COUNT","BICYCLE_SUSP_SERIOUS_INJ_COUNT","BUS_COUNT","CHLDPAS_DEATH_COUNT","CHLDPAS_SUSP_SERIOUS_INJ_COUNT","COLLISION_TYPE","COMM_VEH_COUNT","CONS_ZONE_SPD_LIM","COUNTY","CRASH_MONTH","CRASH_YEAR","DAY_OF_WEEK","DEC_LATITUDE","DEC_LONGITUDE","DISPATCH_TM","DISTRICT","DRIVER_COUNT_16YR","DRIVER_COUNT_17YR","DRIVER_COUNT_18YR","DRIVER_COUNT_19YR","DRIVER_COUNT_20YR","DRIVER_COUNT_50_64YR","DRIVER_COUNT_65_74YR","DRIVER_COUNT_75PLUS","EST_HRS_CLOSED","FATAL_COUNT","HEAVY_TRUCK_COUNT","HORSE_BUGGY_COUNT","HOUR_OF_DAY","ILLUMINATION","INJURY_COUNT","INTERSECTION_RELATED","INTERSECT_TYPE","LANE_CLOSED","LATITUDE","LN_CLOSE_DIR","LOCATION_TYPE","LONGITUDE","MAX_SEVERITY_LEVEL","MCYCLE_DEATH_COUNT","MCYCLE_SUSP_SERIOUS_INJ_COUNT","MOTORCYCLE_COUNT","MUNICIPALITY","NONMOTR_COUNT","NONMOTR_DEATH_COUNT","NONMOTR_SUSP_SERIOUS_INJ_COUNT","NTFY_HIWY_MAINT","PED_COUNT","PED_DEATH_COUNT","PED_SUSP_SERIOUS_INJ_COUNT","PERSON_COUNT","POLICE_AGCY","POSSIBLE_INJ_COUNT","RDWY_SURF_TYPE_CD","RELATION_TO_ROAD","ROADWAY_CLEARED","ROAD_CONDITION","SCH_BUS_IND","SCH_ZONE_IND","SECONDARY_CRASH","SMALL_TRUCK_COUNT","SPEC_JURIS_CD","SUSP_MINOR_INJ_COUNT","SUSP_SERIOUS_INJ_COUNT","SUV_COUNT","TCD_FUNC_CD","TCD_TYPE","TFC_DETOUR_IND","TIME_OF_DAY","TOTAL_UNITS","TOT_INJ_COUNT","UNBELTED_OCC_COUNT","UNB_DEATH_COUNT","UNB_SUSP_SERIOUS_INJ_COUNT","UNK_INJ_DEG_COUNT","UNK_INJ_PER_COUNT","URBAN_RURAL","VAN_COUNT","VEHICLE_COUNT","WEATHER1","WEATHER2","WORKERS_PRES","WORK_ZONE_IND","WORK_ZONE_LOC","WORK_ZONE_TYPE","WZ_CLOSE_DETOUR","WZ_FLAGGER","WZ_LAW_OFFCR_IND","WZ_LN_CLOSURE","WZ_MOVING","WZ_OTHER","WZ_SHLDER_MDN","WZ_WORKERS_INJ_KILLED"
"2014031537","","1","0","0","0","0","0","0","0","0","7","0","","02","2","2014","5","40.425739","-80.124221","","11","0","0","0","0","0","0","0","0","","0","0","0","","","0","","0","","40 25:32.659","","0","80 07:27.195","0","0","0","0","2102","0","0","0","N","0","0","0","1","68B03","0","","4.0","","1","N","N","","0","","0","0","0","","0","","","1","0","0","0","0","0","0","2","0","1","","","","N","","","","","","","","","",""
"2014030806","","1","0","0","0","0","0","0","0","0","4","0","","02","3","2014","7","40.386392","-79.995168","","11","0","0","0","0","0","0","0","0","1","0","0","0","","","0","","0","","40 23:11.012","1","0","79 59:42.606","0","0","0","0","2301","0","0","0","N","0","0","0","2","02301","0","","1.0","","1","N","N","","0","","0","0","1","","0","N","","2","0","0","0","0","0","0","2","0","2","","","","N","","","","","","","","","",""
"2014030820","","0","0","0","0","0","0","0","0","0","4","0","","02","3","2014","7","40.401909","-80.021862","","11","0","0","0","0","0","0","1","0","1","0","0","0","","","1","","0","","40 24:06.872","5","7","80 01:18.702","3","0","0","1","2301","0","0","0","N","0","0","0","3","02301","0","","1.0","","1","N","N","","0","","1","0","1","","0","Y","","2","1","0","0","0","0","0","2","0","2","","","","N","","","","","","","","","",""
"2014031538","","2","0","0","0","0","0","0","0","0","1","0","","02","2","2014","1","40.425609","-79.904208","","11","0","0","0","0","0","0","0","0","","0","0","0","","","0","","0","","40 25:32.192","","0","79 54:15.150","0","0","0","0","2301","0","0","0","N","0","0","0","3","68B03","0","","1.0","","6","N","N","","0","","0","0","0","","0","","","2","0","0","0","0","0","0","2","0","2","","","","N","","","","","","","","","",""
"2014030807","","1","0","0","0","0","0","0","0","0","1","0","","02","3","2014","6","40.438914","-79.757871","","11","0","0","0","0","0","0","0","0","","0","0","0","","","2","","6","","40 26:20.090","","1","79 45:28.337","4","0","0","0","2446","0","0","0","N","0","0","0","4","02446","2","","1.0","","1","N","N","","0","","0","0","0","","4","","","2","2","0","0","0","0","0","2","1","2","","","","N","","","","","","","","","",""
"2014031613","","0","0","0","0","0","0","0","0","0","7","0","","02","3","2014","7","40.540206","-79.824808","","11","0","0","0","0","0","0","0","0","1","0","0","0","","","0","","0","","40 32:24.741","2","1","79 49:29.309","0","0","0","0","2208","0","0","0","Y","0","0","0","3","02208","0","","3.0","","1","N","N","","0","","0","0","1","","0","N","","1","0","0","0","0","0","0","2","0","1","","","","N","","","","","","","","","",""
"2014030963","","1","0","0","0","0","0","0","0","0","1","0","","02","3","2014","7","40.475111","-79.77467","","11","0","0","0","0","0","1","1","0","","0","0","0","","","0","","0","","40 28:30.401","","7","79 46:28.812","0","0","0","0","2466","0","0","0","N","0","0","0","4","02466","0","","1.0","","1","N","N","","1","","0","0","0","","0","","","2","0","0","0","0","0","0","2","0","2","","","","N","","","","","","","","","",""
"2014030976","","2","0","0","0","0","0","0","0","0","4","0","","02","3","2014","1","40.474507","-80.039053","","11","0","0","0","0","0","0","1","0","","0","0","0","","","1","","2","","40 28:28.225","","0","80 02:20.590","8","0","0","0","2301","0","0","0","N","0","0","0","4","02301","0","","1.0","","1","N","N","","0","","0","0","0","","3","","","2","1","0","0","0","1","0","2","0","2","","","","N","","","","","","","","","",""
"2014032285","","1","0","0","0","0","0","0","0","0","4","0","","02","3","2014","5","40.461033","-79.869568","","11","0","0","0","0","0","0","0","2","1","0","0","0","","","2","","2","","40 27:39.719","6","0","79 52:10.446","8","0","0","0","2301","0","0","0","N","0","0","0","2","02301","0","","1.0","","1","N","N","","0","","0","0","1","","2","N","","2","2","0","0","0","2","0","2","0","2","","","","N","","","","","","","","","",""
"2014031539","","1","0","0","0","0","0","0","0","0","7","0","","02","2","2014","5","40.442855","-80.008882","","11","0","0","0","0","0","1","0","0","1","0","0","0","","","2","","0","","40 26:34.279","2","3","80 00:31.975","4","0","0","0","2301","0","0","0","Y","0","0","0","4","68B03","1","","4.0","","1","N","N","","0","","0","0","1","","0","N","","2","2","0","0","0","1","1","2","0","2","","","","N","","","","","","","","","",""
"2014031540","","2","0","0","0","0","0","0","0","0","5","0","","02","3","2014","6","40.431693","-79.958927","","11","0","0","0","0","0","1","0","0","2","0","0","0","","","4","","0","","40 25:54.096","4","0","79 57:32.136","8","0","0","0","2301","0","0","0","N","0","0","0","6","68B03","0","","1.0","","1","N","N","","0","","0","0","0","","0","N","","2","4","0","0","0","4","0","2","0","2","","","","N","","","","","","","","","",""
"2014030681","","1","0","0","0","0","0","0","0","0","7","0","","02","3","2014","6","40.339538","-80.062327","","11","1","0","0","0","0","0","0","0","2","0","0","0","","","0","","0","","40 20:22.336","5","0","80 03:44.377","0","0","0","0","2123","0","0","0","N","0","0","0","1","02123","0","","5.0","","1","N","N","","0","","0","0","0","","0","Y","","1","0","0","0","0","0","0","2","0","1","","","","N","","","","","","","","","",""
"2014031541","","1","0","0","0","0","0","0","0","0","1","0","","02","3","2014","6","40.424961","-80.115443","","11","0","0","0","0","0","0","1","0","","0","0","0","","","0","","0","","40 25:29.860","","0","80 06:55.596","0","0","0","0","2102","0","0","0","N","0","0","0","3","68B03","0","","1.0","","1","N","N","","0","","0","0","1","","0","","","2","0","0","0","0","0","0","2","0","2","","","","N","","","","","","","","","",""
"2014030896","","2","0","0","0","0","0","0","0","0","4","0","","02","3","2014","7","40.447425","-79.942471","","11","0","0","0","0","0","0","0","0","","0","0","0","","","0","","1","","40 26:50.730","","0","79 56:32.895","0","0","0","0","2301","0","0","0","N","0","0","0","4","02301","0","","1.0","","1","N","N","","0","","0","0","0","","2","","","2","0","1","0","0","0","0","2","0","2","","","","N","","","","","","","","","",""
"2014032571","","1","0","0","0","0","0","0","0","0","4","0","","02","3","2014","5","40.485183","-79.856869","","11","0","0","0","0","0","0","0","0","","0","0","0","","","1","","3","","40 29:06.657","","0","79 51:24.730","8","0","0","0","2113","0","0","0","N","0","0","0","3","02113","0","","1.0","","1","N","N","","0","","0","0","0","","2","","","2","1","0","0","0","1","0","2","1","2","","","","N","","","","","","","","","",""
"2014031468","","4","0","0","0","0","0","0","0","0","1","0","","02","3","2014","1","40.619681","-80.080719","","11","0","1","0","0","0","1","0","0","","0","0","0","","","0","","2","","40 37:10.852","","0","80 04:50.589","0","0","0","0","2212","0","0","0","N","0","0","0","7","02505","0","","1.0","","1","N","N","","0","","0","0","0","","0","","","4","0","0","0","0","0","0","2","0","4","","","","N","","","","","","","","","",""
"2014031542","","0","0","0","0","0","0","0","0","0","1","0","","02","3","2014","6","40.403806","-80.106685","","11","0","0","0","0","0","0","0","0","","0","0","0","","","0","","0","","40 24:13.701","","0","80 06:24.066","0","0","0","0","2102","0","0","0","N","0","0","0","2","68B03","0","","1.0","","1","N","N","","1","","0","0","1","","0","","","2","0","0","0","0","0","0","2","0","2","","","","N","","","","","","","","","",""
"2014030827","","1","0","0","0","0","0","0","0","0","7","0","","02","3","2014","7","40.472932","-79.817612","","11","0","0","0","0","0","0","0","0","","0","0","0","","","0","","0","","40 28:22.555","","0","79 49:03.403","0","0","0","0","2113","0","0","0","N","0","0","0","1","02113","0","","4.0","","1","N","N","","0","","0","0","0","","0","","","1","0","0","0","0","0","0","2","0","1","","","","N","","","","","","","","","",""
"2014031543","","2","0","0","0","0","0","0","0","0","5","0","","02","3","2014","1","40.428671","-79.934635","","11","0","0","0","0","0","0","0","1","3","0","0","0","","","2","","0","","40 25:43.215","3","0","79 56:04.687","4","0","0","0","2301","0","0","0","Y","0","0","0","4","68B03","2","","1.0","","1","N","N","","0","","0","0","0","","0","N","","2","2","0","0","0","0","0","2","0","2","","","","N","","","","","","","","","",""
"2014030830","","1","0","0","0","0","0","0","0","0","1","0","","02","3","2014","7","40.496072","-80.007819","","11","0","0","0","0","1","0","0","0","1","0","0","0","","","3","","1","","40 29:45.859","1","0","80 00:28.148","8","0","0","0","2301","0","0","0","N","0","0","0","7","02301","0","","1.0","","1","N","N","","0","","0","0","0","","3","N","","2","3","0","0","0","3","1","2","1","2","","","","N","","","","","","","","","",""
"2014031621","","0","0","0","0","0","0","0","0","0","7","0","","02","3","2014","3","40.455853","-79.965465","","11","0","0","0","0","0","1","0","0","1","0","0","0","","","1","","0","","40 27:21.070","4","0","79 57:55.674","4","0","0","0","2301","0","0","0","N","0","0","0","1","02301","1","","3.0","","1","N","N","","0","","0","0","1","","0","N","","1","1","0","0","0","0","0","2","0","1","","","","N","","","","","","","","","",""
"2014030127","","0","0","0","0","0","0","0","0","0","99","0","","02","3","2014","3","40.592448","-79.891177","","11","0","0","0","0","0","0","0","0","","0","0","0","","","0","","0","","40 35:32.811","","0","79 53:28.238","0","0","0","0","2209","0","0","0","N","0","0","0","2","68T02","0","","1.0","","1","N","N","","1","","0","0","0","","0","","","1","0","0","0","0","0","0","1","0","1","","","","N","","","","","","","","","",""
"2014031684","","0","0","0","1","0","0","0","0","0","8","0","","02","3","2014","3","40.440913","-80.034828","","11","0","0","1","0","0","0","0","0","","0","0","0","","","1","","1","","40 26:27.285","","0","80 02:05.381","8","0","0","0","2301","1","0","0","N","0","0","0","2","02301","0","","1.0","","1","N","N","","0","","0","0","0","","2","","","2","1","0","0","0","1","0","2","1","1","","","","N","","","","","","","","","",""
"2014031622","","1","0","0","0","0","0","0","0","0","7","0","","02","3","2014","1","40.657048","-80.049952","","11","0","0","0","0","0","0","0","0","","0","0","0","","","0","","0","","40 39:25.372","","0","80 02:59.826","9","0","0","0","2216","0","0","0","Y","0","0","0","1","02505","0","","4.0","","1","N","N","","0","","0","0","0","","0","","","1","0","0","0","0","0","1","2","0","1","","","","N","","","","","","","","","",""
"2014030129","","2","0","0","0","0","0","0","0","0","4","0","","02","3","2014","2","40.435197","-79.782682","","11","0","0","0","0","0","0","0","1","","0","0","0","","","0","","0","","40 26:06.709","","0","79 46:57.655","0","0","0","0","2446","0","0","0","N","0","0","0","2","02446","0","","1.0","","1","N","N","","0","","0","0","0","","0","","","2","0","0","0","0","0","0","2","0","2","","","","N","","","","","","","","","",""
"2014031759","","2","0","0","0","0","0","0","0","0","1","0","","02","3","2014","3","40.641305","-80.108271","","11","0","1","0","0","0","1","0","0","","0","0","0","","","0","","2","","40 38:28.698","","0","80 06:29.774","0","0","0","0","2212","0","0","0","N","0","0","0","2","02505","0","","1.0","","1","N","N","","0","","0","0","0","","0","","","2","0","0","0","0","0","0","2","0","2","","","","N","","","","","","","","","",""
"2014032574","","0","0","0","0","0","0","0","0","0","1","0","","02","3","2014","4","40.353854","-79.914941","","11","0","0","0","0","0","0","0","0","","0","0","0","","","0","","3","","40 21:13.876","","0","79 54:53.788","0","0","0","0","2473","0","0","0","N","0","0","0","3","02473","0","","1.0","","9","N","N","","0","","0","0","3","","2","","","3","0","0","0","0","0","0","2","0","3","","","","N","","","","","","","","","",""
"2014030833","","3","0","0","0","0","0","0","0","0","1","0","","02","3","2014","2","40.393266","-80.065674","","11","0","0","0","0","0","0","1","0","","0","0","0","","","0","","2","","40 23:35.758","","7","80 03:56.427","0","0","0","0","2117","0","0","0","N","0","0","0","3","02117","0","","1.0","","1","N","N","","0","","0","0","0","","2","","","3","0","0","0","0","0","0","2","0","3","","","","N","","","","","","","","","",""
"2014030900","","1","0","0","0","0","0","0","0","0","7","0","","02","3","2014","7","40.44092","-80.019459","","11","0","0","0","1","0","0","0","0","2","0","0","0","","","0","","0","","40 26:27.312","3","0","80 01:10.054","0","0","0","0","2301","0","0","0","N","0","0","0","2","02301","0","","2.0","","1","N","N","","0","","0","0","0","","0","N","","1","0","1","0","0","0","0","2","0","1","","","","N","","","","","","","","","",""
"2014031760","","0","0","0","0","0","0","0","0","0","0","0","","02","3","2014","3","40.509722","-79.916528","","11","0","0","0","0","0","1","0","0","1","0","0","0","","","1","","0","","40 30:35.000","3","0","79 54:59.500","3","0","0","1","2112","0","0","0","N","0","0","0","1","02112","0","","1.0","","3","N","N","","0","","1","0","0","","0","N","","1","1","0","0","0","0","0","2","0","1","","","","N","","","","","","","","","",""
"2014030131","","1","0","0","0","0","0","0","0","0","7","0","","02","3","2014","2","40.429757","-79.874865","","11","0","0","0","0","0","0","0","0","","0","0","0","","","1","","0","","40 25:47.124","","0","79 52:29.515","4","0","0","0","2426","0","0","0","N","0","0","0","1","68B03","1","","2.0","","1","N","N","","0","","0","0","0","","0","","","1","1","0","0","0","0","0","2","0","1","","","","N","","","","","","","","","",""
"2014031761","","2","0","0","0","0","0","0","0","0","4","0","","02","3","2014","3","40.41651","-79.925649","","11","0","0","0","1","0","0","0","0","","0","0","0","","","2","","0","","40 24:59.436","","0","79 55:32.336","4","0","0","0","2301","0","0","0","N","0","0","0","5","02301","1","","1.0","","1","N","N","","0","","0","0","0","","0","","","2","2","0","0","0","1","0","2","0","2","","","","N","","","","","","","","","",""
"2014030818","","1","0","0","0","0","0","0","0","0","1","0","","02","3","2014","3","40.394814","-79.773632","","11","0","0","0","0","0","0","0","0","","0","0","0","","","1","","0","","40 23:41.330","","0","79 46:25.074","8","0","0","0","2446","0","0","0","N","0","0","0","2","02446","0","","1.0","","1","N","N","","0","","0","0","1","","0","","","2","1","0","0","0","1","0","2","0","2","","","","N","","","","","","","","","",""
"2014030835","","1","0","0","0","0","0","0","0","0","7","0","","02","3","2014","7","40.462296","-79.944521","","11","0","0","0","0","0","1","0","0","","0","0","0","","","1","","5","","40 27:44.265","","0","79 56:40.275","8","0","0","0","2301","0","0","0","N","0","0","0","1","02301","0","","5.0","","1","N","N","","0","","0","0","0","","2","","","1","1","0","0","0","1","0","2","0","1","","","","N","","","","","","","","","",""
"2014030210","","2","0","0","0","0","0","0","0","0","2","0","","02","3","2014","3","40.464389","-80.140778","","11","0","0","0","0","0","0","0","2","2","0","0","0","","","2","","0","","40 27:51.800","6","0","80 08:26.800","8","0","0","0","2115","0","0","0","N","0","0","0","3","02115","0","","1.0","","1","N","N","","0","","0","0","0","","0","Y","","2","2","0","0","0","2","0","2","0","2","","","","N","","","","","","","","","",""
"2014030819","","1","0","0","0","0","0","0","0","0","7","0","","02","3","2014","1","40.308415","-79.85409","","11","0","0","0","0","0","0","0","0","2","0","0","0","","","0","","0","","40 18:30.294","2","0","79 51:14.724","0","0","0","0","2443","0","0","0","N","0","0","0","5","02443","0","","5.0","","7","N","N","","0","","0","0","0","","0","N","","1","0","0","0","0","0","0","1","0","1","","","","N","","","","","","","","","",""
"2014030211","","1","0","0","0","0","0","0","0","0","4","0","","02","3","2014","6","40.515982","-80.219784","","11","0","0","0","0","0","1","0","0","","0","0","0","","","1","","3","","40 30:57.536","","7","80 13:11.221","4","0","0","0","2213","0","0","0","N","0","0","0","5","02213","1","","1.0","","1","N","N","","0","","0","0","1","","2","","","2","1","0","0","0","0","0","2","0","2","","","","N","","","","","","","","","",""
"2014030212","","2","0","0","0","0","0","0","0","0","4","0","","02","3","2014","6","40.506254","-80.223147","","11","0","0","1","0","0","1","0","0","1","0","0","0","","","1","","2","","40 30:22.516","1","0","80 13:23.330","3","0","0","0","2213","0","0","0","N","0","0","0","2","02213","0","","1.0","","1","N","N","","0","","1","0","0","","2","N","","2","1","0","0","0","0","0","2","0","2","","","","N","","","","","","","","","",""
"2014030059","","1","0","0","0","0","0","0","0","0","7","0","","02","3","2014","4","40.489872","-80.016535","","11","0","0","0","0","1","0","0","0","","0","0","0","","","1","","0","","40 29:23.540","","0","80 00:59.526","8","0","0","0","2301","0","0","0","N","0","0","0","1","02301","0","","5.0","","7","N","N","","0","","0","0","0","","0","","","1","1","1","0","0","1","0","2","0","1","","","","N","","","","","","","","","",""
"2014030213","","2","0","0","0","0","0","0","0","0","4","0","","02","3","2014","4","40.362022","-80.011171","","11","0","0","0","0","0","0","0","1","","0","0","0","","","1","","1","","40 21:43.279","","0","80 00:40.215","4","0","0","0","2416","0","0","0","N","0","0","0","4","02416","1","","1.0","","9","N","N","","0","","0","0","0","","3","","","2","1","0","0","0","0","0","2","0","2","","","","N","","","","","","","","","",""
"2014031766","","0","0","0","0","0","0","0","0","0","7","0","","02","3","2014","3","40.391163","-79.977967","","11","0","0","0","0","0","1","0","0","","0","0","0","","","0","","0","","40 23:28.185","","0","79 58:40.680","0","0","0","0","2301","0","0","0","N","0","0","0","1","02301","0","","5.0","","1","N","N","","0","","0","0","1","","0","","","1","0","0","0","0","0","0","2","0","1","","","","N","","","","","","","","","",""
"2014030073","","1","0","1","0","0","0","0","0","0","6","0","","02","3","2014","7","40.470977","-79.924752","","11","0","0","0","0","0","0","0","0","1","0","0","0","","","1","","0","","40 28:15.518","3","0","79 55:29.107","2","0","0","0","2301","0","0","0","N","0","0","0","2","02301","0","","6.0","","1","N","N","","0","","0","1","1","","0","N","","2","1","0","0","0","0","0","2","0","2","","","","N","","","","","","","","","",""
"2014030074","","1","0","0","0","0","0","0","0","0","7","0","","02","3","2014","1","40.429444","-79.984556","","11","0","0","0","0","0","0","0","0","","0","0","0","","","0","","0","","40 25:46.000","","0","79 59:04.400","0","0","0","0","2301","0","0","0","N","0","0","0","2","02301","0","","5.0","","9","N","N","","0","","0","0","0","","0","","","2","0","0","0","0","0","0","2","0","1","","","","N","","","","","","","","","",""
"2014030202","","1","0","0","0","0","0","0","0","0","1","0","","02","3","2014","5","40.382505","-79.996014","","11","0","0","0","0","0","1","0","0","","0","0","0","","","1","","2","","40 22:57.019","","0","79 59:45.651","4","0","0","0","2301","0","0","0","N","0","0","0","4","02301","1","","1.0","","1","N","N","","0","","0","0","1","","2","","","2","1","0","0","0","0","0","2","0","2","","","","N","","","","","","","","","",""
"2014032582","","1","0","0","0","0","0","0","0","0","7","0","","02","3","2014","5","40.448121","-80.064029","","11","0","0","0","0","0","0","0","0","3","0","0","0","","","0","","0","","40 26:53.235","3","0","80 03:50.504","9","0","0","0","2439","0","0","0","N","0","0","0","1","02439","0","","4.0","","9","N","N","","0","","0","0","0","","0","N","","1","0","0","0","0","0","1","2","0","1","","","","N","","","","","","","","","",""
"2014029930","","0","0","0","0","0","0","0","0","0","7","0","","02","2","2014","7","40.422861","-80.03055","","11","0","0","0","0","0","1","0","0","2","0","0","0","","","1","","6","","40 25:22.301","4","2","80 01:49.980","4","0","0","0","2301","0","0","0","N","0","0","0","1","68B03","1","","4.0","","2","N","N","","0","","0","0","1","","0","Y","","1","1","0","0","0","0","0","2","0","1","","","","N","","","","","","","","","",""
"2014031484","","1","0","0","0","0","0","0","0","0","7","0","","02","3","2014","2","40.197763","-79.898888","","11","0","0","0","0","0","0","0","0","2","0","0","0","","","1","","0","","40 11:51.947","6","0","79 53:55.998","8","0","0","0","2204","0","0","0","N","0","0","0","1","02204","0","","4.0","","1","N","N","","0","","0","0","0","","0","N","","1","1","0","0","0","1","0","2","0","1","","","","N","","","","","","","","","",""
"2014030759","","1","0","0","0","0","0","0","0","0","7","0","","02","3","2014","1","40.653119","-80.09104","","11","0","0","0","0","0","0","0","0","","0","0","0","","","1","","0","","40 39:11.229","","0","80 05:27.745","4","0","0","0","2212","0","0","0","N","0","0","0","2","02505","1","","5.0","","2","N","N","","0","","0","0","0","","0","","","1","1","0","0","0","0","1","2","0","1","","","","N","","","","","","","","","",""
"2014031631","","1","0","0","0","0","0","0","0","0","7","0","","02","3","2014","3","40.365978","-79.893509","","11","0","0","0","0","0","0","0","0","1","0","0","0","","","0","","0","","40 21:57.522","6","0","79 53:36.631","0","0","0","0","2473","0","0","0","N","0","0","0","1","02473","0","","4.0","","1","N","N","","0","","0","0","0","","0","N","","1","0","0","0","0","0","0","2","0","1","","","","N","","","","","","","","","",""
"2014030924","","0","0","0","0","0","0","0","0","0","1","0","","02","3","2014","5","40.38749","-80.098293","","11","0","0","0","0","0","0","0","0","","0","0","0","","","0","","0","","40 23:14.964","","0","80 05:53.855","0","0","0","0","2117","0","0","0","N","0","0","0","2","68B03","0","","1.0","","1","N","N","","1","","0","0","1","","0","","","2","0","0","0","0","0","0","2","0","2","","","","N","","","","","","","","","",""
"2014031769","","1","0","0","0","0","0","0","0","0","4","0","","02","3","2014","3","40.426389","-79.968111","","11","0","0","0","0","0","0","0","0","","0","0","0","","","0","","0","","40 25:35.000","","7","79 58:05.200","0","0","0","0","2301","0","0","0","N","0","0","0","4","02301","0","","1.0","","1","N","N","","0","","0","0","1","","0","","","2","0","0","0","0","0","0","2","0","2","","","","N","","","","","","","","","",""
"2014031486","","1","0","0","0","0","0","0","0","0","4","0","","02","3","2014","7","40.34889","-79.939012","","11","0","0","0","0","0","1","0","0","1","0","0","0","","","0","","2","","40 20:56.003","4","0","79 56:20.443","0","0","0","0","2473","0","0","0","N","0","0","0","4","02473","0","","1.0","","1","N","N","","0","","0","0","0","","2","Y","","2","0","0","0","0","0","0","2","1","2","","","","N","","","","","","","","","",""
"2014031633","","2","0","0","0","0","0","0","0","0","4","0","","02","3","2014","3","40.667634","-79.716306","","11","0","0","0","0","0","1","0","0","","0","0","0","","","0","","1","","40 40:03.482","","2","79 42:58.701","0","0","0","0","2106","0","0","0","N","0","0","0","2","02106","0","","1.0","","1","N","N","","0","","0","0","0","","3","","","2","0","0","0","0","0","0","2","0","2","","","","N","","","","","","","","","",""
"2014030910","","0","0","0","0","0","0","0","0","0","4","0","","02","3","2014","7","40.475583","-80.058556","","11","0","0","0","0","0","0","0","0","","0","0","0","","","2","","1","","40 28:32.100","","2","80 03:30.800","4","0","0","0","2444","0","0","0","N","0","0","0","5","02444","2","","7.0","","1","N","N","","0","","0","0","2","","3","","","2","2","0","0","0","0","0","2","0","2","","","","N","","","","","","","","","",""
"2014031770","","1","0","0","0","0","0","0","0","0","4","0","","02","3","2014","2","40.406379","-79.826847","","11","0","0","0","1","0","0","0","0","2","0","0","0","","","0","","1","","40 24:22.965","3","0","79 49:36.649","0","0","0","0","2467","0","0","0","N","0","0","0","3","02467","0","","1.0","","1","N","N","","0","","0","0","1","","2","N","","2","0","0","0","0","0","0","2","0","2","","","","N","","","","","","","","","",""
"2014031634","","0","0","0","0","0","0","0","0","0","5","0","","02","3","2014","6","40.450208","-80.140079","","11","0","0","0","0","0","0","0","0","2","0","0","0","","","0","","2","","40 27:00.750","2","0","80 08:24.284","0","0","0","0","2115","0","0","0","N","0","0","0","3","02115","0","","1.0","","1","N","N","","1","","0","0","1","","2","Y","","2","0","0","0","0","0","0","2","0","2","","","","N","","","","","","","","","",""
"2014031771","","1","0","0","0","0","0","0","0","0","4","0","","02","3","2014","3","40.456472","-79.896667","","11","0","0","0","0","0","0","0","1","1","0","0","0","","","1","","1","","40 27:23.300","4","0","79 53:48.000","8","0","0","0","2301","0","0","0","N","0","0","0","3","02301","0","","1.0","","1","N","N","","0","","0","0","1","","2","N","","2","1","0","0","0","1","0","2","0","2","","","","N","","","","","","","","","",""
"2014031711","","0","0","0","0","0","0","0","0","0","7","0","","02","2","2014","3","40.5055","-80.030861","","11","0","0","0","0","0","0","0","0","3","1","0","0","","","0","","0","","40 30:19.800","1","0","80 01:51.100","1","0","0","0","2116","0","0","0","N","0","0","0","1","68B03","0","1","4.0","","1","N","N","","0","0","0","0","1","","0","Y","","1","0","0","0","0","0","0","2","0","1","","","","N","","","","","","","","","",""
"2014032518","","1","0","0","0","0","0","0","0","0","5","0","","02","3","2014","5","40.455301","-80.020137","","11","0","0","0","0","0","0","0","0","","0","0","0","","","0","","0","","40 27:19.082","","0","80 01:12.493","0","0","0","0","2301","0","0","0","N","0","0","0","1","02301","0","","1.0","","1","N","N","","0","","0","0","0","","0","","","2","0","0","0","0","0","0","2","0","2","","","","N","","","","","","","","","",""
"2014030995","","0","0","0","0","0","0","0","0","0","7","0","","02","3","2014","2","40.446278","-79.8955","","11","0","0","0","0","0","0","0","0","","0","0","0","","","0","","0","","40 26:46.600","","0","79 53:43.800","0","0","0","0","2301","0","0","0","N","0","0","0","1","02301","0","","4.0","","2","N","N","","0","","0","0","1","","0","","","1","0","0","0","0","0","0","2","0","1","","","","N","","","","","","","","","",""
"2014031772","","2","0","0","0","0","0","0","0","0","4","0","","02","3","2014","3","40.44425","-79.996417","","11","0","0","0","0","0","1","0","0","2","0","0","0","","","1","","0","","40 26:39.300","3","0","79 59:47.100","8","0","0","0","2301","0","0","0","N","0","0","0","2","02301","0","","1.0","","1","N","N","","0","","0","0","0","","0","N","","2","1","0","0","0","1","0","2","0","2","","","","N","","","","","","","","","",""
"2014036468","","1","0","0","0","0","0","0","0","0","4","0","","02","4","2014","4","40.441645","-80.240314","","11","0","0","0","0","0","0","1","0","","0","0","0","","","0","","2","","40 26:29.923","","7","80 14:25.131","0","0","0","0","2214","0","0","0","N","0","0","0","4","02214","0","","1.0","","1","N","N","","0","","0","0","1","","3","","","2","0","0","0","0","0","0","2","0","2","","","","N","","","","","","","","","",""
"2014038072","","0","0","0","0","0","0","0","0","0","4","0","","02","4","2014","2","40.453987","-79.997852","","11","0","0","0","0","0","1","0","0","","0","0","0","","","0","","1","","40 27:14.353","","2","79 59:52.267","0","0","0","0","2301","0","0","0","N","0","0","0","2","02301","0","","1.0","","9","N","N","","1","","0","0","1","","2","","","2","0","1","0","0","0","0","2","0","2","","","","N","","","","","","","","","",""