"CRN","ARRIVAL_TM","AUTOMOBILE_COUNT","BELTED_DEATH_COUNT","BELTED_SUSP_SERIOUS_INJ_COUNT","BICYCLE_COUNT","BICYCLE_DEATH_COUNT","BICYCLE_SUSP_SERIOUS_INJ_COUNT","BUS_COUNT","CHLDPAS_DEATH_COUNT","CHLDPAS_SUSP_SERIOUS_INJ_COUNT","COLLISION_TYPE","COMM_VEH_COUNT","CONS_ZONE_SPD_LIM","COUNTY","CRASH_MONTH","CRASH_YEAR","DAY_OF_WEEK","DEC_LATITUDE","DEC_LONGITUDE","DISPATCH_TM","DISTRICT","DRIVER_COUNT_16YR","DRIVER_COUNT_17YR","DRIVER_COUNT_18YR","DRIVER_COUNT_19YR","DRIVER_COUNT_20YR","DRIVER_COUNT_50_64YR","DRIVER_COUNT_65_74YR","DRIVER_COUNT_75PLUS","EST_HRS_CLOSED","FATAL_COUNT","HEAVY_TRUCK_COUNT","HORSE_BUGGY_COUNT","HOUR_OF_DAY","ILLUMINATION","INJURY_COUNT","INTERSECTION_RELATED","INTERSECT_TYPE","LANE_CLOSED","LATITUDE","LN_CLOSE_DIR","LOCATION_TYPE","LONGITUDE","MAX_SEVERITY_LEVEL","MCYCLE_DEATH_COUNT","MCYCLE_SUSP_SERIOUS_INJ_COUNT","MOTORCYCLE_COUNT","MUNICIPALITY","NONMOTR_COUNT","NONMOTR_DEATH_COUNT","NONMOTR_SUSP_SERIOUS_INJ_COUNT","NTFY_HIWY_MAINT","PED_COUNT","PED_DEATH_COUNT","PED_SUSP_SERIOUS_INJ_COUNT","PERSON_COUNT","POLICE_AGCY","POSSIBLE_INJ_COUNT","RDWY_SURF_TYPE_CD","RELATION_TO_ROAD","ROADWAY_CLEARED","ROAD_CONDITION","SCH_BUS_IND","SCH_ZONE_IND","SECONDARY_CRASH","SMALL_TRUCK_COUNT","SPEC_JURIS_CD","SUSP_MINOR_INJ_COUNT","SUSP_SERIOUS_INJ_COUNT","SUV_COUNT","TCD_FUNC_CD","TCD_TYPE","TFC_DETOUR_IND","TIME_OF_DAY","TOTAL_UNITS","TOT_INJ_COUNT","UNBELTED_OCC_COUNT","UNB_DEATH_COUNT","UNB_SUSP_SERIOUS_INJ_COUNT","UNK_INJ_DEG_COUNT","UNK_INJ_PER_COUNT","URBAN_RURAL","VAN_COUNT","VEHICLE_COUNT","WEATHER1","WEATHER2","WORKERS_PRES","WORK_ZONE_IND","WORK_ZONE_LOC","WORK_ZONE_TYPE","WZ_CLOSE_DETOUR","WZ_FLAGGER","WZ_LAW_OFFCR_IND","WZ_LN_CLOSURE","WZ_MOVING","WZ_OTHER","WZ_SHLDER_MDN","WZ_WORKERS_INJ_KILLED"
"2014037534","","0","0","0","0","0","0","0","0","0","7","0","","02","4","2014","1","40.354726","-79.879456","","11","0","0","0","0","0","0","0","0","2","0","0","0","","","0","","0","","40 21:17.015","6","0","79 52:46.042","0","0","0","0","2423","0","0","0","N","0","0","0","2","02304","0","","4.0","","2","N","N","","1","","0","0","0","","0","Y","","1","0","0","0","0","0","0","2","0","1","","","","N","","","","","","","","","",""
"2014036811","","0","0","0","0","0","0","0","0","0","4","0","","02","4","2014","4","40.45623","-79.895639","","11","0","0","0","0","0","0","0","0","2","0","0","0","","","1","","1","","40 27:22.428","2","0","79 53:44.300","4","0","0","0","2301","0","0","0","N","0","0","0","5","02301","1","","1.0","","1","N","N","","0","","0","0","1","","2","Y","","2","1","1","0","0","0","0","2","1","2","","","","N","","","","","","","","","",""
"2014038425","","1","0","0","0","0","0","0","0","0","7","0","","02","1","2014","3","40.360353","-80.101181","","11","0","0","0","0","0","0","0","0","","0","0","0","","","0","","0","","40 21:37.270","","0","80 06:04.251","0","0","0","0","2414","0","0","0","N","0","0","0","1","02414","0","","5.0","","7","N","N","","0","","0","0","0","","0","","","1","0","0","0","0","0","0","2","0","1","","","","N","","","","","","","","","",""
"2014038502","","1","0","0","0","0","0","0","0","0","1","1","","02","4","2014","4","40.436411","-79.976101","","11","0","0","0","0","0","1","0","0","1","0","1","0","","","1","","0","","40 26:11.080","4","0","79 58:33.964","4","0","0","0","2301","0","0","0","N","0","0","0","2","02301","1","","1.0","","1","N","N","","0","","0","0","0","","0","N","","2","1","0","0","0","0","0","2","0","2","","","","N","","","","","","","","","",""
"2014036268","","1","0","0","0","0","0","0","0","0","1","0","","02","4","2014","3","40.341153","-80.120359","","11","0","0","0","0","0","1","0","1","","0","0","0","","","1","","0","","40 20:28.150","","0","80 07:13.293","8","0","0","0","2119","0","0","0","N","0","0","0","3","02119","0","","1.0","","1","N","N","","0","","0","0","1","","0","","","2","1","2","0","0","1","0","2","0","2","","","","N","","","","","","","","","",""
"2014038503","","2","0","0","0","0","0","0","0","0","4","0","","02","4","2014","4","40.462228","-79.960846","","11","0","0","0","0","0","0","0","1","","0","0","0","","","2","","2","","40 27:44.020","","0","79 57:39.045","8","0","0","0","2301","0","0","0","N","0","0","0","2","02301","0","","1.0","","1","N","N","","0","","0","0","0","","3","","","2","2","0","0","0","2","0","2","0","2","","","","N","","","","","","","","","",""
"2014038570","","1","0","0","0","0","0","0","0","0","1","0","","02","4","2014","4","40.500176","-80.065823","","11","0","0","0","0","0","0","0","0","","0","0","0","","","0","","0","","40 30:00.633","","0","80 03:56.963","0","0","0","0","2402","0","0","0","N","0","0","0","1","02402","0","","1.0","","1","N","Y","","1","","0","0","1","","0","","","3","0","0","0","0","0","0","2","0","3","","","","N","","","","","","","","","",""
"2014036269","","1","0","0","0","0","0","0","0","0","4","0","","02","4","2014","3","40.613034","-79.757071","","11","0","0","0","0","0","2","0","0","","0","0","0","","","1","","1","","40 36:46.921","","2","79 45:25.456","8","0","0","0","2202","0","0","0","N","0","0","0","2","02202","0","","1.0","","1","N","N","","1","","0","0","0","","3","","","2","1","0","0","0","1","0","2","0","2","","","","N","","","","","","","","","",""
"2014038571","","2","0","1","0","0","0","0","0","0","1","0","","02","4","2014","4","40.441753","-80.20312","","11","0","0","1","1","0","1","0","0","","0","0","0","","","1","","2","","40 26:30.309","","0","80 12:11.233","2","0","0","0","2214","0","0","0","N","0","0","0","3","02214","0","","1.0","","1","N","N","","1","","0","1","0","","3","","","3","1","0","0","0","0","0","2","0","3","","","","N","","","","","","","","","",""
"2014038585","","1","0","0","0","0","0","0","0","0","4","0","","02","4","2014","4","40.567388","-80.00696","","11","0","0","0","0","0","1","0","0","1","0","0","0","","","0","","1","","40 34:02.595","3","0","80 00:25.056","0","0","0","0","2108","0","0","0","N","0","0","0","4","02108","0","","1.0","","1","N","N","","0","","0","0","1","","2","N","","2","0","0","0","0","0","0","2","0","2","","","","N","","","","","","","","","",""
"2014033533","","2","0","0","0","0","0","0","0","0","1","0","","02","2","2014","5","40.412884","-80.079426","","11","0","0","0","0","0","1","0","0","1","0","0","0","","","1","","0","","40 24:46.382","4","3","80 04:45.934","4","0","0","0","2117","0","0","0","N","0","0","0","3","68B03","1","","1.0","","9","N","N","","0","","0","0","1","","0","N","","3","1","0","0","0","0","0","2","0","3","","","","N","","","","","","","","","",""
"2014034283","","1","0","0","0","0","0","0","0","0","8","0","","02","3","2014","4","40.424214","-79.997503","","11","0","0","0","0","0","0","0","0","1","0","0","0","","","1","","2","","40 25:27.170","2","0","79 59:51.010","3","0","0","0","2301","1","0","0","","1","0","0","2","02301","0","","1.0","","1","","","","0","","1","0","0","","0","N","","2","1","0","0","0","0","0","2","0","1","","","","N","","","","","","","","","",""
"2014035921","","0","0","0","0","0","0","0","0","0","7","0","","02","3","2014","6","40.397919","-79.768901","","11","0","0","0","0","0","0","0","0","","0","0","0","","","0","","0","","40 23:52.508","","0","79 46:08.045","0","0","0","0","2446","0","0","0","Y","0","0","0","1","02446","0","","2.0","","2","N","N","","0","","0","0","1","","0","","","1","0","0","0","0","0","0","2","0","1","","","","N","","","","","","","","","",""
"2014033606","","1","0","0","0","0","0","0","0","0","7","0","","02","3","2014","3","40.392242","-79.934596","","11","0","0","0","0","0","0","0","0","1","0","0","0","","","0","","0","","40 23:32.070","4","0","79 56:04.547","9","0","0","0","2301","0","0","0","N","0","0","0","1","02301","0","","2.0","","1","N","N","","0","","0","0","0","","0","Y","","1","0","0","0","0","0","1","2","0","1","","","","N","","","","","","","","","",""
"2014033534","","1","0","0","0","0","0","0","0","0","7","1","","02","3","2014","7","40.327737","-80.140814","","11","0","0","0","0","0","0","0","0","","0","1","0","","","1","","0","","40 19:39.852","","0","80 08:26.931","4","0","0","0","2119","0","0","0","Y","0","0","0","2","68B03","1","","4.0","","1","N","N","","0","","0","0","0","","0","","","2","1","0","0","0","0","0","2","0","2","","","","N","","","","","","","","","",""
"2014034284","","2","0","0","0","0","0","0","0","0","4","0","","02","3","2014","4","40.41007","-80.031583","","11","0","0","0","0","0","1","0","0","2","0","0","0","","","2","","1","","40 24:36.252","2","0","80 01:53.698","4","0","0","0","2301","0","0","0","N","0","0","0","2","02301","1","","1.0","","1","N","N","","0","","0","0","0","","3","N","","2","2","0","0","0","1","0","2","0","2","","","","N","","","","","","","","","",""
"2014034346","","0","0","0","0","0","0","0","0","0","7","0","","02","3","2014","4","40.246772","-79.910744","","11","0","0","0","0","0","0","0","0","2","0","0","0","","","2","","0","","40 14:48.380","5","0","79 54:38.680","8","0","0","0","2204","0","0","0","N","0","0","0","2","02204","0","","5.0","","1","N","N","","0","","0","0","1","","0","N","","1","2","2","0","0","2","0","1","0","1","","","","N","","","","","","","","","",""
"2014035922","","0","0","0","0","0","0","0","0","0","4","0","","02","3","2014","2","40.453082","-79.980335","","11","0","0","0","0","0","0","0","0","","0","0","0","","","1","","1","","40 27:11.095","","0","79 58:49.206","4","0","0","0","2301","0","0","0","N","0","0","0","2","02301","1","","1.0","","1","N","N","","0","","0","0","2","","0","","","2","1","0","0","0","0","0","2","0","2","","","","N","","","","","","","","","",""
"2014035175","","1","0","0","0","0","0","0","0","0","7","0","","02","3","2014","7","40.503733","-80.050242","","11","0","0","0","0","0","0","0","0","1","0","0","0","","","0","","0","","40 30:13.440","2","0","80 03:00.870","0","0","0","0","2116","0","0","0","N","0","0","0","1","02116","0","","4.0","","9","N","N","","0","","0","0","0","","0","N","","1","0","0","0","0","0","0","2","0","1","","","","N","","","","","","","","","",""
"2014034425","","1","0","0","0","0","0","0","0","0","0","0","","02","3","2014","1","40.420946","-80.041713","","11","0","0","0","0","0","0","0","0","","0","0","0","","","1","","0","","40 25:15.406","","0","80 02:30.168","4","0","0","0","2435","0","0","0","N","0","0","0","2","68B03","1","","1.0","","1","N","N","","0","","0","0","0","","0","","","2","1","0","0","0","0","0","2","0","2","","","","N","","","","","","","","","",""
"2014037123","","1","0","0","0","0","0","0","0","0","8","0","","02","4","2014","6","40.387335","-79.983867","","11","0","0","0","0","0","0","0","1","1","0","0","0","","","1","","1","","40 23:14.406","5","0","79 59:01.921","3","0","0","0","2301","1","0","0","N","1","0","0","2","02301","0","","1.0","","9","N","Y","","0","","1","0","0","","2","Y","","2","1","0","0","0","0","0","2","0","1","","","","N","","","","","","","","","",""
"2014035028","","1","0","0","0","0","0","0","0","0","4","0","","02","3","2014","5","40.534458","-80.010047","","11","0","0","0","0","0","0","1","0","","0","0","0","","","0","","0","","40 32:04.050","","7","80 00:36.170","0","0","0","0","2116","0","0","0","N","0","0","0","2","02116","0","","1.0","","1","N","N","","0","","0","0","1","","0","","","2","0","0","0","0","0","0","2","0","2","","","","N","","","","","","","","","",""
"2014033535","","1","0","0","0","0","0","0","0","0","7","0","","02","3","2014","1","40.425805","-79.900523","","11","0","0","0","0","0","0","0","0","1","0","0","0","","","1","","0","","40 25:32.898","4","0","79 54:01.883","4","0","0","0","2301","0","0","0","Y","0","0","0","2","68B03","1","","4.0","","1","N","N","","0","","0","0","0","","0","N","","1","1","0","0","0","0","0","2","0","1","","","","N","","","","","","","","","",""
"2014033596","","1","0","0","0","0","0","0","0","0","7","0","","02","3","2014","2","40.67458","-80.10585","","11","0","0","0","0","0","0","0","0","2","0","0","0","","","1","","0","","40 40:28.488","5","0","80 06:21.060","2","0","0","0","2212","0","0","0","N","0","0","0","1","02505","0","","4.0","","1","N","N","","0","","0","1","0","","0","N","","1","1","1","0","1","0","0","2","0","1","","","","N","","","","","","","","","",""
"2014034349","","2","0","0","0","0","0","0","0","0","4","0","","02","3","2014","4","40.483052","-80.035433","","11","0","0","0","0","1","0","0","0","1","0","0","0","","","2","","1","","40 28:58.987","2","0","80 02:07.558","8","0","0","0","2301","0","0","0","N","0","0","0","5","02301","0","","1.0","","1","N","N","","0","","0","0","0","","2","N","","2","2","0","0","0","2","0","2","0","2","","","","N","","","","","","","","","",""
"2014034361","","1","0","0","0","0","0","0","0","0","4","0","","02","3","2014","4","40.440466","-79.991536","","11","0","0","0","0","0","1","0","0","","0","0","0","","","1","","1","","40 26:25.678","","2","79 59:29.530","8","0","0","0","2301","0","0","0","N","0","0","0","3","02301","0","","1.0","","1","N","N","","0","","0","0","1","","2","","","2","1","0","0","0","1","0","2","0","2","","","","N","","","","","","","","","",""
"2014035176","","1","0","0","0","0","0","0","0","0","7","0","","02","3","2014","7","40.363951","-80.123887","","11","0","0","0","0","1","0","0","0","","0","0","0","","","0","","0","","40 21:50.223","","0","80 07:25.992","0","0","0","0","2119","0","0","0","Y","0","0","0","2","02119","0","","2.0","","9","N","N","","0","","0","0","0","","0","","","1","0","0","0","0","0","0","2","0","1","","","","N","","","","","","","","","",""
"2014034286","","2","0","0","0","0","0","0","0","0","4","0","","02","3","2014","4","40.399972","-80.045111","","11","0","0","0","0","0","1","0","0","1","0","0","0","","","1","","0","","40 23:59.900","3","7","80 02:42.400","8","0","0","0","2301","0","0","0","N","0","0","0","2","02301","0","","1.0","","1","N","N","","0","","0","0","0","","0","N","","2","1","0","0","0","1","0","2","0","2","","","","N","","","","","","","","","",""
"2014035177","","1","0","0","0","0","0","0","0","0","0","0","","02","3","2014","6","40.473545","-80.062391","","11","0","0","0","0","0","0","0","0","3","0","0","0","","","0","","2","","40 28:24.763","7","3","80 03:44.609","0","0","0","0","2444","0","0","0","N","0","0","0","1","02444","0","","1.0","","1","N","N","","0","","0","0","0","","2","N","","1","0","0","0","0","0","0","2","0","1","","","","N","","","","","","","","","",""
"2014037125","","1","0","0","0","0","0","0","0","0","4","0","","02","4","2014","3","40.342833","-79.94625","","11","0","0","0","0","0","0","0","0","","0","0","0","","","1","","0","","40 20:34.200","","7","79 56:46.500","4","0","0","0","2473","0","0","0","N","0","0","0","3","02473","1","","1.0","","1","N","N","","0","","0","0","1","","0","","","2","1","0","0","0","0","0","2","0","2","","","","N","","","","","","","","","",""
"2014033610","","1","0","0","0","0","0","0","0","0","4","0","","02","3","2014","2","40.461296","-79.900061","","11","0","1","0","0","0","0","0","0","","0","0","0","","","1","","1","","40 27:40.665","","0","79 54:00.219","3","0","0","0","2301","0","0","0","N","0","0","0","1","02301","0","","2.0","","1","N","N","","0","","1","0","1","","3","","","2","1","1","0","0","0","0","2","0","2","","","","N","","","","","","","","","",""
"2014034363","","0","0","0","0","0","0","0","0","0","8","0","","02","3","2014","4","40.467823","-80.025132","","11","0","0","0","0","0","1","0","0","","0","0","0","","","1","","2","","40 28:04.162","","0","80 01:30.475","3","0","0","0","2301","1","0","0","N","1","0","0","2","02301","0","","1.0","","1","N","N","","0","","1","0","0","","3","","","2","1","0","0","0","0","0","2","1","1","","","","N","","","","","","","","","",""
"2014038668","","0","0","0","0","0","0","0","0","0","7","0","","02","4","2014","4","40.296733","-79.926449","","11","0","0","0","0","0","0","0","0","2","0","0","0","","","0","","0","","40 17:48.237","4","0","79 55:35.217","0","0","0","0","2440","0","0","0","N","0","0","0","4","02440","0","","5.0","","1","N","N","","0","","0","0","1","","0","N","","1","0","0","0","0","0","0","2","0","1","","","","N","","","","","","","","","",""
"2014033460","","2","0","0","0","0","0","0","0","0","1","0","","02","3","2014","2","","","","11","0","0","0","0","0","0","0","0","3","0","0","0","","","0","","0","","","2","99","","0","0","0","0","2301","0","0","0","N","0","0","0","2","02301","0","","1.0","","1","N","N","","0","","0","0","0","","0","N","","2","0","0","0","0","0","0","1","0","2","","","","N","","","","","","","","","",""
"2014034970","","1","0","0","0","0","0","0","0","0","4","0","","02","3","2014","5","40.449316","-79.999051","","11","0","0","0","0","0","0","0","0","","0","0","0","","","0","","2","","40 26:57.536","","0","79 59:56.585","0","0","0","0","2301","0","0","0","N","0","0","0","5","02301","0","","1.0","","1","N","N","","0","","0","0","1","","3","","","2","0","0","0","0","0","0","2","0","2","","","","N","","","","","","","","","",""
"2014033461","","2","0","0","0","0","0","0","0","0","1","0","","02","3","2014","5","40.56504","-80.03832","","11","0","0","0","0","0","3","0","0","","0","0","0","","","1","","0","","40 33:54.144","","0","80 02:17.952","8","0","0","0","2108","0","0","0","N","0","0","0","3","02108","0","","1.0","","1","N","N","","0","","0","0","1","","0","","","3","1","0","0","0","1","0","2","0","3","","","","N","","","","","","","","","",""
"2014034971","","0","0","0","0","0","0","0","0","0","4","0","","02","3","2014","6","40.428672","-79.989742","","11","0","1","0","0","0","0","0","0","","0","0","0","","","0","","1","","40 25:43.218","","0","79 59:23.072","0","0","0","0","2301","0","0","0","N","0","0","0","4","02301","0","","1.0","","1","N","N","","0","","0","0","1","","3","","","2","0","0","0","0","0","0","2","1","2","","","","N","","","","","","","","","",""
"2014037919","","0","0","0","0","0","0","0","0","0","7","0","","02","2","2014","3","40.439597","-80.009427","","11","0","0","0","0","0","0","0","0","1","0","0","0","","","0","","0","","40 26:22.548","4","3","80 00:33.938","0","0","0","0","2301","0","0","0","N","0","0","0","2","68B03","0","","4.0","","2","N","N","","0","","0","0","2","","8","N","","2","0","0","0","0","0","0","2","0","2","","","","N","","","","","","","","","",""
"2014035734","","1","0","0","0","0","0","0","0","0","7","0","","02","3","2014","2","40.366084","-80.106956","","11","0","0","0","0","0","1","0","0","3","0","0","0","","","1","","1","","40 21:57.903","1","0","80 06:25.040","8","0","0","0","2102","0","0","0","N","0","0","0","1","02102","0","","5.0","","1","N","N","","0","","0","0","0","","2","Y","","1","1","0","0","0","1","0","2","0","1","","","","N","","","","","","","","","",""
"2014033462","","1","0","0","0","0","0","0","0","0","7","0","","02","3","2014","5","40.572128","-80.023504","","11","1","0","0","0","0","0","0","0","","0","0","0","","","1","","0","","40 34:19.660","","0","80 01:24.616","8","0","0","0","2108","0","0","0","N","0","0","0","1","02108","0","","5.0","","1","N","N","","0","","0","0","0","","0","","","1","1","0","0","0","1","0","2","0","1","","","","N","","","","","","","","","",""
"2014034290","","0","0","0","0","0","0","0","0","0","7","0","","02","3","2014","6","40.452055","-80.134082","","11","0","0","0","0","0","0","0","0","","0","0","0","","","0","","0","","40 27:07.399","","0","80 08:02.694","0","0","0","0","2115","0","0","0","N","0","0","0","1","02115","0","","4.0","","1","N","N","","1","","0","0","0","","0","","","1","0","0","0","0","0","0","2","0","1","","","","N","","","","","","","","","",""
"2014037920","","1","0","0","0","0","0","0","0","0","1","0","","02","4","2014","6","40.433979","-79.987529","","11","0","0","0","0","1","0","0","0","1","0","0","0","","","0","","0","","40 26:02.323","3","0","79 59:15.103","9","0","0","0","2301","0","0","0","N","0","0","0","3","68B03","0","","1.0","","9","N","N","","0","","0","0","1","","0","N","","3","0","0","0","0","0","1","2","0","3","","","","N","","","","","","","","","",""
"2014034291","","0","0","0","0","0","0","0","0","0","7","0","","02","3","2014","7","40.453583","-80.165472","","11","0","0","0","0","0","1","0","0","2","0","0","0","","","1","","0","","40 27:12.900","6","7","80 09:55.700","3","0","0","0","2115","0","0","0","N","0","0","0","1","02115","0","","5.0","","1","N","N","","0","","1","0","1","","0","N","","1","1","1","0","0","0","0","2","0","1","","","","N","","","","","","","","","",""
"2014035183","","1","0","0","0","0","0","0","0","0","7","0","","02","3","2014","7","","","","11","0","0","0","0","0","0","0","0","3","0","0","0","","","2","","0","","","7","0","","4","0","0","0","2301","0","0","0","N","0","0","0","2","02301","2","","4.0","","9","N","N","","0","","0","0","0","","0","N","","1","2","0","0","0","0","0","1","0","1","","","","N","","","","","","","","","",""
"2014034962","","1","0","0","0","0","0","0","0","0","7","0","","02","3","2014","4","40.376512","-79.827508","","11","0","0","0","0","0","0","0","0","1","0","0","0","","","0","","0","","40 22:35.442","1","0","79 49:39.029","0","0","0","0","2111","0","0","0","N","0","0","0","2","02111","0","","4.0","","2","N","N","","0","","0","0","0","","0","N","","1","0","0","0","0","0","0","2","0","1","","","","N","","","","","","","","","",""
"2014035115","","1","0","0","0","0","0","0","0","0","1","0","","02","3","2014","6","40.519554","-80.014551","","11","0","0","0","0","0","0","0","1","","0","0","0","","","0","","2","","40 31:10.396","","0","80 00:52.385","0","0","0","0","2116","0","0","0","N","0","0","0","2","02116","0","","1.0","","1","N","N","","0","","0","0","1","","0","","","2","0","0","0","0","0","0","2","0","2","","","","N","","","","","","","","","",""
"2014035104","","0","0","0","0","0","0","0","0","0","4","0","","02","3","2014","6","40.524375","-79.828879","","11","0","0","1","0","0","0","0","0","2","0","0","0","","","2","","2","","40 31:27.750","2","0","79 49:43.963","4","0","0","0","2451","0","0","0","N","0","0","0","3","02451","1","","1.0","","1","N","N","","0","","0","0","2","","3","N","","2","2","0","0","0","1","0","2","0","2","","","","N","","","","","","","","","",""
"2014035871","","2","0","0","0","0","0","0","0","0","4","0","","02","3","2014","2","40.387109","-79.995744","","11","0","0","0","0","0","0","0","0","","0","0","0","","","1","","0","","40 23:13.594","","7","79 59:44.679","4","0","0","0","2301","0","0","0","N","0","0","0","7","02301","1","","1.0","","1","N","N","","0","","0","0","0","","0","","","2","1","0","0","0","0","0","2","0","2","","","","N","","","","","","","","","",""
"2014035105","","2","0","0","0","0","0","0","0","0","1","0","","02","3","2014","7","40.598139","-80.077536","","11","0","0","0","0","0","1","0","0","1","0","0","0","","","1","","0","","40 35:53.302","2","0","80 04:39.128","4","0","0","0","2481","0","0","0","N","0","0","0","2","02481","1","","1.0","","9","N","N","","0","","0","0","0","","0","N","","2","1","0","0","0","0","0","2","0","2","","","","N","","","","","","","","","",""
"2014035117","","0","0","0","0","0","0","0","0","0","7","0","","02","3","2014","7","40.420367","-79.8894","","11","0","0","0","0","0","1","0","0","1","0","0","0","","","1","","0","","40 25:13.320","7","0","79 53:21.840","4","0","0","0","2463","0","0","0","N","0","0","0","1","02463","1","","4.0","","9","N","N","","0","","0","0","1","","0","Y","","1","1","0","0","0","0","0","2","0","1","","","","N","","","","","","","","","",""
"2014035106","","1","0","0","0","0","0","0","0","0","7","0","","02","3","2014","7","40.460659","-79.844582","","11","0","0","0","0","0","0","0","0","","0","0","0","","","0","","0","","40 27:38.372","","7","79 50:40.496","0","0","0","0","2113","0","0","0","N","0","0","0","3","02113","0","","5.0","","9","N","N","","0","","0","0","0","","0","","","1","0","0","0","0","0","0","2","0","1","","","","N","","","","","","","","","",""
"2014035187","","1","0","0","0","0","0","0","0","0","4","0","","02","3","2014","7","40.450306","-80.232833","","11","0","0","0","0","0","1","0","0","3","0","0","0","","","3","","0","","40 27:01.100","5","7","80 13:58.200","3","0","0","0","2214","0","0","0","N","0","0","0","4","02214","2","","1.0","","9","N","N","","1","","1","0","0","","0","Y","","2","3","0","0","0","0","0","2","0","2","","","","N","","","","","","","","","",""
"2014037136","","2","0","0","0","0","0","0","0","0","2","0","","02","4","2014","5","40.359779","-79.830533","","11","0","0","0","0","0","0","0","0","","2","0","0","","","0","","0","","40 21:35.204","","0","79 49:49.917","1","0","0","0","2477","0","0","0","","0","0","0","2","02477","0","2","1.0","","9","N","N","","0","0","0","0","0","","0","","","2","0","2","2","0","0","0","2","0","2","","","","N","","","","","","","","","",""
"2014034375","","2","0","0","0","0","0","0","0","0","6","0","","02","3","2014","7","40.437282","-79.972769","","11","0","0","0","1","0","0","0","0","","0","0","0","","","0","","0","","40 26:14.216","","3","79 58:21.967","9","0","0","0","2301","0","0","0","N","0","0","0","2","02301","0","","1.0","","9","N","N","","0","","0","0","0","","0","","","2","0","0","0","0","0","1","2","0","2","","","","N","","","","","","","","","",""
"2014033623","","0","0","0","0","0","0","0","0","0","7","0","","02","3","2014","3","40.347917","-79.86429","","11","0","0","0","0","0","0","0","0","2","0","0","0","","","0","","0","","40 20:52.500","5","0","79 51:51.443","0","0","0","0","2304","0","0","0","N","0","0","0","1","02304","0","","4.0","","1","N","N","","1","","0","0","0","","0","Y","","1","0","1","0","0","0","0","2","0","1","","","","N","","","","","","","","","",""
"2014033063","","3","0","0","0","0","0","0","0","0","1","0","","02","3","2014","6","40.413253","-79.759034","","11","0","0","0","0","0","0","0","0","","0","0","0","","","1","","0","","40 24:47.709","","0","79 45:32.522","8","0","0","0","2446","0","0","0","N","0","0","0","3","02446","0","","1.0","","1","N","N","","0","","0","0","0","","0","","","3","1","0","0","0","1","0","2","0","3","","","","N","","","","","","","","","",""
"2014035109","","3","0","0","0","0","0","0","0","0","4","0","","02","3","2014","7","40.42875","-79.980556","","11","0","0","0","1","0","0","0","0","2","0","0","0","","","0","","1","","40 25:43.501","5","0","79 58:50.003","0","0","0","0","2301","0","0","0","N","0","0","0","1","02301","0","","1.0","","9","N","N","","0","","0","0","0","","2","Y","","3","0","0","0","0","0","0","2","0","3","","","","N","","","","","","","","","",""
"2014034377","","2","0","0","0","0","0","0","0","0","4","0","","02","3","2014","4","40.452278","-79.964407","","11","0","0","0","0","0","1","0","0","2","0","0","0","","","0","","3","","40 27:08.200","2","0","79 57:51.865","0","0","0","0","2301","0","0","0","N","0","0","0","2","02301","0","","1.0","","2","N","N","","0","","0","0","0","","0","N","","2","0","0","0","0","0","0","2","0","2","","","","N","","","","","","","","","",""
"2014033697","","2","0","0","0","0","0","0","0","0","4","0","","02","3","2014","7","40.562881","-79.966154","","11","0","0","0","0","0","1","0","1","1","0","0","0","","","1","","0","","40 33:46.372","4","0","79 57:58.156","8","0","0","0","2207","0","0","0","N","0","0","0","2","02207","0","","1.0","","1","N","N","","0","","0","0","0","","0","N","","2","1","0","0","0","1","0","2","0","2","","","","N","","","","","","","","","",""
"2014034378","","1","0","0","0","0","0","0","0","0","7","0","","02","3","2014","4","40.355054","-79.938153","","11","0","0","0","0","0","0","0","0","","0","0","0","","","0","","0","","40 21:18.194","","4","79 56:17.351","0","0","0","0","2473","0","0","0","N","0","0","0","1","02473","0","","2.0","","2","N","N","","0","","0","0","0","","0","","","1","0","0","0","0","0","0","2","0","1","","","","N","","","","","","","","","",""
"2014033687","","1","0","0","0","0","0","0","0","0","5","1","","02","3","2014","3","40.450212","-79.980023","","11","0","0","0","0","0","1","0","0","","0","1","0","","","0","","0","","40 27:00.762","","0","79 58:48.083","0","0","0","0","2301","0","0","0","N","0","0","0","2","02301","0","","1.0","","1","N","N","","0","","0","0","0","","0","","","2","0","0","0","0","0","0","2","0","2","","","","N","","","","","","","","","",""
"2014037932","","2","0","0","0","0","0","0","0","0","1","0","","02","4","2014","7","40.490728","-79.881982","","11","0","0","0","0","0","0","0","0","2","0","0","0","","","2","","0","","40 29:26.620","1","0","79 52:55.136","4","0","0","0","2112","0","0","0","N","0","0","0","3","68D02","2","","1.0","","1","N","N","","0","","0","0","0","","0","N","","2","2","0","0","0","0","0","2","0","2","","","","N","","","","","","","","","",""
"2014035047","","0","0","0","0","0","0","0","0","0","5","0","","02","3","2014","7","40.401946","-80.000676","","11","0","0","0","0","0","0","1","0","1","0","0","0","","","3","","0","","40 24:07.005","2","0","80 00:02.434","4","0","0","0","2301","0","0","0","N","0","0","0","6","02301","1","","1.0","","1","N","N","","1","","0","0","2","","0","N","","3","3","0","0","0","2","0","2","0","3","","","","N","","","","","","","","","",""