"CRN","ARRIVAL_TM","AUTOMOBILE_COUNT","BELTED_DEATH_COUNT","BELTED_SUSP_SERIOUS_INJ_COUNT","BICYCLE_COUNT","BICYCLE_DEATH_COUNT","BICYCLE_SUSP_SERIOUS_INJ_COUNT","BUS_COUNT","CHLDPAS_DEATH_COUNT","CHLDPAS_SUSP_SERIOUS_INJ_COUNT","COLLISION_TYPE","COMM_VEH_COUNT","CONS_ZONE_SPD_LIM","COUNTY","CRASH_MONTH","CRASH_YEAR","DAY_OF_WEEK","DEC_LATITUDE","DEC_LONGITUDE","DISPATCH_TM","DISTRICT","DRIVER_COUNT_16YR","DRIVER_COUNT_17YR","DRIVER_COUNT_18YR","DRIVER_COUNT_19YR","DRIVER_COUNT_20YR","DRIVER_COUNT_50_64YR","DRIVER_COUNT_65_74YR","DRIVER_COUNT_75PLUS","EST_HRS_CLOSED","FATAL_COUNT","HEAVY_TRUCK_COUNT","HORSE_BUGGY_COUNT","HOUR_OF_DAY","ILLUMINATION","INJURY_COUNT","INTERSECTION_RELATED","INTERSECT_TYPE","LANE_CLOSED","LATITUDE","LN_CLOSE_DIR","LOCATION_TYPE","LONGITUDE","MAX_SEVERITY_LEVEL","MCYCLE_DEATH_COUNT","MCYCLE_SUSP_SERIOUS_INJ_COUNT","MOTORCYCLE_COUNT","MUNICIPALITY","NONMOTR_COUNT","NONMOTR_DEATH_COUNT","NONMOTR_SUSP_SERIOUS_INJ_COUNT","NTFY_HIWY_MAINT","PED_COUNT","PED_DEATH_COUNT","PED_SUSP_SERIOUS_INJ_COUNT","PERSON_COUNT","POLICE_AGCY","POSSIBLE_INJ_COUNT","RDWY_SURF_TYPE_CD","RELATION_TO_ROAD","ROADWAY_CLEARED","ROAD_CONDITION","SCH_BUS_IND","SCH_ZONE_IND","SECONDARY_CRASH","SMALL_TRUCK_COUNT","SPEC_JURIS_CD","SUSP_MINOR_INJ_COUNT","SUSP_SERIOUS_INJ_COUNT","SUV_COUNT","TCD_FUNC_CD","TCD_TYPE","TFC_DETOUR_IND","TIME_OF_DAY","TOTAL_UNITS","TOT_INJ_COUNT","UNBELTED_OCC_COUNT","UNB_DEATH_COUNT","UNB_SUSP_SERIOUS_INJ_COUNT","UNK_INJ_DEG_COUNT","UNK_INJ_PER_COUNT","URBAN_RURAL","VAN_COUNT","VEHICLE_COUNT","WEATHER1","WEATHER2","WORKERS_PRES","WORK_ZONE_IND","WORK_ZONE_LOC","WORK_ZONE_TYPE","WZ_CLOSE_DETOUR","WZ_FLAGGER","WZ_LAW_OFFCR_IND","WZ_LN_CLOSURE","WZ_MOVING","WZ_OTHER","WZ_SHLDER_MDN","WZ_WORKERS_INJ_KILLED"
"2014033056","","1","0","0","0","0","0","0","0","0","1","0","","02","3","2014","1","40.524556","-80.005523","","11","0","0","0","0","0","1","1","0","","0","0","0","","","1","","0","","40 31:28.403","","0","80 00:19.882","4","0","0","0","2116","0","0","0","N","0","0","0","4","02116","1","","1.0","","1","N","N","","0","","0","0","2","","0","","","3","1","0","0","0","0","0","2","0","3","","","","N","","","","","","","","","",""
"2014033137","","1","0","0","0","0","0","0","0","0","7","1","","02","3","2014","4","40.43841","-80.012234","","11","0","0","0","0","0","1","0","0","3","0","1","0","","","0","","10","","40 26:18.275","4","3","80 00:44.043","0","0","0","0","2301","0","0","0","Y","0","0","0","2","68B03","0","","2.0","","1","N","N","","0","","0","0","0","","0","Y","","2","0","0","0","0","0","0","2","0","2","","","","N","","","","","","","","","",""
"2014033284","","0","0","0","0","0","0","0","0","0","7","0","","02","3","2014","4","","","","11","0","0","0","0","0","0","0","0","","0","0","0","","","0","","0","","","","0","","0","0","0","0","2304","0","0","0","N","0","0","0","1","02304","0","","4.0","","9","N","N","","0","","0","0","1","","0","","","1","0","0","0","0","0","0","1","0","1","","","","N","","","","","","","","","",""
"2014033138","","1","0","0","0","0","0","0","0","0","99","0","","02","3","2014","5","40.403474","-80.106615","","11","0","0","0","0","0","0","1","0","","0","0","0","","","0","","0","","40 24:12.505","","0","80 06:23.814","0","0","0","0","2102","0","0","0","N","0","0","0","1","68B03","0","","1.0","","1","N","N","","0","","0","0","0","","0","","","1","0","0","0","0","0","0","2","0","1","","","","N","","","","","","","","","",""
"2014035919","","1","0","0","0","0","0","0","0","0","7","0","","02","3","2014","2","40.432415","-79.864901","","11","0","0","0","0","0","0","0","0","2","0","0","0","","","0","","0","","40 25:56.695","4","0","79 51:53.644","0","0","0","0","2431","0","0","0","N","0","0","0","1","02431","0","","2.0","","1","N","N","","0","","0","0","0","","0","N","","1","0","0","0","0","0","0","2","0","1","","","","N","","","","","","","","","",""
"2014033058","","0","0","0","0","0","0","0","0","0","7","0","","02","3","2014","6","40.383622","-79.954751","","11","0","0","0","0","0","1","0","0","","0","0","0","","","0","","0","","40 23:01.040","","0","79 57:17.102","9","0","0","0","2403","0","0","0","N","0","0","0","1","02403","0","","5.0","","1","N","N","","1","","0","0","0","","0","","","1","0","1","0","0","0","1","2","0","1","","","","N","","","","","","","","","",""
"2014033139","","0","0","0","0","0","0","0","0","0","0","0","","02","3","2014","5","40.546154","-80.121799","","11","0","0","0","0","0","0","0","0","","0","0","0","","","1","","0","","40 32:46.156","","0","80 07:18.477","3","0","0","0","2215","0","0","0","N","0","0","0","1","68B03","0","","1.0","","1","N","N","","1","","1","0","0","","0","","","1","1","0","0","0","0","0","2","0","1","","","","N","","","","","","","","","",""
"2014034720","","1","0","0","0","0","0","0","0","0","7","0","","02","3","2014","4","40.671041","-80.134478","","11","0","0","0","0","0","0","0","0","2","0","0","0","","","1","","0","","40 40:15.749","6","0","80 08:04.119","4","0","0","0","2212","0","0","0","N","0","0","0","1","02505","1","","5.0","","7","N","N","","0","","0","0","0","","0","N","","1","1","0","0","0","0","0","1","0","1","","","","N","","","","","","","","","",""
"2014033272","","1","0","0","0","0","0","0","0","0","8","0","","02","3","2014","1","40.289167","-79.883889","","11","0","0","0","0","0","0","0","0","1","0","0","0","","","1","","0","","40 17:21.000","3","0","79 53:02.000","8","0","0","0","2302","1","0","0","N","1","0","0","2","02302","0","","1.0","","1","N","N","","0","","0","0","0","","0","N","","2","1","0","0","0","1","0","2","0","1","","","","N","","","","","","","","","",""
"2014033286","","2","0","0","0","0","0","0","0","0","1","0","","02","3","2014","1","40.369444","-80.030524","","11","0","0","1","0","0","0","0","0","","0","0","0","","","1","","2","","40 22:10.000","","0","80 01:49.886","4","0","0","0","2416","0","0","0","N","0","0","0","4","02416","1","","1.0","","1","N","N","","0","","0","0","0","","4","","","2","1","0","0","0","0","0","2","0","2","","","","N","","","","","","","","","",""
"2014033287","","1","0","0","0","0","0","0","0","0","2","0","","02","3","2014","5","40.358446","-80.030047","","11","0","0","0","0","0","0","1","0","1","0","0","0","","","1","","0","","40 21:30.405","5","0","80 01:48.170","4","0","0","0","2416","0","0","0","N","0","0","0","1","02416","1","","6.0","","1","N","N","","0","","0","0","0","","0","N","","2","1","0","0","0","0","0","2","1","2","","","","N","","","","","","","","","",""
"2014033288","","2","0","0","0","0","0","0","0","0","1","0","","02","3","2014","5","40.365738","-80.016312","","11","0","0","0","0","1","0","0","0","1","0","0","0","","","0","","2","","40 21:56.656","1","0","80 00:58.724","0","0","0","0","2416","0","0","0","N","0","0","0","6","02416","0","","1.0","","1","N","N","","0","","0","0","0","","0","N","","2","0","0","0","0","0","0","2","0","2","","","","N","","","","","","","","","",""
"2014033695","","1","0","0","0","0","0","0","0","0","0","0","","02","3","2014","2","40.497704","-79.943594","","11","0","0","0","0","0","0","0","0","1","0","0","0","","","0","","0","","40 29:51.734","6","0","79 56:36.939","0","0","0","0","2430","0","0","0","N","0","0","0","5","02430","0","","1.0","","1","N","N","","1","","0","0","0","","0","Y","","2","0","0","0","0","0","0","2","0","2","","","","N","","","","","","","","","",""
"2014033062","","1","0","0","0","0","0","0","0","0","5","0","","02","3","2014","5","40.419751","-80.006023","","11","0","0","0","0","0","1","0","0","","0","0","0","","","0","","1","","40 25:11.103","","0","80 00:21.682","0","0","0","0","2301","0","0","0","","0","0","0","1","02301","0","","5.0","","1","","","","1","","0","0","0","","0","","","2","0","0","0","0","0","0","2","0","2","","","","N","","","","","","","","","",""
"2014034723","","1","0","0","0","0","0","0","0","0","7","1","","02","3","2014","5","40.479144","-79.848544","","11","0","0","0","0","0","0","0","0","2","0","1","0","","","1","","0","","40 28:44.919","5","0","79 50:54.757","4","0","0","0","2113","0","0","0","N","0","0","0","1","02113","1","","5.0","","1","N","N","","0","","0","0","0","","0","N","","2","1","1","0","0","0","0","2","0","2","","","","N","","","","","","","","","",""
"2014035629","","1","0","0","0","0","0","0","0","0","7","0","","02","3","2014","4","40.43016","-80.134897","","11","0","0","0","0","0","1","0","0","2","0","0","0","","","1","","0","","40 25:48.577","4","0","80 08:05.630","4","0","0","0","2102","0","0","0","Y","0","0","0","1","68B03","1","","4.0","","1","N","N","","0","","0","0","0","","0","N","","1","1","0","0","0","0","0","2","0","1","","","","N","","","","","","","","","",""
"2014041142","","2","0","0","0","0","0","0","0","0","4","0","","02","4","2014","4","40.407119","-79.910715","","11","0","0","0","0","0","1","0","0","2","0","0","0","","","1","","1","","40 24:25.627","2","0","79 54:38.573","8","0","0","0","2438","0","0","0","N","0","0","0","2","02438","0","","1.0","","1","N","N","","0","","0","0","0","","2","Y","","2","1","0","0","0","1","0","2","0","2","","","","N","","","","","","","","","",""
"2014039472","","2","0","0","0","0","0","0","0","0","5","0","","02","4","2014","6","40.464528","-79.953639","","11","0","0","0","0","0","0","0","0","","0","0","0","","","0","","0","","40 27:52.300","","0","79 57:13.100","0","0","0","0","2301","0","0","0","N","0","0","0","1","02301","0","","6.0","","1","N","N","","0","","0","0","0","","0","","","2","0","0","0","0","0","0","2","0","2","","","","N","","","","","","","","","",""
"2014041078","","2","0","0","0","0","0","0","0","0","2","0","","02","4","2014","5","40.357539","-80.007178","","11","0","0","0","0","0","2","0","0","1","0","0","0","","","2","","0","","40 21:27.140","4","0","80 00:25.840","4","0","0","0","2476","0","0","0","N","0","0","0","2","02476","2","","1.0","","1","N","N","","0","","0","0","0","","0","Y","","2","2","1","0","0","0","0","2","0","2","","","","N","","","","","","","","","",""
"2014033065","","1","0","0","0","0","0","0","0","0","8","0","","02","3","2014","7","40.278854","-79.875329","","11","0","0","0","0","0","0","0","1","","0","0","0","","","1","","10","","40 16:43.875","","7","79 52:31.186","8","0","0","0","2105","1","0","0","N","1","0","0","2","02105","0","","4.0","","1","N","N","","0","","0","0","0","","0","","","2","1","0","0","0","1","0","1","0","1","","","","N","","","","","","","","","",""
"2014033079","","1","0","0","0","0","0","0","0","0","7","0","","02","2","2014","1","40.396264","-80.102945","","11","0","0","0","0","0","1","0","0","","0","0","0","","","0","","0","","40 23:46.550","","0","80 06:10.602","0","0","0","0","2102","0","0","0","N","0","0","0","1","68B03","0","","3.0","","7","N","N","","0","","0","0","0","","0","","","1","0","0","0","0","0","0","2","0","1","","","","N","","","","","","","","","",""
"2014034726","","0","0","0","0","0","0","0","0","0","7","0","","02","3","2014","6","40.524271","-79.947237","","11","0","0","0","0","0","0","0","0","","0","0","0","","","0","","0","","40 31:27.377","","0","79 56:50.054","0","0","0","0","2118","0","0","0","N","0","0","0","1","02118","0","","2.0","","1","N","N","","1","","0","0","0","","0","","","1","0","0","0","0","0","0","2","0","1","","","","N","","","","","","","","","",""
"2014034804","","2","0","0","0","0","0","0","0","0","1","0","","02","3","2014","5","40.582062","-80.059209","","11","0","0","0","1","0","0","0","0","1","0","0","0","","","1","","0","","40 34:55.423","6","0","80 03:33.151","8","0","0","0","2108","0","0","0","N","0","0","0","3","02108","0","","1.0","","1","N","N","","0","","0","0","0","","0","N","","2","1","0","0","0","1","0","2","0","2","","","","N","","","","","","","","","",""
"2014033214","","0","0","0","0","0","0","0","0","0","7","0","","02","3","2014","6","40.466188","-79.826144","","11","0","0","0","0","0","0","0","1","","0","0","0","","","0","","2","","40 27:58.276","","0","79 49:34.119","0","0","0","0","2113","0","0","0","N","0","0","0","1","02113","0","","5.0","","1","N","N","","0","","0","0","0","","2","","","1","0","0","0","0","0","0","2","1","1","","","","N","","","","","","","","","",""
"2014034805","","1","0","0","0","0","0","0","0","0","4","1","","02","3","2014","5","40.293803","-80.03059","","11","0","0","0","0","0","1","0","1","","0","1","0","","","1","","0","","40 17:37.689","","3","80 01:50.123","3","0","0","0","2407","0","0","0","N","0","0","0","2","02407","0","","1.0","","1","N","N","","0","","1","0","0","","0","","","2","1","0","0","0","0","0","2","0","2","","","","N","","","","","","","","","",""
"2014033081","","0","0","0","0","0","0","0","0","0","5","1","","02","2","2014","7","40.417073","-80.056886","","11","0","0","0","0","0","1","0","0","1","0","1","0","","","0","","0","","40 25:01.462","3","0","80 03:24.788","0","0","0","0","2435","0","0","0","N","0","0","0","2","68B03","0","","1.0","","1","N","N","","0","","0","0","2","","0","N","","3","0","0","0","0","0","0","2","0","3","","","","N","","","","","","","","","",""
"2014034728","","1","0","0","0","0","0","0","0","0","4","0","","02","3","2014","5","40.357094","-80.120331","","11","0","0","0","0","0","1","0","0","","0","0","0","","","0","","2","","40 21:25.538","","0","80 07:13.192","0","0","0","0","2119","0","0","0","N","0","0","0","2","02119","0","","1.0","","1","N","N","","0","","0","0","1","","2","","","2","0","1","0","0","0","0","2","0","2","","","","N","","","","","","","","","",""
"2014033359","","2","0","0","0","0","0","0","0","0","5","0","","02","2","2014","2","40.591693","-80.096552","","11","0","0","0","0","0","0","0","0","","0","0","0","","","0","","0","","40 35:30.094","","0","80 05:47.586","0","0","0","0","2481","0","0","0","N","0","0","0","4","68B03","0","","1.0","","1","N","N","","0","","0","0","0","","0","","","2","0","0","0","0","0","0","2","0","2","","","","N","","","","","","","","","",""
"2014033082","","3","0","0","0","0","0","0","0","0","1","0","","02","3","2014","6","40.417971","-80.087966","","11","0","0","0","0","0","2","0","0","","0","0","0","","","1","","0","","40 25:04.695","","0","80 05:16.676","8","0","0","0","2457","0","0","0","N","0","0","0","4","68B03","0","","1.0","","1","N","N","","0","","0","0","0","","0","","","3","1","0","0","0","1","0","2","0","3","","","","N","","","","","","","","","",""
"2014033847","","3","0","0","0","0","0","0","0","0","1","0","","02","3","2014","3","40.563595","-79.774334","","11","0","0","0","0","0","1","0","0","1","0","0","0","","","0","","2","","40 33:48.941","3","3","79 46:27.603","0","0","0","0","2104","0","0","0","N","0","0","0","3","02104","0","","1.0","","1","N","N","","0","","0","0","0","","0","Y","","3","0","3","0","0","0","0","2","0","3","","","","N","","","","","","","","","",""
"2014035419","","1","0","0","0","0","0","0","0","0","7","0","","02","3","2014","1","40.39631","-79.804587","","11","0","0","0","1","0","0","0","0","2","0","0","0","","","1","","0","","40 23:46.716","3","3","79 48:16.513","8","0","0","0","2479","0","0","0","N","0","0","0","1","02111","0","","3.0","","1","N","N","","0","","0","0","0","","0","Y","","2","1","0","0","0","1","0","2","0","1","","","","N","","","","","","","","","",""
"2014034523","","0","0","0","0","0","0","0","0","0","7","0","","02","3","2014","5","40.4007","-80.082865","","11","0","0","0","0","0","0","1","0","","0","0","0","","","1","","1","","40 24:02.520","","0","80 04:58.314","8","0","0","0","2415","0","0","0","N","0","0","0","1","02415","0","","4.0","","1","N","N","","0","","0","0","1","","0","","","1","1","0","0","0","1","0","2","0","1","","","","N","","","","","","","","","",""
"2014035340","","2","0","0","0","0","0","0","0","0","1","0","","02","3","2014","1","40.499264","-80.012828","","11","0","0","0","0","0","0","1","0","","0","0","0","","","0","","3","","40 29:57.350","","0","80 00:46.180","0","0","0","0","2116","0","0","0","N","0","0","0","3","02116","0","","1.0","","1","N","N","","0","","0","0","0","","3","","","2","0","0","0","0","0","0","2","0","2","","","","N","","","","","","","","","",""
"2014033836","","0","0","0","0","0","0","0","0","0","4","0","","02","3","2014","3","40.432987","-80.191271","","11","0","0","0","2","0","0","0","0","2","0","0","0","","","0","","2","","40 25:58.753","2","0","80 11:28.577","0","0","0","0","2214","0","0","0","N","0","0","0","4","02214","0","","1.0","","1","N","N","","1","","0","0","0","","3","N","","2","0","0","0","0","0","0","1","1","2","","","","N","","","","","","","","","",""
"2014033083","","2","0","0","0","0","0","0","0","0","1","0","","02","3","2014","6","40.424851","-80.114492","","11","0","0","0","0","0","1","1","0","1","0","0","0","","","2","","0","","40 25:29.465","3","0","80 06:52.170","8","0","0","0","2102","0","0","0","N","0","0","0","5","68B03","0","","1.0","","1","N","N","","0","","0","0","3","","0","N","","5","2","0","0","0","2","0","2","0","5","","","","N","","","","","","","","","",""
"2014033230","","1","0","0","0","0","0","0","0","0","7","0","","02","3","2014","7","40.593509","-79.7703","","11","0","0","0","0","0","0","1","0","1","0","0","0","","","1","","0","","40 35:36.632","5","0","79 46:13.081","8","0","0","0","2104","0","0","0","N","0","0","0","1","02104","0","","2.0","","1","N","N","","0","","0","0","0","","2","N","","1","1","0","0","0","1","0","2","0","1","","","","N","","","","","","","","","",""
"2014035572","","2","0","0","0","0","0","0","0","0","1","0","","02","3","2014","6","40.556902","-80.022584","","11","0","0","0","0","0","0","0","1","2","0","0","0","","","0","","0","","40 33:24.847","1","0","80 01:21.302","0","0","0","0","2108","0","0","0","N","0","0","0","3","02108","0","","1.0","","1","N","N","","0","","0","0","1","","0","N","","3","0","0","0","0","0","0","2","0","3","","","","N","","","","","","","","","",""
"2014033070","","2","0","0","0","0","0","0","0","0","4","0","","02","3","2014","6","40.455272","-79.717443","","11","0","0","0","1","0","0","1","0","1","0","0","0","","","1","","2","","40 27:18.978","1","0","79 43:02.794","4","0","0","0","2466","0","0","0","N","0","0","0","2","02466","1","","1.0","","1","N","N","","0","","0","0","0","","0","N","","2","1","0","0","0","0","0","2","0","2","","","","N","","","","","","","","","",""
"2014035354","","1","0","0","0","0","0","0","0","0","4","0","","02","3","2014","5","40.437305","-79.770834","","11","0","0","0","0","0","1","0","0","","0","0","0","","","0","","0","","40 26:14.298","","0","79 46:15.002","0","0","0","0","2446","0","0","0","N","0","0","0","2","02446","0","","1.0","","1","N","N","","0","","0","0","1","","0","","","2","0","0","0","0","0","0","2","0","2","","","","N","","","","","","","","","",""
"2014033218","","3","0","0","0","0","0","0","0","0","1","0","","02","3","2014","6","40.318531","-79.899239","","11","0","0","0","0","0","1","0","0","3","0","0","0","","","3","","1","","40 19:06.710","2","0","79 53:57.260","8","0","0","0","2440","0","0","0","N","0","0","0","7","02440","0","","1.0","","1","N","N","","1","","0","0","0","","2","Y","","5","3","1","0","0","3","0","2","1","5","","","","N","","","","","","","","","",""
"2014035573","","2","0","0","0","0","0","0","0","0","4","0","","02","3","2014","2","40.447926","-80.162439","","11","0","0","0","0","0","0","0","0","1","0","0","0","","","0","","1","","40 26:52.534","4","0","80 09:44.781","0","0","0","0","2115","0","0","0","N","0","0","0","2","02115","0","","1.0","","1","N","N","","0","","0","0","0","","2","N","","2","0","0","0","0","0","0","2","0","2","","","","N","","","","","","","","","",""
"2014033003","","0","0","0","0","0","0","0","0","0","7","0","25","02","3","2014","5","40.393306","-80.019444","","11","0","0","0","0","0","1","0","0","1","0","0","0","","","1","","0","","40 23:35.900","7","0","80 01:10.000","4","0","0","0","2301","0","0","0","N","0","0","0","1","02301","1","","4.0","","1","N","N","","0","","0","0","1","","0","N","","1","1","0","0","0","0","0","2","0","1","","","Y","Y","4","1","","","U","","","","Y",""
"2014035574","","0","0","0","0","0","0","0","0","0","7","0","","02","3","2014","5","40.505139","-80.145444","","11","0","0","0","0","0","0","0","0","2","0","0","0","","","0","","0","","40 30:18.500","2","3","80 08:43.598","0","0","0","0","2213","0","0","0","Y","0","0","0","1","02213","0","","2.0","","9","N","N","","0","","0","0","1","","0","N","","1","0","0","0","0","0","0","2","0","1","","","","N","","","","","","","","","",""
"2014033852","","2","0","0","0","0","0","0","0","0","4","0","","02","3","2014","3","40.345861","-79.849421","","11","0","0","0","0","0","1","0","0","","0","0","0","","","1","","1","","40 20:45.099","","0","79 50:57.915","8","0","0","0","2304","0","0","0","N","0","0","0","3","02304","0","","1.0","","1","N","N","","0","","0","0","0","","2","","","2","1","1","0","0","1","0","2","0","2","","","","N","","","","","","","","","",""
"2014035575","","1","0","0","0","0","0","0","0","0","1","0","","02","3","2014","6","40.342681","-80.036434","","11","0","0","1","0","0","0","0","0","1","0","0","0","","","0","","0","","40 20:33.650","3","0","80 02:11.162","0","0","0","0","2407","0","0","0","N","0","0","0","3","02407","0","","1.0","","1","N","N","","0","","0","0","1","","0","N","","2","0","0","0","0","0","0","2","0","2","","","","N","","","","","","","","","",""
"2014034544","","0","0","0","0","0","0","0","0","0","7","0","","02","3","2014","4","40.435836","-79.964539","","11","0","0","0","0","0","1","0","0","","0","0","0","","","2","","0","","40 26:09.008","","3","79 57:52.341","8","0","0","0","2301","0","0","0","N","0","0","0","2","02301","0","","3.0","","1","N","N","","0","","0","0","1","","0","","","1","2","0","0","0","2","0","2","0","1","","","","N","","","","","","","","","",""
"2014033222","","1","0","0","0","0","0","0","0","0","2","0","","02","3","2014","5","40.642185","-79.938391","","11","0","0","1","0","0","0","0","0","","0","0","0","","","0","","1","","40 38:31.867","","0","79 56:18.208","0","0","0","0","2217","0","0","0","N","0","0","0","3","02505","0","","1.0","","1","N","N","","1","","0","0","0","","0","","","2","0","0","0","0","0","0","2","0","2","","","","N","","","","","","","","","",""
"2014033234","","0","0","0","0","0","0","0","0","0","8","0","","02","3","2014","4","40.292987","-79.885537","","11","0","0","0","0","0","1","0","0","3","1","0","0","","","0","","0","","40 17:34.752","7","0","79 53:07.933","1","0","0","0","2302","1","1","0","N","1","1","0","2","02302","0","2","9.0","","1","N","N","","0","0","0","0","1","","0","Y","","2","0","0","0","0","0","1","2","0","1","","","","N","","","","","","","","","",""
"2014035576","","0","0","0","0","0","0","0","0","0","1","0","","02","3","2014","5","40.301194","-80.030346","","11","0","1","0","0","0","0","0","0","2","0","0","0","","","0","","2","","40 18:04.299","1","0","80 01:49.245","0","0","0","0","2407","0","0","0","N","0","0","0","3","02407","0","","1.0","","1","N","N","","1","","0","0","2","","0","N","","3","0","0","0","0","0","0","2","0","3","","","","N","","","","","","","","","",""
"2014035279","","1","0","0","0","0","0","0","0","0","7","0","","02","3","2014","2","40.407831","-79.748775","","11","0","0","0","0","0","0","1","0","","0","0","0","","","1","","0","","40 24:28.191","","0","79 44:55.590","8","0","0","0","2446","0","0","0","N","0","0","0","1","02446","0","","5.0","","1","N","N","","0","","0","0","0","","0","","","1","1","0","0","0","1","0","2","0","1","","","","N","","","","","","","","","",""
"2014033089","","2","0","0","0","0","0","0","0","0","1","0","","02","3","2014","5","40.494329","-79.904106","","11","0","0","0","0","0","0","0","0","","0","0","0","","","0","","0","","40 29:39.586","","0","79 54:14.783","0","0","0","0","2401","0","0","0","N","0","0","0","3","68D02","0","","1.0","","9","N","N","","0","","0","0","0","","0","","","2","0","1","0","0","0","0","2","0","2","","","","N","","","","","","","","","",""
"2014035577","","0","0","0","0","0","0","0","0","0","1","0","","02","3","2014","5","40.319206","-80.061678","","11","0","0","0","0","0","0","0","0","2","0","0","0","","","0","","2","","40 19:09.140","4","0","80 03:42.040","0","0","0","0","2407","0","0","0","N","0","0","0","6","02407","0","","1.0","","1","N","N","","0","","0","0","1","","3","N","","2","0","1","0","0","0","0","2","1","2","","","","N","","","","","","","","","",""
"2014033780","","2","0","0","0","0","0","0","0","0","4","0","","02","3","2014","5","40.543025","-80.217738","","11","0","0","0","0","0","0","0","0","","0","0","0","","","0","","2","","40 32:34.890","","0","80 13:03.856","0","0","0","0","2213","0","0","0","N","0","0","0","2","02213","0","","1.0","","9","N","N","","0","","0","0","0","","3","","","2","0","0","0","0","0","0","2","0","2","","","","N","","","","","","","","","",""
"2014035578","","2","0","0","0","0","0","0","0","0","4","0","","02","3","2014","6","40.331276","-80.052771","","11","0","0","1","0","0","0","0","0","","0","0","0","","","0","","2","","40 19:52.594","","0","80 03:09.976","0","0","0","0","2407","0","0","0","N","0","0","0","2","02407","0","","1.0","","1","N","N","","0","","0","0","0","","3","","","2","0","0","0","0","0","0","2","0","2","","","","N","","","","","","","","","",""
"2014035215","","2","0","0","0","0","0","0","0","0","4","0","","02","3","2014","3","40.526526","-80.159078","","11","0","0","0","0","0","0","0","0","2","0","0","0","","","0","","1","","40 31:35.492","2","0","80 09:32.680","0","0","0","0","2436","0","0","0","N","0","0","0","2","68B03","0","","1.0","","1","N","N","","0","","0","0","0","","2","N","","2","0","0","0","0","0","0","2","0","2","","","","N","","","","","","","","","",""
"2014035428","","2","0","0","0","0","0","0","0","0","4","0","","02","3","2014","7","40.387641","-80.090992","","11","0","0","0","0","0","1","0","0","","0","0","0","","","0","","2","","40 23:15.509","","0","80 05:27.572","0","0","0","0","2437","0","0","0","N","0","0","0","3","02437","0","","1.0","","9","N","N","","0","","0","0","0","","2","","","2","0","0","0","0","0","0","2","0","2","","","","N","","","","","","","","","",""
"2014034684","","1","0","0","0","0","0","0","0","0","1","1","","02","3","2014","7","40.347627","-79.83256","","11","0","0","0","0","0","1","0","0","","0","1","0","","","0","","1","","40 20:51.457","","0","79 49:57.216","0","0","0","0","2304","0","0","0","N","0","0","0","2","02304","0","","1.0","","1","N","N","","0","","0","0","0","","2","","","2","0","0","0","0","0","0","2","0","2","","","","N","","","","","","","","","",""
"2014035510","","1","0","0","0","0","0","0","0","0","5","0","","02","3","2014","5","40.357615","-79.894366","","11","0","0","0","0","0","0","1","0","1","0","0","0","","","0","","0","","40 21:27.414","4","0","79 53:39.718","0","0","0","0","2473","0","0","0","N","0","0","0","3","02473","0","","1.0","","1","N","N","","0","","0","0","1","","0","N","","2","0","0","0","0","0","0","2","0","2","","","","N","","","","","","","","","",""
"2014033237","","0","0","0","0","0","0","0","0","0","7","0","","02","3","2014","7","40.276542","-79.804737","","11","0","0","0","0","0","0","0","0","2","0","0","0","","","1","","0","","40 16:35.550","5","3","79 48:17.054","4","0","0","0","2105","0","0","0","N","0","0","0","3","02105","1","","2.0","","1","N","N","","0","","0","0","0","","0","Y","","1","1","0","0","0","0","0","1","1","1","","","","N","","","","","","","","","",""
"2014035579","","2","0","0","0","0","0","0","0","0","1","0","","02","3","2014","7","40.389744","-80.041354","","11","0","0","0","0","0","0","0","0","","0","0","0","","","1","","0","","40 23:23.077","","0","80 02:28.876","8","0","0","0","2422","1","0","0","N","1","0","0","3","02422","0","","1.0","","9","N","N","","0","","0","0","1","","0","","","5","1","0","0","0","1","0","2","1","4","","","","N","","","","","","","","","",""
"2014035889","","2","0","0","0","0","0","0","0","0","2","0","","02","3","2014","1","40.374842","-80.094736","","11","0","0","0","0","0","0","1","0","1","0","0","0","","","0","","2","","40 22:29.431","2","0","80 05:41.049","0","0","0","0","2117","0","0","0","N","0","0","0","3","02117","0","","1.0","","9","N","N","","0","","0","0","0","","0","N","","2","0","0","0","0","0","0","2","0","2","","","","N","","","","","","","","","",""
"2014033714","","1","0","0","0","0","0","0","0","0","4","0","","02","3","2014","3","40.454722","-79.946083","","11","0","0","0","0","0","0","0","0","","0","0","0","","","0","","0","","40 27:17.000","","7","79 56:45.900","0","0","0","0","2301","0","0","0","N","0","0","0","2","02301","0","","1.0","","1","N","N","","0","","0","0","1","","0","","","2","0","0","0","0","0","0","2","0","2","","","","N","","","","","","","","","",""
"2014035283","","1","0","0","0","0","0","0","0","0","4","0","","02","3","2014","7","40.449156","-79.762252","","11","0","0","0","0","0","1","0","0","1","0","0","0","","","0","","1","","40 26:56.961","7","0","79 45:44.107","0","0","0","0","2446","0","0","0","N","0","0","0","3","02446","0","","1.0","","9","N","N","","0","","0","0","0","","3","N","","2","0","0","0","0","0","0","2","1","2","","","","N","","","","","","","","","",""
"2014034674","","3","0","0","0","0","0","0","0","0","1","0","","02","3","2014","5","40.458003","-79.708372","","11","0","0","1","0","0","1","0","0","","0","0","0","","","1","","2","","40 27:28.811","","0","79 42:30.140","3","0","0","0","2466","0","0","0","N","0","0","0","4","02466","0","","1.0","","1","N","N","","0","","1","0","0","","2","","","3","1","1","0","0","0","0","2","0","3","","","","N","","","","","","","","","",""