"CRN","ARRIVAL_TM","AUTOMOBILE_COUNT","BELTED_DEATH_COUNT","BELTED_SUSP_SERIOUS_INJ_COUNT","BICYCLE_COUNT","BICYCLE_DEATH_COUNT","BICYCLE_SUSP_SERIOUS_INJ_COUNT","BUS_COUNT","CHLDPAS_DEATH_COUNT","CHLDPAS_SUSP_SERIOUS_INJ_COUNT","COLLISION_TYPE","COMM_VEH_COUNT","CONS_ZONE_SPD_LIM","COUNTY","CRASH_MONTH","CRASH_YEAR","DAY_OF_WEEK","DEC_LATITUDE","DEC_LONGITUDE","DISPATCH_TM","DISTRICT","DRIVER_COUNT_16YR","DRIVER_COUNT_17YR","DRIVER_COUNT_18YR","DRIVER_COUNT_19YR","DRIVER_COUNT_20YR","DRIVER_COUNT_50_64YR","DRIVER_COUNT_65_74YR","DRIVER_COUNT_75PLUS","EST_HRS_CLOSED","FATAL_COUNT","HEAVY_TRUCK_COUNT","HORSE_BUGGY_COUNT","HOUR_OF_DAY","ILLUMINATION","INJURY_COUNT","INTERSECTION_RELATED","INTERSECT_TYPE","LANE_CLOSED","LATITUDE","LN_CLOSE_DIR","LOCATION_TYPE","LONGITUDE","MAX_SEVERITY_LEVEL","MCYCLE_DEATH_COUNT","MCYCLE_SUSP_SERIOUS_INJ_COUNT","MOTORCYCLE_COUNT","MUNICIPALITY","NONMOTR_COUNT","NONMOTR_DEATH_COUNT","NONMOTR_SUSP_SERIOUS_INJ_COUNT","NTFY_HIWY_MAINT","PED_COUNT","PED_DEATH_COUNT","PED_SUSP_SERIOUS_INJ_COUNT","PERSON_COUNT","POLICE_AGCY","POSSIBLE_INJ_COUNT","RDWY_SURF_TYPE_CD","RELATION_TO_ROAD","ROADWAY_CLEARED","ROAD_CONDITION","SCH_BUS_IND","SCH_ZONE_IND","SECONDARY_CRASH","SMALL_TRUCK_COUNT","SPEC_JURIS_CD","SUSP_MINOR_INJ_COUNT","SUSP_SERIOUS_INJ_COUNT","SUV_COUNT","TCD_FUNC_CD","TCD_TYPE","TFC_DETOUR_IND","TIME_OF_DAY","TOTAL_UNITS","TOT_INJ_COUNT","UNBELTED_OCC_COUNT","UNB_DEATH_COUNT","UNB_SUSP_SERIOUS_INJ_COUNT","UNK_INJ_DEG_COUNT","UNK_INJ_PER_COUNT","URBAN_RURAL","VAN_COUNT","VEHICLE_COUNT","WEATHER1","WEATHER2","WORKERS_PRES","WORK_ZONE_IND","WORK_ZONE_LOC","WORK_ZONE_TYPE","WZ_CLOSE_DETOUR","WZ_FLAGGER","WZ_LAW_OFFCR_IND","WZ_LN_CLOSURE","WZ_MOVING","WZ_OTHER","WZ_SHLDER_MDN","WZ_WORKERS_INJ_KILLED"
"2014041906","","2","0","0","0","0","0","0","0","0","1","0","","02","4","2014","5","40.464278","-80.138361","","11","0","0","0","0","0","0","0","0","2","0","0","0","","","2","","0","","40 27:51.400","2","0","80 08:18.100","4","0","0","0","2115","0","0","0","N","0","0","0","3","02115","1","","1.0","","1","N","N","","0","","0","0","0","","0","N","","2","2","2","0","0","1","0","2","0","2","","","","N","","","","","","","","","",""
"2014041193","","1","0","0","0","0","0","0","0","0","5","0","","02","4","2014","7","40.440258","-80.00944","","11","0","0","0","1","0","0","0","0","","0","0","0","","","0","","0","","40 26:24.927","","0","80 00:33.984","0","0","0","0","2301","0","0","0","N","0","0","0","3","68B03","0","","1.0","","1","N","N","","0","","0","0","1","","0","","","2","0","0","0","0","0","0","2","0","2","","","","N","","","","","","","","","",""
"2014039522","","1","0","0","0","0","0","0","0","0","1","0","35","02","4","2014","5","40.216636","-79.843948","","11","0","0","0","0","0","0","0","0","","0","0","0","","","1","","0","","40 12:59.889","","0","79 50:38.213","4","0","0","0","2204","0","0","0","N","0","0","0","2","02204","1","","1.0","","1","N","N","","0","","0","0","0","","0","","","2","1","1","0","0","0","0","1","1","2","","","Y","Y","4","1","","","Y","","","Y","",""
"2014041907","","0","0","0","0","0","0","0","0","0","5","1","","02","4","2014","2","40.503576","-80.222429","","11","0","0","0","0","0","0","0","0","2","0","1","0","","","1","","1","","40 30:12.874","2","0","80 13:20.746","3","0","0","0","2213","0","0","0","N","0","0","0","2","02213","0","","1.0","","9","N","N","","0","","1","0","1","","2","N","","2","1","0","0","0","0","0","2","0","2","","","","N","","","","","","","","","",""
"2014041194","","1","0","0","0","0","0","0","0","0","1","0","","02","4","2014","2","40.428813","-79.932608","","11","0","0","0","0","0","1","0","0","","0","0","0","","","0","","0","","40 25:43.725","","2","79 55:57.389","0","0","0","0","2301","0","0","0","N","0","0","0","2","68B03","0","","1.0","","9","N","N","","1","","0","0","0","","0","","","2","0","0","0","0","0","0","2","0","2","","","","N","","","","","","","","","",""
"2014041908","","1","0","0","0","0","0","0","0","0","4","0","","02","4","2014","3","40.50922","-80.202388","","11","0","0","0","0","0","0","1","0","2","0","0","0","","","1","","2","","40 30:33.192","2","0","80 12:08.597","4","0","0","0","2213","0","0","0","N","0","0","0","2","02213","1","","1.0","","9","N","N","","0","","0","0","1","","3","N","","2","1","0","0","0","0","0","2","0","2","","","","N","","","","","","","","","",""
"2014040372","","0","0","0","0","0","0","0","0","0","1","0","","02","4","2014","3","40.409551","-79.943956","","11","0","0","0","0","0","0","1","0","","0","0","0","","","1","","0","","40 24:34.382","","0","79 56:38.243","4","0","0","0","2301","0","0","0","N","0","0","0","2","02301","1","","1.0","","9","N","N","","1","","0","0","1","","0","","","2","1","0","0","0","0","0","2","0","2","","","","N","","","","","","","","","",""
"2014041195","","3","0","0","0","0","0","0","0","0","1","0","","02","4","2014","2","40.426219","-79.914734","","11","0","0","0","0","0","1","0","0","","0","0","0","","","1","","0","","40 25:34.390","","4","79 54:53.044","8","0","0","0","2301","0","0","0","N","0","0","0","3","68B03","0","","1.0","","1","N","N","","0","","0","0","0","","0","","","3","1","0","0","0","1","0","2","0","3","","","","N","","","","","","","","","",""
"2014039653","","1","0","0","0","0","0","0","0","0","7","0","","02","4","2014","7","40.382444","-79.919361","","11","0","0","1","0","0","0","0","0","","0","0","0","","","0","","0","","40 22:56.800","","0","79 55:09.700","0","0","0","0","2301","0","0","0","N","0","0","0","1","02301","0","","5.0","","1","N","N","","0","","0","0","0","","0","","","1","0","0","0","0","0","0","2","0","1","","","","N","","","","","","","","","",""
"2014034037","","2","0","0","0","0","0","0","0","0","4","0","","02","3","2014","4","40.482859","-79.908068","","11","0","0","0","0","0","1","0","0","2","0","0","0","","","0","","0","","40 28:58.294","4","0","79 54:29.045","0","0","0","0","2301","0","0","0","N","0","0","0","3","02301","0","","1.0","","2","N","N","","0","","0","0","1","","0","N","","3","0","0","0","0","0","0","2","0","3","","","","N","","","","","","","","","",""
"2014041064","","1","0","0","0","0","0","0","0","0","4","0","","02","4","2014","5","40.537139","-80.075111","","11","0","0","0","0","0","1","0","0","","0","0","0","","","0","","0","","40 32:13.700","","7","80 04:30.400","0","0","0","0","2215","0","0","0","N","0","0","0","2","02215","0","","1.0","","1","N","N","","1","","0","0","0","","0","","","2","0","2","0","0","0","0","2","0","2","","","","N","","","","","","","","","",""
"2014040307","","2","0","0","0","0","0","0","0","0","4","0","","02","4","2014","4","40.410686","-80.005795","","11","0","0","0","0","0","0","1","0","1","0","0","0","","","0","","2","","40 24:38.471","2","0","80 00:20.862","0","0","0","0","2301","0","0","0","N","0","0","0","3","02301","0","","1.0","","1","N","N","","0","","0","0","0","","3","N","","2","0","1","0","0","0","0","2","0","2","","","","N","","","","","","","","","",""
"2014040373","","1","0","0","0","0","0","0","0","0","5","0","","02","4","2014","3","40.345358","-79.815411","","11","0","0","0","0","0","0","0","1","1","0","0","0","","","2","","10","","40 20:43.289","6","0","79 48:55.481","4","0","0","0","2477","0","0","0","N","0","0","0","2","02477","2","","4.0","","9","N","N","","0","","0","0","1","","0","N","","2","2","0","0","0","0","0","2","0","2","","","","N","","","","","","","","","",""
"2014041196","","0","0","0","0","0","0","0","0","0","7","0","","02","4","2014","4","40.4427","-79.785428","","11","0","0","0","0","0","1","0","0","2","0","0","0","","","1","","0","","40 26:33.721","3","0","79 47:07.540","8","0","0","0","2446","0","0","0","N","0","0","0","1","68B03","0","","5.0","","1","N","N","","0","","0","0","1","","0","N","","2","1","0","0","0","1","0","2","0","1","","","","N","","","","","","","","","",""
"2014034038","","1","0","0","0","0","0","0","0","0","4","0","","02","3","2014","4","40.434922","-79.790576","","11","0","0","0","0","0","1","0","0","1","0","0","0","","","0","","2","","40 26:05.720","3","0","79 47:26.074","0","0","0","0","2446","0","0","0","N","0","0","0","2","02446","0","","1.0","","1","N","N","","0","","0","0","1","","3","N","","2","0","0","0","0","0","0","2","0","2","","","","N","","","","","","","","","",""
"2014039592","","1","0","0","0","0","0","0","0","0","4","0","","02","4","2014","5","40.515862","-79.953486","","11","0","0","0","0","0","0","0","0","","0","0","0","","","2","","0","","40 30:57.103","","7","79 57:12.550","4","0","0","0","2118","0","0","0","N","0","0","0","3","02118","2","","1.0","","1","N","N","","1","","0","0","0","","0","","","2","2","0","0","0","0","0","2","0","2","","","","N","","","","","","","","","",""
"2014041197","","1","0","0","0","0","0","0","0","0","7","0","","02","4","2014","4","40.37334","-80.105366","","11","0","0","0","0","0","0","0","0","","0","0","0","","","0","","0","","40 22:24.024","","0","80 06:19.318","0","0","0","0","2102","0","0","0","N","0","0","0","1","68B03","0","","3.0","","1","N","N","","0","","0","0","0","","0","","","1","0","0","0","0","0","0","2","0","1","","","","N","","","","","","","","","",""
"2014034039","","2","0","0","0","0","0","0","0","0","7","0","","02","3","2014","4","40.324257","-80.123783","","11","0","0","0","0","0","0","0","1","2","0","0","0","","","1","","0","","40 19:27.326","6","0","80 07:25.617","4","0","0","0","2119","0","0","0","Y","0","0","0","2","02119","1","","2.0","","2","N","N","","0","","0","0","0","","0","N","","2","1","0","0","0","0","0","2","0","2","","","","N","","","","","","","","","",""
"2014039526","","1","0","0","0","0","0","0","0","0","1","0","","02","4","2014","4","40.364628","-79.930874","","11","0","0","0","0","0","1","0","0","","0","0","0","","","1","","0","","40 21:52.661","","7","79 55:51.146","4","0","0","0","2473","0","0","0","N","0","0","0","2","02473","1","","1.0","","1","N","N","","0","","0","0","1","","0","","","2","1","0","0","0","0","0","2","0","2","","","","N","","","","","","","","","",""
"2014041198","","2","0","0","0","0","0","0","0","0","1","0","","02","4","2014","4","40.432228","-79.871287","","11","0","0","0","0","0","0","0","0","1","0","0","0","","","0","","0","","40 25:56.022","3","0","79 52:16.632","0","0","0","0","2411","0","0","0","N","0","0","0","5","68B03","0","","1.0","","1","N","N","","0","","0","0","1","","0","N","","3","0","0","0","0","0","0","2","0","3","","","","N","","","","","","","","","",""
"2014039656","","0","0","0","0","0","0","0","0","0","1","0","","02","4","2014","7","40.500052","-79.980421","","11","0","0","0","0","0","0","0","0","","0","0","0","","","0","","0","","40 30:00.187","","0","79 58:49.515","0","0","0","0","2118","0","0","0","N","0","0","0","5","02118","0","","1.0","","1","N","N","","0","","0","0","2","","0","","","2","0","1","0","0","0","0","2","0","2","","","","N","","","","","","","","","",""
"2014034104","","1","0","0","0","0","0","0","0","0","4","0","","02","3","2014","4","40.458613","-79.908014","","11","0","0","0","0","0","0","0","0","","0","0","0","","","1","","1","","40 27:31.005","","0","79 54:28.849","4","0","0","0","2301","0","0","0","N","0","0","0","2","02301","1","","1.0","","1","N","N","","0","","0","0","1","","2","","","2","1","0","0","0","0","0","2","0","2","","","","N","","","","","","","","","",""
"2014039737","","0","0","0","0","0","0","0","0","0","7","0","","02","4","2014","6","40.40178","-80.000511","","11","0","0","0","0","0","0","0","0","1","0","0","0","","","1","","0","","40 24:06.407","1","0","80 00:01.841","8","0","0","0","2301","0","0","0","N","0","0","0","1","02301","0","","4.0","","1","N","N","","0","","0","0","1","","0","N","","1","1","0","0","0","1","0","2","0","1","","","","N","","","","","","","","","",""
"2014041135","","1","0","0","0","0","0","0","0","0","4","0","","02","4","2014","3","40.434395","-79.793176","","11","0","0","0","1","0","1","0","0","","0","0","0","","","0","","2","","40 26:03.821","","0","79 47:35.433","0","0","0","0","2446","0","0","0","N","0","0","0","3","02446","0","","1.0","","1","N","N","","0","","0","0","1","","2","","","2","0","0","0","0","0","0","2","0","2","","","","N","","","","","","","","","",""
"2014040377","","2","0","0","0","0","0","0","0","0","1","0","","02","4","2014","3","40.410966","-80.006048","","11","0","0","0","0","0","0","0","0","","0","0","0","","","0","","2","","40 24:39.476","","0","80 00:21.772","0","0","0","0","2301","0","0","0","N","0","0","0","2","02301","0","","1.0","","9","N","N","","0","","0","0","0","","2","","","2","0","0","0","0","0","0","2","0","2","","","","N","","","","","","","","","",""
"2014034043","","1","0","0","0","0","0","1","0","0","6","1","","02","3","2014","4","40.504274","-79.810025","","11","0","0","0","0","0","1","0","0","2","0","0","0","","","1","","0","","40 30:15.386","1","0","79 48:36.090","8","0","0","0","2113","0","0","0","N","0","0","0","8","02113","0","","1.0","","9","Y","N","","0","","0","0","0","","0","N","","2","1","0","0","0","1","0","2","0","2","","","","N","","","","","","","","","",""
"2014034861","","1","0","0","0","0","0","1","0","0","1","1","","02","3","2014","3","40.331276","-80.052771","","11","0","0","0","0","0","2","0","0","1","0","0","0","","","0","","2","","40 19:52.594","3","0","80 03:09.976","0","0","0","0","2407","0","0","0","N","0","0","0","19","02407","0","","1.0","","1","Y","N","","0","","0","0","0","","3","N","","2","0","0","0","0","0","0","2","0","2","","","","N","","","","","","","","","",""
"2014041136","","1","0","0","0","0","0","0","0","0","5","0","","02","4","2014","5","40.435833","-79.994764","","11","0","0","0","0","0","0","0","0","","0","0","0","","","0","","0","","40 26:08.998","","0","79 59:41.149","0","0","0","0","2301","0","0","0","N","0","0","0","2","02301","0","","1.0","","1","N","N","","1","","0","0","0","","0","","","2","0","0","0","0","0","0","2","0","2","","","","N","","","","","","","","","",""
"2014039673","","1","0","0","0","0","0","0","0","0","7","0","","02","4","2014","7","40.486538","-79.914764","","11","0","0","0","0","0","0","0","0","","0","0","0","","","0","","0","","40 29:11.538","","0","79 54:53.150","0","0","0","0","2301","0","0","0","N","0","0","0","1","02301","0","","3.0","","1","N","N","","0","","0","0","0","","0","","","1","0","0","0","0","0","0","2","0","1","","","","N","","","","","","","","","",""
"2014040514","","1","0","0","0","0","0","0","0","0","4","0","","02","4","2014","3","40.440913","-80.034828","","11","0","0","0","0","0","0","0","0","","0","0","0","","","1","","1","","40 26:27.285","","0","80 02:05.381","8","0","0","0","2301","0","0","0","N","0","0","0","2","02301","0","","1.0","","9","N","N","","0","","0","0","1","","2","","","2","1","0","0","0","1","0","2","0","2","","","","N","","","","","","","","","",""
"2014034796","","0","0","0","0","0","0","0","0","0","7","0","","02","3","2014","6","40.432904","-79.958448","","11","0","0","0","0","0","0","0","0","","0","0","0","","","0","","0","","40 25:58.453","","0","79 57:30.411","0","0","0","0","2301","0","0","0","N","0","0","0","1","02301","0","","4.0","","1","N","N","","1","","0","0","0","","0","","","1","0","0","0","0","0","0","2","0","1","","","","N","","","","","","","","","",""
"2014039674","","2","0","0","0","0","0","0","0","0","4","0","","02","4","2014","6","40.382588","-79.810436","","11","0","0","0","0","0","0","1","0","1","0","0","0","","","2","","1","","40 22:57.316","1","0","79 48:37.569","4","0","0","0","2424","0","0","0","N","0","0","0","3","02424","2","","1.0","","1","N","N","","0","","0","0","0","","3","Y","","2","2","0","0","0","0","0","2","0","2","","","","N","","","","","","","","","",""
"2014034108","","0","0","0","0","0","0","1","0","0","7","1","","02","3","2014","4","40.356091","-79.898065","","11","0","0","0","0","0","1","0","0","2","0","0","0","","","1","","0","","40 21:21.929","3","0","79 53:53.034","4","0","0","0","2423","0","0","0","N","0","0","0","1","02304","1","","4.0","","1","Y","N","","0","","0","0","0","","0","N","","1","1","0","0","0","0","0","2","0","1","","","","N","","","","","","","","","",""
"2014041058","","1","0","0","0","0","0","0","0","0","1","0","","02","4","2014","5","40.528662","-79.984662","","11","0","0","0","0","0","2","0","0","","0","0","0","","","0","","1","","40 31:43.183","","0","79 59:04.783","0","0","0","0","2118","0","0","0","N","0","0","0","2","02118","0","","1.0","","1","N","N","","0","","0","0","1","","3","","","2","0","0","0","0","0","0","2","0","2","","","","N","","","","","","","","","",""
"2014039531","","1","0","0","0","0","0","0","0","0","7","0","","02","4","2014","6","40.404752","-80.01894","","11","0","0","0","0","0","0","0","0","","0","0","0","","","1","","0","","40 24:17.106","","0","80 01:08.183","3","0","0","0","2301","0","0","0","N","0","0","0","1","02301","0","","4.0","","9","N","N","","0","","1","0","0","","0","","","1","1","0","0","0","0","0","2","0","1","","","","N","","","","","","","","","",""
"2014040393","","1","0","0","0","0","0","0","0","0","1","0","","02","4","2014","1","40.434103","-79.745838","","11","0","1","0","0","0","2","0","0","","0","0","0","","","0","","0","","40 26:02.772","","0","79 44:45.016","0","0","0","0","2446","0","0","0","N","0","0","0","3","02446","0","","1.0","","1","N","N","","0","","0","0","2","","0","","","3","0","0","0","0","0","0","2","0","3","","","","N","","","","","","","","","",""
"2014041992","","1","0","0","0","0","0","0","0","0","1","0","","02","4","2014","1","40.475678","-80.007345","","11","0","0","0","0","0","1","0","0","2","0","0","0","","","1","","0","","40 28:32.441","2","0","80 00:26.441","2","0","1","1","2301","0","0","0","N","0","0","0","4","68B03","0","","1.0","","1","N","N","","0","","0","1","0","","0","N","","2","1","0","0","0","0","0","2","0","2","","","","N","","","","","","","","","",""
"2014040516","","1","0","0","0","0","0","0","0","0","8","0","","02","4","2014","3","40.449339","-79.953179","","11","0","0","0","0","0","1","0","0","","0","0","0","","","1","","0","","40 26:57.621","","0","79 57:11.445","3","0","0","0","2301","1","0","0","N","1","0","0","2","02301","0","","1.0","","9","N","Y","","0","","1","0","0","","0","","","2","1","0","0","0","0","0","2","0","1","","","","N","","","","","","","","","",""
"2014039466","","1","0","0","0","0","0","0","0","0","4","1","","02","4","2014","5","40.214649","-79.828806","","11","0","0","0","0","0","0","1","0","2","0","1","0","","","1","","0","","40 12:52.736","6","0","79 49:43.703","8","0","0","0","2105","0","0","0","N","0","0","0","3","02105","0","","1.0","","1","N","N","","1","","0","0","0","","0","Y","","4","1","0","0","0","1","0","1","0","3","","","","N","","","","","","","","","",""
"2014039533","","0","0","0","0","0","0","0","0","0","4","0","","02","4","2014","6","40.348316","-80.155404","","11","0","0","0","0","0","0","0","0","","0","0","0","","","1","","2","","40 20:53.936","","0","80 09:19.453","4","0","0","0","2119","0","0","0","N","0","0","0","5","02119","1","","1.0","","1","N","N","","0","","0","0","1","","3","","","2","1","0","0","0","0","0","2","1","2","","","","N","","","","","","","","","",""
"2014040394","","2","0","0","0","0","0","0","0","0","4","0","","02","4","2014","3","40.382309","-80.099491","","11","0","0","0","0","0","1","0","0","","0","0","0","","","0","","1","","40 22:56.312","","0","80 05:58.168","0","0","0","0","2102","0","0","0","N","0","0","0","2","02102","0","","1.0","","1","N","N","","0","","0","0","0","","0","","","2","0","0","0","0","0","0","2","0","2","","","","N","","","","","","","","","",""
"2014040517","","2","0","0","0","0","0","0","0","0","4","0","","02","4","2014","3","40.290658","-79.913337","","11","0","0","0","0","0","0","0","0","2","0","0","0","","","2","","2","","40 17:26.370","5","0","79 54:48.014","8","0","0","0","2440","0","0","0","N","0","0","0","4","02440","0","","1.0","","9","N","N","","0","","0","0","0","","3","N","","2","2","0","0","0","2","2","2","0","2","","","","N","","","","","","","","","",""
"2014034800","","2","0","0","0","0","0","0","0","0","1","0","","02","3","2014","5","40.366063","-80.106993","","11","0","0","0","0","0","0","0","0","1","0","0","0","","","1","","2","","40 21:57.828","3","0","80 06:25.174","4","0","0","0","2102","0","0","0","N","0","0","0","5","02102","1","","1.0","","1","N","N","","0","","0","0","1","","2","N","","3","1","0","0","0","0","0","2","0","3","","","","N","","","","","","","","","",""
"2014034110","","0","0","0","0","0","0","0","0","0","7","0","","02","3","2014","4","40.47795","-79.869115","","11","0","0","0","0","0","0","0","0","2","0","0","0","","","0","","0","","40 28:40.620","6","0","79 52:08.814","0","0","0","0","2113","0","0","0","N","0","0","0","1","02113","0","","5.0","","2","N","N","","0","","0","0","0","","0","Y","","1","0","0","0","0","0","0","2","1","1","","","","N","","","","","","","","","",""
"2014039534","","1","0","0","0","0","0","0","0","0","4","0","","02","4","2014","4","40.34786","-79.939144","","11","0","0","0","0","0","1","0","0","2","0","0","0","","","5","","0","","40 20:52.297","2","7","79 56:20.919","3","0","0","0","2473","0","0","0","N","0","0","0","6","02473","3","","1.0","","1","N","N","","0","","2","0","0","","0","N","","2","5","0","0","0","0","0","2","1","2","","","","N","","","","","","","","","",""
"2014040316","","1","0","0","0","0","0","0","0","0","2","0","","02","4","2014","3","40.46402","-79.934159","","11","0","0","1","0","0","0","0","0","","0","0","0","","","0","","0","","40 27:50.473","","0","79 56:02.971","0","0","0","0","2301","0","0","0","N","0","0","0","1","02301","0","","6.0","","1","N","N","","1","","0","0","0","","0","","","2","0","0","0","0","0","0","2","0","2","","","","N","","","","","","","","","",""
"2014040519","","2","0","0","0","0","0","0","0","0","1","1","","02","4","2014","3","40.319152","-80.117563","","11","0","0","0","0","0","1","0","1","1","0","1","0","","","0","","1","","40 19:08.946","3","0","80 07:03.225","9","0","0","0","2119","0","0","0","N","0","0","0","6","02119","0","","1.0","","9","N","N","","0","","0","0","0","","2","N","","4","0","0","0","0","0","1","2","1","4","","","","N","","","","","","","","","",""
"2014040318","","1","0","0","0","0","0","0","0","0","1","0","","02","4","2014","5","40.416415","-79.98807","","11","0","0","0","0","0","0","0","0","","0","0","0","","","0","","0","","40 24:59.094","","0","79 59:17.052","0","0","0","0","2301","0","0","0","N","0","0","0","1","02301","0","","6.0","","1","N","N","","1","","0","0","1","","0","","","3","0","0","0","0","0","0","2","0","3","","","","N","","","","","","","","","",""
"2014040397","","0","0","0","0","0","0","0","0","0","4","0","","02","4","2014","2","40.438871","-79.760628","","11","0","0","0","0","0","0","0","0","1","0","0","0","","","0","","1","","40 26:19.934","1","0","79 45:38.259","0","0","0","0","2446","0","0","0","N","0","0","0","3","02446","0","","1.0","","1","N","N","","0","","0","0","2","","2","N","","2","0","0","0","0","0","0","2","0","2","","","","N","","","","","","","","","",""
"2014039680","","1","0","0","0","0","0","0","0","0","1","0","","02","4","2014","1","40.352173","-79.977658","","11","0","0","0","0","1","1","0","0","3","0","0","0","","","0","","1","","40 21:07.821","2","0","79 58:39.567","0","0","0","0","2476","0","0","0","N","0","0","0","4","02476","0","","1.0","","1","N","N","","0","","0","0","2","","2","N","","3","0","1","0","0","0","0","2","0","3","","","","N","","","","","","","","","",""
"2014040536","","2","0","0","0","0","0","0","0","0","1","0","","02","4","2014","3","40.495767","-79.90433","","11","0","0","0","0","1","0","0","0","1","0","0","0","","","0","","0","","40 29:44.760","3","0","79 54:15.587","0","0","0","0","2472","0","0","0","N","0","0","0","2","02472","0","","1.0","","9","N","N","","0","","0","0","0","","0","N","","2","0","0","0","0","0","0","2","0","2","","","","N","","","","","","","","","",""
"2014040398","","1","0","0","0","0","0","0","0","0","7","0","","02","4","2014","2","40.474553","-80.033939","","11","0","0","0","0","0","0","0","0","","0","0","0","","","2","","0","","40 28:28.390","","0","80 02:02.180","4","0","0","0","2301","0","0","0","N","0","0","0","2","02301","2","","5.0","","1","N","N","","0","","0","0","0","","0","","","1","2","0","0","0","0","0","2","0","1","","","","N","","","","","","","","","",""
"2014040602","","1","0","0","0","0","0","0","0","0","7","0","","02","3","2014","6","40.487013","-80.009233","","11","0","0","0","0","0","0","0","0","2","0","0","0","","","1","","0","","40 29:13.245","2","0","80 00:33.237","4","0","0","0","2301","0","0","0","N","0","0","0","1","68B03","1","","3.0","","1","N","N","","0","","0","0","0","","0","N","","2","1","1","0","0","0","0","2","0","1","","","","N","","","","","","","","","",""
"2014039762","","0","0","0","0","0","0","0","0","0","8","0","","02","4","2014","1","40.408583","-79.943682","","11","0","0","0","0","0","0","0","0","","0","0","0","","","1","","1","","40 24:30.898","","0","79 56:37.254","3","0","0","1","2301","1","0","0","N","1","0","0","2","02301","0","","1.0","","1","N","N","","0","","1","0","0","","2","","","2","1","0","0","0","0","1","2","0","1","","","","N","","","","","","","","","",""
"2014041795","","2","0","0","0","0","0","0","0","0","1","0","","02","4","2014","1","40.403895","-79.990181","","11","0","0","0","0","0","0","0","0","","0","0","0","","","2","","2","","40 24:14.022","","0","79 59:24.651","4","0","0","0","2301","0","0","0","N","0","0","0","4","02301","2","","1.0","","1","N","N","","0","","0","0","0","","2","","","2","2","0","0","0","0","0","2","0","2","","","","N","","","","","","","","","",""
"2014041081","","2","0","0","0","0","0","0","0","0","1","1","25","02","4","2014","4","40.429282","-79.719375","","11","0","0","0","0","0","2","0","0","1","0","1","0","","","2","","0","","40 25:45.416","4","0","79 43:09.751","4","0","0","0","2446","0","0","0","N","0","0","0","4","02446","2","","1.0","","1","N","N","","1","","0","0","0","","7","N","","4","2","0","0","0","0","0","2","0","4","","","Y","Y","2","1","","Y","N","Y","","","Y",""
"2014041148","","0","0","0","0","0","0","0","0","0","7","0","","02","4","2014","5","40.370209","-80.216223","","11","0","0","0","0","0","0","0","0","","0","0","0","","","1","","0","","40 22:12.753","","0","80 12:58.403","4","0","0","0","2119","0","0","0","N","0","0","0","1","02119","1","","2.0","","1","N","N","","1","","0","0","0","","0","","","1","1","0","0","0","0","0","1","0","1","","","","N","","","","","","","","","",""
"2014039683","","2","0","0","0","0","0","0","0","0","4","0","","02","4","2014","7","40.515387","-80.11902","","11","0","0","0","0","0","1","0","0","1","0","0","0","","","2","","2","","40 30:55.393","2","0","80 07:08.471","2","0","0","0","2211","0","0","0","N","0","0","0","2","02501","0","","1.0","","1","N","N","","0","","1","1","0","","0","N","","2","2","0","0","0","0","0","2","0","2","","","","N","","","","","","","","","",""
"2014033360","","1","0","0","0","0","0","0","0","0","0","1","","02","3","2014","5","40.403418","-80.106984","","11","0","0","0","0","0","2","0","0","","0","1","0","","","1","","0","","40 24:12.306","","0","80 06:25.141","4","0","0","0","2102","0","0","0","N","0","0","0","3","68B03","1","","1.0","","1","N","N","","1","","0","0","0","","0","","","3","1","0","0","0","0","0","2","0","3","","","","N","","","","","","","","","",""
"2014039751","","1","0","0","0","0","0","0","0","0","4","0","","02","4","2014","5","40.342881","-79.848449","","11","0","0","0","0","0","1","0","0","","0","0","0","","","0","","1","","40 20:34.371","","0","79 50:54.416","0","0","0","0","2304","0","0","0","N","0","0","0","5","02304","0","","1.0","","1","N","N","","0","","0","0","1","","3","","","2","0","0","0","0","0","0","2","0","2","","","","N","","","","","","","","","",""
"2014033361","","2","0","0","0","0","0","0","0","0","1","0","","02","3","2014","3","40.429714","-79.885386","","11","0","0","0","0","0","0","0","0","1","0","0","0","","","0","","0","","40 25:46.969","4","0","79 53:07.389","0","0","0","0","2426","0","0","0","N","0","0","0","3","68B03","0","","1.0","","1","N","N","","1","","0","0","0","","0","N","","3","0","0","0","0","0","0","2","0","3","","","","N","","","","","","","","","",""
"2014039477","","0","0","0","0","0","0","0","0","0","7","0","","02","4","2014","6","40.468805","-79.84706","","11","0","1","0","0","0","0","0","0","","0","0","0","","","0","","0","","40 28:07.699","","0","79 50:49.416","0","0","0","0","2113","0","0","0","N","0","0","0","1","02113","0","","4.0","","1","N","N","","0","","0","0","1","","0","","","1","0","0","0","0","0","0","2","0","1","","","","N","","","","","","","","","",""
"2014040327","","1","0","0","0","0","0","0","0","0","1","0","","02","4","2014","2","40.468556","-79.962111","","11","0","0","0","0","0","1","0","0","","0","0","0","","","0","","0","","40 28:06.800","","7","79 57:43.600","0","0","0","0","2301","0","0","0","N","0","0","0","2","02301","0","","1.0","","9","N","N","","1","","0","0","0","","0","","","2","0","0","0","0","0","0","2","0","2","","","","N","","","","","","","","","",""