"CRN","ARRIVAL_TM","AUTOMOBILE_COUNT","BELTED_DEATH_COUNT","BELTED_SUSP_SERIOUS_INJ_COUNT","BICYCLE_COUNT","BICYCLE_DEATH_COUNT","BICYCLE_SUSP_SERIOUS_INJ_COUNT","BUS_COUNT","CHLDPAS_DEATH_COUNT","CHLDPAS_SUSP_SERIOUS_INJ_COUNT","COLLISION_TYPE","COMM_VEH_COUNT","CONS_ZONE_SPD_LIM","COUNTY","CRASH_MONTH","CRASH_YEAR","DAY_OF_WEEK","DEC_LATITUDE","DEC_LONGITUDE","DISPATCH_TM","DISTRICT","DRIVER_COUNT_16YR","DRIVER_COUNT_17YR","DRIVER_COUNT_18YR","DRIVER_COUNT_19YR","DRIVER_COUNT_20YR","DRIVER_COUNT_50_64YR","DRIVER_COUNT_65_74YR","DRIVER_COUNT_75PLUS","EST_HRS_CLOSED","FATAL_COUNT","HEAVY_TRUCK_COUNT","HORSE_BUGGY_COUNT","HOUR_OF_DAY","ILLUMINATION","INJURY_COUNT","INTERSECTION_RELATED","INTERSECT_TYPE","LANE_CLOSED","LATITUDE","LN_CLOSE_DIR","LOCATION_TYPE","LONGITUDE","MAX_SEVERITY_LEVEL","MCYCLE_DEATH_COUNT","MCYCLE_SUSP_SERIOUS_INJ_COUNT","MOTORCYCLE_COUNT","MUNICIPALITY","NONMOTR_COUNT","NONMOTR_DEATH_COUNT","NONMOTR_SUSP_SERIOUS_INJ_COUNT","NTFY_HIWY_MAINT","PED_COUNT","PED_DEATH_COUNT","PED_SUSP_SERIOUS_INJ_COUNT","PERSON_COUNT","POLICE_AGCY","POSSIBLE_INJ_COUNT","RDWY_SURF_TYPE_CD","RELATION_TO_ROAD","ROADWAY_CLEARED","ROAD_CONDITION","SCH_BUS_IND","SCH_ZONE_IND","SECONDARY_CRASH","SMALL_TRUCK_COUNT","SPEC_JURIS_CD","SUSP_MINOR_INJ_COUNT","SUSP_SERIOUS_INJ_COUNT","SUV_COUNT","TCD_FUNC_CD","TCD_TYPE","TFC_DETOUR_IND","TIME_OF_DAY","TOTAL_UNITS","TOT_INJ_COUNT","UNBELTED_OCC_COUNT","UNB_DEATH_COUNT","UNB_SUSP_SERIOUS_INJ_COUNT","UNK_INJ_DEG_COUNT","UNK_INJ_PER_COUNT","URBAN_RURAL","VAN_COUNT","VEHICLE_COUNT","WEATHER1","WEATHER2","WORKERS_PRES","WORK_ZONE_IND","WORK_ZONE_LOC","WORK_ZONE_TYPE","WZ_CLOSE_DETOUR","WZ_FLAGGER","WZ_LAW_OFFCR_IND","WZ_LN_CLOSURE","WZ_MOVING","WZ_OTHER","WZ_SHLDER_MDN","WZ_WORKERS_INJ_KILLED"
"2014041901","","2","0","0","0","0","0","0","0","0","4","0","","02","4","2014","7","40.381154","-79.811838","","11","0","1","0","0","0","0","0","0","","0","0","0","","","2","","1","","40 22:52.153","","0","79 48:42.618","8","0","0","0","2424","0","0","0","N","0","0","0","5","02424","0","","1.0","","1","N","N","","0","","0","0","0","","2","","","2","2","0","0","0","2","0","2","0","2","","","","N","","","","","","","","","",""
"2014040365","","1","0","0","0","0","0","0","0","0","7","0","","02","4","2014","3","40.429854","-79.751251","","11","0","0","0","0","0","1","0","0","1","0","0","0","","","1","","0","","40 25:47.476","2","0","79 45:04.504","4","0","0","0","2446","0","0","0","N","0","0","0","1","02446","1","","5.0","","9","N","N","","0","","0","0","0","","0","N","","1","1","0","0","0","0","0","2","0","1","","","","N","","","","","","","","","",""
"2014041188","","1","0","0","0","0","0","0","0","0","1","0","","02","4","2014","6","40.425519","-79.908486","","11","0","0","0","0","0","1","0","0","","0","0","0","","","0","","0","","40 25:31.868","","0","79 54:30.550","0","0","0","0","2301","0","0","0","N","0","0","0","2","68B03","0","","1.0","","9","N","N","","0","","0","0","0","","0","","","2","0","0","0","0","0","0","2","1","2","","","","N","","","","","","","","","",""
"2014039725","","1","0","0","0","0","0","0","0","0","1","0","","02","4","2014","1","40.445744","-79.828026","","11","0","0","0","0","0","1","1","1","1","0","0","0","","","0","","0","","40 26:44.679","2","0","79 49:40.894","0","0","0","0","2113","0","0","0","N","0","0","0","4","02113","0","","1.0","","1","N","N","","0","","0","0","1","","0","N","","3","0","0","0","0","0","0","2","1","3","","","","N","","","","","","","","","",""
"2014034782","","2","0","0","0","0","0","0","0","0","1","1","","02","3","2014","6","40.460221","-79.842652","","11","0","0","0","0","0","0","0","0","","0","1","0","","","0","","5","","40 27:36.794","","0","79 50:33.548","0","0","0","0","2113","0","0","0","N","0","0","0","3","02113","0","","1.0","","1","N","N","","0","","0","0","0","","2","","","3","0","0","0","0","0","0","2","0","3","","","","N","","","","","","","","","",""
"2014034094","","1","0","0","0","0","0","0","0","0","7","0","","02","3","2014","4","40.650654","-80.095937","","11","0","0","0","0","0","0","0","0","","0","0","0","","","0","","0","","40 39:02.355","","0","80 05:45.372","0","0","0","0","2212","0","0","0","N","0","0","0","1","02505","0","","4.0","","2","N","N","","0","","0","0","0","","0","","","1","0","0","0","0","0","0","2","0","1","","","","N","","","","","","","","","",""
"2014041123","","0","0","0","0","0","0","0","0","0","7","0","","02","4","2014","2","40.463113","-79.926217","","11","0","0","0","0","0","0","0","0","","0","0","0","","","0","","1","","40 27:47.206","","0","79 55:34.381","0","0","0","0","2301","0","0","0","N","0","0","0","1","02301","0","","2.0","","1","N","N","","0","","0","0","1","","3","","","1","0","0","0","0","0","0","2","0","1","","","","N","","","","","","","","","",""
"2014039584","","0","0","0","0","0","0","0","0","0","4","0","","02","4","2014","6","40.434271","-80.050247","","11","0","0","0","0","0","0","0","0","1","0","0","0","","","2","","1","","40 26:03.377","7","0","80 03:00.888","3","0","0","0","2301","0","0","0","N","0","0","0","6","02301","0","","1.0","","1","N","N","","0","","2","0","2","","0","Y","","2","2","1","0","0","0","0","2","0","2","","","","N","","","","","","","","","",""
"2014041189","","2","0","0","0","0","0","0","0","0","1","0","","02","4","2014","6","40.428849","-79.956164","","11","0","0","0","0","0","0","0","0","","0","0","0","","","1","","6","","40 25:43.856","","2","79 57:22.191","8","0","0","0","2301","0","0","0","N","0","0","0","4","68B03","0","","1.0","","1","N","N","","0","","0","0","0","","0","","","2","1","0","0","0","1","0","2","0","2","","","","N","","","","","","","","","",""
"2014039659","","2","0","0","0","0","0","0","0","0","1","0","","02","4","2014","7","40.616151","-80.092508","","11","0","0","0","0","0","1","1","0","1","0","0","0","","","1","","0","","40 36:58.143","3","0","80 05:33.029","8","0","0","0","2212","0","0","0","N","0","0","0","3","02505","0","","1.0","","1","N","N","","0","","0","0","1","","0","N","","3","1","0","0","0","1","0","2","0","3","","","","N","","","","","","","","","",""
"2014034848","","1","0","0","0","0","0","0","0","0","4","0","","02","3","2014","6","40.440296","-80.006994","","11","0","0","0","0","0","0","0","0","","0","0","0","","","0","","1","","40 26:25.066","","2","80 00:25.180","0","0","0","0","2301","0","0","0","N","0","0","0","2","02301","0","","1.0","","1","N","N","","0","","0","0","1","","2","","","2","0","0","0","0","0","0","2","0","2","","","","N","","","","","","","","","",""
"2014041190","","0","0","0","0","0","0","0","0","0","7","0","45","02","4","2014","3","40.425965","-79.913022","","11","0","0","0","0","0","0","0","0","1","0","0","0","","","0","","0","","40 25:33.475","3","4","79 54:46.878","0","0","0","0","2301","0","0","0","Y","0","0","0","1","68B03","0","","3.0","","1","N","N","","0","","0","0","1","","0","N","","1","0","0","0","0","0","0","2","0","1","","","N","Y","4","1","N","N","N","N","Y","N","N",""
"2014034849","","1","0","0","0","0","0","0","0","0","7","0","","02","3","2014","6","40.421943","-79.92884","","11","0","0","0","0","0","0","0","1","1","0","0","0","","","0","","1","","40 25:18.994","2","0","79 55:43.824","0","0","0","0","2301","0","0","0","N","0","0","0","1","02301","0","","4.0","","1","N","N","","0","","0","0","0","","3","N","","1","0","0","0","0","0","0","2","0","1","","","","N","","","","","","","","","",""
"2014041125","","1","0","0","0","0","0","0","0","0","1","0","","02","4","2014","1","40.445526","-79.843203","","11","0","0","0","0","0","0","0","0","","0","0","0","","","0","","2","","40 26:43.893","","0","79 50:35.530","0","0","0","0","2419","0","0","0","N","0","0","0","3","02419","0","","1.0","","1","N","N","","0","","0","0","1","","3","","","2","0","0","0","0","0","0","2","0","2","","","","N","","","","","","","","","",""
"2014041904","","1","0","0","0","0","0","0","0","0","7","0","","02","4","2014","2","40.462159","-80.030373","","11","0","0","0","0","0","0","0","0","1","0","0","0","","","1","","0","","40 27:43.773","1","8","80 01:49.342","8","0","0","0","2301","0","0","0","N","0","0","0","1","02301","0","","2.0","","1","N","N","","0","","0","0","0","","0","N","","1","1","0","0","0","1","0","2","0","1","","","","N","","","","","","","","","",""
"2014041191","","1","0","0","0","0","0","0","0","0","1","0","45","02","4","2014","6","40.425667","-79.909779","","11","0","0","0","0","0","0","1","0","","0","0","0","","","1","","0","","40 25:32.400","","4","79 54:35.205","8","0","0","0","2301","0","0","0","N","0","0","0","3","68B03","0","","1.0","","1","N","N","","0","","0","0","0","","0","","","2","1","0","0","0","1","0","2","1","2","","","Y","Y","4","2","N","N","N","Y","N","N","N",""
"2014040430","","0","0","0","0","0","0","0","0","0","0","0","","02","4","2014","2","40.284942","-79.911076","","11","0","0","0","0","0","0","0","0","2","0","0","0","","","1","","0","","40 17:05.792","5","0","79 54:39.875","8","0","0","0","2440","0","0","0","Y","0","0","0","1","02440","0","","1.0","","1","N","N","","1","","0","0","0","","0","N","","1","1","0","0","0","1","0","2","0","1","","","","N","","","","","","","","","",""
"2014039797","","0","0","0","0","0","0","0","0","0","5","0","","02","4","2014","1","40.404093","-79.952954","","11","0","0","0","0","0","1","0","0","","0","0","0","","","1","","0","","40 24:14.733","","0","79 57:10.636","4","0","0","1","2403","0","0","0","N","0","0","0","2","02403","1","","1.0","","1","N","N","","1","","0","0","0","","0","","","2","1","0","0","0","0","0","2","0","2","","","","N","","","","","","","","","",""
"2014039875","","1","0","0","0","0","0","0","0","0","1","0","","02","4","2014","1","40.550563","-80.019253","","11","0","0","0","0","0","0","2","0","","0","0","0","","","0","","1","","40 33:02.025","","0","80 01:09.311","0","0","0","0","2116","0","0","0","N","0","0","0","5","02116","0","","1.0","","1","N","N","","1","","0","0","1","","2","","","3","0","0","0","0","0","0","2","0","3","","","","N","","","","","","","","","",""
"2014039310","","0","0","0","0","0","0","0","0","0","4","1","","02","4","2014","5","40.396218","-79.998194","","11","0","0","0","0","0","1","0","0","","0","1","0","","","1","","1","","40 23:46.384","","0","79 59:53.499","8","0","0","0","2301","0","0","0","N","0","0","0","2","02301","0","","1.0","","1","N","N","","1","","0","0","0","","2","","","2","1","0","0","0","1","0","2","0","2","","","","N","","","","","","","","","",""
"2014042164","","1","0","0","0","0","0","0","0","0","1","0","","02","4","2014","5","40.611166","-79.993007","","11","0","0","0","0","0","1","0","1","2","0","0","0","","","1","","0","","40 36:40.199","2","0","79 59:34.826","4","0","0","0","2108","0","0","0","N","0","0","0","2","02108","1","","1.0","","1","N","N","","1","","0","0","0","","0","Y","","2","1","0","0","0","0","0","2","0","2","","","","N","","","","","","","","","",""
"2014042165","","1","0","0","0","0","0","0","0","0","7","0","","02","4","2014","2","40.450611","-80.115306","","11","0","0","0","1","0","0","0","0","2","0","0","0","","","0","","0","","40 27:02.200","6","0","80 06:55.100","0","0","0","0","2115","0","0","0","N","0","0","0","1","02115","0","","4.0","","1","N","N","","0","","0","0","0","","0","Y","","1","0","0","0","0","0","0","2","0","1","","","","N","","","","","","","","","",""
"2014040588","","0","0","0","0","0","0","0","0","0","7","0","","02","4","2014","3","40.505311","-80.061588","","11","0","0","0","0","0","0","1","0","","0","0","0","","","0","","0","","40 30:19.121","","0","80 03:41.715","0","0","0","0","2402","0","0","0","N","0","0","0","1","02402","0","","2.0","","1","N","N","","1","","0","0","0","","0","","","1","0","0","0","0","0","0","2","0","1","","","","N","","","","","","","","","",""
"2014039248","","2","0","0","0","0","0","0","0","0","1","0","","02","4","2014","6","40.385038","-79.802937","","11","0","0","0","0","1","0","0","0","1","0","0","0","","","0","","0","","40 23:06.136","1","0","79 48:10.573","0","0","0","0","2424","0","0","0","N","0","0","0","2","02424","0","","1.0","","9","N","N","","0","","0","0","0","","0","N","","2","0","0","0","0","0","0","2","0","2","","","","N","","","","","","","","","",""
"2014042166","","1","0","0","0","0","0","0","0","0","7","0","","02","4","2014","2","40.367283","-80.024078","","11","0","0","0","0","0","0","0","0","1","0","0","0","","","1","","0","","40 22:02.220","5","0","80 01:26.680","4","0","0","0","2416","0","0","0","N","0","0","0","1","02416","1","","4.0","","1","N","N","","0","","0","0","0","","0","N","","1","1","1","0","0","0","0","2","0","1","","","","N","","","","","","","","","",""
"2014039800","","1","0","0","0","0","0","0","0","0","7","0","","02","4","2014","3","40.342039","-80.170496","","11","0","0","0","0","0","0","0","0","","0","0","0","","","0","","0","","40 20:31.341","","0","80 10:13.785","0","0","0","0","2119","0","0","0","Y","0","0","0","1","02119","0","","2.0","","1","N","N","","0","","0","0","0","","0","","","1","0","0","0","0","0","0","2","0","1","","","","N","","","","","","","","","",""
"2014042034","","0","0","0","0","0","0","0","0","0","7","0","","02","4","2014","2","40.426803","-79.880418","","11","0","0","0","0","0","0","0","0","1","0","0","0","","","0","","0","","40 25:36.491","6","0","79 52:49.504","0","0","0","0","2463","0","0","0","N","0","0","0","1","02463","0","","4.0","","1","N","N","","1","","0","0","0","","0","Y","","1","0","1","0","0","0","0","2","0","1","","","","N","","","","","","","","","",""
"2014040591","","1","0","0","0","0","0","0","0","0","7","0","","02","4","2014","5","40.646156","-80.009383","","11","0","0","1","0","0","0","0","0","","0","0","0","","","0","","0","","40 38:46.160","","0","80 00:33.779","0","0","0","0","2216","0","0","0","N","0","0","0","1","02505","0","","5.0","","1","N","N","","0","","0","0","0","","0","","","1","0","0","0","0","0","0","1","0","1","","","","N","","","","","","","","","",""
"2014041497","","1","0","0","0","0","0","0","0","0","7","0","","02","4","2014","6","40.44125","-80.036556","","11","0","0","0","0","0","1","0","0","","0","0","0","","","0","","0","","40 26:28.500","","0","80 02:11.600","0","0","0","0","2301","0","0","0","N","0","0","0","3","02301","0","","4.0","","1","N","N","","0","","0","0","0","","0","","","1","0","0","0","0","0","0","2","0","1","","","","N","","","","","","","","","",""
"2014039188","","1","0","0","0","0","0","0","0","0","4","0","","02","3","2014","1","40.272145","-79.885733","","11","0","0","0","0","0","0","0","0","3","0","0","0","","","1","","1","","40 16:19.721","4","2","79 53:08.640","8","0","0","0","2428","0","0","0","N","0","0","0","3","02428","0","","1.0","","1","N","N","","0","","0","0","2","","3","Y","","3","1","0","0","0","1","2","2","0","3","","","","N","","","","","","","","","",""
"2014039316","","2","0","0","0","0","0","0","0","0","1","0","","02","4","2014","6","40.465995","-79.922728","","11","0","0","0","0","0","0","0","1","","0","0","0","","","0","","1","","40 27:57.582","","0","79 55:21.820","0","0","0","0","2301","0","0","0","N","0","0","0","4","02301","0","","1.0","","9","N","N","","0","","0","0","0","","0","","","2","0","1","0","0","0","0","2","0","2","","","","N","","","","","","","","","",""
"2014042036","","1","0","0","0","0","0","0","0","0","7","0","","02","4","2014","2","40.468417","-79.795806","","11","0","0","0","0","0","1","0","0","","0","0","0","","","1","","0","","40 28:06.300","","0","79 47:44.900","8","0","0","0","2113","0","0","0","N","0","0","0","1","02113","0","","5.0","","1","N","N","","0","","0","0","0","","0","","","1","1","0","0","0","1","0","2","0","1","","","","N","","","","","","","","","",""
"2014041639","","1","0","0","0","0","0","0","0","0","7","0","","02","4","2014","7","40.420639","-79.886889","","11","0","0","0","0","0","0","0","0","2","0","0","0","","","0","","0","","40 25:14.300","7","0","79 53:12.800","0","0","0","0","2463","0","0","0","N","0","0","0","1","02503","0","","4.0","","1","N","N","","0","","0","0","0","","0","N","","1","0","1","0","0","0","0","2","0","1","","","","N","","","","","","","","","",""
"2014041487","","1","0","0","0","0","0","0","0","0","7","0","","02","2","2014","5","40.398232","-80.104972","","11","0","0","0","0","0","0","0","0","","0","0","0","","","1","","0","","40 23:53.635","","3","80 06:17.898","8","0","0","0","2102","0","0","0","N","0","0","0","1","68B03","0","","3.0","","7","N","N","","0","","0","0","0","","0","","","1","1","0","0","0","1","0","2","0","1","","","","N","","","","","","","","","",""
"2014040738","","0","0","0","0","0","0","0","0","0","8","0","","02","4","2014","4","40.438076","-79.9978","","11","0","0","0","0","0","1","0","0","","0","0","0","","","1","","1","","40 26:17.073","","0","79 59:52.080","8","0","0","0","2301","1","0","0","N","1","0","0","2","02301","0","","1.0","","1","N","N","","1","","0","0","0","","2","","","2","1","0","0","0","1","0","2","0","1","","","","N","","","","","","","","","",""
"2014039253","","1","0","0","0","0","0","0","0","0","1","0","","02","4","2014","6","40.432873","-79.936537","","11","0","0","0","0","0","0","0","1","2","0","0","0","","","2","","1","","40 25:58.342","2","0","79 56:11.533","3","0","0","0","2301","0","0","0","N","0","0","0","5","02301","0","","1.0","","9","N","N","","0","","2","0","2","","2","Y","","3","2","2","0","0","0","0","2","0","3","","","","N","","","","","","","","","",""
"2014040806","","1","0","0","0","0","0","0","0","0","4","0","","02","3","2014","5","40.555315","-79.812254","","11","0","0","0","0","0","0","0","0","","0","0","0","","","1","","0","","40 33:19.133","","0","79 48:44.114","4","0","0","0","2208","0","0","0","N","0","0","0","2","68D02","1","","1.0","","9","N","N","","0","","0","0","1","","0","","","2","1","1","0","0","0","0","2","0","2","","","","N","","","","","","","","","",""
"2014041488","","4","0","0","0","0","0","0","0","0","1","0","","02","4","2014","5","40.421529","-80.104634","","11","0","0","0","0","0","1","0","0","2","0","0","0","","","0","","0","","40 25:17.503","1","0","80 06:16.681","0","0","0","0","2115","0","0","0","N","0","0","0","5","68B03","0","","1.0","","1","N","N","","0","","0","0","0","","0","N","","4","0","0","0","0","0","0","2","0","4","","","","N","","","","","","","","","",""
"2014041500","","1","0","0","0","0","0","0","0","0","5","1","","02","4","2014","5","40.456167","-79.941126","","11","0","0","0","0","0","1","1","0","","0","1","0","","","0","","0","","40 27:22.200","","0","79 56:28.054","0","0","0","0","2301","0","0","0","N","0","0","0","2","02301","0","","1.0","","1","N","N","","0","","0","0","0","","0","","","2","0","0","0","0","0","0","2","0","2","","","","N","","","","","","","","","",""
"2014040807","","1","0","0","0","0","0","0","0","0","1","0","","02","4","2014","2","40.497277","-79.924068","","11","0","0","0","0","0","0","0","0","","0","0","0","","","0","","0","","40 29:50.198","","0","79 55:26.646","0","0","0","0","2461","0","0","0","N","0","0","0","2","68D02","0","","1.0","","9","N","N","","1","","0","0","0","","0","","","2","0","0","0","0","0","0","2","0","2","","","","N","","","","","","","","","",""
"2014041641","","3","0","0","0","0","0","0","0","0","7","0","","02","4","2014","7","40.466584","-80.034605","","11","0","0","0","0","0","0","0","0","","0","0","0","","","2","","0","","40 27:59.702","","0","80 02:04.577","2","0","0","0","2301","0","0","0","N","0","0","0","2","02301","0","","2.0","","1","N","N","","0","","1","1","0","","0","","","3","2","2","0","1","0","0","2","0","3","","","","N","","","","","","","","","",""
"2014039255","","1","0","0","0","0","0","0","0","0","7","0","","02","4","2014","6","40.382003","-79.856376","","11","0","0","0","0","0","0","0","0","2","0","0","0","","","0","","0","","40 22:55.209","1","0","79 51:22.954","9","0","0","0","2303","0","0","0","N","0","0","0","2","02303","0","","3.0","","1","N","N","","0","","0","0","0","","0","N","","1","0","0","0","0","0","2","2","0","1","","","","N","","","","","","","","","",""
"2014040033","","1","0","0","0","0","0","0","0","0","4","0","","02","4","2014","2","40.464815","-79.915298","","11","0","0","0","0","0","1","0","0","","0","0","0","","","0","","1","","40 27:53.334","","0","79 54:55.072","0","0","0","0","2301","0","0","0","N","0","0","0","2","02301","0","","1.0","","1","N","N","","1","","0","0","0","","3","","","2","0","0","0","0","0","0","2","0","2","","","","N","","","","","","","","","",""
"2014040808","","1","0","0","0","0","0","0","0","0","7","0","","02","4","2014","3","40.497441","-79.929939","","11","0","0","0","0","0","0","0","0","2","0","0","0","","","0","","0","","40 29:50.786","2","0","79 55:47.781","0","0","0","0","2461","0","0","0","Y","0","0","0","1","68D02","0","","4.0","","1","N","N","","0","","0","0","0","","0","Y","","1","0","0","0","0","0","0","2","0","1","","","","N","","","","","","","","","",""
"2014041642","","0","0","0","0","0","0","0","0","0","7","0","","02","4","2014","1","40.379717","-79.994022","","11","0","0","0","0","0","1","0","0","","0","0","0","","","0","","3","","40 22:46.981","","0","79 59:38.478","0","0","0","0","2301","0","0","0","N","0","0","0","1","02301","0","","2.0","","1","N","N","","0","","0","0","0","","0","","","1","0","0","0","0","0","0","2","1","1","","","","N","","","","","","","","","",""
"2014039324","","1","0","0","0","0","0","0","0","0","2","0","","02","4","2014","5","40.240883","-79.860116","","11","0","0","0","0","0","0","1","0","1","0","0","0","","","1","","2","","40 14:27.177","2","0","79 51:36.418","8","0","0","1","2105","0","0","0","N","0","0","0","3","02105","0","","1.0","","1","N","N","","0","","0","0","0","","3","N","","2","1","0","0","0","1","0","1","0","2","","","","N","","","","","","","","","",""
"2014040532","","0","0","0","0","0","0","0","0","0","1","0","","02","4","2014","7","40.529357","-79.849987","","11","0","0","1","0","0","1","0","0","","0","0","0","","","2","","0","","40 31:45.686","","0","79 50:59.953","4","0","0","0","2208","0","0","0","N","0","0","0","4","02208","2","","1.0","","1","N","N","","2","","0","0","0","","0","","","2","2","0","0","0","0","0","2","0","2","","","","N","","","","","","","","","",""
"2014040035","","1","0","0","0","0","0","0","0","0","7","0","","02","4","2014","5","40.575148","-79.973229","","11","0","0","1","0","0","0","0","0","","0","0","0","","","0","","0","","40 34:30.533","","0","79 58:23.623","0","0","0","0","2207","0","0","0","","0","0","0","3","02207","0","","2.0","","1","","","","0","","0","0","0","","0","","","1","0","0","0","0","0","0","2","0","1","","","","N","","","","","","","","","",""
"2014042044","","1","0","0","0","0","0","0","0","0","4","0","","02","4","2014","2","40.493443","-79.975487","","11","1","0","0","0","0","0","0","0","1","0","0","0","","","0","","3","","40 29:36.395","4","0","79 58:31.754","0","0","0","0","2445","0","0","0","N","0","0","0","2","02445","0","","1.0","","1","N","N","","0","","0","0","1","","2","N","","2","0","0","0","0","0","0","2","0","2","","","","N","","","","","","","","","",""
"2014040666","","1","0","0","0","0","0","0","0","0","1","0","","02","4","2014","4","40.435361","-79.993889","","11","0","0","0","0","0","0","0","0","","0","0","0","","","0","","0","","40 26:07.300","","0","79 59:38.000","0","0","0","0","2301","0","0","0","N","0","0","0","3","02301","0","","1.0","","1","N","N","","0","","0","0","1","","0","","","3","0","0","0","0","0","0","2","1","3","","","","N","","","","","","","","","",""
"2014041504","","1","0","0","0","0","0","0","0","0","4","0","","02","4","2014","7","40.472461","-79.925865","","11","0","0","0","0","0","0","0","1","1","0","0","0","","","2","","2","","40 28:20.859","5","0","79 55:33.114","4","0","0","0","2301","0","0","0","N","0","0","0","2","02301","2","","1.0","","1","N","N","","0","","0","0","1","","0","N","","2","2","1","0","0","0","0","2","0","2","","","","N","","","","","","","","","",""
"2014039966","","2","0","0","0","0","0","0","0","0","5","0","","02","4","2014","1","40.4625","-79.927806","","11","0","0","0","0","0","1","0","1","","0","0","0","","","0","","1","","40 27:45.000","","0","79 55:40.100","0","0","0","0","2301","0","0","0","N","0","0","0","4","02301","0","","1.0","","1","N","N","","0","","0","0","0","","2","","","2","0","0","0","0","0","0","2","0","2","","","","N","","","","","","","","","",""
"2014040744","","0","0","0","1","0","0","0","0","0","8","0","","02","4","2014","2","40.372091","-79.853509","","11","0","0","0","0","0","0","0","0","","0","0","0","","","1","","1","","40 22:19.527","","0","79 51:12.632","4","0","0","0","2303","1","0","0","N","0","0","0","2","02303","1","","1.0","","1","N","N","","1","","0","0","0","","0","","","2","1","0","0","0","0","0","2","0","1","","","","N","","","","","","","","","",""
"2014040824","","1","0","0","0","0","0","0","0","0","8","0","","02","4","2014","4","40.402796","-80.083219","","11","0","0","0","0","0","0","1","0","","0","0","0","","","2","","2","","40 24:10.067","","0","80 04:59.590","8","0","0","0","2415","2","0","0","N","2","0","0","3","02415","0","","1.0","","1","N","N","","0","","0","0","0","","0","","","3","2","0","0","0","2","0","2","0","1","","","","N","","","","","","","","","",""
"2014040680","","1","0","0","0","0","0","0","0","0","4","0","","02","4","2014","4","40.405754","-79.909478","","11","0","0","0","0","0","0","0","0","2","0","0","0","","","0","","1","","40 24:20.714","2","0","79 54:34.120","0","0","0","0","2438","0","0","0","N","0","0","0","3","02438","0","","1.0","","1","N","Y","","0","","0","0","1","","3","N","","2","0","0","0","0","0","0","2","0","2","","","","N","","","","","","","","","",""
"2014041646","","1","0","0","0","0","0","0","0","0","7","0","","02","4","2014","6","40.499364","-80.022623","","11","0","0","0","0","0","0","0","0","2","0","0","0","","","0","","0","","40 29:57.710","2","0","80 01:21.442","0","0","0","0","2116","0","0","0","N","0","0","0","1","68B03","0","","3.0","","1","N","N","","0","","0","0","0","","0","N","","1","0","0","0","0","0","0","2","0","1","","","","N","","","","","","","","","",""
"2014040825","","2","0","0","0","0","0","0","0","0","4","0","","02","4","2014","4","40.481965","-80.04165","","11","0","0","0","0","0","1","0","0","2","0","0","0","","","0","","5","","40 28:55.074","3","0","80 02:29.940","9","0","0","0","2301","0","0","0","N","0","0","0","3","02301","0","","1.0","","1","N","N","","0","","0","0","0","","2","N","","2","0","1","0","0","0","1","2","0","2","","","","N","","","","","","","","","",""
"2014039260","","1","0","0","0","0","0","0","0","0","4","0","","02","4","2014","6","40.421392","-79.982315","","11","0","0","0","0","0","0","0","0","","0","0","0","","","0","","2","","40 25:17.011","","0","79 58:56.334","0","0","0","0","2301","0","0","0","N","0","0","0","2","02301","0","","1.0","","1","N","N","","0","","0","0","0","","3","","","2","0","0","0","0","0","0","2","1","2","","","","N","","","","","","","","","",""
"2014041647","","0","0","0","0","0","0","0","0","0","99","0","","02","4","2014","6","40.444632","-79.852484","","11","0","0","0","0","0","0","0","0","1","0","0","0","","","0","","0","","40 26:40.675","3","0","79 51:08.944","0","0","0","0","2419","0","0","0","N","0","0","0","3","68B03","0","","1.0","","1","N","N","","0","","0","0","1","","0","N","","1","0","0","0","0","0","0","2","0","1","","","","N","","","","","","","","","",""
"2014040826","","1","0","0","0","0","0","0","0","0","7","0","","02","4","2014","6","40.442769","-80.052008","","11","0","0","0","0","0","0","0","0","","0","0","0","","","0","","0","","40 26:33.969","","0","80 03:07.228","0","0","0","0","2301","0","0","0","N","0","0","0","1","02301","0","","4.0","","1","N","N","","0","","0","0","0","","0","","","1","0","0","0","0","0","0","2","0","1","","","","N","","","","","","","","","",""
"2014039405","","1","0","0","0","0","0","0","0","0","7","0","","02","4","2014","7","40.330084","-80.054683","","11","0","0","0","0","0","0","0","0","","0","0","0","","","0","","0","","40 19:48.303","","0","80 03:16.860","0","0","0","0","2407","0","0","0","N","0","0","0","1","02407","0","","4.0","","1","N","N","","0","","0","0","0","","0","","","1","0","0","0","0","0","0","2","0","1","","","","N","","","","","","","","","",""
"2014040198","","2","0","0","0","0","0","0","0","0","7","0","","02","4","2014","6","40.457868","-79.935298","","11","0","0","0","0","0","0","0","0","","0","0","0","","","0","","1","","40 27:28.325","","0","79 56:07.074","0","0","0","0","2301","0","0","0","N","0","0","0","1","02301","0","","4.0","","1","N","N","","0","","0","0","1","","1","","","3","0","0","0","0","0","0","2","0","3","","","","N","","","","","","","","","",""
"2014043331","","1","0","0","0","0","0","0","0","0","4","0","","02","4","2014","5","40.492641","-79.836361","","11","0","0","0","0","0","1","0","0","","0","0","0","","","1","","2","","40 29:33.507","","0","79 50:10.899","4","0","0","0","2113","0","0","0","N","0","0","0","4","02113","1","","1.0","","1","N","Y","","0","","0","0","1","","3","","","2","1","0","0","0","0","0","2","0","2","","","","N","","","","","","","","","",""
"2014040747","","0","0","0","0","0","0","0","0","0","8","0","","02","4","2014","3","40.328823","-79.944944","","11","0","0","0","0","0","1","0","0","1","0","0","0","","","1","","0","","40 19:43.762","5","0","79 56:41.800","8","0","0","0","2454","1","0","0","N","1","0","0","2","02454","0","","1.0","","1","N","N","","0","","0","0","0","","0","N","","2","1","0","0","0","1","0","2","1","1","","","","N","","","","","","","","","",""