"CRN","ARRIVAL_TM","AUTOMOBILE_COUNT","BELTED_DEATH_COUNT","BELTED_SUSP_SERIOUS_INJ_COUNT","BICYCLE_COUNT","BICYCLE_DEATH_COUNT","BICYCLE_SUSP_SERIOUS_INJ_COUNT","BUS_COUNT","CHLDPAS_DEATH_COUNT","CHLDPAS_SUSP_SERIOUS_INJ_COUNT","COLLISION_TYPE","COMM_VEH_COUNT","CONS_ZONE_SPD_LIM","COUNTY","CRASH_MONTH","CRASH_YEAR","DAY_OF_WEEK","DEC_LATITUDE","DEC_LONGITUDE","DISPATCH_TM","DISTRICT","DRIVER_COUNT_16YR","DRIVER_COUNT_17YR","DRIVER_COUNT_18YR","DRIVER_COUNT_19YR","DRIVER_COUNT_20YR","DRIVER_COUNT_50_64YR","DRIVER_COUNT_65_74YR","DRIVER_COUNT_75PLUS","EST_HRS_CLOSED","FATAL_COUNT","HEAVY_TRUCK_COUNT","HORSE_BUGGY_COUNT","HOUR_OF_DAY","ILLUMINATION","INJURY_COUNT","INTERSECTION_RELATED","INTERSECT_TYPE","LANE_CLOSED","LATITUDE","LN_CLOSE_DIR","LOCATION_TYPE","LONGITUDE","MAX_SEVERITY_LEVEL","MCYCLE_DEATH_COUNT","MCYCLE_SUSP_SERIOUS_INJ_COUNT","MOTORCYCLE_COUNT","MUNICIPALITY","NONMOTR_COUNT","NONMOTR_DEATH_COUNT","NONMOTR_SUSP_SERIOUS_INJ_COUNT","NTFY_HIWY_MAINT","PED_COUNT","PED_DEATH_COUNT","PED_SUSP_SERIOUS_INJ_COUNT","PERSON_COUNT","POLICE_AGCY","POSSIBLE_INJ_COUNT","RDWY_SURF_TYPE_CD","RELATION_TO_ROAD","ROADWAY_CLEARED","ROAD_CONDITION","SCH_BUS_IND","SCH_ZONE_IND","SECONDARY_CRASH","SMALL_TRUCK_COUNT","SPEC_JURIS_CD","SUSP_MINOR_INJ_COUNT","SUSP_SERIOUS_INJ_COUNT","SUV_COUNT","TCD_FUNC_CD","TCD_TYPE","TFC_DETOUR_IND","TIME_OF_DAY","TOTAL_UNITS","TOT_INJ_COUNT","UNBELTED_OCC_COUNT","UNB_DEATH_COUNT","UNB_SUSP_SERIOUS_INJ_COUNT","UNK_INJ_DEG_COUNT","UNK_INJ_PER_COUNT","URBAN_RURAL","VAN_COUNT","VEHICLE_COUNT","WEATHER1","WEATHER2","WORKERS_PRES","WORK_ZONE_IND","WORK_ZONE_LOC","WORK_ZONE_TYPE","WZ_CLOSE_DETOUR","WZ_FLAGGER","WZ_LAW_OFFCR_IND","WZ_LN_CLOSURE","WZ_MOVING","WZ_OTHER","WZ_SHLDER_MDN","WZ_WORKERS_INJ_KILLED"
"2014041581","","2","0","0","0","0","0","0","0","0","4","0","","02","4","2014","7","40.449706","-80.025099","","11","0","0","0","0","0","2","0","0","2","0","0","0","","","0","","1","","40 26:58.940","2","2","80 01:30.356","0","0","0","0","2301","0","0","0","N","0","0","0","4","02301","0","","1.0","","1","N","N","","0","","0","0","0","","2","N","","2","0","0","0","0","0","0","2","0","2","","","","N","","","","","","","","","",""
"2014040052","","2","0","0","0","0","0","0","0","0","4","0","","02","2","2014","2","40.369892","-79.784401","","11","0","0","0","0","0","0","0","1","","0","0","0","","","0","","2","","40 22:11.612","","0","79 47:03.845","0","0","0","0","2111","0","0","0","N","0","0","0","3","02111","0","","1.0","","1","N","N","","0","","0","0","0","","3","","","2","0","0","0","0","0","0","2","0","2","","","","N","","","","","","","","","",""
"2014040827","","1","0","0","0","0","0","0","0","0","4","0","","02","4","2014","7","40.450073","-79.900703","","11","0","0","0","0","0","0","0","0","","0","0","0","","","0","","1","","40 27:00.262","","0","79 54:02.530","0","0","0","1","2301","0","0","0","N","0","0","0","2","02301","0","","1.0","","1","N","N","","0","","0","0","0","","0","","","2","0","0","0","0","0","0","2","0","2","","","","N","","","","","","","","","",""
"2014040671","","2","0","0","0","0","0","0","0","0","4","0","","02","4","2014","4","40.605064","-79.910072","","11","0","1","0","1","0","0","0","0","2","0","0","0","","","0","","2","","40 36:18.232","5","0","79 54:36.258","0","0","0","0","2220","0","0","0","N","0","0","0","2","02220","0","","1.0","","1","N","N","","0","","0","0","0","","0","Y","","2","0","0","0","0","0","0","2","0","2","","","","N","","","","","","","","","",""
"2014039276","","2","0","0","0","0","0","0","0","0","2","0","","02","4","2014","6","40.418254","-80.049186","","11","0","0","0","0","0","1","0","0","","0","0","0","","","0","","1","","40 25:05.715","","0","80 02:57.069","0","0","0","0","2435","0","0","0","N","0","0","0","2","02435","0","","1.0","","9","N","N","","0","","0","0","0","","3","","","2","0","0","0","0","0","0","2","0","2","","","","N","","","","","","","","","",""
"2014039909","","1","0","0","0","0","0","0","0","0","7","0","","02","4","2014","7","40.40925","-80.004911","","11","0","0","0","0","0","0","0","0","1","0","0","0","","","1","","0","","40 24:33.301","2","0","80 00:17.678","4","0","0","0","2301","0","0","0","N","0","0","0","2","02301","1","","4.0","","1","N","N","","0","","0","0","0","","0","N","","1","1","0","0","0","0","0","2","0","1","","","","N","","","","","","","","","",""
"2014039264","","2","0","0","0","0","0","0","0","0","1","0","","02","4","2014","4","40.593778","-79.967898","","11","0","0","0","0","0","1","1","0","","0","0","0","","","1","","0","","40 35:37.601","","7","79 58:04.434","3","0","0","0","2207","0","0","0","N","0","0","0","2","02207","0","","1.0","","1","N","N","","0","","1","0","1","","0","","","3","1","0","0","0","0","0","2","0","3","","","","N","","","","","","","","","",""
"2014040042","","0","0","0","0","0","0","0","0","0","8","0","","02","4","2014","1","40.428842","-79.982767","","11","0","0","0","0","0","0","0","0","1","0","0","0","","","1","","2","","40 25:43.832","6","0","79 58:57.961","3","0","0","0","2301","1","0","0","N","1","0","0","2","02301","0","","1.0","","1","N","N","","0","","1","0","1","","0","N","","2","1","0","0","0","0","0","2","0","1","","","","N","","","","","","","","","",""
"2014041728","","1","0","0","0","0","0","0","0","0","7","0","","02","4","2014","1","40.632445","-79.995991","","11","0","0","0","0","0","1","0","0","","0","0","0","","","1","","0","","40 37:56.802","","0","79 59:45.569","4","0","0","0","2216","0","0","0","N","0","0","0","1","02505","1","","2.0","","1","N","N","","0","","0","0","0","","0","","","1","1","0","0","0","0","0","1","0","1","","","","N","","","","","","","","","",""
"2014040673","","1","0","0","0","0","0","0","0","0","8","0","","02","4","2014","3","40.421851","-79.993295","","11","0","0","0","0","0","0","0","0","","0","0","0","","","1","","2","","40 25:18.663","","0","79 59:35.862","8","0","0","0","2301","1","0","0","","1","0","0","2","02301","0","","1.0","","1","","","","0","","0","0","0","","0","","","2","1","0","0","0","1","1","2","0","1","","","","N","","","","","","","","","",""
"2014041510","","2","0","0","0","0","0","0","0","0","1","0","","02","4","2014","5","40.478191","-79.758118","","11","0","0","0","0","0","0","0","0","","0","0","0","","","1","","2","","40 28:41.489","","0","79 45:29.223","8","0","0","0","2466","0","0","0","N","0","0","0","2","02466","0","","1.0","","1","N","N","","0","","0","0","0","","0","","","2","1","0","0","0","1","0","2","0","2","","","","N","","","","","","","","","",""
"2014039972","","2","0","0","0","0","0","0","0","0","1","0","","02","4","2014","2","40.381312","-79.816768","","11","0","0","0","0","0","0","0","0","","0","0","0","","","0","","0","","40 22:52.722","","0","79 49:00.366","0","0","0","0","2111","0","0","0","N","0","0","0","2","02111","0","","1.0","","1","N","N","","0","","0","0","0","","0","","","2","0","0","0","0","0","0","2","0","2","","","","N","","","","","","","","","",""
"2014041434","","0","0","0","0","0","0","0","0","0","7","0","","02","4","2014","6","40.385472","-79.977589","","11","0","0","0","0","1","0","0","0","","0","0","0","","","0","","0","","40 23:07.700","","0","79 58:39.322","0","0","0","0","2301","0","0","0","N","0","0","0","3","02301","0","","5.0","","1","N","N","","1","","0","0","0","","0","","","1","0","0","0","0","0","0","2","0","1","","","","N","","","","","","","","","",""
"2014039139","","2","0","0","0","0","0","0","0","0","4","0","","02","4","2014","5","40.493262","-79.913625","","11","0","0","0","0","0","0","0","1","2","0","0","0","","","5","","0","","40 29:35.743","5","7","79 54:49.049","8","0","0","0","2461","0","0","0","N","0","0","0","5","02112","0","","1.0","","1","N","N","","0","","0","0","0","","0","N","","2","5","3","0","0","5","0","2","0","2","","","","N","","","","","","","","","",""
"2014041511","","1","0","0","0","0","0","0","0","0","7","0","","02","4","2014","6","40.3285","-79.945778","","11","0","0","0","0","0","0","0","1","2","0","0","0","","","0","","0","","40 19:42.600","3","7","79 56:44.800","0","0","0","0","2454","0","0","0","N","0","0","0","2","02454","0","","4.0","","1","N","N","","0","","0","0","0","","3","N","","1","0","0","0","0","0","0","2","0","1","","","","N","","","","","","","","","",""
"2014040753","","3","0","0","0","0","0","0","0","0","1","0","","02","4","2014","5","40.516882","-80.028494","","11","0","0","0","0","1","1","0","0","1","0","0","0","","","1","","0","","40 31:00.775","1","0","80 01:42.578","4","0","0","0","2474","0","0","0","N","0","0","0","4","02474","1","","1.0","","1","N","N","","0","","0","0","0","","0","N","","3","1","0","0","0","0","0","2","0","3","","","","N","","","","","","","","","",""
"2014039280","","0","0","0","0","0","0","0","0","0","8","0","","02","3","2014","1","40.411992","-79.984295","","11","0","0","0","0","0","0","0","0","","0","0","0","","","1","","1","","40 24:43.171","","0","79 59:03.462","3","0","0","0","2447","1","0","0","N","1","0","0","3","02447","0","","1.0","","1","N","N","","1","","1","0","0","","0","","","2","1","0","0","0","0","0","2","0","1","","","","N","","","","","","","","","",""
"2014042054","","1","0","0","0","0","0","0","0","0","4","0","","02","4","2014","2","40.45329","-80.001665","","11","0","0","0","1","0","0","0","0","1","0","0","0","","","1","","1","","40 27:11.845","4","0","80 00:05.994","4","0","0","0","2301","0","0","0","N","0","0","0","2","02301","1","","1.0","","1","N","N","","1","","0","0","0","","2","Y","","2","1","0","0","0","0","0","2","0","2","","","","N","","","","","","","","","",""
"2014039140","","1","0","0","0","0","0","0","0","0","7","0","","02","4","2014","5","40.490228","-80.019538","","11","0","0","0","0","0","0","0","0","","0","0","0","","","1","","0","","40 29:24.820","","0","80 01:10.336","8","0","0","0","2301","0","0","0","N","0","0","0","2","02301","0","","4.0","","1","N","N","","0","","0","0","0","","0","","","1","1","1","0","0","1","0","2","0","1","","","","N","","","","","","","","","",""
"2014039281","","2","0","0","0","0","0","0","0","0","5","0","","02","4","2014","4","40.491603","-80.061178","","11","0","0","0","0","0","0","1","0","","0","0","0","","","0","","2","","40 29:29.771","","0","80 03:40.240","0","0","0","0","2404","0","0","0","N","0","0","0","3","02404","0","","1.0","","1","N","N","","0","","0","0","1","","2","","","3","0","0","0","0","0","0","2","0","3","","","","N","","","","","","","","","",""
"2014041436","","2","0","0","0","0","0","0","0","0","4","0","","02","4","2014","6","40.4384","-79.95775","","11","0","0","0","0","0","0","0","0","1","0","0","0","","","0","","1","","40 26:18.240","1","0","79 57:27.900","0","0","0","0","2301","0","0","0","N","0","0","0","2","02301","0","","1.0","","1","N","N","","0","","0","0","0","","3","N","","2","0","0","0","0","0","0","2","0","2","","","","N","","","","","","","","","",""
"2014040755","","2","0","0","0","0","0","0","0","0","4","0","","02","4","2014","4","40.466162","-79.952248","","11","0","0","0","0","0","0","0","1","","0","0","0","","","0","","1","","40 27:58.183","","0","79 57:08.092","0","0","0","0","2301","0","0","0","N","0","0","0","4","02301","0","","1.0","","1","N","N","","0","","0","0","0","","2","","","2","0","0","0","0","0","0","2","0","2","","","","N","","","","","","","","","",""
"2014041734","","1","0","0","0","0","0","0","0","0","5","0","","02","4","2014","1","40.424753","-80.030628","","11","0","0","0","0","0","1","1","0","","0","0","0","","","0","","7","","40 25:29.112","","2","80 01:50.260","0","0","0","0","2301","0","0","0","N","0","0","0","7","02301","0","","1.0","","1","N","N","","0","","0","0","0","","0","","","2","0","0","0","0","0","0","2","1","2","","","","N","","","","","","","","","",""
"2014040543","","2","0","0","0","0","0","0","0","0","4","0","","02","4","2014","3","40.386163","-80.128192","","11","0","0","0","0","0","2","0","0","1","0","0","0","","","0","","2","","40 23:10.186","1","0","80 07:41.491","0","0","0","0","2102","0","0","0","N","0","0","0","2","02102","0","","1.0","","1","N","N","","0","","0","0","0","","3","Y","","2","0","0","0","0","0","0","2","0","2","","","","N","","","","","","","","","",""
"2014042056","","0","0","0","0","0","0","0","0","0","7","0","","02","4","2014","3","40.475259","-79.848514","","11","0","0","0","0","0","1","0","0","2","0","0","0","","","0","","0","","40 28:30.933","1","0","79 50:54.652","0","0","0","0","2113","0","0","0","N","0","0","0","1","02113","0","","2.0","","1","N","N","","1","","0","0","0","","0","Y","","1","0","0","0","0","0","0","2","0","1","","","","N","","","","","","","","","",""
"2014039914","","0","0","0","0","0","0","0","0","0","8","0","","02","4","2014","1","40.540798","-79.807741","","11","0","0","0","0","0","1","0","0","2","0","0","0","","","1","","0","","40 32:26.873","4","0","79 48:27.867","2","0","0","0","2208","1","0","1","N","1","0","1","2","02208","0","","1.0","","1","N","N","","1","","0","1","0","","0","Y","","2","1","1","0","0","0","0","2","0","1","","","","N","","","","","","","","","",""
"2014040047","","0","0","0","0","0","0","0","0","0","7","0","","02","4","2014","2","40.481324","-79.937645","","11","0","0","0","0","0","0","0","0","1","0","0","0","","","0","","0","","40 28:52.767","3","0","79 56:15.521","0","0","0","0","2301","0","0","0","N","0","0","0","1","02301","0","","4.0","","1","N","N","","0","","0","0","1","","0","N","","1","0","0","0","0","0","0","2","0","1","","","","N","","","","","","","","","",""
"2014041601","","1","0","0","0","0","0","0","0","0","4","0","","02","4","2014","7","40.352713","-79.987308","","11","0","0","0","0","0","1","1","0","","0","0","0","","","0","","1","","40 21:09.766","","0","79 59:14.308","0","0","0","0","2476","0","0","0","N","0","0","0","2","02476","0","","1.0","","1","N","N","","0","","0","0","1","","3","","","2","0","0","0","0","0","0","2","0","2","","","","N","","","","","","","","","",""
"2014039283","","0","0","0","0","0","0","0","0","0","4","0","","02","3","2014","5","40.397671","-80.083741","","11","0","0","0","0","0","0","0","0","1","0","0","0","","","2","","0","","40 23:51.617","1","7","80 05:01.466","8","0","0","0","2117","0","0","0","N","0","0","0","2","02117","0","","1.0","","1","N","N","","0","","0","0","1","","0","Y","","2","2","0","0","0","2","0","2","1","2","","","","N","","","","","","","","","",""
"2014040836","","1","0","0","0","0","0","0","0","0","4","0","","02","4","2014","4","40.435631","-79.982904","","11","0","0","0","0","1","0","1","0","1","0","0","0","","","0","","2","","40 26:08.273","4","0","79 58:58.454","0","0","0","0","2301","0","0","0","N","0","0","0","2","02301","0","","1.0","","1","N","N","","0","","0","0","0","","3","N","","2","0","0","0","0","0","0","2","1","2","","","","N","","","","","","","","","",""
"2014040690","","1","0","0","0","0","0","0","0","0","1","0","","02","4","2014","5","40.373222","-79.793329","","11","0","0","0","0","0","0","0","0","2","0","0","0","","","0","","0","","40 22:23.598","6","7","79 47:35.986","0","0","0","0","2111","0","0","0","N","0","0","0","5","02111","0","","1.0","","9","N","N","","0","","0","0","1","","0","N","","2","0","0","0","0","0","0","2","0","2","","","","N","","","","","","","","","",""
"2014040837","","1","0","0","0","0","0","0","0","0","4","0","","02","4","2014","4","40.383768","-79.822825","","11","0","0","0","0","0","0","0","0","2","0","0","0","","","1","","5","","40 23:01.566","4","0","79 49:22.170","8","0","0","0","2111","0","0","0","N","0","0","0","2","02111","0","","1.0","","1","N","N","","0","","0","0","1","","8","N","","2","1","0","0","0","1","0","2","0","2","","","","N","","","","","","","","","",""
"2014042136","","2","0","0","0","0","0","0","0","0","4","0","","02","4","2014","3","40.487665","-80.056194","","11","0","0","0","1","0","0","0","0","","0","0","0","","","0","","0","","40 29:15.593","","7","80 03:22.299","0","0","0","0","2404","0","0","0","N","0","0","0","2","02404","0","","1.0","","1","N","N","","0","","0","0","0","","0","","","2","0","0","0","0","0","0","2","0","2","","","","N","","","","","","","","","",""
"2014039769","","1","0","0","0","0","0","0","0","0","7","0","","02","4","2014","1","40.382651","-80.093881","","11","0","0","0","0","0","1","0","0","2","0","0","0","","","1","","0","","40 22:57.545","3","7","80 05:37.973","8","0","0","0","2102","0","0","0","N","0","0","0","1","02102","0","","4.0","","1","N","N","","0","","0","0","0","","2","Y","","1","1","1","0","0","1","0","2","0","1","","","","N","","","","","","","","","",""
"2014039916","","0","0","0","0","0","0","0","0","0","7","0","","02","4","2014","2","40.46475","-79.898861","","11","0","0","0","0","0","0","0","0","","0","0","0","","","1","","0","","40 27:53.100","","0","79 53:55.900","8","0","0","0","2301","0","0","0","N","0","0","0","2","02301","0","","4.0","","1","N","N","","0","","0","0","0","","0","","","2","1","0","0","0","1","0","2","1","1","","","","N","","","","","","","","","",""
"2014041517","","1","0","0","0","0","0","0","0","0","7","0","","02","4","2014","7","40.29883","-79.920264","","11","0","0","0","0","0","0","0","0","1","0","0","0","","","1","","0","","40 17:55.789","4","0","79 55:12.951","8","0","0","0","2440","0","0","0","N","0","0","0","1","02440","0","","2.0","","1","N","N","","0","","0","0","0","","0","N","","1","1","1","0","0","1","0","2","0","1","","","","N","","","","","","","","","",""
"2014041440","","0","0","0","0","0","0","0","0","0","0","0","","02","4","2014","6","40.44363","-80.183899","","11","0","0","0","0","0","0","0","0","","0","0","0","","","1","","0","","40 26:37.069","","0","80 11:02.037","4","0","0","1","2214","0","0","0","N","0","0","0","1","02214","1","","1.0","","1","N","N","","0","","0","0","0","","0","","","1","1","0","0","0","0","0","2","0","1","","","","N","","","","","","","","","",""
"2014041518","","8","0","0","0","0","0","0","0","0","4","0","","02","4","2014","7","40.428846","-79.982048","","11","0","0","0","0","0","0","0","0","2","0","0","0","","","2","","1","","40 25:43.844","2","0","79 58:55.371","2","0","0","0","2301","1","0","1","N","1","0","1","6","02301","1","","1.0","","1","N","N","","0","","0","1","2","","3","N","","11","2","1","0","0","0","0","2","0","10","","","","N","","","","","","","","","",""
"2014040775","","1","0","0","0","0","0","0","0","0","1","1","","02","4","2014","4","40.529624","-79.849861","","11","0","0","0","0","0","1","1","0","","0","1","0","","","0","","0","","40 31:46.647","","0","79 50:59.500","0","0","0","0","2208","0","0","0","N","0","0","0","2","02208","0","","1.0","","1","N","N","","0","","0","0","0","","0","","","2","0","0","0","0","0","0","2","0","2","","","","N","","","","","","","","","",""
"2014041441","","1","0","0","0","0","0","0","0","0","4","0","","02","4","2014","5","40.440833","-80.006762","","11","0","0","1","0","0","0","0","0","","0","0","0","","","0","","1","","40 26:26.997","","2","80 00:24.343","0","0","0","0","2301","0","0","0","N","0","0","0","2","02301","0","","1.0","","1","N","N","","0","","0","0","1","","2","","","2","0","0","0","0","0","0","2","0","2","","","","N","","","","","","","","","",""
"2014041458","","1","0","0","0","0","0","0","0","0","4","0","","02","4","2014","7","40.403111","-79.908355","","11","0","0","0","0","0","0","0","0","2","0","0","0","","","0","","1","","40 24:11.199","1","0","79 54:30.078","0","0","0","0","2438","0","0","0","N","0","0","0","3","02438","0","","1.0","","1","N","N","","0","","0","0","1","","2","N","","2","0","0","0","0","0","0","2","0","2","","","","N","","","","","","","","","",""
"2014041605","","2","0","0","0","0","0","0","0","0","4","0","","02","4","2014","7","40.47155","-79.891541","","11","0","0","0","0","0","0","1","0","2","0","0","0","","","0","","0","","40 28:17.580","3","0","79 53:29.547","0","0","0","0","2301","0","0","0","N","0","0","0","1","02301","0","","1.0","","1","N","N","","0","","0","0","0","","0","N","","2","0","0","0","0","0","0","2","0","2","","","","N","","","","","","","","","",""
"2014040068","","1","0","0","0","0","0","0","0","0","4","0","","02","4","2014","2","40.326059","-79.967622","","11","0","0","0","0","0","0","0","1","2","0","0","0","","","1","","2","","40 19:33.812","3","0","79 58:03.439","8","0","0","0","2454","0","0","0","N","0","0","0","3","02454","0","","1.0","","9","N","N","","1","","0","0","0","","3","N","","2","1","0","0","0","1","0","2","0","2","","","","N","","","","","","","","","",""
"2014040840","","1","0","0","0","0","0","0","0","0","1","0","","02","4","2014","4","40.569297","-79.954129","","11","0","0","0","0","0","0","0","0","2","0","0","0","","","2","","0","","40 34:09.470","1","0","79 57:14.866","8","0","0","0","2207","0","0","0","N","0","0","0","2","02207","0","","1.0","","1","N","N","","0","","0","0","1","","0","N","","2","2","0","0","0","2","0","2","0","2","","","","N","","","","","","","","","",""
"2014042139","","1","0","0","0","0","0","0","0","0","6","0","","02","4","2014","3","40.468861","-79.920972","","11","0","0","0","0","0","0","0","0","2","0","0","0","","","0","","0","","40 28:07.900","6","0","79 55:15.500","0","0","0","0","2301","0","0","0","N","0","0","0","1","02301","0","","1.0","","9","N","N","","0","","0","0","0","","0","Y","","2","0","0","0","0","0","0","2","1","2","","","","N","","","","","","","","","",""
"2014041376","","1","0","0","0","0","0","0","0","0","1","0","","02","4","2014","6","40.380149","-79.975821","","11","0","0","0","0","0","0","0","0","1","0","0","0","","","0","","0","","40 22:48.536","1","0","79 58:32.955","0","0","0","0","2413","0","0","0","N","0","0","0","3","02413","0","","1.0","","1","N","N","","0","","0","0","1","","0","N","","2","0","0","0","0","0","0","2","0","2","","","","N","","","","","","","","","",""
"2014039288","","1","0","0","0","0","0","0","0","0","7","0","","02","4","2014","5","40.448306","-80.113278","","11","0","0","0","0","0","0","0","0","","0","0","0","","","0","","0","","40 26:53.900","","0","80 06:47.800","9","0","0","0","2115","0","0","0","N","0","0","0","1","02115","0","","2.0","","1","N","N","","0","","0","0","0","","0","","","1","0","1","0","0","0","1","2","0","1","","","","N","","","","","","","","","",""
"2014040070","","2","0","0","0","0","0","0","0","0","4","0","","02","4","2014","2","40.483688","-80.035617","","11","0","0","0","0","0","0","0","0","1","0","0","0","","","2","","2","","40 29:01.276","5","0","80 02:08.221","8","0","0","0","2301","0","0","0","N","0","0","0","2","02301","0","","1.0","","1","N","N","","0","","0","0","0","","3","Y","","2","2","0","0","0","2","0","2","0","2","","","","N","","","","","","","","","",""
"2014039776","","0","0","0","0","0","0","0","0","0","4","0","","02","4","2014","7","40.440446","-79.960318","","11","0","0","0","0","0","0","0","0","","0","1","0","","","1","","1","","40 26:25.605","","0","79 57:37.145","4","0","0","1","2301","0","0","0","N","0","0","0","5","02301","1","","1.0","","1","N","N","","0","","0","0","0","","2","","","2","1","0","0","0","0","0","2","0","2","","","","N","","","","","","","","","",""
"2014039148","","2","0","0","0","0","0","0","0","0","4","0","","02","4","2014","5","40.358319","-79.831775","","11","0","0","0","0","0","0","0","0","1","0","0","0","","","1","","2","","40 21:29.949","5","0","79 49:54.391","4","0","0","0","2477","0","0","0","N","0","0","0","2","02477","1","","1.0","","1","N","N","","0","","0","0","0","","3","Y","","2","1","0","0","0","0","0","2","0","2","","","","N","","","","","","","","","",""
"2014040695","","1","0","0","0","0","0","0","0","0","1","0","","02","4","2014","3","40.556019","-80.038988","","11","0","0","1","0","0","0","1","0","2","0","0","0","","","1","","0","","40 33:21.670","2","0","80 02:20.355","4","0","0","0","2108","0","0","0","N","0","0","0","2","02108","1","","1.0","","9","N","N","","1","","0","0","0","","0","N","","2","1","0","0","0","0","0","2","0","2","","","","N","","","","","","","","","",""
"2014039986","","1","0","0","0","0","0","0","0","0","1","0","","02","4","2014","6","40.436576","-79.826911","","11","0","0","0","0","0","1","0","0","","0","0","0","","","0","","0","","40 26:11.675","","0","79 49:36.879","0","0","0","0","2419","0","0","0","N","0","0","0","3","02419","0","","1.0","","1","N","N","","1","","0","0","1","","0","","","3","0","0","0","0","0","0","2","0","3","","","","N","","","","","","","","","",""
"2014041607","","1","0","0","0","0","0","0","0","0","7","0","","02","2","2014","6","40.537533","-80.050304","","11","0","0","0","0","0","0","0","0","","0","0","0","","","0","","0","","40 32:15.118","","0","80 03:01.094","0","0","0","0","2116","0","0","0","N","0","0","0","1","02116","0","","5.0","","9","N","N","","0","","0","0","0","","0","","","1","0","0","0","0","0","0","2","0","1","","","","N","","","","","","","","","",""
"2014039289","","1","0","0","0","0","0","0","0","0","5","1","","02","4","2014","3","40.370692","-80.006106","","11","0","0","0","0","0","1","0","0","","0","1","0","","","0","","1","","40 22:14.491","","0","80 00:21.981","0","0","0","0","2416","0","0","0","N","0","0","0","1","02416","0","","1.0","","1","N","N","","0","","0","0","0","","3","","","2","0","0","0","0","0","0","2","0","2","","","","N","","","","","","","","","",""
"2014040696","","1","0","0","0","0","0","0","0","0","4","0","","02","4","2014","4","40.461142","-80.168645","","11","0","0","0","0","0","0","0","0","","0","0","0","","","1","","2","","40 27:40.111","","0","80 10:07.121","8","0","0","0","2213","0","0","0","N","0","0","0","2","02213","0","","1.0","","1","N","N","","1","","0","0","0","","3","","","2","1","0","0","0","1","0","2","0","2","","","","N","","","","","","","","","",""
"2014040003","","2","0","0","0","0","0","0","0","0","4","0","","02","4","2014","2","40.475479","-80.065015","","11","0","0","0","0","0","1","0","0","2","0","0","0","","","2","","3","","40 28:31.726","1","0","80 03:54.055","3","0","0","0","2444","0","0","0","N","0","0","0","2","02444","1","","1.0","","1","N","N","","0","","1","0","0","","2","N","","2","2","0","0","0","0","0","2","0","2","","","","N","","","","","","","","","",""
"2014040779","","2","0","0","0","0","0","0","0","0","1","0","","02","4","2014","4","40.516983","-80.221407","","11","0","0","0","1","0","0","0","0","2","0","0","0","","","0","","1","","40 31:01.137","2","0","80 13:17.066","0","0","0","0","2213","0","0","0","N","0","0","0","2","02213","0","","1.0","","1","N","N","","0","","0","0","0","","2","N","","2","0","0","0","0","0","0","2","0","2","","","","N","","","","","","","","","",""
"2014039290","","0","0","0","0","0","0","0","0","0","1","0","","02","4","2014","4","40.357527","-80.028564","","11","0","0","0","0","0","0","2","0","","0","0","0","","","0","","0","","40 21:27.098","","0","80 01:42.829","0","0","0","0","2416","0","0","0","N","0","0","0","3","02416","0","","1.0","","1","N","N","","0","","0","0","3","","0","","","3","0","0","0","0","0","0","2","0","3","","","","N","","","","","","","","","",""
"2014039150","","1","0","0","0","0","0","0","0","0","1","1","","02","4","2014","5","40.403444","-79.989917","","11","0","0","0","0","0","1","0","0","","0","1","0","","","2","","0","","40 24:12.400","","0","79 59:23.700","3","0","0","0","2301","0","0","0","N","0","0","0","3","02301","0","","1.0","","1","N","N","","0","","2","0","0","","0","","","3","2","0","0","0","0","0","2","1","3","","","","N","","","","","","","","","",""
"2014040767","","1","0","0","0","0","0","0","0","0","4","0","","02","4","2014","4","40.429979","-79.957805","","11","0","0","0","0","0","0","0","0","1","0","0","0","","","1","","1","","40 25:47.923","2","0","79 57:28.097","8","0","0","0","2301","0","0","0","N","0","0","0","2","02301","0","","1.0","","1","N","N","","0","","0","0","1","","2","N","","2","1","1","0","0","1","0","2","0","2","","","","N","","","","","","","","","",""
"2014042143","","1","0","0","0","0","0","0","0","0","4","0","","02","4","2014","7","40.593184","-79.947849","","11","0","0","1","0","0","0","0","1","2","0","0","0","","","0","","0","","40 35:35.463","2","7","79 56:52.255","0","0","0","0","2207","0","0","0","N","0","0","0","4","02207","0","","1.0","","1","N","N","","0","","0","0","1","","0","Y","","2","0","0","0","0","0","0","2","0","2","","","","N","","","","","","","","","",""
"2014041381","","0","0","0","0","0","0","0","0","0","4","0","","02","4","2014","5","40.315361","-80.006139","","11","0","1","0","0","0","0","0","0","","0","0","0","","","0","","1","","40 18:55.300","","0","80 00:22.100","0","0","0","0","2219","0","0","0","N","0","0","0","3","02501","0","","1.0","","1","N","N","","0","","0","0","1","","2","","","2","0","0","0","0","0","0","2","1","2","","","","N","","","","","","","","","",""
"2014041446","","2","0","0","0","0","0","0","0","0","4","0","","02","4","2014","6","40.462254","-79.814744","","11","0","0","0","0","0","0","0","1","","0","0","0","","","1","","1","","40 27:44.114","","0","79 48:53.078","4","0","0","0","2113","0","0","0","N","0","0","0","2","02113","1","","1.0","","1","N","N","","0","","0","0","0","","3","","","2","1","0","0","0","0","0","2","0","2","","","","N","","","","","","","","","",""