"CRN","ARRIVAL_TM","AUTOMOBILE_COUNT","BELTED_DEATH_COUNT","BELTED_SUSP_SERIOUS_INJ_COUNT","BICYCLE_COUNT","BICYCLE_DEATH_COUNT","BICYCLE_SUSP_SERIOUS_INJ_COUNT","BUS_COUNT","CHLDPAS_DEATH_COUNT","CHLDPAS_SUSP_SERIOUS_INJ_COUNT","COLLISION_TYPE","COMM_VEH_COUNT","CONS_ZONE_SPD_LIM","COUNTY","CRASH_MONTH","CRASH_YEAR","DAY_OF_WEEK","DEC_LATITUDE","DEC_LONGITUDE","DISPATCH_TM","DISTRICT","DRIVER_COUNT_16YR","DRIVER_COUNT_17YR","DRIVER_COUNT_18YR","DRIVER_COUNT_19YR","DRIVER_COUNT_20YR","DRIVER_COUNT_50_64YR","DRIVER_COUNT_65_74YR","DRIVER_COUNT_75PLUS","EST_HRS_CLOSED","FATAL_COUNT","HEAVY_TRUCK_COUNT","HORSE_BUGGY_COUNT","HOUR_OF_DAY","ILLUMINATION","INJURY_COUNT","INTERSECTION_RELATED","INTERSECT_TYPE","LANE_CLOSED","LATITUDE","LN_CLOSE_DIR","LOCATION_TYPE","LONGITUDE","MAX_SEVERITY_LEVEL","MCYCLE_DEATH_COUNT","MCYCLE_SUSP_SERIOUS_INJ_COUNT","MOTORCYCLE_COUNT","MUNICIPALITY","NONMOTR_COUNT","NONMOTR_DEATH_COUNT","NONMOTR_SUSP_SERIOUS_INJ_COUNT","NTFY_HIWY_MAINT","PED_COUNT","PED_DEATH_COUNT","PED_SUSP_SERIOUS_INJ_COUNT","PERSON_COUNT","POLICE_AGCY","POSSIBLE_INJ_COUNT","RDWY_SURF_TYPE_CD","RELATION_TO_ROAD","ROADWAY_CLEARED","ROAD_CONDITION","SCH_BUS_IND","SCH_ZONE_IND","SECONDARY_CRASH","SMALL_TRUCK_COUNT","SPEC_JURIS_CD","SUSP_MINOR_INJ_COUNT","SUSP_SERIOUS_INJ_COUNT","SUV_COUNT","TCD_FUNC_CD","TCD_TYPE","TFC_DETOUR_IND","TIME_OF_DAY","TOTAL_UNITS","TOT_INJ_COUNT","UNBELTED_OCC_COUNT","UNB_DEATH_COUNT","UNB_SUSP_SERIOUS_INJ_COUNT","UNK_INJ_DEG_COUNT","UNK_INJ_PER_COUNT","URBAN_RURAL","VAN_COUNT","VEHICLE_COUNT","WEATHER1","WEATHER2","WORKERS_PRES","WORK_ZONE_IND","WORK_ZONE_LOC","WORK_ZONE_TYPE","WZ_CLOSE_DETOUR","WZ_FLAGGER","WZ_LAW_OFFCR_IND","WZ_LN_CLOSURE","WZ_MOVING","WZ_OTHER","WZ_SHLDER_MDN","WZ_WORKERS_INJ_KILLED"
"2014040991","","1","0","0","0","0","0","0","0","0","0","0","","02","4","2014","5","40.382684","-79.996793","0734","11","0","0","0","0","0","0","0","1","2","0","0","0","","","0","","0","","40 22:57.663","5","0","79 59:48.456","0","0","0","0","2301","0","0","0","N","0","0","0","1","02301","0","","1.0","","8","N","N","","0","","0","0","0","","3","N","","1","0","0","0","0","0","0","2","0","1","","","","N","","","","","","","","","",""
"2014044891","","0","0","0","0","0","0","0","0","0","1","0","","02","4","2014","4","40.340783","-80.171494","0715","11","0","0","0","0","0","1","0","0","","0","0","0","","","1","","2","","40 20:26.820","","0","80 10:17.379","8","0","0","0","2119","0","0","0","N","0","0","0","3","02119","0","","1.0","","9","N","N","","0","","0","0","3","","2","","","3","1","0","0","0","1","0","2","0","3","","","","N","","","","","","","","","",""
"2014043501","","1","0","0","0","0","0","0","0","0","1","0","","02","4","2014","6","40.345985","-80.113995","1645","11","0","0","0","0","0","1","0","0","1","0","0","0","","","1","","0","","40 20:45.545","2","0","80 06:50.383","8","0","0","0","2119","0","0","0","N","0","0","0","2","02119","0","","1.0","","9","N","N","","0","","0","0","1","","0","N","","2","1","0","0","0","1","0","2","0","2","","","","N","","","","","","","","","",""
"2014044338","","2","0","0","0","0","0","0","0","0","4","0","","02","4","2014","2","40.292031","-79.810898","1849","11","0","0","0","0","0","0","1","1","1","0","0","0","","","1","","3","","40 17:31.311","6","0","79 48:39.231","4","0","0","0","2105","0","0","0","N","0","0","0","2","02105","1","","1.0","","9","N","N","","0","","0","0","0","","3","N","","2","1","0","0","0","0","0","1","0","2","","","","N","","","","","","","","","",""
"2014040995","","1","0","0","0","0","0","0","0","0","1","0","","02","4","2014","5","40.326006","-79.793457","0741","11","0","0","0","0","0","0","0","0","","0","0","0","","","0","","2","","40 19:33.622","","0","79 47:36.446","0","0","0","0","2477","0","0","0","N","0","0","0","3","02477","0","","1.0","","1","N","N","","1","","0","0","1","","0","","","3","0","0","0","0","0","0","2","0","3","","","","N","","","","","","","","","",""
"2014044137","","0","0","0","0","0","0","0","0","0","7","0","","02","4","2014","2","40.448693","-80.067377","1230","11","0","0","0","0","0","0","0","0","1","0","0","0","","","0","","2","","40 26:55.294","4","0","80 04:02.556","0","0","0","0","2301","0","0","0","N","0","0","0","1","02301","0","","4.0","","1","N","N","","1","","0","0","0","","0","Y","","1","0","0","0","0","0","0","2","0","1","","","","N","","","","","","","","","",""
"2014042599","","2","0","0","0","0","0","0","0","0","4","0","","02","4","2014","5","40.454314","-80.058384","1805","11","0","0","0","0","0","1","0","1","","0","0","0","","","0","","2","","40 27:15.530","","0","80 03:30.182","0","0","0","0","2301","0","0","0","N","0","0","0","5","02301","0","","1.0","","1","N","N","","0","","0","0","0","","3","","","2","0","0","0","0","0","0","2","0","2","","","","N","","","","","","","","","",""
"2014042600","","1","0","0","0","0","0","0","0","0","5","0","","02","4","2014","4","40.394303","-80.026422","1321","11","0","0","0","0","0","0","0","0","","0","0","0","","","1","","0","","40 23:39.490","","0","80 01:35.119","8","0","0","0","2301","0","0","0","N","0","0","0","2","02301","0","","2.0","","1","N","N","","0","","0","0","1","","0","","","3","1","0","0","0","1","0","2","1","3","","","","N","","","","","","","","","",""
"2014044342","","1","0","0","0","0","0","0","0","0","2","0","","02","4","2014","2","40.425176","-79.990456","1625","11","0","0","0","0","0","0","0","0","","0","0","0","","","0","","0","","40 25:30.633","","0","79 59:25.642","0","0","0","0","2301","0","0","0","N","0","0","0","2","02301","0","","1.0","","9","N","N","","1","","0","0","0","","0","","","2","0","0","0","0","0","0","2","0","2","","","","N","","","","","","","","","",""
"2014043519","","1","0","0","0","0","0","0","0","0","7","0","","02","4","2014","6","40.593808","-79.872607","0243","11","0","0","0","0","0","0","0","0","","0","0","0","","","1","","0","","40 35:37.708","","0","79 52:21.386","4","0","0","0","2209","0","0","0","N","0","0","0","1","02209","1","","4.0","","1","N","N","","0","","0","0","0","","0","","","1","1","0","0","0","0","0","2","0","1","","","","N","","","","","","","","","",""
"2014044883","","1","0","0","0","0","0","0","0","0","4","0","","02","4","2014","4","40.464484","-79.930088","0721","11","0","0","0","0","0","2","0","0","","0","0","0","","","0","","1","","40 27:52.142","","0","79 55:48.316","0","0","0","0","2301","0","0","0","N","0","0","0","2","02301","0","","1.0","","9","N","N","","1","","0","0","0","","0","","","2","0","0","0","0","0","0","2","0","2","","","","N","","","","","","","","","",""
"2014044972","","1","0","0","0","0","0","0","0","0","8","0","","02","4","2014","3","40.457237","-79.934066","2140","11","0","0","0","0","0","0","0","1","","0","0","0","","","1","","1","","40 27:26.053","","0","79 56:02.637","8","0","0","0","2301","1","0","0","N","1","0","0","3","02301","0","","1.0","","9","N","N","","0","","0","0","0","","2","","","2","1","0","0","0","1","0","2","0","1","","","","N","","","","","","","","","",""
"2014044346","","2","0","0","0","0","0","0","0","0","4","0","","02","4","2014","2","40.422433","-79.863906","1656","11","0","0","0","0","0","0","0","1","","0","0","0","","","0","","1","","40 25:20.757","","0","79 51:50.063","9","0","0","0","2411","0","0","0","N","0","0","0","3","02411","0","","1.0","","9","N","N","","0","","0","0","0","","3","","","2","0","0","0","0","0","3","2","0","2","","","","N","","","","","","","","","",""
"2014040228","","0","0","0","0","0","0","0","0","0","0","0","","02","2","2014","3","40.423218","-80.10009","0758","11","0","0","0","0","1","0","0","0","","0","0","0","","","0","","0","","40 25:23.584","","2","80 06:00.324","0","0","0","0","2115","0","0","0","N","0","0","0","1","68B03","0","","4.0","","7","N","N","","0","","0","0","0","","0","","","1","0","0","0","0","0","0","2","1","1","","","","N","","","","","","","","","",""
"2014044144","","1","0","0","0","0","0","0","0","0","1","0","","02","4","2014","7","40.466282","-80.060543","1756","11","0","0","0","0","0","0","0","0","","0","0","0","","","0","","2","","40 27:58.614","","0","80 03:37.953","0","0","0","0","2444","0","0","0","N","0","0","0","3","02444","0","","1.0","","1","N","N","","0","","0","0","1","","0","","","2","0","0","0","0","0","0","2","0","2","","","","N","","","","","","","","","",""
"2014043522","","1","0","0","0","0","0","0","0","0","4","1","","02","4","2014","6","40.410852","-80.005947","0530","11","0","0","0","0","0","0","0","0","3","0","1","0","","","1","","0","","40 24:39.068","7","0","80 00:21.410","3","0","0","0","2301","0","0","0","N","0","0","0","2","02301","0","","2.0","","1","N","N","","0","","1","0","0","","2","N","","2","1","1","0","0","0","0","2","0","2","","","","N","","","","","","","","","",""
"2014044347","","0","0","0","0","0","0","0","0","0","7","0","","02","4","2014","2","40.465951","-79.999759","1753","11","0","0","0","0","0","0","0","0","","0","0","0","","","0","","2","","40 27:57.423","","0","79 59:59.132","0","0","0","0","2301","0","0","0","N","0","0","0","1","02301","0","","5.0","","9","N","N","","0","","0","0","1","","0","","","1","0","0","0","0","0","0","2","0","1","","","","N","","","","","","","","","",""
"2014040229","","1","0","0","0","0","0","0","0","0","1","0","","02","4","2014","4","40.411196","-80.075044","1729","11","0","0","1","0","0","0","0","0","","0","0","0","","","1","","0","","40 24:40.306","","0","80 04:30.157","4","0","0","0","2117","0","0","0","N","0","0","0","2","68B03","1","","1.0","","1","N","N","","1","","0","0","0","","0","","","2","1","0","0","0","0","0","2","0","2","","","","N","","","","","","","","","",""
"2014043377","","1","0","0","0","0","0","0","0","0","4","0","","02","4","2014","5","40.408344","-79.901042","2048","11","0","0","0","1","0","0","0","0","1","0","0","0","","","1","","1","","40 24:30.038","7","0","79 54:03.751","4","0","0","0","2448","0","0","0","N","0","0","0","3","02448","1","","1.0","","1","N","N","","1","","0","0","0","","3","Y","","2","1","1","0","0","0","0","2","0","2","","","","N","","","","","","","","","",""
"2014044974","","0","0","0","0","0","0","0","0","0","1","0","","02","4","2014","3","40.353292","-79.91647","1045","11","0","0","0","0","1","0","0","0","1","0","0","0","","","2","","0","","40 21:11.852","3","0","79 54:59.292","8","0","0","0","2473","0","0","0","N","0","0","0","4","02473","0","","1.0","","9","N","N","","1","","0","0","1","","2","N","","2","2","0","0","0","2","0","2","0","2","","","","N","","","","","","","","","",""
"2014045163","","3","0","0","0","0","0","0","0","0","1","0","","02","3","2014","2","40.341857","-80.126618","0930","11","0","0","0","0","0","0","0","0","2","0","0","0","","","1","","0","","40 20:30.684","2","0","80 07:35.824","4","0","0","0","2119","0","0","0","N","0","0","0","3","68B03","1","","1.0","","1","N","N","","0","","0","0","0","","0","N","","3","1","0","0","0","0","0","2","0","3","","","","N","","","","","","","","","",""
"2014039449","","2","0","0","0","0","0","0","0","0","4","0","","02","4","2014","6","40.470295","-80.220373","1731","11","0","0","0","0","0","1","1","0","1","0","0","0","","","1","","5","","40 28:13.061","2","2","80 13:13.344","8","0","0","0","2203","0","0","0","N","0","0","0","2","02203","0","","1.0","","1","N","N","","0","","0","0","0","","2","N","","2","1","0","0","0","1","0","2","0","2","","","","N","","","","","","","","","",""
"2014045164","","1","0","0","0","0","0","0","0","0","4","0","","02","4","2014","6","40.590734","-80.097178","0831","11","0","0","0","0","0","1","0","0","","0","0","0","","","0","","0","","40 35:26.641","","0","80 05:49.840","0","0","0","0","2481","0","0","0","N","0","0","0","2","68B03","0","","1.0","","9","N","N","","0","","0","0","0","","0","","","2","0","0","0","0","0","0","2","1","2","","","","N","","","","","","","","","",""
"2014039450","","1","0","0","0","0","0","0","0","0","4","0","","02","4","2014","6","40.55113","-79.899847","1509","11","0","0","0","0","0","1","0","0","","0","0","0","","","0","","3","","40 33:04.067","","0","79 53:59.450","0","0","0","0","2209","0","0","0","N","0","0","0","3","02209","0","","1.0","","1","N","N","","1","","0","0","0","","3","","","2","0","0","0","0","0","0","2","0","2","","","","N","","","","","","","","","",""
"2014044350","","1","0","0","0","0","0","0","0","0","8","0","","02","4","2014","2","40.438113","-79.95398","2059","11","0","0","0","1","0","0","0","0","","0","0","0","","","1","","1","","40 26:17.206","","0","79 57:14.328","3","0","0","0","2301","1","0","0","N","1","0","0","2","02301","0","","1.0","","9","N","N","","0","","1","0","0","","2","","","2","1","0","0","0","0","0","2","0","1","","","","N","","","","","","","","","",""
"2014039451","","1","0","0","0","0","0","0","0","0","4","0","","02","4","2014","6","40.389847","-80.014667","1810","11","0","0","0","0","0","1","0","0","1","0","0","0","","","0","","1","","40 23:23.449","5","0","80 00:52.801","0","0","0","0","2301","0","0","0","N","0","0","0","2","02301","0","","1.0","","1","N","N","","0","","0","0","1","","3","N","","2","0","0","0","0","0","0","2","0","2","","","","N","","","","","","","","","",""
"2014043380","","0","0","0","0","0","0","0","0","0","1","1","","02","4","2014","6","40.492694","-80.080472","0735","11","0","0","0","0","0","0","1","0","","0","1","0","","","1","","0","","40 29:33.700","","7","80 04:49.700","8","0","0","0","2110","0","0","0","N","0","0","0","2","02215","0","","1.0","","1","N","N","","1","","0","0","0","","2","","","2","1","1","0","0","1","0","2","0","2","","","","N","","","","","","","","","",""
"2014043526","","1","0","0","0","0","0","0","0","0","5","0","","02","4","2014","6","40.478885","-80.043172","2112","11","0","0","0","0","0","0","0","0","1","0","0","0","","","0","","0","","40 28:43.985","2","0","80 02:35.418","0","0","0","0","2301","0","0","0","N","0","0","0","7","02301","0","","1.0","","9","N","N","","0","","0","0","1","","0","N","","2","0","0","0","0","0","0","2","0","2","","","","N","","","","","","","","","",""
"2014043757","","0","0","0","0","0","0","0","0","0","7","0","","02","4","2014","1","40.453534","-80.061974","0233","11","0","0","0","0","0","0","0","0","","0","0","0","","","0","","0","","40 27:12.722","","0","80 03:43.106","0","0","0","0","2301","0","0","0","N","0","0","0","0","02301","0","","5.0","","1","N","N","","0","","0","0","1","","0","","","1","0","0","0","0","0","0","2","0","1","","","","N","","","","","","","","","",""
"2014043890","","1","0","0","0","0","0","0","0","0","1","0","","02","4","2014","1","40.453297","-79.947387","1634","11","0","0","0","0","1","0","0","0","1","0","0","0","","","0","","2","","40 27:11.869","3","0","79 56:50.593","0","0","0","0","2301","0","0","0","N","0","0","0","4","02301","0","","1.0","","1","N","N","","0","","0","0","1","","2","N","","2","0","2","0","0","0","0","2","0","2","","","","N","","","","","","","","","",""
"2014042433","","2","0","0","0","0","0","0","0","0","1","0","","02","4","2014","2","40.379793","-79.808308","2035","11","0","0","0","0","0","1","0","0","2","0","0","0","","","4","","2","","40 22:47.253","1","0","79 48:29.908","8","0","0","0","2424","0","0","0","N","0","0","0","6","02424","0","","1.0","","1","N","N","","0","","0","0","1","","2","Y","","3","4","0","0","0","4","0","2","0","3","","","","N","","","","","","","","","",""
"2014043742","","0","0","0","0","0","0","0","0","0","7","0","","02","4","2014","7","40.418565","-80.012153","0600","11","0","0","0","0","0","0","0","0","","0","0","0","","","0","","2","","40 25:06.834","","0","80 00:43.750","0","0","0","0","2301","0","0","0","N","0","0","0","1","02301","0","","4.0","","1","N","N","","1","","0","0","0","","0","","","1","0","0","0","0","0","0","2","0","1","","","","N","","","","","","","","","",""
"2014043823","","2","0","0","0","0","0","0","0","0","1","0","","02","4","2014","7","40.335841","-80.132523","1050","11","0","0","0","0","0","0","0","1","","0","0","0","","","0","","2","","40 20:09.028","","0","80 07:57.082","0","0","0","0","2119","0","0","0","N","0","0","0","3","02119","0","","1.0","","1","N","N","","0","","0","0","1","","0","","","3","0","0","0","0","0","0","2","0","3","","","","N","","","","","","","","","",""
"2014044633","","1","0","0","0","0","0","0","0","0","4","0","","02","4","2014","3","40.545264","-80.035993","1547","11","0","0","0","0","0","0","1","0","","0","0","0","","","1","","1","","40 32:42.950","","0","80 02:09.574","8","0","0","0","2116","0","0","0","N","0","0","0","2","02116","0","","1.0","","1","N","N","","0","","0","0","1","","2","","","2","1","1","0","0","1","0","2","0","2","","","","N","","","","","","","","","",""
"2014043891","","1","0","0","0","0","0","0","0","0","4","0","","02","4","2014","1","40.440519","-80.238481","1750","11","1","0","1","0","0","0","0","0","","0","0","0","","","0","","1","","40 26:25.870","","7","80 14:18.530","0","0","0","0","2214","0","0","0","N","0","0","0","4","02214","0","","1.0","","1","N","N","","0","","0","0","1","","3","","","2","0","0","0","0","0","0","2","0","2","","","","N","","","","","","","","","",""
"2014042984","","3","0","0","0","0","0","0","0","0","1","0","","02","4","2014","5","40.458199","-79.942668","1108","11","0","0","0","0","0","1","0","0","","0","0","0","","","2","","0","","40 27:29.516","","0","79 56:33.604","4","0","0","0","2301","0","0","0","N","0","0","0","5","02301","2","","1.0","","1","N","N","","0","","0","0","0","","0","","","3","2","0","0","0","0","0","2","0","3","","","","N","","","","","","","","","",""
"2014042985","","1","0","0","0","0","0","0","0","0","7","0","","02","4","2014","5","40.417128","-80.066157","1133","11","0","0","1","0","0","0","0","0","","0","0","0","","","1","","0","","40 25:01.659","","0","80 03:58.165","4","0","0","0","2435","0","0","0","N","0","0","0","1","02435","1","","5.0","","1","N","N","","0","","0","0","0","","0","","","1","1","0","0","0","0","0","2","0","1","","","","N","","","","","","","","","",""
"2014044636","","2","0","0","0","0","0","0","0","0","5","0","","02","4","2014","6","40.449941","-80.108876","1512","11","0","0","0","0","0","1","0","0","1","0","0","0","","","3","","0","","40 26:59.787","3","1","80 06:31.953","4","0","0","0","2115","0","0","0","N","0","0","0","5","02115","3","","1.0","","9","N","N","","0","","0","0","0","","0","N","","2","3","0","0","0","0","0","2","0","2","","","","N","","","","","","","","","",""
"2014043606","","2","0","0","0","0","0","0","0","0","4","0","","02","4","2014","7","40.52186","-79.842249","0757","11","0","1","0","0","0","0","0","0","","0","0","0","","","0","","1","","40 31:18.696","","0","79 50:32.096","0","0","0","0","2451","0","0","0","N","0","0","0","2","02451","0","","1.0","","1","N","N","","0","","0","0","0","","0","","","2","0","0","0","0","0","0","2","0","2","","","","N","","","","","","","","","",""
"2014044372","","2","0","0","0","0","0","0","0","0","4","0","","02","4","2014","2","40.487902","-79.920338","2111","11","0","0","0","0","0","0","0","0","1","0","0","0","","","1","","2","","40 29:16.447","3","7","79 55:13.218","4","0","0","0","2301","0","0","0","N","0","0","0","2","02301","1","","1.0","","9","N","N","","0","","0","0","0","","2","N","","2","1","0","0","0","0","0","2","0","2","","","","N","","","","","","","","","",""
"2014042841","","0","0","0","0","0","0","0","0","0","4","0","","02","4","2014","4","40.465811","-79.952155","1828","11","0","0","0","0","0","2","0","0","","0","0","0","","","0","","5","","40 27:56.919","","0","79 57:07.758","0","0","0","0","2301","0","0","0","N","0","0","0","2","02301","0","","1.0","","1","N","N","","1","","0","0","1","","0","","","2","0","0","0","0","0","0","2","0","2","","","","N","","","","","","","","","",""
"2014042856","","3","0","0","0","0","0","0","0","0","1","0","","02","4","2014","4","40.471326","-79.966159","1714","11","0","0","0","0","0","0","1","0","2","0","0","0","","","1","","0","","40 28:16.775","1","3","79 57:58.174","8","0","0","0","2301","0","0","0","N","0","0","0","3","02301","0","","1.0","","1","N","N","","0","","0","0","0","","0","N","","3","1","0","0","0","1","0","2","0","3","","","","N","","","","","","","","","",""
"2014043003","","2","0","0","0","0","0","0","0","0","1","0","","02","4","2014","5","40.482883","-79.809644","1010","11","0","0","0","0","1","0","1","0","","0","0","0","","","1","","2","","40 28:58.380","","0","79 48:34.720","4","0","0","0","2113","0","0","0","N","0","0","0","2","02113","1","","1.0","","1","N","N","","0","","0","0","0","","2","","","2","1","0","0","0","0","0","2","0","2","","","","N","","","","","","","","","",""
"2014043128","","3","0","0","0","0","0","0","0","0","1","0","","02","4","2014","1","40.340212","-80.025822","1531","11","0","0","0","0","0","1","1","0","","0","0","0","","","1","","0","","40 20:24.764","","0","80 01:32.960","4","0","0","0","2407","0","0","0","N","0","0","0","3","02407","1","","1.0","","1","N","N","","0","","0","0","0","","0","","","3","1","1","0","0","0","0","2","0","3","","","","N","","","","","","","","","",""
"2014045108","","1","0","0","0","0","0","0","0","0","6","0","","02","3","2014","6","40.379793","-79.808308","2132","11","0","0","0","0","0","1","0","0","3","0","0","0","","","2","","2","","40 22:47.253","6","0","79 48:29.908","3","0","0","0","2111","0","0","0","N","0","0","0","2","02111","0","","1.0","","1","N","N","","0","","1","0","1","","1","Y","","2","2","1","0","0","1","0","2","0","2","","","","N","","","","","","","","","",""
"2014044503","","1","0","0","0","0","0","0","0","0","6","0","","02","4","2014","3","40.45268","-79.710386","0800","11","0","0","0","0","0","0","0","1","","0","0","0","","","0","","0","","40 27:09.648","","0","79 42:37.389","0","0","0","0","2466","0","0","0","N","0","0","0","2","02466","0","","1.0","","9","N","N","","1","","0","0","0","","0","","","2","0","0","0","0","0","0","2","0","2","","","","N","","","","","","","","","",""
"2014043004","","3","0","0","0","0","0","0","0","0","4","0","","02","4","2014","5","40.472461","-79.925865","1324","11","0","0","0","0","0","0","0","1","2","0","0","0","","","2","","2","","40 28:20.859","5","0","79 55:33.114","8","0","0","0","2301","0","0","0","N","0","0","0","6","02301","0","","1.0","","1","N","N","","0","","0","0","1","","3","Y","","5","2","0","0","0","2","4","2","1","5","","","","N","","","","","","","","","",""
"2014043129","","4","0","0","0","0","0","0","0","0","7","0","","02","4","2014","2","40.352782","-80.050422","1111","11","0","0","0","0","0","1","0","0","","0","0","0","","","1","","0","","40 21:10.015","","0","80 03:01.518","4","0","0","0","2407","0","0","0","N","0","0","0","1","02407","1","","4.0","","1","N","N","","0","","0","0","0","","0","","","4","1","0","0","0","0","0","2","0","4","","","","N","","","","","","","","","",""
"2014044375","","3","0","0","0","0","0","0","0","0","5","0","","02","4","2014","2","40.454278","-80.001972","2128","11","0","0","0","0","0","0","0","0","","0","0","0","","","0","","0","","40 27:15.400","","0","80 00:07.100","0","0","0","0","2301","0","0","0","N","0","0","0","1","02301","0","","6.0","","9","N","N","","0","","0","0","0","","0","","","3","0","0","0","0","0","0","2","0","3","","","","N","","","","","","","","","",""
"2014043845","","1","0","0","0","0","0","0","0","0","8","0","","02","4","2014","1","40.366137","-79.981721","1422","11","0","0","0","0","0","1","0","0","1","0","0","0","","","1","","2","","40 21:58.093","7","0","79 58:54.195","3","0","0","0","2413","1","0","0","N","1","0","0","2","02413","0","","1.0","","1","N","N","","0","","1","0","0","","0","Y","","2","1","0","0","0","0","0","2","0","1","","","","N","","","","","","","","","",""
"2014043914","","2","0","0","0","0","0","0","0","0","6","0","","02","4","2014","4","40.489543","-79.930444","0537","11","0","0","0","0","0","1","0","0","1","0","0","0","","","1","","0","","40 29:22.356","4","0","79 55:49.597","8","0","0","0","2301","0","0","0","N","0","0","0","2","02301","0","","1.0","","1","N","N","","0","","0","0","0","","0","Y","","2","1","1","0","0","1","0","2","0","2","","","","N","","","","","","","","","",""
"2014044440","","0","0","0","0","0","0","0","0","0","7","0","","02","4","2014","6","40.542889","-79.822472","1801","11","0","0","0","0","0","1","0","0","","0","0","0","","","1","","0","","40 32:34.400","","2","79 49:20.900","4","0","0","0","2208","0","0","0","N","0","0","0","1","68T02","1","","5.0","","9","N","N","","1","","0","0","0","","0","","","1","1","0","0","0","0","0","2","0","1","","","","N","","","","","","","","","",""
"2014043834","","1","0","0","0","0","0","0","0","0","7","0","","02","4","2014","1","40.477833","-79.78607","0928","11","0","0","0","0","0","1","1","0","1","0","0","0","","","1","","0","","40 28:40.200","4","0","79 47:09.851","3","0","0","1","2113","0","0","0","N","0","0","0","2","02113","0","","2.0","","1","N","N","","0","","1","0","0","","0","N","","2","1","0","0","0","0","0","2","0","2","","","","N","","","","","","","","","",""
"2014043848","","0","0","0","0","0","0","0","0","0","7","0","35","02","4","2014","7","40.357613","-80.126969","1910","11","0","0","0","0","0","1","0","0","1","0","0","0","","","0","","0","","40 21:27.405","4","0","80 07:37.089","0","0","0","0","2119","0","0","0","Y","0","0","0","1","02119","0","","5.0","","1","N","N","","1","","0","0","0","","8","N","","1","0","0","0","0","0","0","2","0","1","","","N","Y","4","1","","","N","","","","Y",""
"2014043916","","1","0","0","0","0","0","0","0","0","6","0","","02","4","2014","1","40.441833","-80.022071","0600","11","0","0","0","0","0","0","0","0","2","0","0","0","","","0","","0","","40 26:30.598","2","0","80 01:19.454","0","0","0","0","2301","0","0","0","N","0","0","0","2","02301","0","","1.0","","1","N","N","","0","","0","0","1","","0","N","","2","0","1","0","0","0","0","2","0","2","","","","N","","","","","","","","","",""
"2014044658","","0","0","0","0","0","0","0","0","0","1","0","","02","2","2014","3","40.438012","-80.21653","0732","11","0","0","0","0","0","0","0","0","2","0","0","0","","","1","","0","","40 26:16.844","3","0","80 12:59.508","4","0","0","0","2214","0","0","0","N","0","0","0","2","68B03","1","","1.0","","7","N","N","","0","","0","0","2","","0","N","","2","1","0","0","0","0","0","2","0","2","","","","N","","","","","","","","","",""
"2014042863","","2","0","0","0","0","0","0","0","0","1","0","","02","4","2014","4","40.339835","-79.967592","2225","11","0","0","0","0","0","1","0","0","","0","0","0","","","1","","0","","40 20:23.406","","0","79 58:03.332","8","0","0","0","2454","0","0","0","N","0","0","0","3","02454","0","","1.0","","1","N","N","","1","","0","0","0","","0","","","3","1","1","0","0","1","0","2","0","3","","","","N","","","","","","","","","",""
"2014043614","","2","0","0","0","0","0","0","0","0","5","0","","02","4","2014","7","40.457842","-79.974246","0712","11","0","0","0","0","0","1","0","0","","0","0","0","","","1","","1","","40 27:28.231","","0","79 58:27.285","8","0","0","0","2301","0","0","0","N","0","0","0","3","02301","0","","1.0","","9","N","N","","0","","0","0","0","","3","","","2","1","0","0","0","1","0","2","0","2","","","","N","","","","","","","","","",""
"2014043836","","1","0","0","0","0","0","0","0","0","8","0","","02","4","2014","1","40.450658","-79.935508","1318","11","0","0","0","0","0","0","0","1","","0","0","0","","","1","","2","","40 27:02.368","","0","79 56:07.828","2","0","0","0","2301","1","0","1","N","1","0","1","2","02301","0","","1.0","","1","N","N","","0","","0","1","0","","2","","","2","1","0","0","0","0","0","2","0","1","","","","N","","","","","","","","","",""
"2014044660","","0","0","0","0","0","0","0","0","0","7","0","","02","2","2014","3","40.468177","-80.200455","0903","11","0","0","0","0","0","0","0","0","2","0","0","0","","","0","","0","","40 28:05.436","4","0","80 12:01.639","0","0","0","0","2213","0","0","0","N","0","0","0","1","68B03","0","","4.0","","6","N","N","","0","","0","0","1","","0","N","","1","0","0","0","0","0","0","2","0","1","","","","N","","","","","","","","","",""
"2014042865","","0","0","0","0","0","0","0","0","0","5","0","","02","4","2014","4","40.467278","-79.963361","2315","11","0","0","0","0","0","0","0","0","","0","0","0","","","0","","0","","40 28:02.200","","0","79 57:48.100","0","0","0","0","2301","0","0","0","N","0","0","0","2","02301","0","","1.0","","1","N","N","","0","","0","0","2","","0","","","2","0","0","0","0","0","0","2","0","2","","","","N","","","","","","","","","",""
"2014044446","","1","0","0","0","0","0","0","0","0","4","0","","02","4","2014","6","40.432065","-79.751704","1245","11","0","0","0","0","0","0","0","0","1","0","0","0","","","1","","0","","40 25:55.433","1","7","79 45:06.133","3","0","0","0","2446","0","0","0","N","0","0","0","3","02446","0","","1.0","","9","N","N","","1","","1","0","0","","0","N","","2","1","0","0","0","0","0","2","0","2","","","","N","","","","","","","","","",""
"2014042942","","2","0","0","0","0","0","0","0","0","4","0","","02","4","2014","7","40.4235","-79.794","0808","11","0","0","0","0","0","1","0","0","","0","0","0","","","0","","0","","40 25:24.600","","7","79 47:38.400","0","0","0","0","2446","0","0","0","N","0","0","0","3","02446","0","","1.0","","1","N","N","","0","","0","0","0","","3","","","2","0","0","0","0","0","0","2","0","2","","","","N","","","","","","","","","",""