"CRN","ARRIVAL_TM","AUTOMOBILE_COUNT","BELTED_DEATH_COUNT","BELTED_SUSP_SERIOUS_INJ_COUNT","BICYCLE_COUNT","BICYCLE_DEATH_COUNT","BICYCLE_SUSP_SERIOUS_INJ_COUNT","BUS_COUNT","CHLDPAS_DEATH_COUNT","CHLDPAS_SUSP_SERIOUS_INJ_COUNT","COLLISION_TYPE","COMM_VEH_COUNT","CONS_ZONE_SPD_LIM","COUNTY","CRASH_MONTH","CRASH_YEAR","DAY_OF_WEEK","DEC_LATITUDE","DEC_LONGITUDE","DISPATCH_TM","DISTRICT","DRIVER_COUNT_16YR","DRIVER_COUNT_17YR","DRIVER_COUNT_18YR","DRIVER_COUNT_19YR","DRIVER_COUNT_20YR","DRIVER_COUNT_50_64YR","DRIVER_COUNT_65_74YR","DRIVER_COUNT_75PLUS","EST_HRS_CLOSED","FATAL_COUNT","HEAVY_TRUCK_COUNT","HORSE_BUGGY_COUNT","HOUR_OF_DAY","ILLUMINATION","INJURY_COUNT","INTERSECTION_RELATED","INTERSECT_TYPE","LANE_CLOSED","LATITUDE","LN_CLOSE_DIR","LOCATION_TYPE","LONGITUDE","MAX_SEVERITY_LEVEL","MCYCLE_DEATH_COUNT","MCYCLE_SUSP_SERIOUS_INJ_COUNT","MOTORCYCLE_COUNT","MUNICIPALITY","NONMOTR_COUNT","NONMOTR_DEATH_COUNT","NONMOTR_SUSP_SERIOUS_INJ_COUNT","NTFY_HIWY_MAINT","PED_COUNT","PED_DEATH_COUNT","PED_SUSP_SERIOUS_INJ_COUNT","PERSON_COUNT","POLICE_AGCY","POSSIBLE_INJ_COUNT","RDWY_SURF_TYPE_CD","RELATION_TO_ROAD","ROADWAY_CLEARED","ROAD_CONDITION","SCH_BUS_IND","SCH_ZONE_IND","SECONDARY_CRASH","SMALL_TRUCK_COUNT","SPEC_JURIS_CD","SUSP_MINOR_INJ_COUNT","SUSP_SERIOUS_INJ_COUNT","SUV_COUNT","TCD_FUNC_CD","TCD_TYPE","TFC_DETOUR_IND","TIME_OF_DAY","TOTAL_UNITS","TOT_INJ_COUNT","UNBELTED_OCC_COUNT","UNB_DEATH_COUNT","UNB_SUSP_SERIOUS_INJ_COUNT","UNK_INJ_DEG_COUNT","UNK_INJ_PER_COUNT","URBAN_RURAL","VAN_COUNT","VEHICLE_COUNT","WEATHER1","WEATHER2","WORKERS_PRES","WORK_ZONE_IND","WORK_ZONE_LOC","WORK_ZONE_TYPE","WZ_CLOSE_DETOUR","WZ_FLAGGER","WZ_LAW_OFFCR_IND","WZ_LN_CLOSURE","WZ_MOVING","WZ_OTHER","WZ_SHLDER_MDN","WZ_WORKERS_INJ_KILLED"
"2014044523","","1","0","0","0","0","0","0","0","0","4","0","","02","4","2014","3","40.356009","-79.898208","1412","11","0","0","0","0","0","1","0","0","2","0","0","0","","","2","","2","","40 21:21.632","4","0","79 53:53.547","4","0","0","0","2423","0","0","0","N","0","0","0","2","02304","2","","1.0","","9","N","N","","0","","0","0","1","","2","N","","2","2","0","0","0","0","0","2","0","2","","","","N","","","","","","","","","",""
"2014044661","","2","0","0","0","0","0","0","0","0","1","0","","02","4","2014","6","40.563012","-80.087427","1638","11","0","0","0","0","0","0","0","0","1","0","0","0","","","3","","0","","40 33:46.843","1","0","80 05:14.736","4","0","0","0","2481","0","0","0","N","0","0","0","4","68B03","1","","1.0","","1","N","N","","0","","0","0","0","","0","N","","2","3","0","0","0","2","0","2","0","2","","","","N","","","","","","","","","",""
"2014043013","","1","0","0","0","0","0","0","0","0","1","0","","02","4","2014","5","40.491279","-79.908534","1515","11","0","0","0","0","0","1","0","0","","0","0","0","","","1","","6","","40 29:28.604","","2","79 54:30.723","8","0","0","0","2112","0","0","0","N","0","0","0","6","02112","0","","7.0","","1","N","N","","0","","0","0","1","","4","","","2","1","0","0","0","1","0","2","0","2","","","","N","","","","","","","","","",""
"2014043839","","2","0","0","0","0","0","0","0","0","4","0","","02","4","2014","1","40.48447","-79.818823","1119","11","0","0","0","0","0","0","0","0","2","0","0","0","","","2","","0","","40 29:04.093","4","7","79 49:07.763","4","0","0","0","2113","0","0","0","N","0","0","0","10","02113","2","","1.0","","1","N","N","","0","","0","0","0","","0","N","","3","2","1","0","0","0","0","2","1","3","","","","N","","","","","","","","","",""
"2014044662","","0","0","0","0","0","0","0","0","0","1","0","","02","4","2014","4","40.420658","-80.048408","1749","11","0","0","0","0","0","0","1","0","","0","0","0","","","2","","0","","40 25:14.367","","0","80 02:54.270","8","0","0","0","2435","0","0","0","N","0","0","0","4","68B03","0","","1.0","","1","N","N","","1","","0","0","1","","0","","","2","2","0","0","0","2","0","2","0","2","","","","N","","","","","","","","","",""
"2014044788","","2","0","0","0","0","0","0","0","0","1","0","","02","4","2014","3","40.426274","-79.927664","2301","11","0","0","0","0","1","0","0","0","","0","0","0","","","0","","2","","40 25:34.586","","0","79 55:39.590","0","0","0","0","2301","0","0","0","N","0","0","0","2","02301","0","","1.0","","1","N","N","","0","","0","0","0","","0","","","2","0","0","0","0","0","0","2","0","2","","","","N","","","","","","","","","",""
"2014042241","","0","0","0","0","0","0","0","0","0","7","0","","02","2","2014","3","40.427071","-80.105921","0856","11","0","0","0","0","0","0","0","0","","0","0","0","","","0","","0","","40 25:37.456","","0","80 06:21.315","0","0","0","0","2115","0","0","0","N","0","0","0","1","68B03","0","","3.0","","7","N","N","","1","","0","0","0","","0","","","1","0","0","0","0","0","0","2","0","1","","","","N","","","","","","","","","",""
"2014043840","","1","0","0","0","0","0","0","0","0","7","0","","02","4","2014","6","40.660942","-79.75948","1946","11","0","0","0","0","0","0","0","0","","0","0","0","","","1","","0","","40 39:39.390","","0","79 45:34.129","8","0","0","0","2202","0","0","0","N","0","0","0","1","02202","0","","5.0","","9","N","N","","0","","0","0","0","","0","","","1","1","1","0","0","1","0","1","0","1","","","","N","","","","","","","","","",""
"2014044663","","2","0","0","0","0","0","0","0","0","1","0","","02","4","2014","6","40.423484","-80.106707","1440","11","0","0","0","0","0","0","0","0","1","0","0","0","","","1","","0","","40 25:24.541","3","0","80 06:24.145","3","0","0","0","2115","0","0","0","N","0","0","0","3","68B03","0","","1.0","","9","N","N","","1","","1","0","0","","0","N","","3","1","0","0","0","0","0","2","0","3","","","","N","","","","","","","","","",""
"2014042379","","1","0","0","1","0","0","0","0","0","4","0","","02","4","2014","3","40.448526","-79.987217","1901","11","0","0","0","0","0","0","0","0","","0","0","0","","","1","","2","","40 26:54.693","","0","79 59:13.981","8","0","0","0","2301","1","0","0","N","0","0","0","2","02301","0","","1.0","","1","N","N","","0","","0","0","0","","0","","","2","1","0","0","0","1","0","2","0","1","","","","N","","","","","","","","","",""
"2014042525","","2","0","0","0","0","0","0","0","0","1","0","","02","4","2014","4","40.445933","-79.848432","0700","11","0","0","0","0","0","1","0","0","","0","0","0","","","1","","1","","40 26:45.357","","0","79 50:54.354","8","0","0","0","2419","0","0","0","N","0","0","0","2","02419","0","","1.0","","1","N","N","","0","","0","0","0","","4","","","2","1","1","0","0","1","0","2","0","2","","","","N","","","","","","","","","",""
"2014042242","","1","0","0","0","0","0","0","0","0","2","0","","02","3","2014","7","40.429458","-80.133273","1950","11","0","0","0","0","0","1","0","0","2","0","0","0","","","4","","7","","40 25:46.050","4","2","80 07:59.781","4","0","0","0","2102","0","0","0","N","0","0","0","8","68B03","4","","7.0","","1","N","N","","0","","0","0","3","","0","N","","4","4","0","0","0","0","0","2","0","4","","","","N","","","","","","","","","",""
"2014043855","","0","0","0","0","0","0","0","0","0","7","0","","02","4","2014","1","40.477917","-79.877222","0549","11","0","0","0","0","0","0","0","0","2","0","0","0","","","0","","0","","40 28:40.500","4","0","79 52:38.000","9","0","0","0","2113","0","0","0","N","0","0","0","1","02113","0","","2.0","","1","N","N","","0","","0","0","1","","0","N","","1","0","0","0","0","0","1","2","0","1","","","","N","","","","","","","","","",""
"2014044664","","2","0","0","0","0","0","0","0","0","1","0","","02","4","2014","7","40.443159","-79.855383","1601","11","0","0","0","0","0","0","0","0","","0","0","0","","","0","","0","","40 26:35.374","","0","79 51:19.378","0","0","0","0","2419","0","0","0","N","0","0","0","4","68B03","0","","1.0","","1","N","N","","0","","0","0","1","","0","","","3","0","0","0","0","0","0","2","0","3","","","","N","","","","","","","","","",""
"2014042380","","0","0","0","0","0","0","0","0","0","7","0","","02","4","2014","3","40.233674","-79.856515","0135","11","0","0","0","1","0","0","0","0","","0","0","0","","","1","","10","","40 14:01.225","","0","79 51:23.455","8","0","0","0","2204","0","0","0","N","0","0","0","1","02204","0","","5.0","","1","N","N","","0","","0","0","1","","8","","","1","1","1","0","0","1","0","1","0","1","","","","N","","","","","","","","","",""
"2014042450","","1","0","0","0","0","0","0","0","0","7","0","","02","4","2014","1","40.366622","-79.866422","0428","11","0","0","0","0","0","0","0","0","","0","0","0","","","0","","0","","40 21:59.840","","0","79 51:59.120","0","0","0","0","2473","0","0","0","N","0","0","0","1","02473","0","","5.0","","1","N","N","","0","","0","0","0","","0","","","1","0","0","0","0","0","0","2","0","1","","","","N","","","","","","","","","",""
"2014043210","","0","0","0","0","0","0","0","0","0","1","0","","02","4","2014","5","40.378361","-80.172083","1810","11","0","0","0","0","0","0","0","0","","0","0","0","","","1","","0","","40 22:42.100","","7","80 10:19.500","8","0","0","0","2119","0","0","0","N","0","0","0","2","02119","0","","1.0","","1","N","N","","0","","0","0","2","","0","","","2","1","0","0","0","1","0","2","0","2","","","","N","","","","","","","","","",""
"2014045119","","0","0","0","0","0","0","0","0","0","7","0","","02","4","2014","7","40.34613","-79.973406","0311","11","0","0","0","0","0","0","0","0","3","0","0","0","","","0","","0","","40 20:46.068","2","0","79 58:24.262","0","0","0","0","2476","0","0","0","N","0","0","0","2","02476","0","","4.0","","1","N","N","","1","","0","0","0","","0","N","","1","0","0","0","0","0","0","2","0","1","","","","N","","","","","","","","","",""
"2014042243","","1","0","0","0","0","0","0","0","0","7","0","","02","4","2014","5","40.539573","-80.079783","1757","11","0","0","0","0","0","0","0","0","1","0","0","0","","","0","","0","","40 32:22.463","1","0","80 04:47.219","0","0","0","0","2215","0","0","0","N","0","0","0","1","68B03","0","","2.0","","1","N","N","","0","","0","0","0","","0","N","","1","0","0","0","0","0","0","2","0","1","","","","N","","","","","","","","","",""
"2014043016","","0","0","0","0","0","0","0","0","0","0","0","","02","4","2014","5","40.468498","-80.007267","1601","11","0","0","0","0","0","0","0","0","","0","0","0","","","0","","0","","40 28:06.592","","0","80 00:26.161","0","0","0","0","2301","0","0","0","N","0","0","0","1","02301","0","","6.0","","1","N","N","","0","","0","0","1","","0","","","1","0","0","0","0","0","0","2","0","1","","","","N","","","","","","","","","",""
"2014043842","","2","0","0","0","0","0","0","0","0","4","0","","02","4","2014","1","40.458222","-79.823281","1339","11","0","0","0","0","0","0","0","1","1","0","0","0","","","0","","0","","40 27:29.598","5","7","79 49:23.811","0","0","0","0","2113","0","0","0","N","0","0","0","2","02113","0","","1.0","","1","N","N","","0","","0","0","0","","0","Y","","2","0","0","0","0","0","0","2","0","2","","","","N","","","","","","","","","",""
"2014044665","","2","0","0","0","0","0","0","0","0","1","0","","02","4","2014","7","40.428807","-79.933519","1634","11","0","0","0","0","0","0","0","0","","0","0","0","","","2","","0","","40 25:43.704","","0","79 56:00.668","8","0","0","0","2301","0","0","0","N","0","0","0","4","68B03","0","","1.0","","1","N","N","","0","","0","0","1","","0","","","3","2","0","0","0","2","0","2","0","3","","","","N","","","","","","","","","",""
"2014043926","","2","0","0","0","0","0","0","0","0","1","0","","02","4","2014","1","40.465245","-79.846062","0355","11","0","0","0","0","0","0","0","0","2","0","0","0","","","0","","0","","40 27:54.882","2","0","79 50:45.823","0","0","0","0","2113","0","0","0","N","0","0","0","1","02113","0","","6.0","","1","N","N","","0","","0","0","1","","0","Y","","3","0","0","0","0","0","0","2","0","3","","","","N","","","","","","","","","",""
"2014044666","","1","0","0","0","0","0","0","0","0","1","0","","02","4","2014","1","40.442357","-79.837588","1425","11","0","0","0","0","0","0","1","0","","0","0","0","","","1","","0","","40 26:32.486","","0","79 50:15.316","8","0","0","0","2419","0","0","0","N","0","0","0","3","68B03","0","","1.0","","1","N","N","","0","","0","0","1","","0","","","2","1","0","0","0","1","0","2","0","2","","","","N","","","","","","","","","",""
"2014042936","","1","0","0","0","0","0","0","0","0","4","0","","02","4","2014","4","40.445809","-79.713141","1313","11","0","0","0","0","0","0","0","1","","0","0","0","","","1","","0","","40 26:44.913","","0","79 42:47.308","4","0","0","0","2446","0","0","0","N","0","0","0","3","02446","1","","1.0","","1","N","N","","0","","0","0","1","","0","","","2","1","0","0","0","0","0","2","0","2","","","","N","","","","","","","","","",""
"2014043213","","1","0","0","0","0","0","0","0","0","7","0","","02","4","2014","5","40.463255","-79.843719","1712","11","0","0","0","0","0","0","0","0","2","0","0","0","","","1","","0","","40 27:47.719","5","0","79 50:37.389","8","0","0","0","2113","0","0","0","N","0","0","0","1","02113","0","","4.0","","1","N","N","","0","","0","0","0","","0","Y","","1","1","1","0","0","1","0","2","0","1","","","","N","","","","","","","","","",""
"2014042872","","1","0","0","0","0","0","0","0","0","4","0","","02","4","2014","2","40.448933","-80.000739","0518","11","0","0","0","0","0","0","0","0","2","0","0","0","","","2","","1","","40 26:56.157","7","0","80 00:02.660","3","0","0","0","2301","0","0","0","N","0","0","0","5","02301","1","","1.0","","1","N","N","","1","","1","0","0","","1","Y","","2","2","0","0","0","0","0","2","0","2","","","","N","","","","","","","","","",""
"2014044592","","1","0","0","0","0","0","0","0","0","1","0","","02","4","2014","3","40.460551","-79.872898","1606","11","0","0","0","0","0","0","0","0","1","0","0","0","","","2","","1","","40 27:37.983","6","0","79 52:22.433","4","0","0","0","2301","0","0","0","N","0","0","0","4","02301","2","","1.0","","1","N","N","","0","","0","0","1","","0","N","","2","2","0","0","0","0","0","2","0","2","","","","N","","","","","","","","","",""
"2014042386","","2","0","0","0","0","0","0","0","0","4","0","","02","4","2014","3","40.396461","-80.085359","1738","11","0","0","0","0","0","1","1","0","1","0","0","0","","","0","","1","","40 23:47.258","7","0","80 05:07.291","0","0","0","0","2117","0","0","0","N","0","0","0","3","02117","0","","1.0","","1","N","N","","1","","0","0","0","","2","N","","3","0","0","0","0","0","0","2","0","3","","","","N","","","","","","","","","",""
"2014044454","","0","0","0","0","0","0","0","0","0","0","1","","02","4","2014","2","40.576588","-80.22232","1418","11","0","0","0","0","0","1","0","0","4","0","1","0","","","0","","0","","40 34:35.716","1","0","80 13:20.353","0","0","0","0","2441","0","0","0","Y","0","0","0","1","02441","0","","1.0","","9","N","N","","0","","0","0","0","","0","Y","","1","0","0","0","0","0","0","2","0","1","","","","N","","","","","","","","","",""
"2014045123","","1","0","0","0","0","0","0","0","0","7","0","","02","4","2014","5","40.479631","-79.966076","0118","11","0","0","0","0","0","1","0","0","1","0","0","0","","","0","","7","","40 28:46.672","2","2","79 57:57.873","0","0","0","0","2118","0","0","0","Y","0","0","0","1","02118","0","","3.0","","1","N","N","","0","","0","0","0","","0","N","","1","0","0","0","0","0","0","2","0","1","","","","N","","","","","","","","","",""
"2014043780","","1","0","0","0","0","0","0","0","0","1","0","","02","4","2014","7","40.281729","-79.848945","1601","11","0","0","0","1","0","0","0","0","2","0","0","0","","","0","","2","","40 16:54.226","3","0","79 50:56.202","0","0","0","0","2105","0","0","0","N","0","0","0","3","02105","0","","1.0","","1","N","N","","1","","0","0","0","","0","N","","2","0","0","0","0","0","0","1","0","2","","","","N","","","","","","","","","",""
"2014043861","","1","0","0","0","0","0","0","0","0","7","0","","02","4","2014","6","40.418444","-80.014222","1943","11","0","0","0","0","0","0","0","0","","0","0","0","","","0","","10","","40 25:06.400","","0","80 00:51.200","0","0","0","0","2301","0","0","0","N","0","0","0","1","02301","0","","4.0","","9","N","N","","0","","0","0","0","","0","","","1","0","1","0","0","0","0","2","0","1","","","","N","","","","","","","","","",""
"2014045202","","2","0","0","0","0","0","0","0","0","1","0","","02","4","2014","6","40.465642","-79.955211","1327","11","0","0","0","0","0","1","0","0","","0","0","0","","","1","","1","","40 27:56.311","","0","79 57:18.759","4","0","0","0","2301","0","0","0","N","0","0","0","4","02301","1","","1.0","","1","N","N","","0","","0","0","0","","2","","","2","1","3","0","0","0","0","2","0","2","","","","N","","","","","","","","","",""
"2014042939","","1","0","0","0","0","0","0","0","0","1","0","","02","4","2014","4","40.439176","-80.211776","1357","11","0","0","0","0","0","1","0","1","","0","0","0","","","1","","1","","40 26:21.034","","0","80 12:42.393","4","0","0","0","2214","0","0","0","N","0","0","0","3","02214","1","","1.0","","1","N","N","","1","","0","0","1","","2","","","3","1","0","0","0","0","0","2","0","3","","","","N","","","","","","","","","",""
"2014042954","","0","0","0","0","0","0","0","0","0","1","0","","02","4","2014","5","40.430005","-80.024962","0854","11","0","0","0","0","0","1","0","0","","0","0","0","","","0","","6","","40 25:48.019","","2","80 01:29.864","0","0","0","0","2301","0","0","0","N","0","0","0","2","02301","0","","7.0","","1","N","N","","1","","0","0","1","","0","","","2","0","0","0","0","0","0","2","0","2","","","","N","","","","","","","","","",""
"2014044393","","1","0","0","0","0","0","0","0","0","7","0","","02","4","2014","2","40.44675","-80.067056","0112","11","0","0","0","0","0","0","0","0","2","0","0","0","","","0","","1","","40 26:48.300","4","0","80 04:01.400","0","0","0","0","2439","0","0","0","N","0","0","0","2","02439","0","","5.0","","1","N","N","","0","","0","0","0","","3","N","","1","0","0","0","0","0","0","2","0","1","","","","N","","","","","","","","","",""
"2014045203","","1","0","0","0","0","0","0","0","0","7","0","","02","4","2014","7","40.498345","-80.031542","1716","11","0","0","0","0","0","0","1","0","","0","0","0","","","1","","0","","40 29:54.042","","7","80 01:53.551","8","0","0","0","2116","0","0","0","N","0","0","0","1","02116","0","","5.0","","1","N","N","","0","","0","0","0","","0","","","1","1","0","0","0","1","0","2","0","1","","","","N","","","","","","","","","",""
"2014044456","","2","0","0","0","0","0","0","0","0","1","0","","02","4","2014","2","40.384191","-80.184318","0735","11","0","0","0","0","1","0","0","0","2","0","0","0","","","0","","0","","40 23:03.089","1","0","80 11:03.543","0","0","0","0","2119","0","0","0","N","0","0","0","2","02119","0","","1.0","","1","N","N","","0","","0","0","0","","0","N","","2","0","0","0","0","0","0","1","0","2","","","","N","","","","","","","","","",""
"2014042955","","1","0","0","0","0","0","0","0","0","1","0","","02","4","2014","5","40.564661","-79.77037","0756","11","0","0","0","0","0","0","0","0","1","0","0","0","","","1","","0","","40 33:52.780","4","3","79 46:13.331","4","0","0","0","2104","0","0","0","N","0","0","0","2","64305","1","","1.0","","1","N","N","","0","","0","0","1","","0","N","","2","1","0","0","0","0","0","1","0","2","","","","N","","","","","","","","","",""
"2014043783","","0","0","0","0","0","0","0","0","0","7","0","","02","4","2014","1","40.528874","-79.984198","0327","11","0","0","0","0","0","0","0","0","2","0","0","0","","","0","","0","","40 31:43.946","6","0","79 59:03.112","0","0","0","0","2118","0","0","0","N","0","0","0","1","02118","0","","5.0","","1","N","N","","0","","0","0","1","","0","Y","","1","0","0","0","0","0","0","2","0","1","","","","N","","","","","","","","","",""
"2014044595","","1","0","0","0","0","0","0","0","0","2","0","","02","4","2014","3","40.541093","-79.782125","1506","11","0","0","0","0","0","2","0","0","3","0","0","0","","","1","","2","","40 32:27.933","5","0","79 46:55.649","8","0","0","0","2462","0","0","0","N","0","0","0","3","02462","0","","1.0","","1","N","N","","1","","0","0","0","","3","Y","","2","1","1","0","0","1","0","2","0","2","","","","N","","","","","","","","","",""
"2014043864","","3","0","0","0","0","0","0","0","0","4","0","","02","4","2014","7","40.41425","-79.994194","1602","11","0","0","0","0","0","0","0","0","2","0","0","0","","","1","","0","","40 24:51.300","5","0","79 59:39.100","8","0","0","0","2301","0","0","0","N","0","0","0","1","02301","0","","1.0","","1","N","N","","0","","0","0","0","","0","N","","3","1","1","0","0","1","0","2","0","3","","","","N","","","","","","","","","",""
"2014044457","","0","0","0","0","0","0","0","0","0","99","0","","02","4","2014","2","40.520221","-79.842836","1341","11","0","0","0","0","0","0","0","0","","0","0","0","","","0","","0","","40 31:12.795","","0","79 50:34.210","9","0","0","1","2451","0","0","0","N","0","0","0","1","02451","0","","6.0","","1","N","N","","0","","0","0","0","","0","","","2","0","0","0","0","0","1","2","0","2","","","","N","","","","","","","","","",""
"2014043709","","1","0","0","0","0","0","0","0","0","4","0","","02","4","2014","7","40.449027","-79.951897","1749","11","0","0","0","0","0","0","0","0","","0","0","0","","","0","","1","","40 26:56.497","","0","79 57:06.829","0","0","0","0","2301","0","0","0","N","0","0","0","3","02301","0","","1.0","","1","N","N","","0","","0","0","1","","3","","","2","0","0","0","0","0","0","2","0","2","","","","N","","","","","","","","","",""
"2014044459","","1","0","0","0","0","0","0","0","0","7","0","","02","4","2014","3","40.436416","-79.99479","0905","11","0","0","0","0","0","1","0","0","","0","0","0","","","0","","0","","40 26:11.099","","8","79 59:41.245","0","0","0","0","2301","0","0","0","N","0","0","0","1","02301","0","","2.0","","9","N","N","","0","","0","0","0","","0","","","1","0","0","0","0","0","0","2","0","1","","","","N","","","","","","","","","",""
"2014045127","","1","0","0","0","0","0","0","0","0","6","0","","02","4","2014","3","40.319411","-79.898521","1021","11","0","0","0","0","0","1","0","0","1","0","0","0","","","0","","0","","40 19:09.881","5","0","79 53:54.675","0","0","0","0","2440","0","0","0","N","0","0","0","2","02440","0","","1.0","","9","N","N","","1","","0","0","0","","0","Y","","2","0","0","0","0","0","0","2","0","2","","","","N","","","","","","","","","",""
"2014044473","","2","0","0","0","0","0","0","0","0","1","0","","02","4","2014","3","40.388222","-80.089891","1013","11","0","0","0","0","0","1","0","0","","0","0","0","","","2","","1","","40 23:17.600","","0","80 05:23.608","8","0","0","0","2437","0","0","0","N","0","0","0","3","02437","0","","1.0","","9","N","N","","0","","0","0","0","","2","","","2","2","0","0","0","2","0","2","0","2","","","","N","","","","","","","","","",""
"2014043866","","1","0","0","0","0","0","0","0","0","1","0","","02","4","2014","7","40.429036","-80.024294","2305","11","0","0","0","0","0","0","1","0","","0","0","0","","","2","","0","","40 25:44.530","","0","80 01:27.459","4","0","0","0","2301","0","0","0","N","0","0","0","5","02301","2","","1.0","","1","N","N","","0","","0","0","0","","0","","","2","2","0","0","0","0","0","2","1","2","","","","N","","","","","","","","","",""
"2014043711","","3","0","0","0","0","0","0","0","0","1","0","","02","4","2014","7","40.343943","-79.798758","1545","11","0","0","0","0","0","1","0","0","","0","0","0","","","3","","2","","40 20:38.193","","0","79 47:55.529","8","0","0","0","2477","0","0","0","N","0","0","0","5","02477","0","","1.0","","1","N","N","","0","","0","0","0","","0","","","3","3","0","0","0","3","0","2","0","3","","","","N","","","","","","","","","",""
"2014043936","","2","0","0","0","0","0","0","0","0","4","0","","02","4","2014","2","40.468738","-79.959461","0011","11","0","0","0","0","0","0","0","0","","0","0","0","","","0","","1","","40 28:07.456","","0","79 57:34.059","0","0","0","0","2301","0","0","0","N","0","0","0","1","02301","0","","1.0","","1","N","N","","0","","0","0","0","","0","","","2","0","0","0","0","0","0","2","0","2","","","","N","","","","","","","","","",""
"2014044397","","0","0","0","0","0","0","0","0","0","7","0","","02","4","2014","7","40.465448","-80.112626","0203","11","0","0","0","0","0","0","0","0","3","0","0","0","","","1","","0","","40 27:55.612","7","0","80 06:45.453","2","0","0","0","2126","0","0","0","N","0","0","0","1","02126","0","","5.0","","1","N","N","","1","","0","1","0","","0","Y","","1","1","1","0","1","0","0","2","0","1","","","","N","","","","","","","","","",""
"2014043631","","0","0","1","0","0","0","0","0","0","1","0","","02","4","2014","7","40.546472","-80.218932","1124","11","0","0","0","0","0","1","0","0","2","0","0","0","","","3","","10","","40 32:47.300","1","0","80 13:08.155","2","0","0","0","2103","0","0","0","N","0","0","0","8","02103","2","","1.0","","1","N","N","","1","","0","1","2","","0","N","","3","3","0","0","0","0","0","2","0","3","","","","N","","","","","","","","","",""
"2014042959","","1","0","0","0","0","0","0","0","0","4","0","","02","4","2014","5","40.415119","-79.990578","0957","11","0","0","0","0","0","1","0","0","","0","0","0","","","0","","1","","40 24:54.428","","0","79 59:26.080","0","0","0","0","2301","0","0","0","N","0","0","0","2","02301","0","","1.0","","1","N","N","","0","","0","0","1","","3","","","2","0","0","0","0","0","0","2","0","2","","","","N","","","","","","","","","",""
"2014045208","","1","0","0","0","0","0","0","0","0","4","0","","02","5","2014","5","40.448316","-80.010457","0744","11","0","0","0","0","1","1","0","0","","0","0","0","","","0","","1","","40 26:53.937","","0","80 00:37.645","0","0","0","0","2301","0","0","0","N","0","0","0","2","02301","0","","1.0","","9","N","N","","0","","0","0","1","","2","","","2","0","0","0","0","0","0","2","0","2","","","","N","","","","","","","","","",""
"2014044476","","2","0","0","0","0","0","0","0","0","2","0","","02","4","2014","4","40.368341","-80.084136","1138","11","0","0","0","0","0","0","1","0","1","0","0","0","","","2","","1","","40 22:06.027","2","0","80 05:02.889","3","0","0","0","2117","0","0","0","N","0","0","0","2","02117","0","","1.0","","1","N","N","","0","","2","0","0","","2","N","","2","2","0","0","0","0","0","2","0","2","","","","N","","","","","","","","","",""
"2014043716","","0","0","0","1","0","0","0","0","0","4","0","","02","4","2014","5","40.400631","-79.903012","1834","11","0","0","0","0","0","0","0","0","1","0","0","0","","","1","","1","","40 24:02.271","5","0","79 54:10.843","4","0","0","0","2448","1","0","0","N","0","0","0","2","02448","1","","1.0","","1","N","N","","0","","0","0","0","","3","Y","","2","1","0","0","0","0","0","2","1","1","","","","N","","","","","","","","","",""
"2014043938","","1","0","0","0","0","0","0","0","0","7","0","","02","4","2014","7","40.286033","-79.814464","0516","11","0","0","0","0","0","0","0","0","","0","0","0","","","1","","0","","40 17:09.720","","0","79 48:52.071","4","0","0","0","2105","0","0","0","N","0","0","0","1","02105","1","","2.0","","1","N","N","","0","","0","0","0","","0","","","1","1","0","0","0","0","0","2","0","1","","","","N","","","","","","","","","",""
"2014044477","","2","0","0","0","0","0","0","0","0","1","0","","02","4","2014","3","40.296898","-79.919536","1022","11","0","0","0","0","0","0","0","0","2","0","0","0","","","2","","2","","40 17:48.831","5","0","79 55:10.331","3","0","0","0","2440","0","0","0","N","0","0","0","3","02440","1","","1.0","","9","N","N","","0","","1","0","0","","2","N","","2","2","0","0","0","0","0","2","0","2","","","","N","","","","","","","","","",""
"2014042961","","1","0","0","0","0","0","0","0","0","4","0","","02","4","2014","5","40.533896","-79.844881","1017","11","0","0","0","0","0","0","0","1","2","0","0","0","","","1","","2","","40 32:02.027","2","0","79 50:41.571","8","0","0","0","2208","0","0","0","N","0","0","0","2","02208","0","","1.0","","1","N","N","","0","","0","0","0","","2","Y","","2","1","0","0","0","1","0","2","1","2","","","","N","","","","","","","","","",""
"2014043717","","1","0","0","0","0","0","0","0","0","4","0","","02","4","2014","7","40.356924","-79.833014","1633","11","0","0","0","0","0","0","0","0","","0","0","0","","","1","","0","","40 21:24.928","","7","79 49:58.851","8","0","0","0","2304","0","0","0","N","0","0","0","2","02304","0","","1.0","","1","N","N","","1","","0","0","0","","0","","","2","1","1","0","0","1","0","2","0","2","","","","N","","","","","","","","","",""
"2014043718","","1","0","0","0","0","0","0","0","0","4","0","","02","4","2014","7","40.41007","-80.031583","1907","11","0","0","0","0","0","0","0","1","1","0","0","0","","","1","","1","","40 24:36.252","1","0","80 01:53.698","4","0","0","0","2301","0","0","0","N","0","0","0","3","02301","1","","1.0","","1","N","N","","1","","0","0","0","","3","N","","2","1","0","0","0","0","0","2","0","2","","","","N","","","","","","","","","",""