"CRN","ARRIVAL_TM","AUTOMOBILE_COUNT","BELTED_DEATH_COUNT","BELTED_SUSP_SERIOUS_INJ_COUNT","BICYCLE_COUNT","BICYCLE_DEATH_COUNT","BICYCLE_SUSP_SERIOUS_INJ_COUNT","BUS_COUNT","CHLDPAS_DEATH_COUNT","CHLDPAS_SUSP_SERIOUS_INJ_COUNT","COLLISION_TYPE","COMM_VEH_COUNT","CONS_ZONE_SPD_LIM","COUNTY","CRASH_MONTH","CRASH_YEAR","DAY_OF_WEEK","DEC_LATITUDE","DEC_LONGITUDE","DISPATCH_TM","DISTRICT","DRIVER_COUNT_16YR","DRIVER_COUNT_17YR","DRIVER_COUNT_18YR","DRIVER_COUNT_19YR","DRIVER_COUNT_20YR","DRIVER_COUNT_50_64YR","DRIVER_COUNT_65_74YR","DRIVER_COUNT_75PLUS","EST_HRS_CLOSED","FATAL_COUNT","HEAVY_TRUCK_COUNT","HORSE_BUGGY_COUNT","HOUR_OF_DAY","ILLUMINATION","INJURY_COUNT","INTERSECTION_RELATED","INTERSECT_TYPE","LANE_CLOSED","LATITUDE","LN_CLOSE_DIR","LOCATION_TYPE","LONGITUDE","MAX_SEVERITY_LEVEL","MCYCLE_DEATH_COUNT","MCYCLE_SUSP_SERIOUS_INJ_COUNT","MOTORCYCLE_COUNT","MUNICIPALITY","NONMOTR_COUNT","NONMOTR_DEATH_COUNT","NONMOTR_SUSP_SERIOUS_INJ_COUNT","NTFY_HIWY_MAINT","PED_COUNT","PED_DEATH_COUNT","PED_SUSP_SERIOUS_INJ_COUNT","PERSON_COUNT","POLICE_AGCY","POSSIBLE_INJ_COUNT","RDWY_SURF_TYPE_CD","RELATION_TO_ROAD","ROADWAY_CLEARED","ROAD_CONDITION","SCH_BUS_IND","SCH_ZONE_IND","SECONDARY_CRASH","SMALL_TRUCK_COUNT","SPEC_JURIS_CD","SUSP_MINOR_INJ_COUNT","SUSP_SERIOUS_INJ_COUNT","SUV_COUNT","TCD_FUNC_CD","TCD_TYPE","TFC_DETOUR_IND","TIME_OF_DAY","TOTAL_UNITS","TOT_INJ_COUNT","UNBELTED_OCC_COUNT","UNB_DEATH_COUNT","UNB_SUSP_SERIOUS_INJ_COUNT","UNK_INJ_DEG_COUNT","UNK_INJ_PER_COUNT","URBAN_RURAL","VAN_COUNT","VEHICLE_COUNT","WEATHER1","WEATHER2","WORKERS_PRES","WORK_ZONE_IND","WORK_ZONE_LOC","WORK_ZONE_TYPE","WZ_CLOSE_DETOUR","WZ_FLAGGER","WZ_LAW_OFFCR_IND","WZ_LN_CLOSURE","WZ_MOVING","WZ_OTHER","WZ_SHLDER_MDN","WZ_WORKERS_INJ_KILLED"
"2014043872","","0","0","0","0","0","0","0","0","0","0","0","","02","4","2014","1","40.462326","-79.913873","1531","11","0","0","0","0","0","0","0","0","","0","0","0","","","0","","0","","40 27:44.374","","0","79 54:49.942","0","0","0","0","2301","0","0","0","N","0","0","0","1","02301","0","","1.0","","1","N","N","","0","","0","0","1","","0","","","1","0","0","0","0","0","0","2","0","1","","","","N","","","","","","","","","",""
"2014042963","","1","0","0","0","0","0","0","0","0","7","0","","02","4","2014","5","40.62011","-79.873779","0751","11","0","1","0","0","0","0","0","0","1","0","0","0","","","1","","0","","40 37:12.395","3","0","79 52:25.605","4","0","0","0","2220","0","0","0","N","0","0","0","1","02220","1","","5.0","","1","N","N","","0","","0","0","0","","0","N","","1","1","0","0","0","0","0","1","0","1","","","","N","","","","","","","","","",""
"2014043942","","2","0","0","0","0","0","0","0","0","4","0","","02","4","2014","7","40.353505","-79.837073","1731","11","0","0","0","0","0","1","0","0","","0","0","0","","","1","","2","","40 21:12.617","","0","79 50:13.464","4","0","0","0","2304","0","0","0","N","0","0","0","3","02304","1","","1.0","","1","N","N","","0","","0","0","0","","0","","","2","1","0","0","0","0","0","2","0","2","","","","N","","","","","","","","","",""
"2014043653","","1","0","0","0","0","0","0","0","0","1","0","","02","4","2014","6","40.351591","-79.960748","1147","11","0","0","0","0","0","1","0","0","","0","0","0","","","0","","0","","40 21:05.729","","0","79 57:38.692","0","0","0","0","2403","0","0","0","N","0","0","0","2","02403","0","","1.0","","1","N","N","","1","","0","0","0","","0","","","2","0","0","0","0","0","0","2","0","2","","","","N","","","","","","","","","",""
"2014042965","","2","0","0","0","0","0","0","0","0","1","0","","02","4","2014","1","40.541222","-79.788583","1430","11","0","0","0","0","0","1","0","1","","0","0","0","","","0","","2","","40 32:28.400","","0","79 47:18.898","0","0","0","0","2462","0","0","0","N","0","0","0","2","02462","0","","1.0","","1","N","N","","0","","0","0","0","","0","","","2","0","2","0","0","0","0","2","0","2","","","","N","","","","","","","","","",""
"2014043807","","1","0","0","0","0","0","0","0","0","4","0","","02","4","2014","7","40.508212","-79.951858","1527","11","0","0","0","0","0","0","0","1","","0","0","0","","","0","","2","","40 30:29.564","","0","79 57:06.687","0","0","0","0","2118","0","0","0","N","0","0","0","4","02118","0","","1.0","","1","N","N","","0","","0","0","0","","3","","","2","0","0","0","0","0","0","2","1","2","","","","N","","","","","","","","","",""
"2014042401","","2","0","0","0","0","0","0","0","0","4","0","","02","4","2014","7","40.309772","-79.914992","2102","11","0","0","0","0","0","0","0","0","","0","0","0","","","2","","3","","40 18:35.179","","0","79 54:53.971","8","0","0","0","2440","0","0","0","N","0","0","0","8","02440","0","","1.0","","1","N","N","","0","","0","0","0","","3","","","2","2","1","0","0","2","0","2","0","2","","","","N","","","","","","","","","",""
"2014043944","","1","0","0","0","0","0","0","0","0","7","0","","02","4","2014","7","40.514506","-79.906652","0432","11","0","0","0","0","0","1","0","0","","0","0","0","","","0","","0","","40 30:52.221","","0","79 54:23.947","0","0","0","0","2432","0","0","0","N","0","0","0","1","02432","0","","4.0","","1","N","N","","0","","0","0","0","","0","","","1","0","0","0","0","0","0","2","0","1","","","","N","","","","","","","","","",""
"2014042415","","1","0","0","0","0","0","0","0","0","7","0","","02","4","2014","2","40.373964","-79.996269","2314","11","0","0","0","0","0","0","0","0","","0","0","0","","","1","","0","","40 22:26.270","","0","79 59:46.570","8","0","0","0","2476","0","0","0","N","0","0","0","1","02476","0","","5.0","","1","N","N","","0","","0","0","0","","0","","","1","1","0","0","0","1","0","2","0","1","","","","N","","","","","","","","","",""
"2014042967","","1","0","0","0","0","0","0","0","0","4","0","","02","4","2014","5","40.445802","-79.712726","0927","11","0","0","0","0","0","0","1","0","","0","0","0","","","1","","0","","40 26:44.888","","7","79 42:45.813","3","0","0","0","2466","0","0","0","N","0","0","0","2","02466","0","","1.0","","1","N","N","","0","","1","0","0","","0","","","2","1","0","0","0","0","0","2","1","2","","","","N","","","","","","","","","",""
"2014043795","","1","0","0","0","0","0","0","0","0","1","0","","02","4","2014","7","40.46408","-79.828447","1102","11","0","0","0","0","0","0","0","0","1","0","0","0","","","1","","0","","40 27:50.688","2","0","79 49:42.409","4","0","0","0","2113","0","0","0","N","0","0","0","4","02113","1","","1.0","","1","N","N","","0","","0","0","1","","0","N","","2","1","0","0","0","0","0","2","0","2","","","","N","","","","","","","","","",""
"2014044485","","0","0","0","0","0","0","0","0","0","2","0","","02","4","2014","3","40.254945","-79.853041","1036","11","0","0","0","0","0","0","0","0","2","0","0","0","","","1","","0","","40 15:17.801","5","0","79 51:10.947","8","0","0","0","2105","0","0","0","N","0","0","0","3","02105","0","","1.0","","9","N","N","","0","","0","0","2","","0","Y","","2","1","1","0","0","1","0","1","0","2","","","","N","","","","","","","","","",""
"2014042892","","1","0","0","0","0","0","0","0","0","7","0","","02","4","2014","5","40.447766","-79.812636","0502","11","0","0","0","0","1","0","0","0","","0","0","0","","","0","","3","","40 26:51.957","","0","79 48:45.489","0","0","0","0","2113","0","0","0","N","0","0","0","1","02113","0","","4.0","","1","N","N","","0","","0","0","0","","3","","","1","0","0","0","0","0","0","2","0","1","","","","N","","","","","","","","","",""
"2014042904","","0","0","0","0","0","0","0","0","0","0","1","","02","3","2014","2","40.499812","-80.121078","1658","11","0","0","0","0","0","1","0","0","3","0","1","0","","","0","","0","","40 29:59.322","1","0","80 07:15.879","0","0","0","0","2115","0","0","0","N","0","0","0","1","68B03","0","","2.0","","1","N","N","","0","","0","0","0","","0","N","","1","0","0","0","0","0","0","2","0","1","","","","N","","","","","","","","","",""
"2014044486","","0","0","0","0","0","0","0","0","0","1","0","","02","4","2014","1","40.572128","-80.023504","2202","11","0","0","0","0","0","0","0","0","2","0","0","0","","","1","","1","","40 34:19.660","1","0","80 01:24.616","8","0","0","0","2108","0","0","0","N","0","0","0","3","02108","0","","1.0","","1","N","N","","0","","0","0","2","","2","N","","2","1","0","0","0","1","0","2","0","2","","","","N","","","","","","","","","",""
"2014042971","","1","0","0","0","0","0","0","0","0","4","0","","02","4","2014","3","40.58826","-80.048719","1803","11","0","0","0","0","0","1","0","0","2","0","0","0","","","0","","2","","40 35:17.736","1","0","80 02:55.387","0","0","0","0","2108","0","0","0","N","0","0","0","3","02108","0","","1.0","","1","N","N","","0","","0","0","1","","3","N","","2","0","0","0","0","0","0","2","0","2","","","","N","","","","","","","","","",""
"2014042419","","1","0","0","0","0","0","0","0","0","4","0","","02","4","2014","2","40.427353","-79.721415","1824","11","0","0","0","0","0","0","1","0","2","0","0","0","","","0","","1","","40 25:38.469","3","0","79 43:17.094","0","0","0","0","2446","0","0","0","N","0","0","0","5","02446","0","","1.0","","1","N","N","","0","","0","0","1","","2","N","","2","0","0","0","0","0","0","2","0","2","","","","N","","","","","","","","","",""
"2014042905","","2","0","0","0","0","0","0","0","0","1","0","45","02","4","2014","3","40.44644","-80.170489","1755","11","0","0","0","0","0","0","0","0","2","0","0","0","","","1","","0","","40 26:47.183","4","0","80 10:13.762","4","0","0","0","2115","0","0","0","N","0","0","0","2","68B03","1","","1.0","","1","N","N","","0","","0","0","0","","8","N","","2","1","0","0","0","0","0","2","0","2","","","N","Y","3","1","N","N","N","Y","N","N","N",""
"2014044487","","1","0","0","0","0","0","0","0","0","4","0","","02","4","2014","3","40.45017","-80.117148","0700","11","0","0","0","0","0","0","0","0","2","0","0","0","","","1","","2","","40 27:00.613","6","6","80 07:01.731","4","0","0","0","2115","0","0","0","N","0","0","0","2","02115","1","","1.0","","9","N","N","","1","","0","0","0","","3","N","","2","1","0","0","0","0","0","2","0","2","","","","N","","","","","","","","","",""
"2014044488","","1","0","0","0","0","0","0","0","0","4","0","","02","4","2014","4","40.328624","-80.029049","1034","11","0","0","0","0","0","0","0","0","","0","0","0","","","0","","1","","40 19:43.048","","0","80 01:44.577","0","0","0","0","2407","0","0","0","N","0","0","0","2","02407","0","","1.0","","1","N","N","","0","","0","0","1","","3","","","2","0","0","0","0","0","0","2","0","2","","","","N","","","","","","","","","",""
"2014043745","","0","0","0","0","0","0","0","0","0","0","0","","02","4","2014","7","40.448963","-80.02067","2117","11","0","0","0","0","0","0","0","0","","0","0","0","","","1","","0","","40 26:56.268","","3","80 01:14.412","3","0","0","1","2301","0","0","0","N","0","0","0","1","02301","0","","1.0","","1","N","N","","0","","1","0","0","","0","","","1","1","0","0","0","0","0","2","0","1","","","","N","","","","","","","","","",""
"2014042409","","2","0","0","0","0","0","0","0","0","4","0","","02","4","2014","7","40.620606","-80.054786","0936","11","0","0","1","0","0","1","0","0","1","0","0","0","","","2","","2","","40 37:14.180","5","7","80 03:17.228","4","0","0","0","2216","0","0","0","N","0","0","0","2","02505","2","","1.0","","1","N","N","","0","","0","0","0","","0","N","","2","2","0","0","0","0","0","2","0","2","","","","N","","","","","","","","","",""
"2014044489","","0","0","0","0","0","0","0","0","0","1","0","","02","4","2014","5","40.347056","-80.054798","1012","11","0","0","0","1","0","0","0","0","2","0","0","0","","","0","","0","","40 20:49.402","1","0","80 03:17.271","0","0","0","0","2407","0","0","0","N","0","0","0","5","02407","0","","1.0","","1","N","N","","0","","0","0","2","","0","N","","3","0","0","0","0","0","0","2","1","3","","","","N","","","","","","","","","",""
"2014043733","","1","0","0","0","0","0","0","0","0","7","0","","02","4","2014","7","40.566241","-79.865661","0021","11","0","0","0","0","0","0","0","0","1","0","0","0","","","0","","0","","40 33:58.469","3","0","79 51:56.380","0","0","0","0","2209","0","0","0","N","0","0","0","2","02209","0","","2.0","","1","N","N","","0","","0","0","0","","0","Y","","1","0","0","0","0","0","0","2","0","1","","","","N","","","","","","","","","",""
"2014043746","","1","0","0","0","0","0","0","0","0","1","0","","02","4","2014","7","40.380935","-79.814556","1923","11","0","0","0","0","0","0","0","0","","0","0","0","","","2","","3","","40 22:51.366","","0","79 48:52.400","4","0","0","0","2424","0","0","0","N","0","0","0","3","02424","2","","1.0","","1","N","N","","0","","0","0","0","","3","","","2","2","0","0","0","0","0","2","1","2","","","","N","","","","","","","","","",""
"2014044564","","1","0","0","0","0","0","0","0","0","7","0","","02","4","2014","2","40.453297","-79.947387","2213","11","0","0","0","0","0","0","0","1","","0","0","0","","","0","","2","","40 27:11.869","","0","79 56:50.593","0","0","0","0","2301","0","0","0","N","0","0","0","1","02301","0","","5.0","","1","N","N","","0","","0","0","0","","0","","","1","0","0","0","0","0","0","2","0","1","","","","N","","","","","","","","","",""
"2014043663","","1","0","0","0","0","0","0","0","0","4","0","","02","4","2014","6","40.348168","-79.947286","1737","11","0","0","0","0","0","0","0","0","","0","0","0","","","0","","1","","40 20:53.403","","0","79 56:50.231","0","0","0","0","2473","0","0","0","N","0","0","0","2","02473","0","","1.0","","9","N","N","","0","","0","0","1","","2","","","2","0","0","0","0","0","0","2","0","2","","","","N","","","","","","","","","",""
"2014044490","","0","0","0","0","0","0","0","0","0","1","0","","02","4","2014","5","40.338491","-80.017584","1705","11","0","0","0","0","0","1","0","0","","0","0","0","","","1","","0","","40 20:18.566","","0","80 01:03.301","4","0","0","1","2407","0","0","0","N","0","0","0","2","02407","1","","1.0","","1","N","N","","0","","0","0","1","","0","","","2","1","0","0","0","0","0","2","0","2","","","","N","","","","","","","","","",""
"2014043597","","1","0","0","0","0","0","0","0","0","7","0","","02","4","2014","6","40.611389","-79.947778","0806","11","0","0","0","0","0","0","0","0","","0","0","0","","","1","","0","","40 36:41.000","","2","79 56:52.000","8","0","0","0","2207","0","0","0","N","0","0","0","1","68T02","0","","3.0","","1","N","N","","0","","0","0","0","","0","","","1","1","0","0","0","1","0","2","0","1","","","","N","","","","","","","","","",""
"2014044491","","2","0","0","0","0","0","0","0","0","4","0","","02","4","2014","7","40.324849","-80.025768","1402","11","0","0","0","0","0","1","0","0","","0","0","0","","","0","","3","","40 19:29.456","","0","80 01:32.763","0","0","0","0","2407","0","0","0","N","0","0","0","3","02407","0","","1.0","","1","N","N","","0","","0","0","0","","3","","","2","0","0","0","0","0","0","2","0","2","","","","N","","","","","","","","","",""
"2014043899","","1","0","0","0","0","0","0","0","0","1","0","","02","4","2014","1","40.466618","-79.925386","2003","11","0","0","0","0","0","1","0","0","","0","0","0","","","3","","1","","40 27:59.824","","0","79 55:31.389","3","0","0","0","2301","0","0","0","N","0","0","0","4","02301","2","","1.0","","1","N","N","","0","","1","0","1","","2","","","2","3","0","0","0","0","0","2","0","2","","","","N","","","","","","","","","",""
"2014044415","","2","0","0","0","0","0","0","0","0","1","0","","02","4","2014","5","40.425758","-79.911624","2230","11","0","0","0","1","0","0","0","0","","0","0","0","","","0","","0","","40 25:32.728","","4","79 54:41.845","0","0","0","0","2301","0","0","0","N","0","0","0","3","68B03","0","","1.0","","1","N","N","","0","","0","0","0","","0","","","2","0","0","0","0","0","0","2","0","2","","","","N","","","","","","","","","",""
"2014043665","","1","0","0","0","0","0","0","0","0","1","0","","02","4","2014","6","40.392961","-79.934732","1808","11","0","0","0","0","0","1","1","0","","0","0","0","","","0","","0","","40 23:34.658","","8","79 56:05.034","0","0","0","0","2301","0","0","0","N","0","0","0","2","02301","0","","1.0","","9","N","N","","0","","0","0","1","","0","","","2","0","0","0","0","0","0","2","0","2","","","","N","","","","","","","","","",""
"2014043130","","1","0","0","0","0","0","0","0","0","1","0","","02","4","2014","2","40.298071","-80.029568","1726","11","0","0","0","0","0","1","0","1","2","0","0","0","","","1","","0","","40 17:53.054","5","7","80 01:46.446","8","0","0","0","2407","0","0","0","N","0","0","0","3","02407","0","","1.0","","1","N","N","","1","","0","0","1","","0","N","","3","1","0","0","0","1","0","2","0","3","","","","N","","","","","","","","","",""
"2014043754","","1","0","0","0","0","0","0","0","0","7","0","","02","4","2014","1","40.452396","-79.844233","0145","11","0","0","0","0","0","0","0","0","2","0","0","0","","","0","","0","","40 27:08.624","1","0","79 50:39.239","0","0","0","0","2113","0","0","0","N","0","0","0","1","02113","0","","5.0","","1","N","N","","0","","0","0","0","","0","Y","","1","0","0","0","0","0","0","2","0","1","","","","N","","","","","","","","","",""
"2014043131","","2","0","0","0","0","0","0","0","0","1","0","","02","4","2014","2","40.342241","-80.016155","1754","11","1","0","0","0","0","2","0","0","1","0","0","0","","","3","","0","","40 20:32.069","3","0","80 00:58.159","8","0","0","0","2407","0","0","0","N","0","0","0","6","02407","0","","1.0","","1","N","N","","0","","0","0","0","","0","N","","3","3","0","0","0","3","0","2","1","3","","","","N","","","","","","","","","",""
"2014043902","","0","0","0","0","0","0","0","0","0","4","0","","02","4","2014","1","40.453108","-80.019424","2100","11","0","0","0","0","0","1","0","0","","0","0","0","","","0","","1","","40 27:11.188","","0","80 01:09.926","0","0","0","0","2301","0","0","0","N","0","0","0","2","02301","0","","1.0","","1","N","N","","0","","0","0","2","","2","","","2","0","0","0","0","0","0","2","0","2","","","","N","","","","","","","","","",""
"2014043601","","1","0","0","0","0","0","0","0","0","7","0","","02","4","2014","5","40.417989","-80.058371","1029","11","0","0","0","0","0","0","0","1","","0","0","0","","","0","","0","","40 25:04.759","","0","80 03:30.134","0","0","0","0","2435","0","0","0","N","0","0","0","1","02435","0","","4.0","","1","N","N","","0","","0","0","0","","0","","","1","0","0","0","0","0","0","2","0","1","","","","N","","","","","","","","","",""
"2014043756","","1","0","0","0","0","0","0","0","0","7","0","","02","4","2014","1","40.443016","-80.008291","0214","11","0","0","0","0","1","0","0","0","","0","0","0","","","0","","0","","40 26:34.856","","8","80 00:29.848","0","0","0","0","2301","0","0","0","N","0","0","0","1","02301","0","","2.0","","1","N","N","","0","","0","0","0","","0","","","1","0","0","0","0","0","0","2","0","1","","","","N","","","","","","","","","",""
"2014042507","","1","0","0","0","0","0","0","0","0","7","0","","02","4","2014","6","40.531306","-79.821298","1827","11","0","0","0","0","0","1","0","0","2","0","0","0","","","2","","0","","40 31:52.701","4","0","79 49:16.672","4","0","0","0","2466","0","0","0","N","0","0","0","2","68T02","2","","3.0","","1","N","N","","0","","0","0","0","","0","N","","1","2","0","0","0","0","0","1","0","1","","","","N","","","","","","","","","",""
"2014027217","","2","0","0","0","0","0","0","0","0","4","0","","02","3","2014","2","40.335179","-79.836238","0959","11","0","0","0","0","0","0","0","0","","0","0","0","","","1","","2","","40 20:06.644","","0","79 50:10.456","4","0","0","0","2304","3","0","0","","3","0","0","4","02304","1","","1.0","","2","N","N","","0","","0","0","0","","3","","","5","1","0","0","0","0","1","2","0","2","","","","N","","","","","","","","","",""
"2014028912","","0","0","0","0","0","0","0","0","0","7","0","","02","3","2014","1","40.453343","-80.211774","2203","11","0","0","0","0","0","0","0","0","1","0","0","0","","","1","","0","","40 27:12.034","6","0","80 12:42.386","4","0","0","0","2214","0","0","0","N","0","0","0","1","02214","1","","2.0","","1","N","N","","0","","0","0","1","","0","Y","","1","1","0","0","0","0","0","2","0","1","","","","N","","","","","","","","","",""
"2014029759","","1","0","0","0","0","0","0","0","0","1","0","","02","3","2014","2","40.586853","-80.041629","1808","11","0","0","0","0","0","2","0","0","2","0","0","0","","","2","","0","","40 35:12.669","2","0","80 02:29.866","8","0","0","0","2108","0","0","0","N","0","0","0","3","02108","0","","1.0","","1","N","N","","0","","0","0","1","","0","N","","2","2","0","0","0","2","0","2","0","2","","","","N","","","","","","","","","",""
"2014042508","","1","0","0","0","0","0","0","0","0","7","0","55","02","4","2014","2","40.594299","-79.901604","0914","11","0","0","0","0","0","0","0","0","1","0","0","0","","","0","","0","","40 35:39.475","3","0","79 54:05.774","0","0","0","0","2209","0","0","0","N","0","0","0","1","68T02","0","","3.0","","1","N","N","","0","","0","0","0","","0","N","","1","0","0","0","0","0","0","1","0","1","","","Y","Y","2","1","N","N","N","N","N","N","Y",""
"2014027292","","0","0","0","0","0","0","0","0","0","4","0","","02","3","2014","2","40.315416","-80.006131","1938","11","0","0","0","0","0","1","1","0","","0","0","0","","","0","","1","","40 18:55.497","","0","80 00:22.071","0","0","0","0","2219","0","0","0","N","0","0","0","3","02501","0","","1.0","","1","N","N","","0","","0","0","2","","2","","","2","0","0","0","0","0","0","2","0","2","","","","N","","","","","","","","","",""
"2014029632","","0","0","0","0","0","0","0","0","0","1","0","","02","3","2014","3","40.462266","-79.824076","1750","11","0","0","0","0","0","2","0","0","","0","0","0","","","1","","0","","40 27:44.159","","0","79 49:26.672","8","0","0","0","2113","0","0","0","N","0","0","0","3","02113","0","","1.0","","1","N","N","","1","","0","0","2","","0","","","3","1","0","0","0","1","0","2","0","3","","","","N","","","","","","","","","",""
"2014029760","","1","0","0","0","0","0","0","0","0","7","0","","02","3","2014","3","40.329118","-80.061023","0514","11","0","0","0","0","0","0","0","0","","0","0","0","","","1","","0","","40 19:44.824","","0","80 03:39.681","8","0","0","0","2407","0","0","0","N","0","0","0","2","02407","0","","5.0","","1","N","N","","0","","0","0","0","","0","","","1","1","0","0","0","1","0","2","0","1","","","","N","","","","","","","","","",""
"2014042436","","0","0","0","0","0","0","0","0","0","7","0","","02","4","2014","4","40.462886","-79.986883","0126","11","0","0","0","0","0","0","0","0","","0","0","0","","","1","","0","","40 27:46.389","","0","79 59:12.778","4","0","0","0","2301","0","0","0","N","0","0","0","1","02301","1","","4.0","","9","N","N","","0","","0","0","1","","0","","","1","1","0","0","0","0","0","2","0","1","","","","N","","","","","","","","","",""
"2014027307","","2","0","0","0","0","0","0","0","0","4","0","","02","3","2014","3","40.340675","-79.964437","1620","11","0","0","0","0","0","0","1","0","2","0","0","0","","","1","","1","","40 20:26.431","5","0","79 57:51.974","3","0","0","0","2454","0","0","0","N","0","0","0","2","02454","0","","1.0","","1","N","N","","1","","1","0","0","","2","N","","3","1","0","0","0","0","0","2","0","3","","","","N","","","","","","","","","",""
"2014043257","","4","0","0","0","0","0","0","0","0","5","0","","02","4","2014","6","40.410465","-79.989291","0038","11","0","0","0","0","0","0","0","0","","0","0","0","","","0","","0","","40 24:37.675","","0","79 59:21.447","0","0","0","0","2447","0","0","0","N","0","0","0","1","02447","0","","6.0","","1","N","N","","0","","0","0","1","","0","","","5","0","0","0","0","0","0","2","0","5","","","","N","","","","","","","","","",""
"2014043258","","1","0","0","0","0","0","0","0","0","7","0","","02","4","2014","2","40.415858","-79.746642","0116","11","0","0","0","0","0","0","0","0","","0","0","0","","","1","","0","","40 24:57.090","","0","79 44:47.910","4","0","0","0","2446","0","0","0","N","0","0","0","1","02446","1","","5.0","","1","N","N","","0","","0","0","0","","0","","","1","1","1","0","0","0","0","2","0","1","","","","N","","","","","","","","","",""
"2014028837","","0","0","0","0","0","0","0","0","0","7","0","","02","3","2014","1","40.496126","-79.774316","1647","11","0","0","0","0","0","0","0","0","1","0","0","0","","","0","","0","","40 29:46.054","6","0","79 46:27.538","0","0","0","0","2466","0","0","0","N","0","0","0","1","02466","0","","5.0","","2","N","N","","1","","0","0","0","","0","N","","1","0","0","0","0","0","0","2","0","1","","","","N","","","","","","","","","",""
"2014043977","","1","0","0","0","0","0","0","0","0","1","0","","02","3","2014","7","40.436772","-80.015128","1250","11","0","0","0","0","0","0","0","0","","0","0","0","","","1","","0","","40 26:12.379","","4","80 00:54.462","4","0","0","0","2301","0","0","0","N","0","0","0","5","68B03","1","","1.0","","1","N","N","","0","","0","0","1","","0","","","2","1","0","0","0","0","0","2","0","2","","","","N","","","","","","","","","",""
"2014042513","","1","0","0","0","0","0","0","0","0","1","0","","02","4","2014","4","40.356261","-79.936575","1554","11","0","0","0","0","0","1","0","0","","0","0","0","","","1","","0","","40 21:22.539","","0","79 56:11.671","3","0","0","0","2473","0","0","0","N","0","0","0","2","02473","0","","1.0","","1","N","N","","0","","1","0","0","","0","","","2","1","0","0","0","0","0","2","1","2","","","","N","","","","","","","","","",""
"2014029636","","1","0","0","0","0","0","0","0","0","4","0","","02","3","2014","3","40.449706","-80.025099","0008","11","0","0","0","0","0","0","0","0","2","0","0","0","","","3","","1","","40 26:58.940","4","8","80 01:30.356","4","0","0","0","2301","0","0","0","N","0","0","0","3","02301","3","","1.0","","1","N","N","","1","","0","0","0","","2","N","","2","3","0","0","0","0","0","2","0","2","","","","N","","","","","","","","","",""
"2014043978","","1","0","0","0","0","0","0","0","0","1","0","","02","4","2014","4","40.421878","-80.097746","2237","11","0","0","0","0","0","1","0","0","","0","0","0","","","2","","0","","40 25:18.762","","0","80 05:51.885","3","0","0","0","2102","0","0","0","N","0","0","0","3","68B03","0","","1.0","","1","N","N","","0","","1","0","1","","0","","","2","2","0","0","0","1","0","2","0","2","","","","N","","","","","","","","","",""
"2014042514","","0","0","0","0","0","0","0","0","0","7","0","","02","4","2014","4","40.673786","-80.036208","0532","11","0","0","0","0","0","0","0","0","1","0","0","0","","","0","","0","","40 40:25.631","1","0","80 02:10.348","0","0","0","0","2216","0","0","0","N","0","0","0","1","02505","0","","1.0","","1","N","N","","0","","0","0","1","","0","N","","1","0","0","0","0","0","0","2","0","1","","","","N","","","","","","","","","",""
"2014027223","","0","0","0","0","0","0","0","0","0","4","0","","02","3","2014","1","40.457556","-79.9015","1100","11","0","0","0","0","0","0","0","1","","0","0","0","","","0","","1","","40 27:27.200","","0","79 54:05.400","9","0","0","0","2301","0","0","0","N","0","0","0","2","02301","0","","1.0","","7","N","N","","1","","0","0","1","","2","","","2","0","0","0","0","0","1","2","0","2","","","","N","","","","","","","","","",""
"2014029699","","0","0","0","0","0","0","0","0","0","4","0","","02","3","2014","4","40.484334","-80.035812","0547","11","0","0","0","0","0","1","0","0","","0","0","0","","","2","","1","","40 29:03.602","","0","80 02:08.923","4","0","0","0","2301","0","0","0","N","0","0","0","2","02301","1","","1.0","","1","N","N","","2","","0","0","0","","2","","","2","2","1","0","0","1","0","2","0","2","","","","N","","","","","","","","","",""
"2014027299","","1","0","0","0","0","0","0","0","0","1","0","","02","2","2014","4","40.368414","-79.779319","1853","11","0","0","0","0","0","0","1","0","2","0","0","0","","","2","","0","","40 22:06.290","5","0","79 46:45.550","4","0","0","0","2111","0","0","0","N","0","0","0","7","02111","2","","1.0","","9","N","N","","0","","0","0","0","","0","Y","","2","2","0","0","0","0","0","2","1","2","","","","N","","","","","","","","","",""
"2014029638","","2","0","0","0","0","0","0","0","0","2","0","","02","3","2014","3","40.465139","-79.965468","2145","11","0","0","0","0","0","0","0","0","","0","0","0","","","0","","0","","40 27:54.499","","0","79 57:55.684","0","0","0","0","2301","0","0","0","N","0","0","0","1","02301","0","","1.0","","1","N","N","","0","","0","0","1","","0","","","3","0","0","0","0","0","0","2","0","3","","","","N","","","","","","","","","",""
"2014027314","","2","0","0","0","0","0","0","0","0","1","0","","02","3","2014","2","40.35015","-79.862973","0852","11","0","0","0","0","0","0","0","1","1","0","0","0","","","1","","1","","40 21:00.540","3","0","79 51:46.702","4","0","0","0","2304","0","0","0","N","0","0","0","2","02304","1","","1.0","","2","N","N","","0","","0","0","0","","3","N","","2","1","0","0","0","0","0","2","0","2","","","","N","","","","","","","","","",""
"2014029701","","1","0","0","0","0","0","0","0","0","7","0","","02","3","2014","7","40.410685","-80.070811","0239","11","0","0","0","0","0","0","0","0","2","0","0","0","","","1","","0","","40 24:38.467","4","0","80 04:14.918","4","0","0","0","2117","0","0","0","N","0","0","0","1","68B03","1","","3.0","","1","N","N","","0","","0","0","0","","0","N","","1","1","0","0","0","0","0","2","0","1","","","","N","","","","","","","","","",""