"CRN","ARRIVAL_TM","AUTOMOBILE_COUNT","BELTED_DEATH_COUNT","BELTED_SUSP_SERIOUS_INJ_COUNT","BICYCLE_COUNT","BICYCLE_DEATH_COUNT","BICYCLE_SUSP_SERIOUS_INJ_COUNT","BUS_COUNT","CHLDPAS_DEATH_COUNT","CHLDPAS_SUSP_SERIOUS_INJ_COUNT","COLLISION_TYPE","COMM_VEH_COUNT","CONS_ZONE_SPD_LIM","COUNTY","CRASH_MONTH","CRASH_YEAR","DAY_OF_WEEK","DEC_LATITUDE","DEC_LONGITUDE","DISPATCH_TM","DISTRICT","DRIVER_COUNT_16YR","DRIVER_COUNT_17YR","DRIVER_COUNT_18YR","DRIVER_COUNT_19YR","DRIVER_COUNT_20YR","DRIVER_COUNT_50_64YR","DRIVER_COUNT_65_74YR","DRIVER_COUNT_75PLUS","EST_HRS_CLOSED","FATAL_COUNT","HEAVY_TRUCK_COUNT","HORSE_BUGGY_COUNT","HOUR_OF_DAY","ILLUMINATION","INJURY_COUNT","INTERSECTION_RELATED","INTERSECT_TYPE","LANE_CLOSED","LATITUDE","LN_CLOSE_DIR","LOCATION_TYPE","LONGITUDE","MAX_SEVERITY_LEVEL","MCYCLE_DEATH_COUNT","MCYCLE_SUSP_SERIOUS_INJ_COUNT","MOTORCYCLE_COUNT","MUNICIPALITY","NONMOTR_COUNT","NONMOTR_DEATH_COUNT","NONMOTR_SUSP_SERIOUS_INJ_COUNT","NTFY_HIWY_MAINT","PED_COUNT","PED_DEATH_COUNT","PED_SUSP_SERIOUS_INJ_COUNT","PERSON_COUNT","POLICE_AGCY","POSSIBLE_INJ_COUNT","RDWY_SURF_TYPE_CD","RELATION_TO_ROAD","ROADWAY_CLEARED","ROAD_CONDITION","SCH_BUS_IND","SCH_ZONE_IND","SECONDARY_CRASH","SMALL_TRUCK_COUNT","SPEC_JURIS_CD","SUSP_MINOR_INJ_COUNT","SUSP_SERIOUS_INJ_COUNT","SUV_COUNT","TCD_FUNC_CD","TCD_TYPE","TFC_DETOUR_IND","TIME_OF_DAY","TOTAL_UNITS","TOT_INJ_COUNT","UNBELTED_OCC_COUNT","UNB_DEATH_COUNT","UNB_SUSP_SERIOUS_INJ_COUNT","UNK_INJ_DEG_COUNT","UNK_INJ_PER_COUNT","URBAN_RURAL","VAN_COUNT","VEHICLE_COUNT","WEATHER1","WEATHER2","WORKERS_PRES","WORK_ZONE_IND","WORK_ZONE_LOC","WORK_ZONE_TYPE","WZ_CLOSE_DETOUR","WZ_FLAGGER","WZ_LAW_OFFCR_IND","WZ_LN_CLOSURE","WZ_MOVING","WZ_OTHER","WZ_SHLDER_MDN","WZ_WORKERS_INJ_KILLED"
"2014044760","","0","0","0","0","0","0","0","0","0","7","0","","02","4","2014","3","40.263121","-79.830262","1705","11","0","0","0","0","0","0","0","1","2","0","0","0","","","0","","0","","40 15:47.235","1","0","79 49:48.943","0","0","0","0","2105","0","0","0","N","0","0","0","1","02105","0","","4.0","","1","N","N","","0","","0","0","1","","0","N","","1","0","0","0","0","0","0","2","0","1","","","","N","","","","","","","","","",""
"2014043303","","1","0","0","0","0","0","0","0","0","6","0","","02","4","2014","6","40.4567","-80.052787","0609","11","0","0","0","0","0","0","0","0","","0","0","0","","","0","","0","","40 27:24.120","","0","80 03:10.033","0","0","0","0","2301","0","0","0","N","0","0","0","1","02301","0","","1.0","","1","N","N","","0","","0","0","0","","3","","","2","0","0","0","0","0","0","2","0","2","","","","N","","","","","","","","","",""
"2014029669","","0","0","0","0","0","0","0","0","0","7","0","","02","2","2014","1","40.43166","-79.87218","2300","11","0","0","0","0","0","0","0","0","","0","0","0","","","1","","0","","40 25:53.976","","0","79 52:19.849","3","0","0","0","2411","0","0","0","N","0","0","0","1","68B03","0","","3.0","","1","N","N","","0","","1","0","1","","0","","","1","1","0","0","0","0","0","2","0","1","","","","N","","","","","","","","","",""
"2014027354","","0","0","0","0","0","0","0","0","0","7","0","","02","3","2014","2","40.494146","-79.909289","0321","11","0","0","0","0","0","0","0","0","1","0","0","0","","","0","","0","","40 29:38.926","3","3","79 54:33.441","0","0","0","0","2461","0","0","0","N","0","0","0","2","68D02","0","","2.0","","1","N","N","","0","","0","0","1","","0","Y","","1","0","0","0","0","0","0","2","0","1","","","","N","","","","","","","","","",""
"2014042418","","1","0","0","0","0","0","0","0","0","1","0","","02","4","2014","2","40.379793","-79.808308","0522","11","0","0","0","0","0","1","0","0","","0","0","0","","","1","","2","","40 22:47.253","","0","79 48:29.908","3","0","0","1","2424","0","0","0","N","0","0","0","2","02424","0","","1.0","","1","N","N","","0","","1","0","0","","2","","","2","1","0","0","0","0","0","2","0","2","","","","N","","","","","","","","","",""
"2014028044","","0","0","0","0","0","0","0","0","0","7","0","","02","3","2014","5","40.399763","-80.007604","1427","11","0","0","0","0","0","1","0","0","3","0","0","0","","","1","","0","","40 23:59.145","7","0","80 00:27.375","4","0","0","0","2301","0","0","0","N","0","0","0","1","02301","1","","4.0","","9","N","N","","0","","0","0","1","","0","N","","1","1","0","0","0","0","0","2","0","1","","","","N","","","","","","","","","",""
"2014027343","","1","0","0","0","0","0","0","0","0","7","0","","02","1","2014","1","40.401936","-80.106682","1958","11","0","0","0","0","0","0","0","0","2","0","0","0","","","3","","0","","40 24:06.970","2","0","80 06:24.054","8","0","0","0","2102","0","0","0","N","0","0","0","5","68B03","0","","7.0","","9","N","N","","0","","0","0","0","","0","N","","1","3","0","0","0","3","0","2","0","1","","","","N","","","","","","","","","",""
"2014027344","","1","0","0","0","0","0","0","0","0","7","0","","02","2","2014","4","40.493734","-80.124625","1019","11","0","0","0","0","0","0","0","0","1","0","0","0","","","1","","0","","40 29:37.443","1","0","80 07:28.650","8","0","0","0","2115","0","0","0","N","0","0","0","1","68B03","0","","4.0","","9","N","N","","0","","0","0","0","","0","N","","1","1","1","0","0","1","0","2","0","1","","","","N","","","","","","","","","",""
"2014043245","","1","0","0","0","0","0","0","0","0","1","0","","02","4","2014","3","40.4347","-79.995382","0628","11","0","0","0","0","0","0","0","0","","0","0","0","","","0","","7","","40 26:04.921","","8","79 59:43.376","0","0","0","0","2301","0","0","0","N","0","0","0","2","02301","0","","1.0","","1","N","N","","0","","0","0","1","","0","","","2","0","0","0","0","0","0","2","0","2","","","","N","","","","","","","","","",""
"2014027345","","1","0","0","0","0","0","0","0","0","7","0","","02","2","2014","1","40.372112","-80.114013","1222","11","0","0","0","0","0","0","0","0","","0","0","0","","","1","","0","","40 22:19.603","","0","80 06:50.448","8","0","0","0","2102","0","0","0","N","0","0","0","1","68B03","0","","3.0","","6","N","N","","0","","0","0","0","","0","","","1","1","0","0","0","1","0","2","0","1","","","","N","","","","","","","","","",""
"2014028825","","1","0","0","0","0","0","0","0","0","1","0","","02","3","2014","7","40.438871","-79.760628","2108","11","0","0","0","0","0","0","0","0","1","0","0","0","","","0","","1","","40 26:19.934","3","0","79 45:38.259","0","0","0","0","2446","0","0","0","N","0","0","0","2","02446","0","","1.0","","9","N","N","","0","","0","0","1","","2","N","","2","0","0","0","0","0","0","2","0","2","","","","N","","","","","","","","","",""
"2014028757","","0","0","0","0","0","0","0","0","0","4","0","","02","3","2014","7","40.462126","-79.926858","1346","11","0","0","0","0","0","1","0","0","","0","0","0","","","1","","1","","40 27:43.653","","0","79 55:36.688","4","0","0","0","2301","0","0","0","N","0","0","0","4","02301","1","","1.0","","1","N","N","","0","","0","0","1","","3","","","2","1","0","0","0","0","0","2","1","2","","","","N","","","","","","","","","",""
"2014027210","","0","0","0","0","0","0","0","0","0","1","0","","02","3","2014","3","40.433509","-79.953426","0824","11","0","0","0","0","0","0","1","0","","0","0","0","","","0","","0","","40 26:00.631","","0","79 57:12.333","9","0","0","0","2301","0","0","0","N","0","0","0","3","02301","0","","1.0","","2","N","N","","0","","0","0","1","","0","","","2","0","0","0","0","0","1","2","1","2","","","","N","","","","","","","","","",""
"2014029610","","1","0","0","0","0","0","0","0","0","4","0","","02","3","2014","2","40.437639","-79.770056","2112","11","0","0","0","0","0","1","0","0","1","0","0","0","","","1","","0","","40 26:15.500","1","0","79 46:12.200","4","0","0","0","2446","0","0","0","N","0","0","0","5","02446","1","","1.0","","1","N","N","","0","","0","0","0","","3","N","","2","1","1","0","0","0","0","2","1","2","","","","N","","","","","","","","","",""
"2014044768","","1","0","0","0","0","0","0","0","0","5","0","","02","4","2014","3","40.456944","-79.92325","1938","11","0","0","0","0","0","0","0","0","","0","0","0","","","0","","0","","40 27:25.000","","0","79 55:23.700","0","0","0","0","2301","0","0","0","N","0","0","0","1","02301","0","","4.0","","1","N","N","","1","","0","0","0","","0","","","2","0","0","0","0","0","0","2","0","2","","","","N","","","","","","","","","",""
"2014044832","","1","0","0","0","0","0","0","0","0","1","0","","02","4","2014","7","40.416183","-80.085374","1801","11","0","0","0","0","0","0","0","0","","0","0","0","","","0","","0","","40 24:58.257","","0","80 05:07.345","0","0","0","0","2415","0","0","0","N","0","0","0","2","68B03","0","","1.0","","1","N","N","","0","","0","0","1","","0","","","2","0","0","0","0","0","0","2","0","2","","","","N","","","","","","","","","",""
"2014028827","","2","0","0","0","0","0","0","0","0","4","0","","02","3","2014","4","40.384889","-79.978167","1630","11","0","0","0","0","0","1","0","1","","0","0","0","","","0","","0","","40 23:05.600","","7","79 58:41.400","0","0","0","0","2301","0","0","0","N","0","0","0","3","02301","0","","1.0","","1","N","N","","0","","0","0","1","","0","","","3","0","0","0","0","0","0","2","0","3","","","","N","","","","","","","","","",""
"2014028973","","0","0","0","0","0","0","0","0","0","1","0","","02","2","2014","2","40.438325","-80.005463","1829","11","0","0","0","0","0","0","1","0","","0","0","0","","","0","","0","","40 26:17.971","","0","80 00:19.665","0","0","0","0","2301","0","0","0","N","0","0","0","3","68B03","0","","1.0","","1","N","N","","1","","0","0","1","","0","","","2","0","0","0","0","0","0","2","0","2","","","","N","","","","","","","","","",""
"2014027212","","1","0","0","0","0","0","0","0","0","1","0","","02","3","2014","3","40.445944","-79.84844","0800","11","0","0","0","0","0","0","1","0","","0","0","0","","","1","","1","","40 26:45.400","","0","79 50:54.384","8","0","0","0","2419","0","0","0","N","0","0","0","3","02419","0","","1.0","","1","N","N","","0","","0","0","1","","4","","","2","1","1","0","0","1","0","2","0","2","","","","N","","","","","","","","","",""
"2014028974","","2","0","0","0","0","0","0","0","0","5","0","","02","2","2014","4","40.420072","-80.033224","1309","11","0","0","0","1","0","0","0","0","1","0","0","0","","","0","","0","","40 25:12.260","4","0","80 01:59.605","0","0","0","0","2301","0","0","0","N","0","0","0","3","68B03","0","","1.0","","1","N","N","","0","","0","0","1","","0","N","","3","0","0","0","0","0","0","2","0","3","","","","N","","","","","","","","","",""
"2014028192","","0","0","0","0","0","0","0","0","0","6","0","","02","3","2014","5","40.427156","-79.938714","1931","11","0","0","0","0","0","2","0","0","","0","0","0","","","1","","10","","40 25:37.761","","3","79 56:19.370","8","0","0","0","2301","0","0","0","N","0","0","0","4","02301","0","","1.0","","1","N","N","","0","","0","0","2","","0","","","2","1","0","0","0","1","2","2","0","2","","","","N","","","","","","","","","",""
"2014027301","","1","0","0","0","0","0","0","0","0","7","0","","02","3","2014","2","40.346528","-79.835611","0700","11","0","0","0","0","0","1","0","0","1","0","0","0","","","1","","0","","40 20:47.500","4","0","79 50:08.200","4","0","0","0","2304","0","0","0","N","0","0","0","2","02304","1","","4.0","","2","N","Y","","0","","0","0","0","","0","N","","1","1","0","0","0","0","0","2","0","1","","","","N","","","","","","","","","",""
"2014028975","","0","0","0","0","0","0","0","0","0","7","0","","02","2","2014","4","40.506904","-80.137043","2328","11","0","0","0","0","0","0","0","0","","0","0","0","","","1","","7","","40 30:24.853","","2","80 08:13.356","4","0","0","0","2115","0","0","0","N","0","0","0","1","68B03","1","","3.0","","2","N","N","","0","","0","0","1","","0","","","1","1","1","0","0","0","0","2","0","1","","","","N","","","","","","","","","",""
"2014028193","","0","0","0","0","0","0","0","0","0","1","0","","02","2","2014","7","40.318608","-79.824705","2110","11","0","0","0","0","0","0","0","0","1","0","0","0","","","0","","2","","40 19:06.990","3","0","79 49:28.938","0","0","0","0","2469","0","0","0","N","0","0","0","2","02469","0","","1.0","","1","N","N","","1","","0","0","1","","3","Y","","2","0","0","0","0","0","0","2","0","2","","","","N","","","","","","","","","",""
"2014042429","","1","0","0","0","0","0","0","0","0","7","0","","02","4","2014","4","40.458694","-79.998333","0015","11","0","0","0","0","0","0","0","0","","0","0","0","","","0","","2","","40 27:31.300","","0","79 59:54.000","0","0","0","0","2301","0","0","0","N","0","0","0","1","02301","0","","3.0","","1","N","N","","0","","0","0","0","","0","","","1","0","0","0","0","0","0","2","0","1","","","","N","","","","","","","","","",""
"2014043252","","2","0","0","0","0","0","0","0","0","1","0","","02","4","2014","2","40.447767","-79.731071","0103","11","0","0","0","0","0","1","0","0","","0","0","0","","","0","","0","","40 26:51.961","","7","79 43:51.855","9","0","0","0","2446","0","0","0","N","0","0","0","1","02446","0","","2.0","","1","N","N","","0","","0","0","2","","0","","","4","0","0","0","0","0","1","2","0","4","","","","N","","","","","","","","","",""
"2014029614","","1","0","0","0","0","0","0","0","0","7","0","","02","3","2014","2","40.419139","-79.858913","1752","11","0","0","0","0","0","0","0","1","","0","0","0","","","0","","0","","40 25:08.901","","0","79 51:32.088","9","0","0","0","2411","0","0","0","N","0","0","0","1","02411","0","","4.0","","1","N","N","","0","","0","0","0","","0","","","1","0","0","0","0","0","1","2","0","1","","","","N","","","","","","","","","",""
"2014027288","","1","0","0","0","0","0","0","0","0","7","0","","02","3","2014","3","40.399723","-79.935716","1530","11","0","0","0","0","0","1","0","0","","0","0","0","","","0","","0","","40 23:59.001","","3","79 56:08.576","0","0","0","0","2301","0","0","0","N","0","0","0","1","02301","0","","4.0","","2","N","N","","0","","0","0","0","","0","","","1","0","0","0","0","0","0","2","0","1","","","","N","","","","","","","","","",""
"2014028976","","1","0","0","0","0","0","0","0","0","5","1","","02","3","2014","4","40.407452","-80.10745","0342","11","0","0","0","0","0","0","0","0","","0","1","0","","","0","","0","","40 24:26.828","","0","80 06:26.821","0","0","0","0","2102","0","0","0","N","0","0","0","2","68B03","0","","1.0","","1","N","N","","0","","0","0","0","","0","","","2","0","0","0","0","0","0","2","0","2","","","","N","","","","","","","","","",""
"2014029550","","2","0","0","0","0","0","0","0","0","4","0","","02","3","2014","3","40.349918","-79.864728","1536","11","0","0","0","0","0","0","0","0","1","0","0","0","","","1","","1","","40 20:59.706","2","0","79 51:53.021","8","0","0","0","2304","0","0","0","N","0","0","0","3","02304","0","","1.0","","1","N","N","","0","","0","0","0","","3","N","","2","1","0","0","0","1","0","2","0","2","","","","N","","","","","","","","","",""
"2014029615","","1","0","0","0","0","0","0","0","0","4","0","","02","3","2014","3","40.557867","-80.204656","1914","11","0","0","0","0","0","1","0","1","2","0","0","0","","","1","","5","","40 33:28.322","1","6","80 12:16.761","8","0","0","1","2441","0","0","0","N","0","0","0","2","02441","0","","1.0","","1","N","N","","0","","0","0","0","","2","Y","","2","1","0","0","0","1","0","2","0","2","","","","N","","","","","","","","","",""
"2014028195","","2","0","0","0","0","0","0","0","0","4","0","","02","3","2014","5","40.500558","-80.061929","1500","11","0","0","0","0","0","1","0","0","","0","0","0","","","0","","1","","40 30:02.009","","0","80 03:42.944","0","0","0","0","2402","0","0","0","N","0","0","0","2","02402","0","","1.0","","1","N","N","","0","","0","0","0","","2","","","2","0","0","0","0","0","0","2","0","2","","","","N","","","","","","","","","",""
"2014028284","","1","0","0","0","0","0","0","0","0","1","0","","02","3","2014","2","40.434975","-79.97309","0906","11","0","0","0","0","0","0","0","0","","0","0","0","","","0","","7","","40 26:05.909","","8","79 58:23.123","0","0","0","0","2301","0","0","0","N","0","0","0","2","02301","0","","1.0","","2","N","N","","0","","0","0","1","","0","","","2","0","0","0","0","0","0","2","0","2","","","","N","","","","","","","","","",""
"2014028497","","3","0","0","0","0","0","0","0","0","1","0","","02","3","2014","7","40.443718","-80.027116","0236","11","0","0","0","0","0","0","0","0","2","0","0","0","","","1","","0","","40 26:37.383","7","0","80 01:37.616","4","0","0","0","2301","0","0","0","N","0","0","0","3","02301","1","","1.0","","1","N","N","","0","","0","0","0","","0","Y","","3","1","0","0","0","0","1","2","0","3","","","","N","","","","","","","","","",""
"2014027441","","2","0","0","0","0","0","0","0","0","1","0","","02","3","2014","2","40.351489","-79.865273","1050","11","0","0","0","0","0","1","0","0","1","0","0","0","","","1","","0","","40 21:05.360","3","0","79 51:54.981","4","0","0","0","2304","0","0","0","N","0","0","0","2","02304","1","","1.0","","2","N","N","","0","","0","0","0","","0","N","","2","1","0","0","0","0","0","2","0","2","","","","N","","","","","","","","","",""
"2014028350","","2","0","0","0","0","0","0","0","0","1","0","","02","3","2014","6","40.443172","-79.959929","1301","11","0","0","0","0","0","0","0","0","","0","0","0","","","0","","2","","40 26:35.419","","0","79 57:35.744","9","0","0","0","2301","0","0","0","N","0","0","0","2","02301","0","","1.0","","1","N","N","","0","","0","0","0","","2","","","2","0","0","0","0","0","1","2","0","2","","","","N","","","","","","","","","",""
"2014027442","","0","0","0","0","0","0","0","0","0","7","0","","02","3","2014","1","40.443348","-79.828356","1210","11","0","0","0","0","0","1","0","0","","0","0","0","","","1","","6","","40 26:36.054","","2","79 49:42.080","3","0","0","0","2419","0","0","0","N","0","0","0","1","02419","0","","4.0","","7","N","N","","0","","1","0","1","","0","","","1","1","0","0","0","0","0","2","0","1","","","","N","","","","","","","","","",""
"2014028286","","2","0","0","0","0","0","0","0","0","4","0","","02","3","2014","6","40.428586","-79.993449","1057","11","0","0","0","0","0","0","0","0","1","0","0","0","","","0","","0","","40 25:42.911","4","0","79 59:36.417","0","0","0","0","2301","0","0","0","N","0","0","0","1","02301","0","","6.0","","1","N","N","","0","","0","0","1","","0","N","","3","0","0","0","0","0","0","2","0","3","","","","N","","","","","","","","","",""
"2014027573","","0","0","0","0","0","0","0","0","0","4","1","","02","3","2014","2","40.324425","-79.908361","0750","11","0","0","0","0","0","1","0","0","1","0","1","0","","","0","","0","","40 19:27.930","3","0","79 54:30.100","0","0","0","0","2473","0","0","0","Y","0","0","0","2","02473","0","","1.0","","2","N","N","","0","","0","0","1","","0","N","","2","0","0","0","0","0","0","2","0","2","","","","N","","","","","","","","","",""
"2014028365","","1","0","0","0","0","0","0","0","0","4","0","","02","3","2014","5","40.47357","-79.848316","1539","11","0","0","0","0","0","1","0","0","1","0","0","0","","","0","","0","","40 28:24.852","1","99","79 50:53.937","0","0","0","0","2113","0","0","0","N","0","0","0","2","02113","0","","1.0","","1","N","N","","1","","0","0","1","","2","N","","3","0","0","0","0","0","0","2","0","3","","","","N","","","","","","","","","",""
"2014027660","","1","0","0","0","0","0","0","0","0","1","0","","02","3","2014","4","40.444475","-79.758881","1157","11","0","0","0","0","0","0","2","0","1","0","0","0","","","2","","1","","40 26:40.109","4","0","79 45:31.973","3","0","0","0","2446","0","0","0","N","0","0","0","2","02446","0","","1.0","","1","N","N","","0","","2","0","1","","2","N","","2","2","0","0","0","0","0","2","0","2","","","","N","","","","","","","","","",""
"2014027590","","0","0","0","0","0","0","0","0","0","1","1","","02","2","2014","5","40.369294","-80.085424","0914","11","0","0","0","0","0","1","0","0","1","0","1","0","","","0","","0","","40 22:09.458","4","7","80 05:07.526","0","0","0","0","2117","0","0","0","N","0","0","0","2","02117","0","","1.0","","1","N","N","","0","","0","0","1","","0","N","","2","0","0","0","0","0","0","2","0","2","","","","N","","","","","","","","","",""
"2014026888","","1","0","0","0","0","0","0","0","0","7","0","","02","3","2014","2","40.446906","-79.995322","1545","11","0","0","0","0","0","0","0","0","","0","0","0","","","0","","0","","40 26:48.862","","0","79 59:43.159","0","0","0","0","2301","0","0","0","N","0","0","0","2","02301","0","","2.0","","2","N","N","","0","","0","0","0","","0","","","1","0","0","0","0","0","0","2","0","1","","","","N","","","","","","","","","",""
"2014027028","","0","0","0","0","0","0","0","0","0","7","0","","02","3","2014","1","40.594829","-79.911922","1146","11","0","0","0","0","0","0","0","0","","0","0","0","","","0","","0","","40 35:41.384","","0","79 54:42.918","0","0","0","0","2209","0","0","0","N","0","0","0","3","68T02","0","","2.0","","9","N","N","","0","","0","0","1","","0","","","1","0","0","0","0","0","0","1","0","1","","","","N","","","","","","","","","",""
"2014029065","","1","0","0","0","0","0","0","0","0","8","0","","02","2","2014","5","40.432024","-80.003791","1402","11","0","0","0","0","0","0","0","0","1","0","0","0","","","1","","0","","40 25:55.286","3","0","80 00:13.649","4","0","0","0","2301","1","0","0","N","1","0","0","2","02301","1","","1.0","","1","N","N","","0","","0","0","0","","0","N","","2","1","0","0","0","0","0","2","0","1","","","","N","","","","","","","","","",""
"2014029145","","4","0","0","0","0","0","0","0","0","1","0","","02","3","2014","6","40.42453","-80.030655","2018","11","0","0","0","0","0","1","0","0","1","0","0","0","","","0","","0","","40 25:28.308","3","0","80 01:50.359","0","0","0","0","2301","0","0","0","N","0","0","0","4","68B03","0","","1.0","","1","N","N","","0","","0","0","0","","0","N","","4","0","0","0","0","0","0","2","0","4","","","","N","","","","","","","","","",""
"2014026827","","0","0","0","0","0","0","0","0","0","5","0","","02","3","2014","2","40.377896","-80.003753","1017","11","0","0","0","0","0","1","0","0","","0","0","0","","","1","","2","","40 22:40.426","","0","80 00:13.512","8","0","0","0","2301","0","0","0","N","0","0","0","2","02301","0","","1.0","","2","N","N","","0","","0","0","1","","2","","","2","1","0","0","0","1","1","2","1","2","","","","N","","","","","","","","","",""
"2014029292","","2","0","0","0","0","0","0","0","0","1","0","","02","3","2014","1","40.427056","-80.003778","0300","11","0","0","0","0","0","0","0","0","1","0","0","0","","","1","","0","","40 25:37.400","6","0","80 00:13.600","4","0","0","0","2301","0","0","0","N","0","0","0","1","02301","1","","6.0","","1","N","N","","0","","0","0","0","","0","N","","2","1","0","0","0","0","0","2","0","2","","","","N","","","","","","","","","",""
"2014027029","","0","0","0","0","0","0","0","0","0","7","0","","02","3","2014","1","40.64024","-80.008643","1211","11","0","0","0","0","0","0","0","0","1","0","0","0","","","0","","0","","40 38:24.864","3","0","80 00:31.114","0","0","0","0","2216","0","0","0","N","0","0","0","2","68T02","0","","3.0","","9","N","N","","0","","0","0","1","","0","N","","1","0","0","0","0","0","0","2","0","1","","","","N","","","","","","","","","",""
"2014027446","","2","0","0","0","0","0","0","0","0","4","0","","02","2","2014","5","40.380136","-79.828514","2248","11","0","0","0","0","0","0","0","1","2","0","0","0","","","2","","1","","40 22:48.490","5","0","79 49:42.649","4","0","0","0","2111","0","0","0","N","0","0","0","3","02111","1","","1.0","","9","N","N","","0","","0","0","0","","2","Y","","2","2","0","0","0","1","0","2","0","2","","","","N","","","","","","","","","",""
"2014029066","","0","0","0","0","0","0","0","0","0","7","0","","02","3","2014","2","40.420482","-80.006405","1146","11","0","0","0","0","0","0","0","0","1","0","0","0","","","0","","0","","40 25:13.735","4","0","80 00:23.058","0","0","0","0","2301","0","0","0","N","0","0","0","1","02301","0","","4.0","","1","N","N","","0","","0","0","1","","0","N","","1","0","0","0","0","0","0","2","0","1","","","","N","","","","","","","","","",""
"2014029146","","1","0","0","0","0","0","0","0","0","7","0","","02","3","2014","7","40.435838","-79.969071","0950","11","0","0","0","0","0","0","0","0","","0","0","0","","","0","","0","","40 26:09.018","","0","79 58:08.657","0","0","0","0","2301","0","0","0","N","0","0","0","1","68B03","0","","5.0","","1","N","N","","0","","0","0","0","","0","","","1","0","0","0","0","0","0","2","0","1","","","","N","","","","","","","","","",""
"2014029281","","1","0","0","0","0","0","0","0","0","7","0","","02","3","2014","3","40.474991","-79.792076","0143","11","0","0","0","0","0","0","0","0","2","0","0","0","","","0","","2","","40 28:29.969","6","0","79 47:31.474","9","0","0","0","2113","0","0","0","N","0","0","0","1","02113","0","","4.0","","1","N","N","","0","","0","0","0","","0","Y","","1","0","1","0","0","0","1","2","0","1","","","","N","","","","","","","","","",""
"2014028214","","1","0","0","0","0","0","0","0","0","5","0","","02","3","2014","5","40.449684","-79.986038","2210","11","0","0","0","0","0","0","0","0","","0","0","0","","","0","","0","","40 26:58.862","","0","79 59:09.737","9","0","0","0","2301","0","0","0","N","0","0","0","1","02301","0","","6.0","","1","N","N","","0","","0","0","0","","0","","","2","0","0","0","0","0","1","2","0","2","","","","N","","","","","","","","","",""
"2014026829","","2","0","0","0","0","0","0","0","0","5","0","","02","3","2014","2","40.385161","-79.994913","1100","11","0","0","0","0","0","1","0","0","","0","0","0","","","0","","0","","40 23:06.581","","0","79 59:41.687","0","0","0","0","2301","0","0","0","N","0","0","0","2","02301","0","","2.0","","2","N","N","","0","","0","0","1","","0","","","3","0","1","0","0","0","0","2","0","3","","","","N","","","","","","","","","",""
"2014029068","","0","0","0","0","0","0","0","0","0","7","0","","02","3","2014","2","40.482438","-80.005801","0825","11","0","0","0","0","0","0","0","0","","0","0","0","","","0","","0","","40 28:56.777","","0","80 00:20.884","9","0","0","0","2301","0","0","0","N","0","0","0","1","02301","0","","4.0","","1","N","N","","1","","0","0","0","","0","","","1","0","0","0","0","0","1","2","0","1","","","","N","","","","","","","","","",""
"2014029297","","1","0","0","0","0","0","0","0","0","7","0","","02","3","2014","3","40.360319","-79.845355","0258","11","0","0","0","0","0","0","0","0","1","0","0","0","","","0","","6","","40 21:37.148","3","3","79 50:43.278","0","0","0","0","2303","0","0","0","N","0","0","0","1","02303","0","","3.0","","1","N","N","","0","","0","0","0","","3","Y","","1","0","0","0","0","0","0","2","0","1","","","","N","","","","","","","","","",""
"2014027450","","1","0","0","0","0","0","0","0","0","4","0","","02","2","2014","1","40.522826","-79.969077","1738","11","1","0","0","0","0","0","0","0","1","0","0","0","","","0","","3","","40 31:22.175","3","0","79 58:08.678","0","0","0","0","2118","0","0","0","N","0","0","0","3","02118","0","","1.0","","1","N","N","","0","","0","0","1","","3","N","","2","0","0","0","0","0","0","2","0","2","","","","N","","","","","","","","","",""
"2014029137","","1","0","0","0","0","0","0","0","0","5","0","","02","2","2014","4","40.375321","-80.102679","0719","11","0","0","0","0","0","1","0","0","","0","0","0","","","0","","0","","40 22:31.157","","0","80 06:09.645","0","0","0","0","2102","0","0","0","N","0","0","0","2","68B03","0","","1.0","","2","N","N","","0","","0","0","0","","0","","","2","0","0","0","0","0","0","2","1","2","","","","N","","","","","","","","","",""
"2014027598","","2","0","0","0","0","0","0","0","0","4","0","","02","3","2014","4","40.394509","-79.987692","0815","11","0","0","0","0","0","0","0","0","","0","0","0","","","0","","2","","40 23:40.232","","0","79 59:15.691","9","0","0","0","2301","0","0","0","N","0","0","0","4","02301","0","","1.0","","1","N","N","","0","","0","0","0","","3","","","2","0","0","0","0","0","1","2","0","2","","","","N","","","","","","","","","",""
"2014029298","","1","0","0","0","0","0","0","0","0","7","0","","02","3","2014","5","40.292263","-79.833416","0202","11","0","0","0","0","0","0","0","0","","0","0","0","","","2","","0","","40 17:32.147","","0","79 50:00.296","8","0","0","0","2443","0","0","0","N","0","0","0","3","02443","0","","5.0","","1","N","N","","0","","0","0","0","","0","","","1","2","0","0","0","2","1","2","0","1","","","","N","","","","","","","","","",""
"2014029138","","1","0","0","0","0","0","0","0","0","7","0","","02","2","2014","1","40.401537","-80.106233","0937","11","0","1","0","0","0","0","0","0","1","0","0","0","","","0","","0","","40 24:05.532","1","3","80 06:22.440","0","0","0","0","2102","0","0","0","N","0","0","0","1","68B03","0","","2.0","","9","N","N","","0","","0","0","0","","0","N","","1","0","0","0","0","0","0","2","0","1","","","","N","","","","","","","","","",""