"CRN","ARRIVAL_TM","AUTOMOBILE_COUNT","BELTED_DEATH_COUNT","BELTED_SUSP_SERIOUS_INJ_COUNT","BICYCLE_COUNT","BICYCLE_DEATH_COUNT","BICYCLE_SUSP_SERIOUS_INJ_COUNT","BUS_COUNT","CHLDPAS_DEATH_COUNT","CHLDPAS_SUSP_SERIOUS_INJ_COUNT","COLLISION_TYPE","COMM_VEH_COUNT","CONS_ZONE_SPD_LIM","COUNTY","CRASH_MONTH","CRASH_YEAR","DAY_OF_WEEK","DEC_LATITUDE","DEC_LONGITUDE","DISPATCH_TM","DISTRICT","DRIVER_COUNT_16YR","DRIVER_COUNT_17YR","DRIVER_COUNT_18YR","DRIVER_COUNT_19YR","DRIVER_COUNT_20YR","DRIVER_COUNT_50_64YR","DRIVER_COUNT_65_74YR","DRIVER_COUNT_75PLUS","EST_HRS_CLOSED","FATAL_COUNT","HEAVY_TRUCK_COUNT","HORSE_BUGGY_COUNT","HOUR_OF_DAY","ILLUMINATION","INJURY_COUNT","INTERSECTION_RELATED","INTERSECT_TYPE","LANE_CLOSED","LATITUDE","LN_CLOSE_DIR","LOCATION_TYPE","LONGITUDE","MAX_SEVERITY_LEVEL","MCYCLE_DEATH_COUNT","MCYCLE_SUSP_SERIOUS_INJ_COUNT","MOTORCYCLE_COUNT","MUNICIPALITY","NONMOTR_COUNT","NONMOTR_DEATH_COUNT","NONMOTR_SUSP_SERIOUS_INJ_COUNT","NTFY_HIWY_MAINT","PED_COUNT","PED_DEATH_COUNT","PED_SUSP_SERIOUS_INJ_COUNT","PERSON_COUNT","POLICE_AGCY","POSSIBLE_INJ_COUNT","RDWY_SURF_TYPE_CD","RELATION_TO_ROAD","ROADWAY_CLEARED","ROAD_CONDITION","SCH_BUS_IND","SCH_ZONE_IND","SECONDARY_CRASH","SMALL_TRUCK_COUNT","SPEC_JURIS_CD","SUSP_MINOR_INJ_COUNT","SUSP_SERIOUS_INJ_COUNT","SUV_COUNT","TCD_FUNC_CD","TCD_TYPE","TFC_DETOUR_IND","TIME_OF_DAY","TOTAL_UNITS","TOT_INJ_COUNT","UNBELTED_OCC_COUNT","UNB_DEATH_COUNT","UNB_SUSP_SERIOUS_INJ_COUNT","UNK_INJ_DEG_COUNT","UNK_INJ_PER_COUNT","URBAN_RURAL","VAN_COUNT","VEHICLE_COUNT","WEATHER1","WEATHER2","WORKERS_PRES","WORK_ZONE_IND","WORK_ZONE_LOC","WORK_ZONE_TYPE","WZ_CLOSE_DETOUR","WZ_FLAGGER","WZ_LAW_OFFCR_IND","WZ_LN_CLOSURE","WZ_MOVING","WZ_OTHER","WZ_SHLDER_MDN","WZ_WORKERS_INJ_KILLED"
"2014026833","","1","0","0","0","0","0","0","0","0","7","0","","02","3","2014","1","40.592035","-80.047724","1104","11","0","0","1","0","0","0","0","0","3","0","0","0","","","0","","0","","40 35:31.327","2","0","80 02:51.805","0","0","0","0","2108","0","0","0","Y","0","0","0","2","02108","0","","3.0","","7","N","N","","0","","0","0","0","","0","N","","1","0","0","0","0","0","0","2","0","1","","","","N","","","","","","","","","",""
"2014026897","","1","0","0","0","0","0","0","0","0","7","0","","02","3","2014","2","40.393946","-79.93494","1622","11","0","0","0","0","0","0","0","0","1","0","0","0","","","0","","0","","40 23:38.204","1","1","79 56:05.783","0","0","0","0","2301","0","0","0","N","0","0","0","1","02301","0","","3.0","","2","N","N","","0","","0","0","0","","0","N","","1","0","0","0","0","0","0","2","0","1","","","","N","","","","","","","","","",""
"2014028449","","2","0","0","0","0","0","0","0","0","5","0","","02","3","2014","6","40.446216","-80.009773","1804","11","0","0","0","0","0","1","0","0","1","0","0","0","","","3","","7","","40 26:46.377","4","3","80 00:35.184","8","0","0","0","2301","0","0","0","N","0","0","0","3","02301","0","","1.0","","1","N","N","","0","","0","0","0","","0","Y","","2","3","0","0","0","3","0","2","0","2","","","","N","","","","","","","","","",""
"2014028219","","2","0","0","0","0","0","0","0","0","5","0","","02","3","2014","5","40.501972","-80.051083","2357","11","0","0","0","0","0","0","0","0","","0","0","0","","","0","","0","","40 30:07.100","","0","80 03:03.900","9","0","0","0","2404","0","0","0","N","0","0","0","1","02404","0","","6.0","","1","N","N","","0","","0","0","0","","0","","","2","0","0","0","0","0","1","2","0","2","","","","N","","","","","","","","","",""
"2014028298","","1","0","0","0","0","0","0","0","0","4","0","","02","3","2014","2","40.447576","-80.164241","2226","11","0","0","0","0","0","0","0","0","1","0","0","0","","","0","","2","","40 26:51.275","4","2","80 09:51.268","0","0","0","0","2115","0","0","0","N","0","0","0","3","02115","0","","1.0","","1","N","N","","0","","0","0","1","","2","N","","2","0","0","0","0","0","0","2","0","2","","","","N","","","","","","","","","",""
"2014029139","","1","0","0","0","0","0","0","0","0","7","0","","02","2","2014","2","40.568863","-80.089995","0946","11","0","0","0","0","0","0","0","0","2","0","0","0","","","0","","0","","40 34:07.906","1","0","80 05:23.982","0","0","0","0","2481","0","0","0","Y","0","0","0","1","68B03","0","","5.0","","2","N","N","","0","","0","0","0","","0","N","","1","0","0","0","0","0","0","2","0","1","","","","N","","","","","","","","","",""
"2014026834","","1","0","0","0","0","0","0","0","0","1","0","","02","2","2014","5","40.444174","-80.147117","1430","11","0","0","0","0","0","1","0","0","","0","0","0","","","0","","2","","40 26:39.028","","0","80 08:49.622","0","0","0","0","2115","0","0","0","N","0","0","0","2","02115","0","","1.0","","1","N","N","","0","","0","0","1","","2","","","2","0","0","0","0","0","0","2","0","2","","","","N","","","","","","","","","",""
"2014026898","","1","0","0","0","0","0","0","0","0","6","0","","02","3","2014","2","40.648504","-80.110934","1525","11","0","0","0","0","0","0","0","0","2","0","0","0","","","0","","3","","40 38:54.616","3","0","80 06:39.363","0","0","0","0","2212","0","0","0","N","0","0","0","4","02505","0","","1.0","","1","N","N","","0","","0","0","1","","3","N","","2","0","0","0","0","0","0","2","0","2","","","","N","","","","","","","","","",""
"2014028220","","1","0","0","0","0","0","0","0","0","7","0","","02","3","2014","1","40.449203","-79.884092","0137","11","0","0","0","0","1","0","0","0","1","0","0","0","","","3","","2","","40 26:57.130","7","0","79 53:02.731","2","0","0","0","2301","0","0","0","N","0","0","0","3","02301","0","","4.0","","1","N","N","","0","","1","2","0","","3","Y","","1","3","0","0","0","0","0","2","0","1","","","","N","","","","","","","","","",""
"2014028299","","2","0","0","0","0","0","0","0","0","4","0","","02","3","2014","4","40.452833","-80.164972","1843","11","0","0","1","0","0","0","0","0","2","0","0","0","","","1","","2","","40 27:10.200","3","7","80 09:53.900","4","0","0","0","2115","0","0","0","N","0","0","0","2","02115","1","","1.0","","1","N","N","","0","","0","0","0","","2","N","","2","1","0","0","0","0","0","2","0","2","","","","N","","","","","","","","","",""
"2014029140","","1","0","0","0","0","0","0","0","0","7","0","","02","3","2014","1","40.550545","-80.086715","1352","11","0","0","0","0","0","0","0","0","2","0","0","0","","","1","","0","","40 33:01.961","2","0","80 05:12.174","8","0","0","0","2215","0","0","0","N","0","0","0","1","68B03","0","","3.0","","7","N","N","","0","","0","0","0","","0","N","","1","1","0","0","0","1","0","2","0","1","","","","N","","","","","","","","","",""
"2014026835","","1","0","0","0","0","0","0","0","0","7","0","","02","3","2014","1","40.501058","-80.183034","0957","11","0","0","0","0","0","1","0","0","","0","0","0","","","0","","2","","40 30:03.807","","0","80 10:58.923","0","0","0","0","2213","0","0","0","N","0","0","0","1","02213","0","","4.0","","7","N","N","","0","","0","0","0","","0","","","1","0","0","0","0","0","0","2","0","1","","","","N","","","","","","","","","",""
"2014027601","","0","0","0","0","0","0","0","0","0","4","0","","02","3","2014","4","40.541198","-79.816731","0745","11","0","0","0","0","0","2","0","0","","0","0","0","","","0","","1","","40 32:28.312","","0","79 49:00.231","0","0","0","0","2208","0","0","0","N","0","0","0","2","02208","0","","1.0","","1","N","N","","0","","0","0","1","","0","","","2","0","0","0","0","0","0","2","1","2","","","","N","","","","","","","","","",""
"2014026899","","1","0","0","0","0","0","0","0","0","7","0","","02","3","2014","1","40.356528","-79.832889","2136","11","0","0","0","0","0","0","0","0","1","0","0","0","","","2","","0","","40 21:23.500","5","0","79 49:58.400","8","0","0","0","2304","0","0","0","N","0","0","0","2","02304","0","","2.0","","2","N","N","","0","","0","0","0","","0","N","","1","2","0","0","0","2","0","2","0","1","","","","N","","","","","","","","","",""
"2014027523","","1","0","0","0","0","0","0","0","0","4","1","","02","2","2014","1","40.593425","-80.095935","1518","11","0","0","0","0","1","0","0","0","4","0","1","0","","","1","","0","","40 35:36.329","2","0","80 05:45.366","4","0","0","0","2481","0","0","0","Y","0","0","0","2","68B03","1","","1.0","","7","N","N","","0","","0","0","0","","0","N","","2","1","0","0","0","0","0","2","0","2","","","","N","","","","","","","","","",""
"2014028300","","1","0","0","0","0","0","0","0","0","4","0","","02","2","2014","6","40.343472","-80.054444","1853","11","0","1","0","0","0","0","0","1","","0","0","0","","","0","","0","","40 20:36.500","","7","80 03:16.000","0","0","0","0","2407","0","0","0","N","0","0","0","6","02407","0","","1.0","","1","N","N","","0","","0","0","1","","0","","","2","0","0","0","0","0","0","2","0","2","","","","N","","","","","","","","","",""
"2014029141","","1","0","0","0","0","0","0","0","0","1","0","","02","3","2014","6","40.431336","-79.872405","0915","11","0","0","0","0","0","0","0","0","","0","0","0","","","0","","0","","40 25:52.809","","0","79 52:20.657","0","0","0","0","2411","0","0","0","N","0","0","0","2","68B03","0","","1.0","","1","N","N","","0","","0","0","0","","0","","","2","0","0","0","0","0","0","2","1","2","","","","N","","","","","","","","","",""
"2014026836","","0","0","0","0","0","0","0","0","0","7","0","","02","3","2014","1","40.476783","-80.200242","1455","11","0","0","0","0","0","0","0","0","2","0","0","0","","","1","","0","","40 28:36.418","4","0","80 12:00.872","8","0","0","0","2213","0","0","0","N","0","0","0","1","02213","0","","3.0","","6","N","N","","0","","0","0","1","","0","N","","1","1","0","0","0","1","0","2","0","1","","","","N","","","","","","","","","",""
"2014027603","","1","0","0","0","0","0","0","0","0","0","0","","02","3","2014","4","","","0851","11","0","0","0","0","0","1","0","0","1","0","0","0","","","0","","0","","","2","2","","0","0","0","0","2301","0","0","0","N","0","0","0","1","02301","0","","1.0","","1","N","N","","0","","0","0","0","","0","N","","1","0","1","0","0","0","0","1","0","1","","","","N","","","","","","","","","",""
"2014027671","","1","0","0","0","0","0","0","0","0","99","0","","02","3","2014","4","40.339396","-79.803717","","11","0","0","0","0","0","1","0","0","","0","0","0","","","1","","0","","40 20:21.825","","0","79 48:13.381","4","0","0","0","2477","0","0","0","N","0","0","0","1","02477","1","","1.0","","1","N","N","","0","","0","0","0","","0","","","1","1","0","0","0","0","0","2","0","1","","","","N","","","","","","","","","",""
"2014028454","","0","0","0","0","0","0","0","0","0","1","0","","02","3","2014","6","40.434066","-79.965316","1725","11","0","0","0","0","0","0","0","0","","0","0","0","","","0","","2","","40 26:02.637","","0","79 57:55.137","0","0","0","0","2301","0","0","0","N","0","0","0","2","02301","0","","1.0","","1","N","N","","1","","0","0","1","","2","","","2","0","0","0","0","0","0","2","0","2","","","","N","","","","","","","","","",""
"2014027672","","2","0","0","0","0","0","0","0","0","4","0","","02","3","2014","3","40.403966","-80.090523","2005","11","0","0","0","0","0","0","0","1","","0","0","0","","","0","","1","","40 24:14.279","","0","80 05:25.884","0","0","0","0","2415","0","0","0","N","0","0","0","2","02415","0","","1.0","","1","N","N","","0","","0","0","0","","3","","","2","0","0","0","0","0","0","2","0","2","","","","N","","","","","","","","","",""
"2014029450","","0","0","0","0","0","0","0","0","0","4","0","","02","3","2014","1","40.405674","-79.823692","1939","11","0","0","0","0","0","0","0","0","","0","0","0","","","0","","1","","40 24:20.425","","0","79 49:25.290","0","0","0","0","2467","0","0","0","N","0","0","0","3","02467","0","","1.0","","7","N","N","","0","","0","0","2","","2","","","2","0","0","0","0","0","0","2","0","2","","","","N","","","","","","","","","",""
"2014027605","","0","0","0","0","0","0","0","0","0","1","0","","02","1","2014","4","40.506733","-80.006887","0834","11","0","0","0","0","0","0","0","0","","0","0","0","","","0","","6","","40 30:24.237","","2","80 00:24.793","0","0","0","0","2116","0","0","0","N","0","0","0","2","02116","0","","1.0","","1","N","N","","0","","0","0","1","","3","","","2","0","0","0","0","0","0","2","1","2","","","","N","","","","","","","","","",""
"2014026904","","2","0","0","0","0","0","0","0","0","1","0","","02","2","2014","5","40.448184","-80.158076","1553","11","0","0","0","0","0","1","0","0","","0","0","0","","","0","","0","","40 26:53.463","","0","80 09:29.074","0","0","0","0","2115","0","0","0","N","0","0","0","3","02115","0","","1.0","","1","N","N","","0","","0","0","1","","0","","","3","0","0","0","0","0","0","2","0","3","","","","N","","","","","","","","","",""
"2014027675","","2","0","0","0","0","0","0","0","0","4","0","","02","2","2014","4","40.530126","-80.018093","0946","11","0","0","0","0","0","0","0","1","","0","0","0","","","0","","1","","40 31:48.454","","0","80 01:05.136","0","0","0","0","2116","0","0","0","N","0","0","0","2","02116","0","","1.0","","1","N","N","","0","","0","0","0","","2","","","2","0","0","0","0","0","0","2","0","2","","","","N","","","","","","","","","",""
"2014028680","","0","0","0","0","0","0","0","0","0","7","0","","02","3","2014","7","40.441733","-80.035258","1935","11","0","0","0","0","0","0","0","0","","0","0","0","","","1","","2","","40 26:30.238","","0","80 02:06.928","4","0","0","0","2301","0","0","0","N","0","0","0","2","02301","1","","4.0","","6","N","N","","1","","0","0","0","","3","","","1","1","2","0","0","0","0","2","0","1","","","","N","","","","","","","","","",""
"2014026905","","2","0","0","0","0","0","0","0","0","4","0","","02","2","2014","2","40.344676","-80.03114","1716","11","0","0","1","0","0","0","0","0","","0","0","0","","","1","","2","","40 20:40.833","","0","80 01:52.104","4","0","0","0","2407","0","0","0","N","0","0","0","4","02407","1","","1.0","","1","N","N","","0","","0","0","2","","3","","","4","1","0","0","0","0","0","2","0","4","","","","N","","","","","","","","","",""
"2014027820","","1","0","0","0","0","0","0","0","0","2","0","","02","3","2014","2","40.352562","-79.839272","0951","11","0","0","0","0","0","0","1","0","1","0","0","0","","","1","","0","","40 21:09.222","7","0","79 50:21.378","4","0","0","0","2304","0","0","0","N","0","0","0","2","02304","1","","1.0","","2","N","N","","0","","0","0","1","","0","N","","2","1","0","0","0","0","0","2","0","2","","","","N","","","","","","","","","",""
"2014029453","","1","0","0","0","0","0","0","0","0","1","0","","02","3","2014","3","","","1516","11","0","0","0","0","0","0","0","0","1","0","0","0","","","1","","0","","","3","0","","8","0","0","0","2301","0","0","0","N","0","0","0","2","02301","0","","1.0","","1","N","N","","0","","0","0","0","","0","Y","","2","1","1","0","0","1","0","1","1","2","","","","N","","","","","","","","","",""
"2014026906","","2","0","0","0","0","0","0","0","0","4","0","","02","2","2014","2","40.299062","-80.029812","1605","11","0","0","0","0","0","1","1","0","","0","0","0","","","0","","2","","40 17:56.623","","0","80 01:47.323","0","0","0","0","2407","0","0","0","N","0","0","0","2","02407","0","","1.0","","1","N","N","","0","","0","0","0","","3","","","2","0","0","0","0","0","0","2","0","2","","","","N","","","","","","","","","",""
"2014027043","","1","0","0","0","0","0","0","0","0","4","0","","02","3","2014","2","40.462296","-79.944521","1740","11","0","1","0","0","0","0","0","0","","0","0","0","","","0","","5","","40 27:44.265","","0","79 56:40.275","0","0","0","0","2301","0","0","0","N","0","0","0","2","02301","0","","1.0","","2","N","N","","1","","0","0","0","","2","","","2","0","0","0","0","0","0","2","0","2","","","","N","","","","","","","","","",""
"2014027609","","2","0","0","0","0","0","0","0","0","2","0","","02","2","2014","5","40.43531","-79.91899","1525","11","0","0","0","0","0","0","1","0","1","0","0","0","","","0","","1","","40 26:07.116","1","0","79 55:08.364","0","0","0","0","2301","0","0","0","N","0","0","0","2","02301","0","","1.0","","1","N","N","","0","","0","0","0","","2","N","","2","0","0","0","0","0","0","2","0","2","","","","N","","","","","","","","","",""
"2014026907","","1","0","0","0","0","0","0","0","0","1","0","","02","2","2014","6","40.342985","-80.035207","1507","11","0","0","0","0","0","1","0","0","","0","0","0","","","1","","2","","40 20:34.746","","0","80 02:06.745","4","0","0","0","2407","0","0","0","N","0","0","0","4","02407","1","","1.0","","1","N","N","","0","","0","0","1","","2","","","2","1","0","0","0","0","0","2","0","2","","","","N","","","","","","","","","",""
"2014027678","","1","0","0","0","0","0","0","0","0","1","0","","02","3","2014","4","40.415819","-80.013949","1529","11","0","0","0","0","0","0","0","0","1","0","0","0","","","1","","0","","40 24:56.947","2","0","80 00:50.217","8","0","0","0","2301","0","0","0","N","0","0","0","2","02301","0","","1.0","","1","N","N","","0","","0","0","1","","0","N","","2","1","0","0","0","1","0","2","0","2","","","","N","","","","","","","","","",""
"2014029374","","1","0","0","0","0","0","0","0","0","1","0","","02","3","2014","3","40.429286","-79.999241","0800","11","0","0","0","0","0","0","0","0","","0","0","0","","","0","","1","","40 25:45.428","","3","79 59:57.266","0","0","0","0","2301","0","0","0","N","0","0","0","2","02301","0","","1.0","","1","N","N","","0","","0","0","0","","0","","","2","0","0","0","0","0","0","2","1","2","","","","N","","","","","","","","","",""
"2014027044","","1","0","0","0","0","0","0","0","0","7","0","","02","3","2014","1","40.239278","-79.883269","1505","11","0","0","0","0","0","0","0","0","2","0","0","0","","","2","","0","","40 14:21.400","2","0","79 52:59.770","4","0","0","0","2204","0","0","0","N","0","0","0","2","02204","2","","4.0","","7","N","N","","0","","0","0","0","","0","N","","1","2","0","0","0","0","0","1","0","1","","","","N","","","","","","","","","",""
"2014028384","","1","0","0","0","0","0","0","0","0","1","0","","02","2","2014","4","40.348714","-79.940768","1724","11","0","0","0","0","1","0","0","0","1","0","0","0","","","1","","0","","40 20:55.372","4","0","79 56:26.765","4","0","0","0","2473","0","0","0","N","0","0","0","3","02473","1","","1.0","","1","N","N","","1","","0","0","0","","0","N","","2","1","1","0","0","0","0","2","0","2","","","","N","","","","","","","","","",""
"2014027045","","0","0","0","0","0","0","0","0","0","5","0","","02","3","2014","7","40.379351","-80.164034","","11","0","0","0","0","0","1","1","0","","0","0","0","","","2","","0","","40 22:45.664","","7","80 09:50.521","3","0","0","1","2119","0","0","0","N","0","0","0","3","02119","1","","1.0","","1","N","N","","0","","1","0","1","","0","","","2","2","0","0","0","0","0","2","0","2","","","","N","","","","","","","","","",""
"2014027058","","1","0","0","0","0","0","0","0","0","7","0","","02","3","2014","2","40.457428","-80.029776","","11","0","0","0","0","0","1","0","0","2","0","0","0","","","0","","7","","40 27:26.742","1","2","80 01:47.192","0","0","0","0","2301","0","0","0","N","0","0","0","1","02301","0","","2.0","","1","N","N","","0","","0","0","0","","0","N","","1","0","0","0","0","0","0","2","0","1","","","","N","","","","","","","","","",""
"2014027680","","2","0","0","0","0","0","0","0","0","1","0","","02","3","2014","4","40.4385","-79.961171","","11","0","0","0","0","0","1","0","0","","0","0","0","","","1","","1","","40 26:18.601","","0","79 57:40.215","8","0","0","0","2301","0","0","0","N","0","0","0","2","02301","0","","1.0","","1","N","N","","0","","0","0","0","","2","","","2","1","0","0","0","1","0","2","0","2","","","","N","","","","","","","","","",""
"2014027466","","2","0","0","0","0","0","0","0","0","1","0","","02","3","2014","3","40.472308","-79.97298","","11","0","0","0","0","0","1","1","0","","0","0","0","","","0","","6","","40 28:20.308","","2","79 58:22.729","9","0","0","0","2445","0","0","0","N","0","0","0","2","02445","0","","7.0","","1","N","N","","0","","0","0","0","","4","","","2","0","0","0","0","0","1","2","0","2","","","","N","","","","","","","","","",""
"2014029098","","2","0","0","0","0","0","0","0","0","1","0","","02","3","2014","6","40.545305","-80.030738","","11","0","0","0","0","0","1","0","1","2","0","0","0","","","2","","3","","40 32:43.098","4","0","80 01:50.656","3","0","0","0","2116","0","0","0","N","0","0","0","5","02116","0","","1.0","","1","N","N","","0","","1","0","0","","2","N","","2","2","0","0","0","1","0","2","0","2","","","","N","","","","","","","","","",""
"2014027612","","1","0","0","0","0","0","0","0","0","7","0","","02","3","2014","3","40.430528","-80.061778","","11","0","0","0","0","0","0","0","0","","0","0","0","","","0","","0","","40 25:49.900","","0","80 03:42.400","0","0","0","0","2421","0","0","0","N","0","0","0","2","02421","0","","2.0","","1","N","N","","0","","0","0","0","","0","","","1","0","0","0","0","0","0","2","0","1","","","","N","","","","","","","","","",""
"2014028235","","0","0","0","0","0","0","0","0","0","4","0","","02","3","2014","3","40.387033","-79.827834","","11","0","0","0","0","0","1","0","0","2","0","0","0","","","1","","0","","40 23:13.318","4","0","79 49:40.201","8","0","0","0","2111","0","0","0","","0","0","0","2","02111","0","","1.0","","1","","","","0","","0","0","0","","0","Y","","2","1","1","0","0","1","0","2","2","2","","","","N","","","","","","","","","",""
"2014027614","","2","0","0","0","0","0","0","0","0","4","0","","02","3","2014","1","40.534256","-80.010924","","11","0","0","0","0","0","1","0","0","","0","0","0","","","0","","2","","40 32:03.320","","0","80 00:39.328","0","0","0","0","2116","0","0","0","N","0","0","0","2","02116","0","","1.0","","7","N","N","","0","","0","0","0","","0","","","2","0","0","0","0","0","0","2","0","2","","","","N","","","","","","","","","",""
"2014028387","","1","0","0","0","0","0","0","0","0","7","0","","02","3","2014","6","40.514464","-79.952158","","11","0","0","0","0","0","0","0","0","2","0","0","0","","","1","","2","","40 30:52.072","3","0","79 57:07.769","4","0","0","0","2118","0","0","0","N","0","0","0","1","02118","1","","2.0","","1","N","N","","0","","0","0","0","","0","N","","1","1","0","0","0","0","0","2","0","1","","","","N","","","","","","","","","",""
"2014029378","","2","0","0","0","0","0","0","0","0","4","0","","02","3","2014","7","40.590676","-79.945242","","11","0","0","0","1","0","1","0","0","1","0","0","0","","","1","","2","","40 35:26.433","3","0","79 56:42.872","3","0","0","0","2207","0","0","0","N","0","0","0","2","02207","0","","1.0","","1","N","N","","0","","1","0","0","","3","N","","2","1","0","0","0","0","0","2","0","2","","","","N","","","","","","","","","",""
"2014027468","","1","0","0","0","0","0","0","0","0","6","0","","02","3","2014","2","40.340887","-79.901384","","11","0","0","0","0","0","1","0","0","2","0","0","0","","","0","","0","","40 20:27.193","6","1","79 54:04.983","0","0","0","0","2473","0","0","0","N","0","0","0","2","02473","0","","1.0","","1","N","N","","0","","0","0","1","","0","Y","","2","0","0","0","0","0","0","2","0","2","","","","N","","","","","","","","","",""
"2014029088","","2","0","0","0","0","0","0","0","0","1","0","","02","3","2014","2","40.481524","-79.90791","","11","0","0","1","0","0","0","0","0","2","0","0","0","","","0","","0","","40 28:53.485","1","0","79 54:28.476","0","0","0","0","2301","0","0","0","N","0","0","0","2","02301","0","","1.0","","1","N","N","","0","","0","0","0","","0","Y","","2","0","0","0","0","0","0","2","0","2","","","","N","","","","","","","","","",""
"2014028252","","2","0","0","0","0","0","0","0","0","1","0","","02","3","2014","3","40.433981","-79.753307","","11","0","0","0","0","0","0","0","0","1","0","0","0","","","1","","1","","40 26:02.333","4","0","79 45:11.904","8","0","0","0","2446","0","0","0","N","0","0","0","2","02446","0","","1.0","","1","N","N","","0","","0","0","0","","2","N","","2","1","0","0","0","1","0","2","0","2","","","","N","","","","","","","","","",""
"2014029314","","1","0","0","0","0","0","0","0","0","7","0","","02","3","2014","1","40.444608","-79.769728","","11","0","0","0","0","0","0","0","0","1","0","0","0","","","0","","0","","40 26:40.589","3","0","79 46:11.020","0","0","0","0","2446","0","0","0","N","0","0","0","1","68B03","0","","4.0","","9","N","N","","0","","0","0","0","","0","N","","1","0","0","0","0","0","0","2","0","1","","","","N","","","","","","","","","",""
"2014027469","","1","0","0","0","0","0","0","0","0","4","0","","02","3","2014","1","40.495778","-80.066916","","11","0","0","0","0","0","0","0","0","","0","0","0","","","1","","2","","40 29:44.799","","0","80 04:00.899","4","0","0","0","2402","0","0","0","N","0","0","0","2","02402","1","","1.0","","7","N","N","","0","","0","0","1","","0","","","2","1","1","0","0","0","0","2","0","2","","","","N","","","","","","","","","",""
"2014029915","","2","0","0","0","0","0","0","0","0","4","0","","02","3","2014","2","40.571057","-80.016264","","11","0","0","0","0","0","0","0","0","1","0","0","0","","","0","","0","","40 34:15.805","2","7","80 00:58.550","0","0","0","0","2108","0","0","0","N","0","0","0","2","02108","0","","1.0","","1","N","N","","0","","0","0","0","","3","N","","2","0","0","0","0","0","0","2","0","2","","","","N","","","","","","","","","",""
"2014028404","","2","0","0","0","0","0","0","0","0","4","0","","02","3","2014","6","40.464879","-80.271154","","11","0","0","0","0","0","1","0","0","1","0","0","0","","","2","","0","","40 27:53.564","3","7","80 16:16.154","8","0","0","0","2203","0","0","0","N","0","0","0","2","02203","0","","1.0","","1","N","N","","0","","0","0","0","","0","N","","2","2","0","0","0","2","0","1","0","2","","","","N","","","","","","","","","",""
"2014029315","","1","0","0","0","0","0","0","0","0","7","0","","02","3","2014","1","40.442461","-79.788125","","11","0","0","0","0","0","0","0","0","","0","0","0","","","0","","0","","40 26:32.860","","0","79 47:17.251","0","0","0","0","2446","0","0","0","N","0","0","0","1","68B03","0","","4.0","","7","N","N","","0","","0","0","0","","0","","","1","0","0","0","0","0","0","2","0","1","","","","N","","","","","","","","","",""
"2014028254","","1","0","0","0","0","0","0","0","0","4","0","","02","3","2014","6","40.426292","-79.963576","","11","0","0","0","0","0","1","0","0","","0","0","0","","","0","","1","","40 25:34.651","","0","79 57:48.873","0","0","0","0","2301","0","0","0","N","0","0","0","2","02301","0","","1.0","","1","N","N","","0","","0","0","0","","2","","","2","0","0","0","0","0","0","2","1","2","","","","N","","","","","","","","","",""
"2014029103","","1","0","0","0","0","0","0","0","0","7","0","","02","3","2014","1","40.477699","-79.842339","","11","0","0","0","0","0","0","0","0","","0","0","0","","","0","","0","","40 28:39.716","","0","79 50:32.419","0","0","0","0","2113","0","0","0","N","0","0","0","1","02113","0","","4.0","","2","N","N","","0","","0","0","0","","0","","","1","0","0","0","0","0","0","2","0","1","","","","N","","","","","","","","","",""
"2014029786","","1","0","0","0","0","0","0","0","0","7","0","","02","3","2014","4","40.425488","-79.885703","","11","0","0","0","0","0","0","0","0","","0","0","0","","","1","","2","","40 25:31.756","","0","79 53:08.530","4","0","0","0","2463","0","0","0","N","0","0","0","1","02463","1","","4.0","","9","N","N","","0","","0","0","0","","3","","","1","1","1","0","0","0","0","2","0","1","","","","N","","","","","","","","","",""
"2014028390","","0","0","0","0","0","0","0","0","0","8","0","","02","3","2014","6","40.451941","-80.016578","","11","0","0","0","0","0","1","0","0","","0","0","0","","","1","","1","","40 27:06.989","","0","80 00:59.679","8","0","0","0","2301","1","0","0","N","1","0","0","2","02301","0","","1.0","","1","N","N","","0","","0","0","1","","2","","","2","1","0","0","0","1","0","2","0","1","","","","N","","","","","","","","","",""
"2014029244","","1","0","0","0","0","0","0","0","0","1","0","","02","3","2014","6","40.328938","-79.938017","","11","0","0","0","0","0","0","0","0","2","0","0","0","","","2","","0","","40 19:44.178","3","7","79 56:16.860","4","0","0","0","2440","0","0","0","N","0","0","0","3","02440","2","","1.0","","1","N","N","","0","","0","0","1","","0","N","","2","2","0","0","0","0","0","2","0","2","","","","N","","","","","","","","","",""
"2014028239","","0","0","0","0","0","0","0","0","0","8","1","","02","3","2014","5","40.347449","-79.832421","","11","0","0","0","0","0","1","0","0","3","1","1","0","","","0","","0","","40 20:50.817","7","0","79 49:56.715","1","0","0","0","2304","1","1","0","N","1","1","0","2","02304","0","1","1.0","","1","N","Y","","0","0","0","0","0","","0","Y","","2","0","0","0","0","0","0","2","0","1","","","","N","","","","","","","","","",""
"2014029787","","1","0","0","0","0","0","0","0","0","7","0","","02","3","2014","4","40.343514","-79.86326","","11","0","0","0","0","0","1","0","0","","0","0","0","","","0","","2","","40 20:36.651","","0","79 51:47.735","0","0","0","0","2304","0","0","0","N","0","0","0","1","02304","0","","4.0","","9","N","N","","0","","0","0","0","","0","","","1","0","0","0","0","0","0","2","0","1","","","","N","","","","","","","","","",""