"CRN","ARRIVAL_TM","AUTOMOBILE_COUNT","BELTED_DEATH_COUNT","BELTED_SUSP_SERIOUS_INJ_COUNT","BICYCLE_COUNT","BICYCLE_DEATH_COUNT","BICYCLE_SUSP_SERIOUS_INJ_COUNT","BUS_COUNT","CHLDPAS_DEATH_COUNT","CHLDPAS_SUSP_SERIOUS_INJ_COUNT","COLLISION_TYPE","COMM_VEH_COUNT","CONS_ZONE_SPD_LIM","COUNTY","CRASH_MONTH","CRASH_YEAR","DAY_OF_WEEK","DEC_LATITUDE","DEC_LONGITUDE","DISPATCH_TM","DISTRICT","DRIVER_COUNT_16YR","DRIVER_COUNT_17YR","DRIVER_COUNT_18YR","DRIVER_COUNT_19YR","DRIVER_COUNT_20YR","DRIVER_COUNT_50_64YR","DRIVER_COUNT_65_74YR","DRIVER_COUNT_75PLUS","EST_HRS_CLOSED","FATAL_COUNT","HEAVY_TRUCK_COUNT","HORSE_BUGGY_COUNT","HOUR_OF_DAY","ILLUMINATION","INJURY_COUNT","INTERSECTION_RELATED","INTERSECT_TYPE","LANE_CLOSED","LATITUDE","LN_CLOSE_DIR","LOCATION_TYPE","LONGITUDE","MAX_SEVERITY_LEVEL","MCYCLE_DEATH_COUNT","MCYCLE_SUSP_SERIOUS_INJ_COUNT","MOTORCYCLE_COUNT","MUNICIPALITY","NONMOTR_COUNT","NONMOTR_DEATH_COUNT","NONMOTR_SUSP_SERIOUS_INJ_COUNT","NTFY_HIWY_MAINT","PED_COUNT","PED_DEATH_COUNT","PED_SUSP_SERIOUS_INJ_COUNT","PERSON_COUNT","POLICE_AGCY","POSSIBLE_INJ_COUNT","RDWY_SURF_TYPE_CD","RELATION_TO_ROAD","ROADWAY_CLEARED","ROAD_CONDITION","SCH_BUS_IND","SCH_ZONE_IND","SECONDARY_CRASH","SMALL_TRUCK_COUNT","SPEC_JURIS_CD","SUSP_MINOR_INJ_COUNT","SUSP_SERIOUS_INJ_COUNT","SUV_COUNT","TCD_FUNC_CD","TCD_TYPE","TFC_DETOUR_IND","TIME_OF_DAY","TOTAL_UNITS","TOT_INJ_COUNT","UNBELTED_OCC_COUNT","UNB_DEATH_COUNT","UNB_SUSP_SERIOUS_INJ_COUNT","UNK_INJ_DEG_COUNT","UNK_INJ_PER_COUNT","URBAN_RURAL","VAN_COUNT","VEHICLE_COUNT","WEATHER1","WEATHER2","WORKERS_PRES","WORK_ZONE_IND","WORK_ZONE_LOC","WORK_ZONE_TYPE","WZ_CLOSE_DETOUR","WZ_FLAGGER","WZ_LAW_OFFCR_IND","WZ_LN_CLOSURE","WZ_MOVING","WZ_OTHER","WZ_SHLDER_MDN","WZ_WORKERS_INJ_KILLED"
"2014028406","","0","0","0","0","0","0","0","0","0","4","0","","02","3","2014","4","40.5868","-80.045118","","11","0","0","0","0","0","0","0","0","","0","0","0","","","1","","2","","40 35:12.479","","0","80 02:42.423","8","0","0","0","2108","0","0","0","N","0","0","0","3","02108","0","","1.0","","1","N","N","","0","","0","0","2","","3","","","2","1","0","0","0","1","0","2","0","2","","","","N","","","","","","","","","",""
"2014028256","","0","0","0","0","0","0","0","0","0","4","0","","02","3","2014","5","40.308194","-79.809778","","11","0","0","0","1","0","0","1","0","1","0","0","0","","","1","","0","","40 18:29.500","1","7","79 48:35.200","8","0","0","0","2105","0","0","0","N","0","0","0","2","02105","0","","1.0","","1","N","N","","2","","0","0","0","","0","N","","2","1","0","0","0","1","0","2","0","2","","","","N","","","","","","","","","",""
"2014027636","","1","0","0","0","0","0","0","0","0","4","0","","02","3","2014","7","40.381872","-79.81113","","11","0","0","0","0","0","2","0","0","2","0","0","0","","","0","","2","","40 22:54.739","1","0","79 48:40.068","9","0","0","0","2424","0","0","0","N","0","0","0","4","02424","0","","1.0","","1","N","N","","1","","0","0","0","","0","Y","","2","0","0","0","0","0","3","2","0","2","","","","N","","","","","","","","","",""
"2014028474","","0","0","0","0","0","0","0","0","0","7","0","","02","3","2014","6","40.619108","-79.944825","","11","0","0","0","0","0","0","0","0","1","0","0","0","","","1","","0","","40 37:08.787","1","0","79 56:41.369","4","0","0","0","2217","0","0","0","N","0","0","0","1","02505","1","","4.0","","1","N","N","","0","","0","0","1","","0","Y","","1","1","0","0","0","0","0","2","0","1","","","","N","","","","","","","","","",""
"2014027474","","1","0","0","0","0","0","0","0","0","0","0","","02","3","2014","2","40.297122","-79.874789","","11","0","0","0","0","0","0","0","0","2","0","0","0","","","0","","0","","40 17:49.639","1","0","79 52:29.240","0","0","0","0","2302","0","0","0","N","0","0","0","1","02302","0","","5.0","","1","N","N","","0","","0","0","0","","0","Y","","1","0","0","0","0","0","0","2","0","1","","","","N","","","","","","","","","",""
"2014027779","","1","0","0","0","0","0","0","0","0","1","0","","02","3","2014","1","40.360439","-79.845383","","11","0","0","0","0","0","0","0","0","2","0","0","0","","","1","","0","","40 21:37.581","1","3","79 50:43.378","3","0","0","0","2303","0","0","0","N","0","0","0","2","02303","0","","1.0","","2","N","N","","0","","1","0","1","","0","Y","","2","1","0","0","0","0","0","2","0","2","","","","N","","","","","","","","","",""
"2014029235","","2","0","0","0","0","0","0","0","0","4","0","","02","3","2014","1","40.377344","-79.850707","","11","0","0","0","0","0","0","0","0","4","1","0","0","","","2","","3","","40 22:38.439","2","0","79 51:02.546","1","0","0","0","2303","0","0","0","N","0","0","0","3","02303","0","1","1.0","","1","N","N","","0","0","0","0","0","","0","Y","","2","2","0","0","0","2","0","2","0","2","","","","N","","","","","","","","","",""
"2014027638","","2","0","0","0","0","0","0","0","0","1","0","","02","2","2014","7","40.299062","-80.029812","","11","0","0","0","0","1","1","0","0","","0","0","0","","","1","","2","","40 17:56.623","","0","80 01:47.323","4","0","0","0","2407","0","0","0","N","0","0","0","2","02407","1","","1.0","","1","N","N","","0","","0","0","0","","3","","","2","1","0","0","0","0","0","2","0","2","","","","N","","","","","","","","","",""
"2014029251","","1","0","0","0","0","0","0","0","0","7","0","","02","3","2014","1","40.404844","-79.910671","","11","0","0","0","0","0","0","0","1","","0","0","0","","","1","","1","","40 24:17.438","","0","79 54:38.415","8","0","0","0","2438","0","0","0","N","0","0","0","2","02438","0","","5.0","","1","N","N","","0","","0","0","0","","0","","","1","1","2","0","0","1","0","2","0","1","","","","N","","","","","","","","","",""
"2014028476","","1","0","0","0","0","0","0","0","0","2","0","","02","3","2014","6","40.461635","-80.105956","","11","0","0","0","0","0","0","0","0","2","0","0","0","","","3","","0","","40 27:41.887","7","0","80 06:21.441","8","0","0","0","2126","0","0","0","N","0","0","0","4","02126","0","","1.0","","1","N","N","","0","","0","0","1","","0","Y","","2","3","0","0","0","3","0","2","0","2","","","","N","","","","","","","","","",""
"2014027780","","1","0","0","0","0","0","0","0","0","1","0","","02","3","2014","2","40.378969","-79.975483","","11","0","0","0","0","0","1","0","0","","0","0","0","","","1","","0","","40 22:44.290","","0","79 58:31.737","8","0","0","0","2413","0","0","0","N","0","0","0","2","02413","0","","1.0","","1","N","N","","1","","0","0","0","","0","","","2","1","0","0","0","1","0","2","0","2","","","","N","","","","","","","","","",""
"2014029025","","3","0","0","0","0","0","0","0","0","1","0","","02","3","2014","7","40.415035","-80.011273","","11","0","1","0","0","0","2","0","0","","0","0","0","","","1","","5","","40 24:54.125","","2","80 00:40.583","4","0","0","0","2301","0","0","0","N","0","0","0","4","02301","1","","1.0","","1","N","N","","0","","0","0","0","","2","","","3","1","0","0","0","0","0","2","0","3","","","","N","","","","","","","","","",""
"2014027639","","0","0","0","0","0","0","0","0","0","7","0","","02","2","2014","7","40.296417","-80.053056","","11","0","0","0","0","0","0","0","0","","0","0","0","","","0","","0","","40 17:47.100","","0","80 03:11.000","0","0","0","0","2407","0","0","0","N","0","0","0","1","02407","0","","4.0","","2","N","N","","0","","0","0","1","","0","","","1","0","0","0","0","0","0","2","0","1","","","","N","","","","","","","","","",""
"2014027781","","2","0","0","0","0","0","0","0","0","2","0","","02","3","2014","4","40.344778","-79.835861","","11","0","0","0","0","0","0","0","0","1","0","0","0","","","1","","0","","40 20:41.200","7","0","79 50:09.100","8","0","0","0","2304","0","0","0","N","0","0","0","2","02304","0","","1.0","","1","","N","","0","","0","0","0","","0","Y","","2","1","0","0","0","1","0","2","0","2","","","","N","","","","","","","","","",""
"2014027490","","2","0","0","0","0","0","0","0","0","1","0","","02","3","2014","3","40.35153","-79.818308","","11","0","0","0","0","0","0","0","0","","0","0","0","","","0","","0","","40 21:05.508","","7","79 49:05.908","9","0","0","0","2477","0","0","0","N","0","0","0","1","02477","0","","1.0","","1","N","N","","0","","0","0","2","","0","","","4","0","0","0","0","0","1","2","0","4","","","","N","","","","","","","","","",""
"2014026855","","0","0","0","0","0","0","0","0","0","4","0","","02","3","2014","2","40.408331","-79.894203","","11","0","0","0","0","0","0","0","0","2","0","0","0","","","1","","2","","40 24:29.992","4","0","79 53:39.132","4","0","0","0","2448","0","0","0","N","0","0","0","3","02448","1","","1.0","","9","N","N","","0","","0","0","2","","2","N","","2","1","0","0","0","0","0","2","0","2","","","","N","","","","","","","","","",""
"2014027640","","0","0","0","0","0","0","0","0","0","7","0","","02","3","2014","1","40.371083","-80.002806","","11","0","0","0","0","0","0","0","0","2","0","0","0","","","0","","0","","40 22:15.900","4","0","80 00:10.100","0","0","0","0","2416","0","0","0","N","0","0","0","3","02416","0","","4.0","","7","N","N","","0","","0","0","1","","0","N","","1","0","0","0","0","0","0","2","0","1","","","","N","","","","","","","","","",""
"2014027478","","2","0","0","0","0","0","0","0","0","5","0","","02","3","2014","7","40.464711","-79.852782","","11","0","0","0","0","0","0","0","0","","0","0","0","","","0","","0","","40 27:52.960","","0","79 51:10.015","0","0","0","0","2113","0","0","0","N","0","0","0","1","02113","0","","2.0","","1","N","N","","0","","0","0","0","","0","","","2","0","0","0","0","0","0","2","0","2","","","","N","","","","","","","","","",""
"2014028398","","2","0","0","0","0","0","0","0","0","4","0","","02","3","2014","6","40.403604","-80.040431","","11","0","0","0","0","0","1","0","0","1","0","0","0","","","0","","1","","40 24:12.974","1","0","80 02:25.552","0","0","0","0","2301","0","0","0","N","0","0","0","2","02301","0","","1.0","","1","N","N","","0","","0","0","0","","3","N","","2","0","1","0","0","0","0","2","0","2","","","","N","","","","","","","","","",""
"2014029254","","1","0","0","0","0","0","0","0","0","4","0","","02","3","2014","2","40.353263","-79.846175","","11","0","0","0","0","0","0","0","1","2","0","0","0","","","2","","0","","40 21:11.746","2","0","79 50:46.229","3","0","0","1","2304","0","0","0","N","0","0","0","2","02304","1","","1.0","","1","N","N","","0","","1","0","0","","0","N","","2","2","0","0","0","0","0","2","0","2","","","","N","","","","","","","","","",""
"2014027770","","1","0","0","0","0","0","0","0","0","4","0","","02","3","2014","4","40.43778","-79.972856","","11","0","0","0","0","0","1","0","0","","0","0","0","","","0","","1","","40 26:16.008","","0","79 58:22.281","0","0","0","0","2301","0","0","0","N","0","0","0","3","02301","0","","1.0","","1","N","N","","0","","0","0","0","","2","","","2","0","0","0","0","0","0","2","1","2","","","","N","","","","","","","","","",""
"2014028558","","3","0","0","0","0","0","0","0","0","5","0","","02","3","2014","7","40.444202","-80.028173","","11","0","0","0","0","0","0","0","0","","0","0","0","","","0","","1","","40 26:39.126","","3","80 01:41.424","9","0","0","0","2301","0","0","0","N","0","0","0","3","02301","0","","1.0","","1","N","N","","0","","0","0","0","","2","","","3","0","0","0","0","0","1","2","0","3","","","","N","","","","","","","","","",""
"2014027492","","1","0","0","0","0","0","0","0","0","4","0","","02","3","2014","4","40.499325","-80.046083","","11","0","0","0","0","0","0","0","0","","0","0","0","","","0","","0","","40 29:57.570","","0","80 02:45.900","0","0","0","0","2116","0","0","0","N","0","0","0","1","02116","0","","5.0","","2","N","N","","1","","0","0","1","","0","","","3","0","0","0","0","0","0","2","0","3","","","","N","","","","","","","","","",""
"2014028267","","1","0","0","0","0","0","0","0","0","4","0","","02","3","2014","6","40.446621","-79.893602","","11","0","0","0","1","0","0","0","0","","0","0","0","","","1","","2","","40 26:47.835","","0","79 53:36.967","4","0","0","0","2301","0","0","0","N","0","0","0","4","02301","1","","1.0","","1","N","N","","0","","0","0","1","","3","","","2","1","0","0","0","0","1","2","0","2","","","","N","","","","","","","","","",""
"2014029796","","0","0","0","0","0","0","0","0","0","0","0","","02","3","2014","4","40.432278","-79.959288","","11","0","0","0","0","0","0","0","0","","0","0","0","","","0","","0","","40 25:56.202","","8","79 57:33.437","0","0","0","0","2301","0","0","0","N","0","0","0","1","02301","0","","1.0","","9","N","N","","0","","0","0","1","","0","","","1","0","0","0","0","0","0","2","0","1","","","","N","","","","","","","","","",""
"2014027784","","1","0","0","0","0","0","0","0","0","1","0","","02","3","2014","3","40.350264","-79.927086","","11","0","0","0","0","0","0","0","0","1","0","0","0","","","1","","0","","40 21:00.949","3","0","79 55:37.509","3","0","0","0","2473","0","0","0","N","0","0","0","2","02473","0","","1.0","","1","N","N","","1","","1","0","0","","0","Y","","2","1","0","0","0","0","0","2","0","2","","","","N","","","","","","","","","",""
"2014027493","","1","0","0","0","0","0","0","0","0","7","0","","02","3","2014","4","40.466188","-79.826144","","11","0","0","0","0","0","0","0","0","","0","0","0","","","0","","2","","40 27:58.276","","0","79 49:34.119","9","0","0","0","2113","0","0","0","N","0","0","0","1","02113","0","","5.0","","1","N","N","","0","","0","0","0","","2","","","1","0","0","0","0","0","1","2","0","1","","","","N","","","","","","","","","",""
"2014028334","","1","0","0","0","0","0","0","0","0","1","0","","02","3","2014","1","40.568977","-79.797065","","11","0","0","0","0","0","1","0","0","2","0","0","0","","","2","","0","","40 34:08.317","2","0","79 47:49.434","4","0","0","0","2206","0","0","0","N","0","0","0","3","68D01","2","","1.0","","7","N","N","","0","","0","0","1","","0","N","","2","2","1","0","0","0","0","2","0","2","","","","N","","","","","","","","","",""
"2014026858","","2","0","0","0","0","0","0","0","0","2","0","","02","3","2014","2","40.413727","-79.955636","","11","0","0","0","0","0","0","0","0","2","0","0","0","","","0","","0","","40 24:49.418","6","0","79 57:20.289","0","0","0","0","2301","0","0","0","N","0","0","0","3","02301","0","","1.0","","2","N","N","","0","","0","0","1","","0","N","","3","0","1","0","0","0","0","2","0","3","","","","N","","","","","","","","","",""
"2014027630","","3","0","0","0","0","0","0","0","0","1","0","","02","2","2014","3","40.439416","-79.996924","","11","0","0","0","0","0","0","0","0","","0","0","0","","","0","","1","","40 26:21.897","","0","79 59:48.926","0","0","0","0","2301","0","0","0","N","0","0","0","4","02301","0","","1.0","","2","N","N","","0","","0","0","0","","7","","","3","0","0","0","0","0","0","2","0","3","","","","N","","","","","","","","","",""
"2014028401","","3","0","0","0","0","0","0","0","0","1","0","","02","3","2014","6","40.325954","-79.793364","","11","0","0","0","1","0","1","0","0","","0","0","0","","","0","","0","","40 19:33.434","","0","79 47:36.110","0","0","0","0","2477","0","0","0","N","0","0","0","5","02477","0","","1.0","","1","N","N","","0","","0","0","0","","0","","","3","0","0","0","0","0","0","2","0","3","","","","N","","","","","","","","","",""
"2014029047","","2","0","0","0","0","0","0","0","0","1","0","","02","3","2014","2","40.327806","-79.838917","","11","0","0","0","1","0","1","0","0","","0","0","0","","","0","","2","","40 19:40.100","","0","79 50:20.100","0","0","0","0","2304","0","0","0","N","0","0","0","3","02304","0","","1.0","","1","N","N","","0","","0","0","1","","0","","","3","0","0","0","0","0","0","2","0","3","","","","N","","","","","","","","","",""
"2014029114","","1","0","0","0","0","0","0","0","0","4","0","","02","3","2014","2","40.4532","-79.992708","","11","0","0","0","0","0","0","1","0","","0","0","0","","","1","","1","","40 27:11.520","","0","79 59:33.748","4","0","0","0","2301","0","0","0","N","0","0","0","2","02301","1","","1.0","","1","N","N","","0","","0","0","1","","2","","","2","1","0","0","0","0","0","2","0","2","","","","N","","","","","","","","","",""
"2014027631","","1","0","0","0","0","0","0","0","0","4","0","","02","3","2014","3","40.498586","-80.061839","","11","0","0","0","0","0","0","1","1","","0","0","0","","","0","","1","","40 29:54.909","","0","80 03:42.620","0","0","0","0","2402","0","0","0","N","0","0","0","3","02402","0","","1.0","","1","N","N","","0","","0","0","1","","2","","","2","0","3","0","0","0","0","2","0","2","","","","N","","","","","","","","","",""
"2014026872","","2","0","0","0","0","0","0","0","0","4","0","","02","3","2014","1","40.457258","-79.973578","","11","0","0","0","0","0","1","0","0","1","0","0","0","","","1","","2","","40 27:26.128","5","0","79 58:24.880","4","0","0","0","2301","0","0","0","N","0","0","0","2","02301","1","","1.0","","9","N","N","","0","","0","0","0","","0","Y","","2","1","0","0","0","0","0","2","0","2","","","","N","","","","","","","","","",""
"2014028270","","1","0","0","0","0","0","0","0","0","4","0","","02","3","2014","6","40.477221","-79.923715","","11","0","0","0","0","0","2","0","0","","0","0","0","","","0","","1","","40 28:37.995","","0","79 55:25.374","0","0","0","0","2301","0","0","0","N","0","0","0","3","02301","0","","1.0","","1","N","N","","1","","0","0","0","","3","","","2","0","2","0","0","0","0","2","0","2","","","","N","","","","","","","","","",""
"2014026873","","1","0","0","0","0","0","1","0","0","1","1","","02","3","2014","2","40.350109","-79.873361","","11","0","0","0","0","0","1","0","0","3","0","0","0","","","0","","2","","40 21:00.392","3","0","79 52:24.098","0","0","0","0","2304","0","0","0","N","0","0","0","2","02304","0","","1.0","","2","N","N","","0","","0","0","0","","0","N","","2","0","0","0","0","0","0","2","0","2","","","","N","","","","","","","","","",""
"2014028416","","1","0","0","0","0","0","0","0","0","1","0","","02","2","2014","5","40.496163","-80.017057","","11","0","0","0","0","0","0","0","0","","0","0","0","","","0","","0","","40 29:46.187","","0","80 01:01.404","0","0","0","0","2301","0","0","0","N","0","0","0","3","68B03","0","","1.0","","1","N","N","","0","","0","0","1","","0","","","2","0","0","0","0","0","0","2","0","2","","","","N","","","","","","","","","",""
"2014029261","","1","0","0","0","0","0","0","0","0","4","0","","02","3","2014","2","40.240883","-79.860116","","11","0","0","0","0","0","2","0","0","2","0","0","0","","","1","","1","","40 14:27.177","1","0","79 51:36.418","8","0","0","0","2105","0","0","0","N","0","0","0","4","02105","0","","1.0","","1","N","N","","1","","0","0","0","","3","Y","","2","1","0","0","0","1","0","1","0","2","","","","N","","","","","","","","","",""
"2014029049","","1","0","0","0","0","0","0","0","0","1","0","","02","3","2014","2","40.498102","-80.012922","","11","0","0","0","0","0","2","0","0","1","0","0","0","","","1","","3","","40 29:53.166","2","0","80 00:46.519","8","0","0","0","2301","0","0","0","N","0","0","0","2","02301","0","","7.0","","1","N","N","","0","","0","0","1","","4","N","","2","1","0","0","0","1","0","2","0","2","","","","N","","","","","","","","","",""
"2014028417","","0","0","0","0","0","0","0","0","0","7","0","","02","3","2014","1","40.492212","-80.125664","","11","0","0","0","0","0","0","0","0","","0","0","0","","","1","","0","","40 29:31.962","","0","80 07:32.391","8","0","0","0","2115","0","0","0","Y","0","0","0","1","68B03","0","","2.0","","9","N","N","","0","","0","0","1","","0","","","1","1","0","0","0","1","0","2","0","1","","","","N","","","","","","","","","",""
"2014029050","","1","0","0","0","0","0","0","0","0","1","0","15","02","3","2014","2","40.465167","-79.944306","","11","0","0","0","0","0","0","0","0","","0","0","0","","","1","","0","","40 27:54.600","","0","79 56:39.500","4","0","0","0","2301","0","0","0","N","0","0","0","2","02301","1","","1.0","","1","N","N","","1","","0","0","0","","0","","","2","1","0","0","0","0","0","2","0","2","","","Y","Y","4","1","Y","Y","N","Y","","","",""
"2014027635","","0","0","0","0","0","0","0","0","0","7","0","","02","3","2014","4","40.441566","-79.992368","","11","0","0","0","0","0","1","0","0","1","0","0","0","","","0","","7","","40 26:29.639","1","2","79 59:32.526","0","0","0","0","2301","0","0","0","Y","0","0","0","1","02301","0","","2.0","","2","N","N","","0","","0","0","0","","0","Y","","1","0","0","0","0","0","0","2","1","1","","","","N","","","","","","","","","",""
"2014027647","","2","0","0","0","0","0","0","0","0","4","0","","02","2","2014","4","40.449602","-80.087546","","11","0","0","0","0","0","1","0","0","","0","0","0","","","0","","2","","40 26:58.567","","0","80 05:15.165","0","0","0","0","2301","0","0","0","N","0","0","0","2","02301","0","","1.0","","1","N","N","","0","","0","0","0","","3","","","2","0","0","0","0","0","0","2","0","2","","","","N","","","","","","","","","",""
"2014027777","","2","0","0","0","0","0","0","0","0","5","0","","02","3","2014","7","40.295611","-79.874612","","11","0","0","0","0","0","0","0","0","","0","0","0","","","0","","0","","40 17:44.201","","0","79 52:28.602","0","0","0","0","2302","0","0","0","N","0","0","0","1","02302","0","","6.0","","1","N","N","","0","","0","0","1","","0","","","3","0","0","0","0","0","0","2","0","3","","","","N","","","","","","","","","",""
"2014029036","","1","0","0","0","0","0","0","0","0","4","0","","02","3","2014","2","40.449879","-79.713838","","11","0","0","0","0","0","0","0","0","","0","0","0","","","1","","0","","40 26:59.566","","7","79 42:49.816","8","0","0","0","2466","0","0","0","N","0","0","0","3","02466","0","","1.0","","1","N","N","","0","","0","0","1","","0","","","2","1","0","0","0","1","0","2","0","2","","","","N","","","","","","","","","",""
"2014029802","","1","0","0","0","0","0","0","0","0","4","0","","02","2","2014","6","40.519536","-80.172443","","11","0","0","0","0","0","0","1","0","","0","0","0","","","0","","1","","40 31:10.329","","0","80 10:20.794","0","0","0","0","2420","0","0","0","N","0","0","0","2","02420","0","","1.0","","1","N","N","","0","","0","0","1","","3","","","2","0","2","0","0","0","0","2","0","2","","","","N","","","","","","","","","",""
"2014026863","","2","0","0","0","0","0","0","0","0","2","0","","02","3","2014","2","40.348361","-79.878111","","11","0","0","0","0","0","2","1","0","2","0","0","0","","","1","","0","","40 20:54.100","4","0","79 52:41.200","8","0","0","0","2304","0","0","0","N","0","0","0","4","02304","0","","1.0","","2","N","N","","0","","0","0","2","","0","N","","4","1","0","0","0","1","1","2","0","4","","","","N","","","","","","","","","",""
"2014028353","","2","0","0","0","0","0","0","0","0","4","0","","02","2","2014","6","40.388644","-79.830233","","11","0","0","0","0","0","0","0","1","2","0","0","0","","","0","","2","","40 23:19.117","3","0","79 49:48.839","0","0","0","0","2111","0","0","0","N","0","0","0","2","02111","0","","1.0","","9","N","N","","0","","0","0","0","","2","N","","2","0","0","0","0","0","0","2","0","2","","","","N","","","","","","","","","",""
"2014026876","","2","0","0","0","0","0","0","0","0","4","0","","02","3","2014","2","40.455376","-80.029682","","11","0","0","0","0","0","0","0","0","","0","0","0","","","0","","1","","40 27:19.352","","2","80 01:46.854","9","0","0","0","2301","0","0","0","N","0","0","0","1","02301","0","","2.0","","2","N","N","","0","","0","0","1","","3","","","3","0","0","0","0","0","1","2","0","3","","","","N","","","","","","","","","",""
"2014028419","","0","0","0","0","0","0","0","0","0","7","0","","02","3","2014","4","40.648875","-79.722743","","11","0","0","0","0","0","0","0","0","1","0","0","0","","","0","","0","","40 38:55.951","2","0","79 43:21.875","0","0","0","0","2106","0","0","0","N","0","0","0","1","68D02","0","","5.0","","1","N","N","","0","","0","0","1","","0","N","","1","0","0","0","0","0","0","2","0","1","","","","N","","","","","","","","","",""
"2014029052","","0","0","0","0","0","0","0","0","0","8","0","","02","3","2014","5","40.447425","-79.942471","","11","0","0","0","0","0","0","0","0","1","0","0","0","","","1","","1","","40 26:50.730","3","0","79 56:32.895","8","0","0","0","2301","1","0","0","N","1","0","0","3","02301","0","","1.0","","1","N","N","","0","","0","0","1","","2","N","","2","1","0","0","0","1","0","2","0","1","","","","N","","","","","","","","","",""
"2014027793","","0","0","0","0","0","0","0","0","0","0","0","","02","3","2014","7","40.506331","-79.829496","","11","0","0","0","0","0","0","0","0","","0","0","0","","","0","","1","","40 30:22.791","","0","79 49:46.185","0","0","0","0","2113","0","0","0","N","0","0","0","2","02113","0","","1.0","","1","N","N","","0","","0","0","0","","3","","","1","0","0","0","0","0","0","2","1","1","","","","N","","","","","","","","","",""
"2014029804","","1","0","0","0","0","0","0","0","0","1","0","","02","3","2014","4","40.409505","-79.990787","","11","0","0","0","0","0","1","0","0","","0","0","0","","","2","","2","","40 24:34.218","","0","79 59:26.833","4","0","0","0","2301","0","0","0","N","0","0","0","4","02301","2","","1.0","","9","N","N","","0","","0","0","0","","0","","","3","2","0","0","0","0","0","2","2","3","","","","N","","","","","","","","","",""
"2014029267","","1","0","0","0","0","0","0","0","0","7","0","","02","3","2014","5","40.522917","-80.078861","","11","0","0","0","0","0","1","0","0","","0","0","0","","","0","","0","","40 31:22.500","","0","80 04:43.900","0","0","0","0","2215","0","0","0","N","0","0","0","2","02215","0","","5.0","","1","N","N","","0","","0","0","0","","0","","","1","0","0","0","0","0","0","2","0","1","","","","N","","","","","","","","","",""
"2014029347","","1","0","0","0","0","0","0","0","0","7","0","","02","2","2014","4","40.587106","-80.099918","","11","0","0","0","0","0","0","0","0","2","0","0","0","","","0","","0","","40 35:13.583","2","0","80 05:59.704","0","0","0","0","2481","0","0","0","N","0","0","0","1","68B03","0","","4.0","","6","N","N","","0","","0","0","0","","0","N","","1","0","0","0","0","0","0","2","0","1","","","","N","","","","","","","","","",""
"2014027794","","1","0","0","0","0","0","0","0","0","7","0","","02","3","2014","4","40.390916","-80.201363","","11","0","0","0","0","0","0","0","0","1","0","0","0","","","0","","0","","40 23:27.299","4","0","80 12:04.907","0","0","0","0","2214","0","0","0","N","0","0","0","1","02214","0","","4.0","","1","N","N","","0","","0","0","0","","0","N","","1","0","0","0","0","0","0","2","0","1","","","","N","","","","","","","","","",""
"2014029040","","1","0","0","0","0","0","0","0","0","4","0","","02","3","2014","2","40.458331","-79.906145","","11","0","0","0","0","0","0","0","0","","0","0","0","","","1","","2","","40 27:29.991","","0","79 54:22.122","8","0","0","0","2301","0","0","0","N","0","0","0","4","02301","0","","1.0","","1","Y","N","","0","","0","0","1","","3","","","2","1","0","0","0","1","0","2","0","2","","","","N","","","","","","","","","",""
"2014027502","","2","0","0","0","0","0","0","0","0","1","0","","02","2","2014","5","40.415143","-80.011605","","11","0","0","0","0","0","0","0","0","1","0","0","0","","","0","","0","","40 24:54.513","1","0","80 00:41.777","0","0","0","0","2301","0","0","0","N","0","0","0","3","02301","0","","1.0","","1","N","N","","0","","0","0","0","","0","N","","3","0","0","0","0","0","0","2","1","3","","","","N","","","","","","","","","",""
"2014026879","","0","0","0","0","0","0","0","0","0","7","0","","02","3","2014","1","","","","11","0","0","0","0","0","1","0","0","1","0","0","0","","","0","","0","","","6","0","","0","0","0","0","2220","0","0","0","N","0","0","0","1","02220","0","","4.0","","7","N","N","","0","","0","0","1","","0","N","","1","0","0","0","0","0","0","1","0","1","","","","N","","","","","","","","","",""
"2014028491","","1","0","0","0","0","0","0","0","0","7","0","","02","3","2014","6","40.449667","-79.929556","","11","0","0","0","0","0","0","0","0","","0","0","0","","","0","","0","","40 26:58.800","","0","79 55:46.400","0","0","0","0","2301","0","0","0","N","0","0","0","1","02301","0","","4.0","","1","N","N","","0","","0","0","0","","0","","","1","0","0","0","0","0","0","2","0","1","","","","N","","","","","","","","","",""
"2014029348","","0","0","0","0","0","0","0","0","0","7","0","","02","2","2014","1","40.429709","-79.957021","","11","0","0","0","0","0","0","0","0","2","0","0","0","","","0","","0","","40 25:46.954","3","0","79 57:25.276","0","0","0","0","2301","0","0","0","N","0","0","0","1","68B03","0","","4.0","","6","N","N","","1","","0","0","0","","0","N","","1","0","0","0","0","0","0","2","0","1","","","","N","","","","","","","","","",""
"2014027795","","0","0","0","0","0","0","0","0","0","7","0","","02","3","2014","4","40.251267","-79.912461","","11","0","0","0","0","0","0","0","0","1","0","0","0","","","3","","0","","40 15:04.560","5","0","79 54:44.860","4","0","0","0","2204","0","0","0","N","0","0","0","3","02204","3","","4.0","","1","N","N","","0","","0","0","0","","0","N","","1","3","0","0","0","0","0","1","1","1","","","","N","","","","","","","","","",""
"2014027652","","1","0","0","0","0","0","0","0","0","1","0","","02","3","2014","4","40.49114","-80.060871","","11","0","0","0","0","0","1","0","0","","0","0","0","","","1","","0","","40 29:28.105","","0","80 03:39.137","4","0","0","0","2404","0","0","0","N","0","0","0","2","02404","1","","1.0","","1","N","N","","1","","0","0","0","","0","","","2","1","0","0","0","0","0","2","0","2","","","","N","","","","","","","","","",""