"CRN","ARRIVAL_TM","AUTOMOBILE_COUNT","BELTED_DEATH_COUNT","BELTED_SUSP_SERIOUS_INJ_COUNT","BICYCLE_COUNT","BICYCLE_DEATH_COUNT","BICYCLE_SUSP_SERIOUS_INJ_COUNT","BUS_COUNT","CHLDPAS_DEATH_COUNT","CHLDPAS_SUSP_SERIOUS_INJ_COUNT","COLLISION_TYPE","COMM_VEH_COUNT","CONS_ZONE_SPD_LIM","COUNTY","CRASH_MONTH","CRASH_YEAR","DAY_OF_WEEK","DEC_LATITUDE","DEC_LONGITUDE","DISPATCH_TM","DISTRICT","DRIVER_COUNT_16YR","DRIVER_COUNT_17YR","DRIVER_COUNT_18YR","DRIVER_COUNT_19YR","DRIVER_COUNT_20YR","DRIVER_COUNT_50_64YR","DRIVER_COUNT_65_74YR","DRIVER_COUNT_75PLUS","EST_HRS_CLOSED","FATAL_COUNT","HEAVY_TRUCK_COUNT","HORSE_BUGGY_COUNT","HOUR_OF_DAY","ILLUMINATION","INJURY_COUNT","INTERSECTION_RELATED","INTERSECT_TYPE","LANE_CLOSED","LATITUDE","LN_CLOSE_DIR","LOCATION_TYPE","LONGITUDE","MAX_SEVERITY_LEVEL","MCYCLE_DEATH_COUNT","MCYCLE_SUSP_SERIOUS_INJ_COUNT","MOTORCYCLE_COUNT","MUNICIPALITY","NONMOTR_COUNT","NONMOTR_DEATH_COUNT","NONMOTR_SUSP_SERIOUS_INJ_COUNT","NTFY_HIWY_MAINT","PED_COUNT","PED_DEATH_COUNT","PED_SUSP_SERIOUS_INJ_COUNT","PERSON_COUNT","POLICE_AGCY","POSSIBLE_INJ_COUNT","RDWY_SURF_TYPE_CD","RELATION_TO_ROAD","ROADWAY_CLEARED","ROAD_CONDITION","SCH_BUS_IND","SCH_ZONE_IND","SECONDARY_CRASH","SMALL_TRUCK_COUNT","SPEC_JURIS_CD","SUSP_MINOR_INJ_COUNT","SUSP_SERIOUS_INJ_COUNT","SUV_COUNT","TCD_FUNC_CD","TCD_TYPE","TFC_DETOUR_IND","TIME_OF_DAY","TOTAL_UNITS","TOT_INJ_COUNT","UNBELTED_OCC_COUNT","UNB_DEATH_COUNT","UNB_SUSP_SERIOUS_INJ_COUNT","UNK_INJ_DEG_COUNT","UNK_INJ_PER_COUNT","URBAN_RURAL","VAN_COUNT","VEHICLE_COUNT","WEATHER1","WEATHER2","WORKERS_PRES","WORK_ZONE_IND","WORK_ZONE_LOC","WORK_ZONE_TYPE","WZ_CLOSE_DETOUR","WZ_FLAGGER","WZ_LAW_OFFCR_IND","WZ_LN_CLOSURE","WZ_MOVING","WZ_OTHER","WZ_SHLDER_MDN","WZ_WORKERS_INJ_KILLED"
"2014071065","","0","0","0","0","0","0","0","0","0","7","0","","02","7","2014","7","40.417858","-80.014864","","11","0","0","0","0","0","0","0","0","1","0","0","0","","","0","","0","","40 25:04.288","7","0","80 00:53.512","0","0","0","0","2301","0","0","0","N","0","0","0","1","02301","0","","4.0","","9","N","N","","0","","0","0","1","","0","N","","1","0","1","0","0","0","0","2","0","1","","","","N","","","","","","","","","",""
"2014070409","","1","0","0","1","0","0","0","0","0","8","0","","02","7","2014","4","40.521014","-80.031561","","11","0","0","0","0","0","0","0","0","","0","0","0","","","1","","2","","40 31:15.650","","0","80 01:53.620","3","0","0","0","2474","1","0","0","N","0","0","0","4","02474","0","","1.0","","1","N","N","","0","","1","0","0","","0","","","2","1","1","0","0","0","0","2","0","1","","","","N","","","","","","","","","",""
"2014071272","","1","0","0","0","0","0","0","0","0","7","0","","02","7","2014","1","40.484686","-79.819722","","11","0","0","0","0","1","0","0","0","2","0","0","0","","","1","","0","","40 29:04.868","5","0","79 49:10.998","4","0","0","0","2113","0","0","0","N","0","0","0","1","02113","1","","4.0","","9","N","N","","0","","0","0","0","","0","Y","","1","1","0","0","0","0","0","2","0","1","","","","N","","","","","","","","","",""
"2014069680","","1","0","0","0","0","0","0","0","0","7","0","","02","7","2014","1","40.421155","-80.031263","","11","0","0","0","0","0","0","0","0","","0","0","0","","","1","","0","","40 25:16.159","","0","80 01:52.545","8","0","0","0","2301","0","0","0","N","0","0","0","1","68B03","0","","4.0","","1","N","N","","0","","0","0","0","","0","","","1","1","0","0","0","1","0","2","0","1","","","","N","","","","","","","","","",""
"2014071066","","0","0","0","0","0","0","0","0","0","4","0","","02","7","2014","7","40.425799","-80.019809","","11","0","0","0","0","0","1","0","0","1","0","0","0","","","0","","1","","40 25:32.876","7","0","80 01:11.311","0","0","0","0","2301","0","0","0","N","0","0","0","2","02301","0","","1.0","","9","N","N","","0","","0","0","2","","2","N","","2","0","0","0","0","0","0","2","0","2","","","","N","","","","","","","","","",""
"2014070629","","1","0","0","0","0","0","0","0","0","4","0","","02","7","2014","5","40.413617","-79.945488","","11","0","0","0","0","0","0","0","0","","0","0","0","","","1","","1","","40 24:49.022","","0","79 56:43.757","4","0","0","0","2301","0","0","0","N","0","0","0","2","02301","1","","1.0","","1","N","N","","0","","0","0","1","","0","","","2","1","1","0","0","0","0","2","0","2","","","","N","","","","","","","","","",""
"2014069897","","4","0","0","0","0","0","0","0","0","1","0","","02","7","2014","3","40.386858","-80.0897","","11","0","0","0","0","0","2","0","1","1","0","0","0","","","1","","0","","40 23:12.689","3","0","80 05:22.920","4","0","0","0","2117","0","0","0","N","0","0","0","5","02117","1","","1.0","","1","N","N","","0","","0","0","0","","0","N","","4","1","1","0","0","0","0","2","0","4","","","","N","","","","","","","","","",""
"2014070551","","1","0","0","0","0","0","0","0","0","6","0","","02","7","2014","5","40.401528","-79.906333","","11","0","0","0","0","0","0","0","1","2","0","0","0","","","2","","0","","40 24:05.500","5","0","79 54:22.800","4","0","0","0","2438","0","0","0","N","0","0","0","3","02438","1","","1.0","","1","N","N","","1","","0","0","0","","0","Y","","2","2","0","0","0","1","0","2","0","2","","","","N","","","","","","","","","",""
"2014069959","","2","0","0","0","0","0","0","0","0","1","0","","02","7","2014","3","40.467027","-80.024868","","11","0","0","0","0","0","0","0","0","","0","0","0","","","0","","1","","40 28:01.298","","0","80 01:29.526","0","0","0","0","2301","0","0","0","N","0","0","0","2","02301","0","","1.0","","1","N","N","","0","","0","0","0","","2","","","2","0","1","0","0","0","0","2","0","2","","","","N","","","","","","","","","",""
"2014069972","","1","0","0","0","0","0","0","0","0","4","0","","02","7","2014","3","40.453082","-79.980335","","11","0","0","0","0","0","0","0","0","2","0","0","0","","","0","","1","","40 27:11.095","3","0","79 58:49.206","0","0","0","0","2301","0","0","0","N","0","0","0","3","02301","0","","1.0","","1","N","N","","0","","0","0","1","","0","N","","2","0","0","0","0","0","0","2","0","2","","","","N","","","","","","","","","",""
"2014069374","","1","0","0","0","0","0","0","0","0","0","0","","02","7","2014","1","40.415721","-80.071753","","11","0","0","0","0","0","0","0","0","","0","0","0","","","0","","0","","40 24:56.595","","0","80 04:18.311","0","0","0","0","2435","0","0","0","N","0","0","0","1","02435","0","","1.0","","9","N","N","","0","","0","0","0","","0","","","1","0","0","0","0","0","0","2","0","1","","","","N","","","","","","","","","",""
"2014069755","","1","0","0","0","0","0","0","0","0","7","0","","02","7","2014","2","40.361973","-79.903031","","11","0","0","0","0","0","0","0","0","","0","0","0","","","2","","0","","40 21:43.104","","0","79 54:10.913","4","0","0","0","2473","0","0","0","N","0","0","0","2","02473","2","","4.0","","1","N","N","","1","","0","0","0","","0","","","2","2","0","0","0","0","0","2","0","2","","","","N","","","","","","","","","",""
"2014071275","","1","0","0","0","0","0","0","0","0","2","0","","02","7","2014","1","40.431713","-80.00687","","11","0","0","0","0","1","0","0","0","2","0","0","0","","","2","","0","","40 25:54.165","7","0","80 00:24.731","4","0","0","0","2301","0","0","0","N","0","0","0","3","02301","2","","1.0","","1","N","N","","0","","0","0","1","","2","Y","","2","2","1","0","0","0","0","2","0","2","","","","N","","","","","","","","","",""
"2014069960","","1","0","0","0","0","0","0","0","0","1","0","","02","7","2014","3","40.545305","-80.030738","","11","0","0","0","0","0","0","0","0","","0","1","0","","","1","","2","","40 32:43.098","","0","80 01:50.656","4","0","0","0","2116","0","0","0","N","0","0","0","2","02116","1","","1.0","","1","N","N","","0","","0","0","0","","2","","","2","1","0","0","0","0","0","2","0","2","","","","N","","","","","","","","","",""
"2014070631","","1","0","0","0","0","0","1","0","0","1","1","","02","7","2014","5","40.467547","-79.944668","","11","0","0","0","0","0","0","0","0","","0","0","0","","","1","","0","","40 28:03.169","","0","79 56:40.804","8","0","0","0","2301","0","0","0","N","0","0","0","1","02301","0","","1.0","","1","Y","N","","1","","0","0","0","","0","","","3","1","1","0","0","1","0","2","0","3","","","","N","","","","","","","","","",""
"2014069375","","1","0","0","0","0","0","0","0","0","4","0","","02","7","2014","2","40.481527","-79.876154","","11","0","0","0","0","0","1","0","0","9","0","0","0","","","0","","2","","40 28:53.497","4","0","79 52:34.154","0","0","0","0","2113","0","0","0","","0","0","0","2","02113","0","","1.0","","9","","","","0","","0","0","1","","2","N","","2","0","0","0","0","0","0","2","0","2","","","","N","","","","","","","","","",""
"2014071276","","2","0","0","0","0","0","0","0","0","6","0","","02","7","2014","3","40.369982","-80.098654","","11","0","0","0","0","0","0","0","0","1","0","0","0","","","3","","0","","40 22:11.935","6","0","80 05:55.156","3","0","0","0","2102","0","0","0","N","0","0","0","3","02102","0","","1.0","","1","N","N","","0","","1","0","0","","0","Y","","2","3","3","0","0","2","0","2","0","2","","","","N","","","","","","","","","",""
"2014070620","","1","0","0","0","0","0","0","0","0","3","0","","02","7","2014","4","40.438894","-79.958366","","11","0","0","0","0","0","0","0","0","","0","0","0","","","1","","0","","40 26:20.018","","0","79 57:30.116","8","0","0","0","2301","0","0","0","N","0","0","0","2","02301","0","","6.0","","1","N","N","","0","","0","0","1","","0","","","2","1","0","0","0","1","1","2","0","2","","","","N","","","","","","","","","",""
"2014070632","","1","0","0","0","0","0","0","0","0","4","0","","02","7","2014","6","40.482887","-80.199943","","11","0","0","0","0","0","0","0","0","2","0","0","0","","","1","","1","","40 28:58.392","3","2","80 11:59.795","4","0","0","0","2213","0","0","0","N","0","0","0","2","02213","1","","1.0","","1","N","N","","0","","0","0","1","","2","N","","2","1","0","0","0","0","0","2","0","2","","","","N","","","","","","","","","",""
"2014069376","","2","0","0","0","0","0","0","0","0","4","0","","02","7","2014","6","40.447576","-80.164241","","11","0","0","0","0","0","0","0","0","","0","0","0","","","0","","2","","40 26:51.275","","2","80 09:51.268","0","0","0","0","2115","0","0","0","N","0","0","0","4","02115","0","","1.0","","1","N","N","","0","","0","0","0","","2","","","2","0","0","0","0","0","0","2","0","2","","","","N","","","","","","","","","",""
"2014069757","","2","0","0","0","0","0","0","0","0","4","0","","02","7","2014","6","40.362373","-79.826135","","11","0","0","0","0","0","1","1","0","1","0","0","0","","","2","","1","","40 21:44.541","1","0","79 49:34.085","3","0","0","0","2111","0","0","0","N","0","0","0","4","02111","1","","1.0","","1","N","N","","0","","1","0","0","","2","Y","","2","2","0","0","0","0","0","2","0","2","","","","N","","","","","","","","","",""
"2014070415","","2","0","0","0","0","0","0","0","0","4","0","","02","7","2014","5","40.445809","-79.713141","","11","0","0","0","0","0","0","0","1","","0","0","0","","","1","","0","","40 26:44.913","","7","79 42:47.308","4","0","0","0","2466","0","0","0","N","0","0","0","3","02466","1","","1.0","","1","N","N","","0","","0","0","0","","0","","","2","1","3","0","0","0","0","2","0","2","","","","N","","","","","","","","","",""
"2014070621","","1","0","0","0","0","0","0","0","0","7","0","","02","7","2014","5","40.624806","-79.841183","","11","0","0","0","0","0","0","0","0","1","0","0","0","","","1","","0","","40 37:29.300","6","0","79 50:28.260","4","0","0","0","2220","0","0","0","N","0","0","0","1","02220","1","","5.0","","1","N","N","","0","","0","0","0","","0","Y","","1","1","0","0","0","0","0","2","0","1","","","","N","","","","","","","","","",""
"2014071357","","2","0","0","0","0","0","0","0","0","1","0","","02","7","2014","7","40.40538","-80.077527","","11","0","0","0","0","0","1","0","0","","0","0","0","","","1","","0","","40 24:19.369","","0","80 04:39.096","8","0","0","0","2415","0","0","0","N","0","0","0","1","02415","0","","1.0","","1","N","N","","0","","0","0","0","","0","","","2","1","0","0","0","1","0","2","0","2","","","","N","","","","","","","","","",""
"2014069963","","1","0","0","0","0","0","0","0","0","1","0","","02","7","2014","3","40.43532","-79.985049","","11","0","0","0","0","0","1","0","0","2","0","0","0","","","1","","0","","40 26:07.152","1","0","79 59:06.177","8","0","0","0","2301","0","0","0","N","0","0","0","3","02301","0","","1.0","","1","N","N","","2","","0","0","0","","0","N","","3","1","0","0","0","1","0","2","0","3","","","","N","","","","","","","","","",""
"2014071652","","1","0","0","0","0","0","0","0","0","4","0","","02","7","2014","2","40.493465","-79.760773","","11","0","0","0","0","0","1","0","1","2","0","0","0","","","1","","2","","40 29:36.473","3","0","79 45:38.784","8","0","0","0","2466","0","0","0","N","0","0","0","5","02466","0","","1.0","","1","N","N","","0","","0","0","0","","3","N","","2","1","2","0","0","1","0","2","1","2","","","","N","","","","","","","","","",""
"2014071147","","1","0","0","0","0","0","0","0","0","7","0","","02","7","2014","7","40.623215","-79.923196","","11","0","0","0","0","1","0","0","0","1","0","0","0","","","0","","1","","40 37:23.575","6","0","79 55:23.506","0","0","0","0","2217","0","0","0","N","0","0","0","1","02505","0","","5.0","","9","N","N","","0","","0","0","0","","2","N","","1","0","0","0","0","0","0","2","0","1","","","","N","","","","","","","","","",""
"2014071291","","1","0","0","0","0","0","0","0","0","1","0","","02","7","2014","5","40.496038","-79.868614","","11","0","0","0","0","0","1","0","0","","0","0","0","","","0","","0","","40 29:45.736","","0","79 52:07.011","0","0","0","0","2112","0","0","0","Y","0","0","0","3","68D02","0","","1.0","","1","N","N","","0","","0","0","0","","0","","","2","0","0","0","0","0","0","2","1","2","","","","N","","","","","","","","","",""
"2014069977","","0","0","0","0","0","0","0","0","0","4","0","","02","7","2014","7","40.653407","-80.067871","","11","0","0","0","0","0","1","0","0","","0","0","0","","","1","","2","","40 39:12.266","","0","80 04:04.334","4","0","0","0","2216","0","0","0","N","0","0","0","2","02505","1","","1.0","","1","N","N","","0","","0","0","1","","3","","","2","1","0","0","0","0","0","2","1","2","","","","N","","","","","","","","","",""
"2014071656","","0","0","0","0","0","0","0","0","0","7","0","","02","7","2014","1","40.408639","-79.893306","","11","0","0","0","0","0","0","0","1","2","0","0","0","","","0","","0","","40 24:31.100","3","0","79 53:35.900","0","0","0","0","2448","0","0","0","N","0","0","0","1","02448","0","","4.0","","1","N","N","","0","","0","0","1","","0","Y","","1","0","0","0","0","0","0","2","0","1","","","","N","","","","","","","","","",""
"2014071657","","2","0","0","0","0","0","0","0","0","1","0","","02","7","2014","7","40.402688","-79.917122","","11","0","0","0","0","0","1","1","0","","0","0","0","","","0","","1","","40 24:09.678","","0","79 55:01.638","0","0","0","0","2472","0","0","0","N","0","0","0","4","02472","0","","1.0","","9","N","N","","0","","0","0","0","","2","","","2","0","0","0","0","0","0","2","0","2","","","","N","","","","","","","","","",""
"2014069763","","2","0","0","0","0","0","0","0","0","4","0","","02","7","2014","2","40.461055","-79.909788","","11","0","0","0","0","0","0","0","0","1","0","0","0","","","1","","1","","40 27:39.798","7","0","79 54:35.236","4","0","0","0","2301","0","0","0","N","0","0","0","2","02301","1","","1.0","","9","N","N","","0","","0","0","0","","2","N","","2","1","0","0","0","0","0","2","0","2","","","","N","","","","","","","","","",""
"2014070420","","2","0","0","0","0","0","0","0","0","4","0","","02","7","2014","5","40.428629","-80.008298","","11","0","0","0","0","0","0","0","0","","0","0","0","","","1","","0","","40 25:43.063","","0","80 00:29.871","4","0","0","0","2301","0","0","0","N","0","0","0","1","02301","1","","6.0","","1","N","N","","0","","0","0","2","","0","","","4","1","0","0","0","0","0","2","0","4","","","","N","","","","","","","","","",""
"2014071150","","1","0","0","0","0","0","0","0","0","5","0","","02","7","2014","7","40.468764","-79.916839","","11","0","0","0","0","0","0","0","0","1","0","0","0","","","0","","0","","40 28:07.549","5","0","79 55:00.621","0","0","0","0","2301","0","0","0","N","0","0","0","3","02301","0","","6.0","","9","N","N","","0","","0","0","2","","0","Y","","3","0","0","0","0","0","0","2","0","3","","","","N","","","","","","","","","",""
"2014069764","","2","0","0","0","0","0","0","0","0","4","0","","02","7","2014","3","40.216741","-79.843618","","11","0","0","0","0","0","0","0","0","1","0","0","0","","","0","","1","","40 13:00.267","6","2","79 50:37.025","0","0","0","0","2204","0","0","0","N","0","0","0","2","02204","0","","1.0","","1","N","N","","0","","0","0","0","","3","N","","2","0","0","0","0","0","0","1","0","2","","","","N","","","","","","","","","",""
"2014071138","","3","0","0","0","0","0","0","0","0","1","0","","02","7","2014","7","40.426957","-79.753234","","11","0","0","0","0","0","1","0","0","","0","0","0","","","1","","0","","40 25:37.044","","0","79 45:11.641","3","0","0","0","2446","0","0","0","N","0","0","0","4","02446","0","","1.0","","9","N","N","","0","","1","0","0","","0","","","3","1","1","0","0","0","0","2","0","3","","","","N","","","","","","","","","",""
"2014071152","","0","0","0","0","0","0","0","0","0","1","0","","02","7","2014","7","40.411014","-80.005933","","11","0","0","0","0","0","1","0","0","","0","0","0","","","0","","2","","40 24:39.651","","0","80 00:21.360","0","0","0","0","2301","0","0","0","N","0","0","0","3","02301","0","","1.0","","9","N","N","","1","","0","0","1","","0","","","3","0","1","0","0","0","0","2","1","3","","","","N","","","","","","","","","",""
"2014070560","","1","0","0","0","0","0","0","0","0","4","0","","02","7","2014","2","40.393109","-79.805088","","11","0","0","0","0","0","0","0","0","1","0","0","0","","","0","","2","","40 23:35.192","1","0","79 48:18.316","0","0","0","0","2479","0","0","0","N","0","0","0","2","02111","0","","1.0","","1","N","N","","1","","0","0","0","","1","N","","2","0","0","0","0","0","0","2","0","2","","","","N","","","","","","","","","",""
"2014071153","","1","0","0","0","0","0","0","0","0","4","0","","02","7","2014","2","40.388644","-79.830233","","11","0","0","0","0","0","0","1","0","","0","0","0","","","0","","2","","40 23:19.117","","0","79 49:48.839","0","0","0","0","2111","0","0","0","Y","0","0","0","3","02111","0","","1.0","","9","N","N","","0","","0","0","0","","2","","","2","0","0","0","0","0","0","2","1","2","","","","N","","","","","","","","","",""
"2014070435","","1","0","0","0","0","0","0","0","0","4","0","","02","7","2014","6","40.441826","-79.919885","","11","0","0","0","0","0","0","0","1","","0","0","0","","","0","","1","","40 26:30.573","","0","79 55:11.586","0","0","0","0","2301","0","0","0","N","0","0","0","2","02301","0","","1.0","","1","N","N","","1","","0","0","0","","1","","","2","0","0","0","0","0","0","2","0","2","","","","N","","","","","","","","","",""
"2014069908","","0","0","0","0","0","0","0","0","0","4","0","","02","7","2014","5","40.461446","-79.9708","","11","0","0","0","0","0","1","0","0","","0","0","0","","","0","","1","","40 27:41.205","","0","79 58:14.880","0","0","0","0","2301","0","0","0","N","0","0","0","3","02301","0","","1.0","","1","N","N","","0","","0","0","2","","3","","","2","0","0","0","0","0","0","2","0","2","","","","N","","","","","","","","","",""
"2014070436","","1","0","0","0","0","0","0","0","0","5","0","","02","6","2014","1","40.430934","-79.892722","","11","0","0","0","0","0","0","0","0","","0","0","0","","","0","","0","","40 25:51.364","","0","79 53:33.800","0","0","0","0","2426","0","0","0","N","0","0","0","1","02426","0","","6.0","","1","N","N","","1","","0","0","0","","0","","","2","0","0","0","0","0","0","2","0","2","","","","N","","","","","","","","","",""
"2014071666","","1","0","0","0","0","0","0","0","0","4","0","","02","7","2014","2","40.45289","-79.920715","","11","0","0","0","0","0","0","1","0","","0","0","0","","","2","","1","","40 27:10.404","","0","79 55:14.574","8","0","0","0","2301","0","0","0","N","0","0","0","3","02301","0","","1.0","","1","N","N","","0","","0","0","1","","2","","","2","2","2","0","0","2","0","2","0","2","","","","N","","","","","","","","","",""
"2014071143","","0","0","0","0","0","0","0","0","0","7","0","","02","7","2014","1","40.667874","-79.933411","","11","0","0","0","0","0","0","0","0","","0","0","0","","","1","","2","","40 40:04.346","","0","79 56:00.281","4","0","0","0","2217","0","0","0","N","0","0","0","1","02505","1","","5.0","","1","N","N","","1","","0","0","0","","0","","","1","1","0","0","0","0","0","1","0","1","","","","N","","","","","","","","","",""
"2014071668","","1","0","0","0","0","0","0","0","0","1","0","","02","7","2014","7","40.34889","-79.939012","","11","2","0","0","0","0","0","0","0","1","0","0","0","","","0","","3","","40 20:56.003","4","0","79 56:20.443","0","0","0","0","2473","0","0","0","N","0","0","0","5","02473","0","","1.0","","9","N","N","","1","","0","0","0","","2","Y","","2","0","0","0","0","0","0","2","0","2","","","","N","","","","","","","","","",""
"2014069848","","0","0","0","0","0","0","0","0","0","6","0","","02","7","2014","1","40.372725","-80.131312","","11","0","0","0","1","0","1","0","0","1","0","0","0","","","0","","0","","40 22:21.810","6","0","80 07:52.724","0","0","0","0","2102","0","0","0","N","0","0","0","2","02102","0","","1.0","","1","N","N","","0","","0","0","2","","0","N","","2","0","0","0","0","0","0","2","0","2","","","","N","","","","","","","","","",""
"2014069912","","1","0","0","0","0","0","0","0","0","2","0","","02","7","2014","1","40.475053","-79.79231","","11","0","0","0","0","0","1","0","0","2","0","0","0","","","0","","0","","40 28:30.192","6","0","79 47:32.315","0","0","0","0","2113","0","0","0","N","0","0","0","2","02113","0","","1.0","","1","N","N","","0","","0","0","0","","0","Y","","2","0","0","0","0","0","0","2","1","2","","","","N","","","","","","","","","",""
"2014070567","","0","0","0","0","0","0","0","0","0","4","0","","02","7","2014","4","40.570725","-80.00275","","11","0","1","0","0","0","0","0","1","1","0","0","0","","","0","","1","","40 34:14.609","2","0","80 00:09.899","0","0","0","0","2108","0","0","0","N","0","0","0","2","02108","0","","1.0","","1","N","N","","0","","0","0","2","","2","N","","2","0","0","0","0","0","0","2","0","2","","","","N","","","","","","","","","",""
"2014071372","","2","0","0","0","0","0","0","0","0","4","0","","02","7","2014","2","40.444724","-79.767397","","11","0","0","0","0","1","0","0","0","","0","0","0","","","0","","0","","40 26:41.006","","7","79 46:02.629","0","0","0","0","2446","0","0","0","N","0","0","0","2","02446","0","","1.0","","1","N","N","","0","","0","0","0","","0","","","2","0","0","0","0","0","0","2","0","2","","","","N","","","","","","","","","",""
"2014055367","","1","0","0","0","0","0","0","0","0","7","0","","02","5","2014","6","40.536899","-79.758736","","11","0","0","0","0","0","0","0","0","","0","0","0","","","0","","0","","40 32:12.837","","0","79 45:31.451","0","0","0","0","2466","0","0","0","N","0","0","0","2","02466","0","","5.0","","1","N","N","","0","","0","0","0","","0","","","1","0","0","0","0","0","0","2","0","1","","","","N","","","","","","","","","",""
"2014056122","","1","0","0","0","0","0","0","0","0","4","0","","02","6","2014","4","40.376518","-79.79913","","11","0","0","0","0","0","0","1","1","","0","0","0","","","0","","0","","40 22:35.463","","7","79 47:56.869","0","0","0","0","2111","0","0","0","N","0","0","0","3","02111","0","","1.0","","1","N","N","","0","","0","0","1","","0","","","2","0","1","0","0","0","0","2","0","2","","","","N","","","","","","","","","",""
"2014055368","","2","0","0","0","0","0","0","0","0","1","0","","02","6","2014","2","40.35119","-80.11348","","11","0","0","0","1","0","0","0","0","","0","0","0","","","1","","0","","40 21:04.283","","0","80 06:48.529","4","0","0","0","2119","0","0","0","N","0","0","0","2","02119","1","","1.0","","1","N","N","","0","","0","0","0","","0","","","2","1","0","0","0","0","0","2","0","2","","","","N","","","","","","","","","",""
"2014056884","","2","0","0","0","0","0","0","0","0","4","0","","02","5","2014","6","","","","11","0","0","0","0","0","0","0","0","","0","0","0","","","0","","0","","","","7","","0","0","0","0","2116","0","0","0","N","0","0","0","2","02116","0","","1.0","","1","N","N","","0","","0","0","0","","0","","","2","0","0","0","0","0","0","1","0","2","","","","N","","","","","","","","","",""
"2014070726","","0","0","0","0","0","0","0","0","0","1","0","","02","7","2014","5","40.449706","-80.025099","","11","0","0","0","0","0","0","0","0","1","0","0","0","","","0","","1","","40 26:58.940","2","8","80 01:30.356","0","0","0","0","2301","0","0","0","N","0","0","0","2","02301","0","","1.0","","1","N","N","","1","","0","0","0","","2","N","","2","0","0","0","0","0","0","2","1","2","","","","N","","","","","","","","","",""
"2014055991","","0","0","0","0","0","0","0","0","0","1","0","","02","6","2014","3","40.479225","-79.96637","","11","0","0","0","1","0","0","0","0","1","0","0","0","","","0","","6","","40 28:45.210","1","2","79 57:58.931","0","0","0","0","2445","0","0","0","N","0","0","0","2","02445","0","","1.0","","9","N","N","","0","","0","0","2","","3","Y","","2","0","0","0","0","0","0","2","0","2","","","","N","","","","","","","","","",""
"2014069410","","0","0","0","0","0","0","0","0","0","1","0","","02","7","2014","2","40.429979","-79.957805","","11","0","0","0","0","0","1","1","0","","0","0","0","","","1","","2","","40 25:47.923","","3","79 57:28.097","4","0","0","0","2301","0","0","0","N","0","0","0","6","02301","1","","1.0","","1","N","N","","0","","0","0","1","","2","","","3","1","0","0","0","0","0","2","2","3","","","","N","","","","","","","","","",""
"2014070727","","0","0","0","0","0","0","0","0","0","7","0","","02","7","2014","5","40.389111","-79.983222","","11","0","0","0","0","0","0","0","0","3","0","0","0","","","1","","0","","40 23:20.800","2","0","79 58:59.600","4","0","0","0","2301","0","0","0","N","0","0","0","1","02301","1","","4.0","","1","N","N","","0","","0","0","1","","0","Y","","1","1","0","0","0","0","0","2","0","1","","","","N","","","","","","","","","",""
"2014070134","","2","0","0","0","0","0","0","0","0","1","0","","02","7","2014","4","40.45178","-79.952376","","11","0","1","0","0","0","0","0","0","","0","0","0","","","1","","0","","40 27:06.408","","0","79 57:08.552","8","0","0","0","2301","0","0","0","N","0","0","0","2","02301","0","","1.0","","1","N","N","","0","","0","0","0","","0","","","2","1","0","0","0","1","0","2","0","2","","","","N","","","","","","","","","",""
"2014055242","","1","0","0","0","0","0","0","0","0","7","0","","02","6","2014","1","40.485861","-79.919889","","11","0","0","0","0","0","0","0","0","","0","0","0","","","0","","0","","40 29:09.100","","0","79 55:11.600","0","0","0","0","2301","0","0","0","N","0","0","0","1","02301","0","","2.0","","1","N","N","","0","","0","0","0","","0","","","1","0","0","0","0","0","0","2","0","1","","","","N","","","","","","","","","",""
"2014055993","","2","0","0","0","0","0","0","0","0","5","0","","02","6","2014","4","40.446475","-80.068281","","11","0","0","0","0","0","0","0","0","","0","0","0","","","0","","2","","40 26:47.310","","0","80 04:05.811","0","0","0","0","2439","0","0","0","N","0","0","0","3","02439","0","","1.0","","1","N","N","","0","","0","0","1","","0","","","3","0","0","0","0","0","0","2","0","3","","","","N","","","","","","","","","",""
"2014071461","","1","0","0","0","0","0","0","0","0","8","0","","02","7","2014","1","40.407094","-79.943276","","11","0","0","0","0","0","1","0","0","","0","0","0","","","1","","1","","40 24:25.540","","0","79 56:35.795","4","0","0","0","2301","1","0","0","N","1","0","0","2","02301","1","","1.0","","1","N","N","","0","","0","0","0","","2","","","2","1","0","0","0","0","0","2","0","1","","","","N","","","","","","","","","",""
"2014070136","","1","0","0","0","0","0","0","0","0","1","0","","02","7","2014","3","40.581601","-80.0544","","11","0","0","0","0","0","1","0","0","","0","0","0","","","1","","0","","40 34:53.763","","0","80 03:15.841","8","0","0","0","2108","0","0","0","N","0","0","0","3","02108","0","","1.0","","1","N","N","","1","","0","0","0","","0","","","2","1","0","0","0","1","0","2","0","2","","","","N","","","","","","","","","",""
"2014055182","","1","0","0","0","0","0","0","0","0","5","0","","02","4","2014","2","40.409414","-80.10797","","11","0","0","0","0","0","0","0","1","","0","0","0","","","1","","0","","40 24:33.892","","0","80 06:28.693","8","0","0","0","2102","0","0","0","N","0","0","0","3","68B03","0","","1.0","","1","N","N","","1","","0","0","0","","0","","","2","1","0","0","0","1","0","2","0","2","","","","N","","","","","","","","","",""
"2014056877","","1","0","0","0","0","0","0","0","0","1","0","55","02","5","2014","6","40.538863","-79.822419","","11","0","0","0","0","0","1","0","0","2","0","0","0","","","2","","0","","40 32:19.907","4","3","79 49:20.708","3","0","0","0","2208","0","0","0","N","0","0","0","2","68T02","1","","1.0","","1","N","N","","0","","1","0","1","","0","N","","2","2","0","0","0","0","0","2","0","2","","","N","Y","2","1","N","N","N","N","N","Y","N",""