"CRN","ARRIVAL_TM","AUTOMOBILE_COUNT","BELTED_DEATH_COUNT","BELTED_SUSP_SERIOUS_INJ_COUNT","BICYCLE_COUNT","BICYCLE_DEATH_COUNT","BICYCLE_SUSP_SERIOUS_INJ_COUNT","BUS_COUNT","CHLDPAS_DEATH_COUNT","CHLDPAS_SUSP_SERIOUS_INJ_COUNT","COLLISION_TYPE","COMM_VEH_COUNT","CONS_ZONE_SPD_LIM","COUNTY","CRASH_MONTH","CRASH_YEAR","DAY_OF_WEEK","DEC_LATITUDE","DEC_LONGITUDE","DISPATCH_TM","DISTRICT","DRIVER_COUNT_16YR","DRIVER_COUNT_17YR","DRIVER_COUNT_18YR","DRIVER_COUNT_19YR","DRIVER_COUNT_20YR","DRIVER_COUNT_50_64YR","DRIVER_COUNT_65_74YR","DRIVER_COUNT_75PLUS","EST_HRS_CLOSED","FATAL_COUNT","HEAVY_TRUCK_COUNT","HORSE_BUGGY_COUNT","HOUR_OF_DAY","ILLUMINATION","INJURY_COUNT","INTERSECTION_RELATED","INTERSECT_TYPE","LANE_CLOSED","LATITUDE","LN_CLOSE_DIR","LOCATION_TYPE","LONGITUDE","MAX_SEVERITY_LEVEL","MCYCLE_DEATH_COUNT","MCYCLE_SUSP_SERIOUS_INJ_COUNT","MOTORCYCLE_COUNT","MUNICIPALITY","NONMOTR_COUNT","NONMOTR_DEATH_COUNT","NONMOTR_SUSP_SERIOUS_INJ_COUNT","NTFY_HIWY_MAINT","PED_COUNT","PED_DEATH_COUNT","PED_SUSP_SERIOUS_INJ_COUNT","PERSON_COUNT","POLICE_AGCY","POSSIBLE_INJ_COUNT","RDWY_SURF_TYPE_CD","RELATION_TO_ROAD","ROADWAY_CLEARED","ROAD_CONDITION","SCH_BUS_IND","SCH_ZONE_IND","SECONDARY_CRASH","SMALL_TRUCK_COUNT","SPEC_JURIS_CD","SUSP_MINOR_INJ_COUNT","SUSP_SERIOUS_INJ_COUNT","SUV_COUNT","TCD_FUNC_CD","TCD_TYPE","TFC_DETOUR_IND","TIME_OF_DAY","TOTAL_UNITS","TOT_INJ_COUNT","UNBELTED_OCC_COUNT","UNB_DEATH_COUNT","UNB_SUSP_SERIOUS_INJ_COUNT","UNK_INJ_DEG_COUNT","UNK_INJ_PER_COUNT","URBAN_RURAL","VAN_COUNT","VEHICLE_COUNT","WEATHER1","WEATHER2","WORKERS_PRES","WORK_ZONE_IND","WORK_ZONE_LOC","WORK_ZONE_TYPE","WZ_CLOSE_DETOUR","WZ_FLAGGER","WZ_LAW_OFFCR_IND","WZ_LN_CLOSURE","WZ_MOVING","WZ_OTHER","WZ_SHLDER_MDN","WZ_WORKERS_INJ_KILLED"
"2014070137","","3","0","0","0","0","0","0","0","0","1","0","","02","7","2014","3","40.450855","-80.138603","","11","0","0","0","0","0","3","1","0","2","0","0","0","","","2","","0","","40 27:03.079","3","0","80 08:18.970","8","0","0","0","2115","0","0","0","N","0","0","0","6","02115","0","","1.0","","1","N","N","","1","","0","0","2","","0","Y","","6","2","0","0","0","2","0","2","0","6","","","","N","","","","","","","","","",""
"2014055387","","2","0","0","0","0","0","0","0","0","2","0","","02","6","2014","2","40.42525","-79.9905","","11","0","0","0","0","0","0","0","0","","0","0","0","","","1","","0","","40 25:30.900","","0","79 59:25.800","8","0","0","0","2301","0","0","0","N","0","0","0","3","02301","0","","1.0","","1","N","N","","0","","0","0","0","","0","","","2","1","1","0","0","1","1","2","0","2","","","","N","","","","","","","","","",""
"2014070732","","1","0","0","0","0","0","0","0","0","4","0","","02","7","2014","5","40.414111","-79.903472","","11","0","0","0","0","0","0","0","1","","0","0","0","","","0","","0","","40 24:50.800","","7","79 54:12.500","0","0","0","0","2448","0","0","0","N","0","0","0","3","02448","0","","1.0","","1","N","N","","0","","0","0","1","","0","","","2","0","0","0","0","0","0","2","0","2","","","","N","","","","","","","","","",""
"2014071463","","1","0","0","0","0","0","0","0","0","7","0","","02","7","2014","3","40.629959","-79.983044","","11","0","0","0","1","0","0","0","0","","0","0","0","","","1","","0","","40 37:47.852","","0","79 58:58.959","4","0","0","0","2217","0","0","0","N","0","0","0","1","02505","1","","5.0","","1","N","N","","0","","0","0","0","","0","","","1","1","0","0","0","0","0","1","0","1","","","","N","","","","","","","","","",""
"2014056879","","1","0","0","0","0","0","0","0","0","99","0","","02","6","2014","4","40.644337","-80.020387","","11","0","0","0","0","0","0","1","0","","0","0","0","","","0","","0","","40 38:39.614","","0","80 01:13.392","0","0","0","0","2216","0","0","0","N","0","0","0","1","68T02","0","","1.0","","1","N","N","","0","","0","0","0","","0","","","1","0","0","0","0","0","0","2","0","1","","","","N","","","","","","","","","",""
"2014056816","","1","0","0","0","0","0","0","0","0","1","0","","02","6","2014","5","40.451858","-79.843824","","11","0","0","0","1","0","0","0","0","2","0","0","0","","","0","","3","","40 27:06.687","2","0","79 50:37.767","0","0","0","0","2113","0","0","0","Y","0","0","0","2","02113","0","","1.0","","1","N","N","","0","","0","0","1","","0","N","","2","0","0","0","0","0","0","2","0","2","","","","N","","","","","","","","","",""
"2014070734","","2","0","0","0","0","0","0","0","0","1","0","","02","7","2014","5","40.443835","-80.174965","","11","0","0","0","0","0","1","0","0","","0","0","0","","","1","","3","","40 26:37.807","","0","80 10:29.874","4","0","0","0","2214","0","0","0","N","0","0","0","3","02214","1","","1.0","","1","N","N","","0","","0","0","0","","3","","","2","1","0","0","0","0","0","1","0","2","","","","N","","","","","","","","","",""
"2014056132","","1","0","0","0","0","0","0","0","0","7","0","","02","5","2014","5","40.442024","-80.049023","","11","0","0","0","0","0","0","1","0","1","0","0","0","","","1","","0","","40 26:31.286","1","0","80 02:56.482","8","0","0","0","2301","0","0","0","N","0","0","0","1","02301","0","","2.0","","1","N","N","","0","","0","0","0","","0","N","","1","1","0","0","0","1","0","2","0","1","","","","N","","","","","","","","","",""
"2014055390","","0","0","0","0","0","0","0","0","0","1","0","","02","6","2014","2","40.482592","-79.851312","","11","0","0","0","0","0","0","0","0","2","0","0","0","","","1","","0","","40 28:57.331","2","0","79 51:04.722","8","0","0","0","2113","0","0","0","N","0","0","0","2","02113","0","","1.0","","1","N","N","","1","","0","0","0","","0","N","","2","1","0","0","0","1","0","2","1","2","","","","N","","","","","","","","","",""
"2014070735","","1","0","0","0","0","0","0","0","0","7","0","90","02","7","2014","5","40.36495","-79.82725","","11","0","0","0","0","0","0","0","0","1","0","0","0","","","1","","0","","40 21:53.819","5","0","79 49:38.100","4","0","0","0","2111","0","0","0","Y","0","0","0","1","02111","1","","1.0","","1","N","N","","0","","0","0","0","","3","Y","","1","1","0","0","0","0","0","2","0","1","","","N","Y","4","1","","","N","Y","","","",""
"2014071402","","1","0","0","0","0","0","0","0","0","4","0","","02","7","2014","7","40.378225","-80.064701","","11","0","0","0","0","0","0","0","0","2","0","0","0","","","1","","1","","40 22:41.611","4","0","80 03:52.925","4","0","0","0","2109","0","0","0","N","0","0","0","2","02109","1","","1.0","","9","N","N","","0","","0","0","1","","2","N","","2","1","0","0","0","0","0","2","0","2","","","","N","","","","","","","","","",""
"2014055988","","1","0","0","0","0","0","0","0","0","7","0","","02","6","2014","4","40.479583","-79.933028","","11","0","0","0","0","1","0","0","0","","0","0","0","","","0","","0","","40 28:46.500","","0","79 55:58.900","0","0","0","0","2301","0","0","0","N","0","0","0","1","02301","0","","2.0","","9","N","N","","0","","0","0","0","","0","","","1","0","0","0","0","0","0","2","0","1","","","","N","","","","","","","","","",""
"2014056819","","2","0","0","0","0","0","0","0","0","5","0","","02","6","2014","6","40.46594","-79.981122","","11","0","0","0","0","0","0","0","0","","0","0","0","","","0","","0","","40 27:57.384","","0","79 58:52.039","9","0","0","0","2301","0","0","0","N","0","0","0","1","02301","0","","1.0","","1","N","N","","0","","0","0","0","","0","","","2","0","0","0","0","0","1","2","0","2","","","","N","","","","","","","","","",""
"2014055251","","1","0","0","0","0","0","0","0","0","7","0","","02","5","2014","3","40.366223","-79.880326","","11","0","0","0","0","0","0","0","0","","0","0","0","","","0","","0","","40 21:58.401","","0","79 52:49.173","0","0","0","0","2473","0","0","0","N","0","0","0","1","02473","0","","2.0","","1","N","N","","0","","0","0","0","","0","","","1","0","0","0","0","0","0","2","0","1","","","","N","","","","","","","","","",""
"2014056135","","1","0","0","0","0","0","0","0","0","4","0","","02","6","2014","2","40.572128","-80.023504","","11","0","0","0","0","0","2","0","0","1","0","0","0","","","0","","1","","40 34:19.660","5","0","80 01:24.616","0","0","0","0","2108","0","0","0","N","0","0","0","2","02108","0","","1.0","","1","N","N","","1","","0","0","0","","2","N","","2","0","0","0","0","0","0","2","0","2","","","","N","","","","","","","","","",""
"2014054711","","0","0","0","0","0","0","0","0","0","1","0","","02","5","2014","1","40.407861","-79.914611","","11","0","0","0","0","0","0","0","0","2","0","0","0","","","0","","0","","40 24:28.300","2","3","79 54:52.600","0","0","0","0","2438","0","0","0","N","0","0","0","2","02438","0","","1.0","","1","N","N","","0","","0","0","2","","0","Y","","2","0","0","0","0","0","0","2","0","2","","","","N","","","","","","","","","",""
"2014054777","","1","0","0","0","0","0","0","0","0","7","0","","02","5","2014","7","40.463832","-79.82413","","11","0","0","0","0","0","0","0","0","","0","0","0","","","0","","2","","40 27:49.794","","0","79 49:26.868","0","0","0","0","2113","0","0","0","N","0","0","0","1","02113","0","","4.0","","1","N","N","","0","","0","0","0","","0","","","1","0","0","0","0","0","0","2","0","1","","","","N","","","","","","","","","",""
"2014055602","","0","0","0","0","0","0","0","0","0","7","0","","02","5","2014","7","40.399686","-80.180683","","11","0","0","0","0","0","0","0","0","5","0","0","0","","","1","","0","","40 23:58.871","5","0","80 10:50.458","4","0","0","0","2450","0","0","0","N","0","0","0","1","02450","1","","4.0","","1","N","N","","1","","0","0","0","","0","Y","","1","1","0","0","0","0","0","2","0","1","","","","N","","","","","","","","","",""
"2014055253","","2","0","0","0","0","0","0","0","0","1","0","","02","6","2014","1","40.463972","-80.029861","","11","0","0","0","0","0","1","0","0","2","0","0","0","","","0","","0","","40 27:50.300","5","0","80 01:47.500","0","0","0","0","2301","0","0","0","N","0","0","0","1","02301","0","","1.0","","1","N","N","","0","","0","0","0","","0","N","","2","0","1","0","0","0","0","2","0","2","","","","N","","","","","","","","","",""
"2014054439","","2","0","0","0","0","0","0","0","0","4","0","","02","5","2014","6","40.42459","-79.932331","","11","0","0","0","0","0","0","0","1","","0","0","0","","","1","","1","","40 25:28.524","","0","79 55:56.391","8","0","0","0","2301","0","0","0","N","0","0","0","2","02301","0","","1.0","","1","N","N","","0","","0","0","0","","3","","","2","1","0","0","0","1","0","2","0","2","","","","N","","","","","","","","","",""
"2014055399","","0","0","0","0","0","0","0","0","0","7","0","","02","6","2014","1","40.443645","-79.975047","","11","0","0","0","0","0","0","0","0","","0","0","0","","","1","","2","","40 26:37.122","","0","79 58:30.169","4","0","0","0","2301","0","0","0","N","0","0","0","1","02301","1","","4.0","","1","N","N","","0","","0","0","1","","3","","","1","1","0","0","0","0","0","2","0","1","","","","N","","","","","","","","","",""
"2014055464","","2","0","0","0","0","0","0","0","0","4","0","","02","5","2014","2","40.438552","-80.005748","","11","0","0","0","0","0","0","0","0","1","0","0","0","","","3","","3","","40 26:18.786","3","0","80 00:20.693","4","0","0","0","2301","0","0","0","N","0","0","0","4","68B03","3","","1.0","","1","N","N","","0","","0","0","0","","2","N","","2","3","0","0","0","0","0","2","0","2","","","","N","","","","","","","","","",""
"2014069424","","2","0","0","0","0","0","0","0","0","4","0","","02","7","2014","2","40.391137","-79.996773","","11","0","0","0","0","0","1","0","0","2","0","0","0","","","3","","0","","40 23:28.094","1","0","79 59:48.382","3","0","0","0","2301","0","0","0","N","0","0","0","3","02301","1","","1.0","","1","Y","N","","0","","2","0","0","","0","N","","2","3","2","0","0","0","0","2","0","2","","","","N","","","","","","","","","",""
"2014056700","","1","0","0","0","0","0","0","0","0","1","0","","02","6","2014","5","40.455917","-79.922571","","11","0","0","0","0","0","1","0","0","","0","0","0","","","1","","1","","40 27:21.301","","0","79 55:21.255","4","0","0","0","2301","0","0","0","N","0","0","0","2","02301","1","","1.0","","1","N","N","","0","","0","0","1","","2","","","2","1","0","0","0","0","0","2","0","2","","","","N","","","","","","","","","",""
"2014055256","","1","0","0","0","0","0","0","0","0","7","0","","02","6","2014","1","40.358293","-80.004211","","11","0","0","0","0","0","0","0","0","1","0","0","0","","","0","","0","","40 21:29.854","1","0","80 00:15.159","0","0","0","0","2476","0","0","0","N","0","0","0","2","02476","0","","5.0","","1","N","N","","0","","0","0","0","","0","N","","1","0","0","0","0","0","0","2","0","1","","","","N","","","","","","","","","",""
"2014056825","","1","0","0","0","0","0","0","0","0","4","0","","02","6","2014","5","40.338521","-79.971975","","11","0","0","0","0","0","0","0","0","","0","0","0","","","1","","0","","40 20:18.675","","0","79 58:19.110","8","0","0","0","2454","0","0","0","N","0","0","0","2","02454","0","","5.0","","9","N","N","","0","","0","0","1","","0","","","2","1","0","0","0","1","0","2","0","2","","","","N","","","","","","","","","",""
"2014055330","","2","0","0","0","0","0","0","0","0","1","0","","02","5","2014","4","40.48859","-80.33712","","11","0","0","0","0","1","0","0","0","","0","0","0","","","0","","3","","40 29:18.923","","0","80 20:13.631","0","0","0","0","2203","0","0","0","N","0","0","0","3","02203","0","","1.0","","9","N","N","","0","","0","0","0","","0","","","2","0","0","0","0","0","0","1","0","2","","","","N","","","","","","","","","",""
"2014055400","","0","0","0","0","0","0","1","0","0","5","2","","02","5","2014","6","40.350109","-79.873361","","11","0","0","0","0","0","1","0","0","2","0","1","0","","","1","","2","","40 21:00.392","4","0","79 52:24.098","4","0","0","0","2304","0","0","0","N","0","0","0","3","02503","1","","1.0","","1","N","N","","0","","0","0","0","","2","N","","2","1","0","0","0","0","0","2","0","2","","","","N","","","","","","","","","",""
"2014070745","","2","0","0","0","0","0","0","0","0","4","0","","02","7","2014","5","40.373041","-80.099257","","11","0","0","0","0","0","0","0","0","","0","0","0","","","0","","2","","40 22:22.946","","2","80 05:57.324","0","0","0","0","2102","0","0","0","N","0","0","0","5","02102","0","","1.0","","1","N","N","","0","","0","0","0","","2","","","2","0","0","0","0","0","0","2","0","2","","","","N","","","","","","","","","",""
"2014056086","","2","0","0","0","0","0","0","0","0","4","0","","02","6","2014","3","40.470472","-79.789222","","11","0","0","0","0","0","1","0","0","","0","0","0","","","0","","0","","40 28:13.700","","7","79 47:21.200","0","0","0","0","2113","0","0","0","N","0","0","0","2","02113","0","","1.0","","1","N","Y","","0","","0","0","0","","3","","","2","0","0","0","0","0","0","2","0","2","","","","N","","","","","","","","","",""
"2014056153","","2","0","0","0","0","0","0","0","0","1","0","","02","6","2014","3","40.641568","-80.066467","","11","0","0","1","0","0","1","0","0","2","0","0","0","","","1","","0","","40 38:29.644","1","0","80 03:59.280","4","0","0","0","2216","0","0","0","N","0","0","0","5","02505","1","","1.0","","1","N","N","","0","","0","0","1","","0","Y","","3","1","0","0","0","0","0","2","0","3","","","","N","","","","","","","","","",""
"2014054444","","1","0","0","0","0","0","0","0","0","8","0","","02","5","2014","6","40.359639","-79.833806","","11","0","0","0","0","0","0","0","0","1","0","0","0","","","1","","0","","40 21:34.700","5","0","79 50:01.700","8","0","0","0","2304","1","0","0","N","1","0","0","1","02304","0","","6.0","","1","N","N","","0","","0","0","0","","0","N","","2","1","0","0","0","1","0","2","0","1","","","","N","","","","","","","","","",""
"2014056009","","1","0","0","0","0","0","0","0","0","1","0","","02","4","2014","4","40.425616","-79.910649","","11","0","0","0","0","0","0","0","0","1","0","0","0","","","0","","0","","40 25:32.216","3","4","79 54:38.336","0","0","0","0","2301","0","0","0","N","0","0","0","2","68B03","0","","1.0","","1","N","N","","0","","0","0","1","","0","N","","2","0","0","0","0","0","0","2","0","2","","","","N","","","","","","","","","",""
"2014069494","","0","0","0","0","0","0","0","0","0","1","0","","02","7","2014","7","40.443393","-80.009003","","11","0","0","0","0","0","0","0","0","1","0","0","0","","","0","","0","","40 26:36.216","2","3","80 00:32.410","0","0","0","0","2301","0","0","0","N","0","0","0","4","68B03","0","","1.0","","1","N","N","","1","","0","0","1","","0","N","","2","0","0","0","0","0","0","2","0","2","","","","N","","","","","","","","","",""
"2014056010","","0","0","0","0","0","0","0","0","0","7","0","","02","5","2014","1","40.529269","-80.071994","","11","0","0","0","0","0","0","0","0","","0","0","0","","","1","","0","","40 31:45.369","","0","80 04:19.180","4","0","0","0","2215","0","0","0","N","0","0","0","1","68B03","1","","4.0","","1","N","N","","0","","0","0","1","","0","","","1","1","0","0","0","0","0","2","0","1","","","","N","","","","","","","","","",""
"2014056155","","0","0","0","0","0","0","0","0","0","1","0","","02","6","2014","3","40.32965","-80.067596","","11","0","0","0","0","1","0","0","0","1","0","0","0","","","0","","0","","40 19:46.740","3","0","80 04:03.346","0","0","0","0","2123","0","0","0","N","0","0","0","2","02123","0","","1.0","","1","N","N","","0","","0","0","2","","0","N","","2","0","0","0","0","0","0","2","0","2","","","","N","","","","","","","","","",""
"2014069495","","1","0","0","0","0","0","0","0","0","7","0","","02","7","2014","7","40.441148","-79.760868","","11","0","0","0","0","0","0","0","0","2","0","0","0","","","0","","0","","40 26:28.134","4","3","79 45:39.125","0","0","0","0","2446","0","0","0","N","0","0","0","2","68B03","0","","4.0","","1","N","N","","0","","0","0","0","","0","N","","1","0","0","0","0","0","0","2","0","1","","","","N","","","","","","","","","",""
"2014056011","","2","0","0","0","0","0","0","0","0","7","0","","02","6","2014","3","40.441361","-79.835981","","11","0","0","0","0","0","2","0","0","","0","0","0","","","1","","0","","40 26:28.900","","0","79 50:09.532","8","0","0","0","2419","0","0","0","N","0","0","0","4","68B03","0","","3.0","","9","N","N","","1","","0","0","0","","0","","","3","1","1","0","0","1","0","2","0","3","","","","N","","","","","","","","","",""
"2014055260","","0","0","0","0","0","0","0","0","0","7","0","","02","6","2014","1","40.458667","-79.965","","11","0","0","0","0","0","0","0","0","1","0","0","0","","","2","","2","","40 27:31.200","1","0","79 57:54.000","4","0","0","0","2301","0","0","0","N","0","0","0","4","02301","2","","3.0","","1","N","N","","0","","0","0","1","","0","Y","","1","2","0","0","0","0","0","2","0","1","","","","N","","","","","","","","","",""
"2014070085","","1","0","0","0","0","0","0","0","0","4","0","","02","7","2014","3","","","","11","0","0","0","0","0","1","0","1","3","0","0","0","","","0","","9","","","7","0","","0","0","0","0","2109","0","0","0","N","0","0","0","4","02503","0","","1.0","","1","N","N","","0","","0","0","0","","5","Y","","2","0","2","0","0","0","0","1","0","2","","","","N","","","","","","","","","",""
"2014070749","","0","0","0","0","0","0","0","0","0","7","0","","02","7","2014","5","40.476667","-79.992222","","11","0","0","0","0","0","1","0","0","","0","0","0","","","0","","0","","40 28:36.000","","0","79 59:32.000","0","0","0","0","2301","0","0","0","N","0","0","0","2","02301","0","","4.0","","1","N","N","","0","","0","0","1","","0","","","1","0","0","0","0","0","0","2","0","1","","","","N","","","","","","","","","",""
"2014055949","","0","0","0","0","0","0","0","0","0","1","0","","02","6","2014","3","40.442357","-79.760073","","11","0","0","0","0","0","0","0","0","","0","0","0","","","0","","2","","40 26:32.484","","0","79 45:36.263","0","0","0","0","2446","0","0","0","N","0","0","0","4","02446","0","","1.0","","1","N","N","","1","","0","0","2","","0","","","3","0","0","0","0","0","0","2","0","3","","","","N","","","","","","","","","",""
"2014056157","","1","0","0","0","0","0","0","0","0","1","1","","02","6","2014","4","40.473467","-80.028625","","11","0","0","0","0","0","2","0","0","","0","1","0","","","1","","3","","40 28:24.481","","0","80 01:43.050","8","0","0","0","2301","0","0","0","N","0","0","0","2","02301","0","","1.0","","1","N","N","","0","","0","0","0","","2","","","2","1","0","0","0","1","0","2","0","2","","","","N","","","","","","","","","",""
"2014055405","","2","0","0","0","0","0","0","0","0","1","0","","02","5","2014","3","40.513391","-80.13657","","11","0","0","0","1","0","1","0","0","","0","0","0","","","1","","1","","40 30:48.208","","2","80 08:11.653","4","0","0","0","2110","0","0","0","N","0","0","0","3","02215","1","","1.0","","1","N","N","","1","","0","0","0","","0","","","3","1","0","0","0","0","0","2","0","3","","","","N","","","","","","","","","",""
"2014071482","","1","0","0","0","0","0","0","0","0","7","0","","02","7","2014","1","40.417012","-80.019386","","11","0","0","0","0","0","0","0","0","1","0","0","0","","","0","","0","","40 25:01.243","5","0","80 01:09.789","0","0","0","0","2301","0","0","0","N","0","0","0","1","02301","0","","2.0","","9","N","N","","0","","0","0","0","","0","N","","1","0","0","0","0","0","0","2","0","1","","","","N","","","","","","","","","",""
"2014070765","","0","0","0","0","0","0","0","0","0","4","0","","02","6","2014","7","40.550563","-80.019253","","11","0","0","0","0","0","0","0","0","2","0","0","0","","","0","","5","","40 33:02.025","5","0","80 01:09.311","9","0","0","0","2116","0","0","0","","0","0","0","2","02116","0","","1.0","","1","","","","1","","0","0","1","","2","N","","2","0","0","0","0","0","1","2","0","2","","","","N","","","","","","","","","",""
"2014056707","","2","0","0","0","0","0","0","0","0","1","0","","02","5","2014","7","40.513913","-80.222236","","11","0","0","1","0","0","0","0","0","","0","0","0","","","1","","0","","40 30:50.087","","7","80 13:20.048","8","0","0","0","2213","0","0","0","N","0","0","0","3","02213","0","","1.0","","1","N","N","","0","","0","0","1","","0","","","3","1","0","0","0","1","0","2","0","3","","","","N","","","","","","","","","",""
"2014056833","","1","0","0","0","0","0","0","0","0","4","0","","02","6","2014","5","40.667551","-79.712813","","11","0","0","0","0","1","0","1","0","3","0","0","0","","","1","","1","","40 40:03.182","6","0","79 42:46.126","3","0","0","0","2106","0","0","0","N","0","0","0","2","02106","0","","1.0","","1","N","N","","1","","1","0","0","","1","Y","","2","1","1","0","0","0","0","2","0","2","","","","N","","","","","","","","","",""
"2014056847","","2","0","0","0","0","0","0","0","0","1","0","","02","5","2014","5","40.4813","-80.120776","","11","0","0","1","0","0","0","0","0","1","0","0","0","","","1","","0","","40 28:52.679","1","0","80 07:14.795","8","0","0","0","2126","0","0","0","N","0","0","0","4","68B03","0","","1.0","","9","N","N","","0","","0","0","2","","0","N","","4","1","0","0","0","1","0","2","0","4","","","","N","","","","","","","","","",""
"2014056914","","1","0","0","0","0","0","0","0","0","4","0","","02","6","2014","6","40.465458","-80.066338","","11","0","0","0","0","0","0","0","0","2","0","0","0","","","0","","0","","40 27:55.649","6","0","80 03:58.817","0","0","0","0","2444","0","0","0","N","0","0","0","1","02444","0","","1.0","","1","N","N","","0","","0","0","1","","0","Y","","2","0","0","0","0","0","0","2","0","2","","","","N","","","","","","","","","",""
"2014070752","","3","0","0","0","0","0","0","0","0","1","0","","02","7","2014","3","40.379394","-79.924978","","11","0","0","0","0","0","0","0","0","2","0","0","0","","","0","","0","","40 22:45.819","1","0","79 55:29.920","0","0","0","0","2301","0","0","0","N","0","0","0","3","02301","0","","1.0","","1","N","N","","0","","0","0","0","","0","N","","3","0","0","0","0","0","0","2","0","3","","","","N","","","","","","","","","",""
"2014070103","","0","0","0","0","0","0","0","0","0","5","1","","02","7","2014","4","40.280343","-79.928032","","11","0","0","0","0","0","1","0","0","1","0","1","0","","","1","","0","","40 16:49.233","6","0","79 55:40.916","8","0","0","0","2440","0","0","0","N","0","0","0","2","02440","0","","1.0","","1","N","N","","0","","0","0","1","","0","N","","2","1","0","0","0","1","0","2","0","2","","","","N","","","","","","","","","",""
"2014070767","","1","0","0","0","0","0","0","0","0","4","0","","02","7","2014","5","40.445083","-79.955611","","11","0","0","0","0","1","0","0","1","","0","0","0","","","1","","0","","40 26:42.300","","0","79 57:20.200","4","0","0","1","2301","0","0","0","N","0","0","0","5","02301","1","","1.0","","1","N","N","","0","","0","0","0","","0","","","2","1","0","0","0","0","0","2","0","2","","","","N","","","","","","","","","",""
"2014056848","","1","0","0","0","0","0","0","0","0","1","0","","02","5","2014","5","40.4813","-80.120776","","11","0","0","1","0","0","1","0","0","1","0","0","0","","","0","","0","","40 28:52.679","1","0","80 07:14.795","0","0","0","0","2126","0","0","0","N","0","0","0","2","68B03","0","","1.0","","9","N","N","","0","","0","0","1","","0","N","","2","0","1","0","0","0","0","2","0","2","","","","N","","","","","","","","","",""
"2014056160","","0","0","0","0","0","0","0","0","0","7","0","","02","6","2014","3","40.363556","-79.964333","","11","0","0","0","0","0","0","0","0","","0","0","0","","","0","","0","","40 21:48.800","","0","79 57:51.600","0","0","0","0","2476","0","0","0","N","0","0","0","4","02476","0","","4.0","","1","N","N","","0","","0","0","0","","0","","","1","0","0","0","0","0","0","2","1","1","","","","N","","","","","","","","","",""
"2014054452","","0","0","0","0","0","0","0","0","0","1","0","","02","5","2014","6","40.271442","-79.888408","","11","0","0","0","0","0","0","0","1","2","0","0","0","","","0","","0","","40 16:17.190","2","0","79 53:18.269","0","0","0","0","2428","0","0","0","N","0","0","0","1","02428","0","","6.0","","1","N","N","","1","","0","0","2","","0","Y","","3","0","0","0","0","0","0","2","0","3","","","","N","","","","","","","","","",""
"2014070105","","0","0","0","0","0","0","0","0","0","4","0","","02","7","2014","4","40.454368","-79.947669","","11","0","0","0","0","0","0","0","0","1","0","0","0","","","2","","1","","40 27:15.726","3","0","79 56:51.607","4","0","0","0","2301","0","0","0","N","0","0","0","3","02301","1","","1.0","","1","N","N","","0","","0","0","2","","2","N","","2","2","2","0","0","1","0","2","0","2","","","","N","","","","","","","","","",""
"2014055344","","0","0","0","0","0","0","0","0","0","0","0","","02","5","2014","6","40.255027","-79.798052","","11","0","0","0","0","0","0","1","0","3","0","0","0","","","1","","0","","40 15:18.098","5","0","79 47:52.987","8","0","0","1","2105","0","0","0","N","0","0","0","1","02105","0","","1.0","","3","N","N","","0","","0","0","0","","0","Y","","1","1","0","0","0","1","0","1","0","1","","","","N","","","","","","","","","",""
"2014070755","","1","0","0","0","0","0","0","0","0","5","0","","02","7","2014","3","40.379394","-79.924978","","11","0","0","0","0","0","2","0","0","2","0","0","0","","","0","","0","","40 22:45.819","1","0","79 55:29.920","0","0","0","0","2301","0","0","0","N","0","0","0","2","02301","0","","1.0","","1","N","N","","1","","0","0","0","","0","N","","2","0","0","0","0","0","0","2","0","2","","","","N","","","","","","","","","",""
"2014071421","","0","0","0","0","0","0","0","0","0","7","0","","02","7","2014","7","40.494259","-79.909143","","11","0","0","0","0","0","0","0","0","","0","0","0","","","0","","7","","40 29:39.331","","8","79 54:32.913","0","0","0","0","2401","0","0","0","N","0","0","0","1","68D02","0","","4.0","","9","N","N","","0","","0","0","1","","0","","","1","0","0","0","0","0","0","2","0","1","","","","N","","","","","","","","","",""
"2014054457","","1","0","0","0","0","0","0","0","0","1","0","","02","5","2014","5","40.482014","-79.870627","","11","0","0","0","0","0","1","0","0","","0","0","0","","","2","","0","","40 28:55.251","","0","79 52:14.258","4","0","0","0","2113","0","0","0","N","0","0","0","3","02113","2","","1.0","","1","N","N","","0","","0","0","2","","0","","","3","2","0","0","0","0","0","2","0","3","","","","N","","","","","","","","","",""
"2014056774","","3","0","0","0","0","0","0","0","0","1","0","","02","6","2014","5","40.491594","-79.910852","","11","0","0","0","0","1","0","0","0","1","0","0","0","","","0","","0","","40 29:29.738","2","3","79 54:39.066","0","0","0","0","2112","0","0","0","N","0","0","0","7","02301","0","","1.0","","1","N","N","","0","","0","0","0","","0","Y","","3","0","2","0","0","0","0","2","0","3","","","","N","","","","","","","","","",""
"2014056100","","1","0","0","0","0","0","0","0","0","8","0","","02","6","2014","4","40.444904","-79.993896","","11","0","0","0","0","0","0","0","0","","0","0","0","","","1","","1","","40 26:41.654","","0","79 59:38.025","8","0","0","0","2301","1","0","0","N","1","0","0","2","02301","0","","1.0","","1","N","N","","0","","0","0","0","","2","","","2","1","0","0","0","1","1","2","0","1","","","","N","","","","","","","","","",""