"CRN","ARRIVAL_TM","AUTOMOBILE_COUNT","BELTED_DEATH_COUNT","BELTED_SUSP_SERIOUS_INJ_COUNT","BICYCLE_COUNT","BICYCLE_DEATH_COUNT","BICYCLE_SUSP_SERIOUS_INJ_COUNT","BUS_COUNT","CHLDPAS_DEATH_COUNT","CHLDPAS_SUSP_SERIOUS_INJ_COUNT","COLLISION_TYPE","COMM_VEH_COUNT","CONS_ZONE_SPD_LIM","COUNTY","CRASH_MONTH","CRASH_YEAR","DAY_OF_WEEK","DEC_LATITUDE","DEC_LONGITUDE","DISPATCH_TM","DISTRICT","DRIVER_COUNT_16YR","DRIVER_COUNT_17YR","DRIVER_COUNT_18YR","DRIVER_COUNT_19YR","DRIVER_COUNT_20YR","DRIVER_COUNT_50_64YR","DRIVER_COUNT_65_74YR","DRIVER_COUNT_75PLUS","EST_HRS_CLOSED","FATAL_COUNT","HEAVY_TRUCK_COUNT","HORSE_BUGGY_COUNT","HOUR_OF_DAY","ILLUMINATION","INJURY_COUNT","INTERSECTION_RELATED","INTERSECT_TYPE","LANE_CLOSED","LATITUDE","LN_CLOSE_DIR","LOCATION_TYPE","LONGITUDE","MAX_SEVERITY_LEVEL","MCYCLE_DEATH_COUNT","MCYCLE_SUSP_SERIOUS_INJ_COUNT","MOTORCYCLE_COUNT","MUNICIPALITY","NONMOTR_COUNT","NONMOTR_DEATH_COUNT","NONMOTR_SUSP_SERIOUS_INJ_COUNT","NTFY_HIWY_MAINT","PED_COUNT","PED_DEATH_COUNT","PED_SUSP_SERIOUS_INJ_COUNT","PERSON_COUNT","POLICE_AGCY","POSSIBLE_INJ_COUNT","RDWY_SURF_TYPE_CD","RELATION_TO_ROAD","ROADWAY_CLEARED","ROAD_CONDITION","SCH_BUS_IND","SCH_ZONE_IND","SECONDARY_CRASH","SMALL_TRUCK_COUNT","SPEC_JURIS_CD","SUSP_MINOR_INJ_COUNT","SUSP_SERIOUS_INJ_COUNT","SUV_COUNT","TCD_FUNC_CD","TCD_TYPE","TFC_DETOUR_IND","TIME_OF_DAY","TOTAL_UNITS","TOT_INJ_COUNT","UNBELTED_OCC_COUNT","UNB_DEATH_COUNT","UNB_SUSP_SERIOUS_INJ_COUNT","UNK_INJ_DEG_COUNT","UNK_INJ_PER_COUNT","URBAN_RURAL","VAN_COUNT","VEHICLE_COUNT","WEATHER1","WEATHER2","WORKERS_PRES","WORK_ZONE_IND","WORK_ZONE_LOC","WORK_ZONE_TYPE","WZ_CLOSE_DETOUR","WZ_FLAGGER","WZ_LAW_OFFCR_IND","WZ_LN_CLOSURE","WZ_MOVING","WZ_OTHER","WZ_SHLDER_MDN","WZ_WORKERS_INJ_KILLED"
"2014055348","","0","0","0","0","0","0","0","0","0","7","0","","02","6","2014","2","40.501102","-79.934182","","11","0","0","0","0","0","1","0","0","","0","0","0","","","1","","0","","40 30:03.967","","0","79 56:03.055","8","0","0","0","2112","0","0","0","N","0","0","0","1","02112","0","","4.0","","1","N","N","","0","","0","0","0","","0","","","1","1","0","0","0","1","0","2","1","1","","","","N","","","","","","","","","",""
"2014056166","","0","0","0","0","0","0","0","0","0","7","0","","02","6","2014","4","40.462634","-79.967239","","11","0","0","0","0","0","1","0","0","","0","0","0","","","2","","1","","40 27:45.482","","0","79 58:02.059","3","0","0","0","2301","0","0","0","","0","0","0","2","02301","1","","5.0","","1","","","","0","","1","0","1","","2","","","1","2","0","0","0","0","0","2","0","1","","","","N","","","","","","","","","",""
"2014070034","","1","0","0","0","0","0","0","0","0","1","0","","02","6","2014","1","40.525606","-80.156641","","11","0","0","0","0","0","0","1","0","","0","0","0","","","1","","0","","40 31:32.180","","0","80 09:23.909","4","0","0","0","2436","0","0","0","N","0","0","0","3","68B03","1","","1.0","","1","N","N","","0","","0","0","1","","0","","","2","1","0","0","0","0","0","2","0","2","","","","N","","","","","","","","","",""
"2014056790","","1","0","0","0","0","0","0","0","0","4","0","","02","6","2014","5","40.587164","-79.999377","","11","0","1","0","1","0","0","0","0","","0","0","0","","","0","","1","","40 35:13.791","","0","79 59:57.758","0","0","0","0","2108","0","0","0","N","0","0","0","2","02501","0","","1.0","","1","N","N","","0","","0","0","1","","3","","","2","0","0","0","0","0","0","2","0","2","","","","N","","","","","","","","","",""
"2014055282","","1","0","0","0","0","0","0","0","0","5","0","","02","6","2014","2","40.441409","-80.04061","","11","0","0","0","0","0","0","0","0","","0","0","0","","","0","","0","","40 26:29.072","","0","80 02:26.196","9","0","0","0","2301","0","0","0","N","0","0","0","1","02301","0","","6.0","","1","N","N","","0","","0","0","0","","0","","","2","0","0","0","0","0","1","2","0","2","","","","N","","","","","","","","","",""
"2014056167","","0","0","0","0","0","0","0","0","0","1","0","","02","5","2014","5","40.421188","-79.799861","","11","0","0","0","0","0","1","0","0","1","0","0","0","","","0","","2","","40 25:16.276","2","0","79 47:59.499","0","0","0","0","2446","0","0","0","N","0","0","0","5","02446","0","","1.0","","9","N","N","","0","","0","0","2","","3","N","","2","0","0","0","0","0","0","2","0","2","","","","N","","","","","","","","","",""
"2014070035","","1","0","0","0","0","0","0","0","0","1","0","","02","6","2014","5","40.428227","-79.927059","","11","0","0","0","0","0","0","0","0","","0","0","0","","","0","","0","","40 25:41.616","","4","79 55:37.411","0","0","0","0","2301","0","0","0","N","0","0","0","1","68B03","0","","1.0","","1","N","N","","0","","0","0","1","","0","","","2","0","0","0","0","0","0","2","0","2","","","","N","","","","","","","","","",""
"2014070776","","1","0","0","0","0","0","0","0","0","7","0","","02","7","2014","5","40.406198","-80.078243","","11","0","0","0","0","0","0","0","0","","0","0","0","","","0","","2","","40 24:22.312","","0","80 04:41.674","0","0","0","0","2415","0","0","0","N","0","0","0","1","02415","0","","5.0","","1","N","N","","0","","0","0","0","","3","","","1","0","0","0","0","0","0","2","0","1","","","","N","","","","","","","","","",""
"2014055271","","1","0","0","0","0","0","0","0","0","7","0","","02","5","2014","7","40.435356","-79.984221","","11","0","0","0","0","0","0","0","0","1","0","0","0","","","0","","0","","40 26:07.280","3","0","79 59:03.196","0","0","0","0","2301","0","0","0","N","0","0","0","1","02301","0","","3.0","","1","N","N","","0","","0","0","0","","0","Y","","1","0","0","0","0","0","0","2","0","1","","","","N","","","","","","","","","",""
"2014070036","","2","0","0","0","0","0","0","0","0","1","0","","02","7","2014","6","40.515528","-80.133794","","11","0","0","0","0","0","1","0","0","","0","0","0","","","0","","0","","40 30:55.902","","3","80 08:01.660","0","0","0","0","2110","0","0","0","N","0","0","0","4","68B03","0","","1.0","","1","N","N","","1","","0","0","0","","0","","","3","0","0","0","0","0","0","2","0","3","","","","N","","","","","","","","","",""
"2014070037","","1","0","0","0","0","0","0","0","0","7","0","","02","7","2014","6","40.521094","-80.142038","","11","0","0","0","0","0","0","0","0","","0","0","0","","","0","","0","","40 31:15.938","","0","80 08:31.337","0","0","0","0","2434","0","0","0","N","0","0","0","1","68B03","0","","4.0","","1","N","N","","0","","0","0","0","","0","","","1","0","0","0","0","0","0","2","0","1","","","","N","","","","","","","","","",""
"2014070038","","1","0","0","0","0","0","0","0","0","1","0","","02","7","2014","3","40.441957","-80.158597","","11","0","0","1","1","0","0","0","0","","0","0","0","","","0","","0","","40 26:31.045","","0","80 09:30.949","0","0","0","0","2115","0","0","0","N","0","0","0","7","68B03","0","","1.0","","1","N","N","","0","","0","0","1","","0","","","2","0","0","0","0","0","0","2","0","2","","","","N","","","","","","","","","",""
"2014070101","","2","0","0","0","0","0","0","0","0","6","0","","02","7","2014","4","40.409405","-79.942577","","11","0","0","0","0","0","1","0","0","","0","0","0","","","1","","0","","40 24:33.858","","0","79 56:33.277","3","0","0","0","2301","0","0","0","","0","0","0","2","02301","0","","1.0","","1","N","N","","0","","1","0","0","","0","","","2","1","0","0","0","0","0","2","0","2","","","","N","","","","","","","","","",""
"2014070117","","0","0","0","0","0","0","0","0","0","5","0","","02","7","2014","6","40.411662","-80.0067","","11","0","0","0","0","0","0","0","0","1","0","0","0","","","1","","0","","40 24:41.984","2","0","80 00:24.121","3","0","0","0","2301","0","0","0","N","0","0","0","3","02301","0","","1.0","","1","N","N","","0","","1","0","2","","0","N","","2","1","0","0","0","0","0","2","0","2","","","","N","","","","","","","","","",""
"2014055355","","1","0","0","0","0","0","0","0","0","4","0","","02","6","2014","2","40.430005","-80.024962","","11","0","0","0","0","0","0","0","0","1","0","0","0","","","0","","6","","40 25:48.019","1","2","80 01:29.864","0","0","0","0","2301","0","0","0","N","0","0","0","2","02301","0","","1.0","","1","N","N","","0","","0","0","0","","4","N","","2","0","0","0","0","0","0","2","1","2","","","","N","","","","","","","","","",""
"2014055965","","1","0","0","0","0","0","0","0","0","7","0","","02","5","2014","3","40.598002","-79.871469","","11","0","0","0","0","0","0","0","0","","0","0","0","","","0","","2","","40 35:52.808","","0","79 52:17.290","9","0","0","0","2220","0","0","0","N","0","0","0","1","02209","0","","2.0","","1","N","N","","0","","0","0","0","","0","","","1","0","0","0","0","0","1","1","0","1","","","","N","","","","","","","","","",""
"2014055289","","2","0","0","0","0","0","0","0","0","4","0","","02","6","2014","1","40.424106","-79.96258","","11","0","0","0","0","0","1","0","0","2","0","0","0","","","0","","1","","40 25:26.781","4","0","79 57:45.287","9","0","0","0","2301","0","0","0","N","0","0","0","4","02301","0","","1.0","","1","N","N","","0","","0","0","1","","2","N","","3","0","0","0","0","0","3","2","0","3","","","","N","","","","","","","","","",""
"2014071444","","1","0","0","0","0","0","0","0","0","4","0","","02","7","2014","1","40.415444","-79.924874","","11","0","0","0","0","0","0","0","0","1","0","0","0","","","0","","2","","40 24:55.598","5","7","79 55:29.546","0","0","0","0","2301","0","0","0","N","0","0","0","6","02301","0","","1.0","","1","N","N","","0","","0","0","1","","2","N","","2","0","0","0","0","0","0","2","0","2","","","","N","","","","","","","","","",""
"2014070121","","1","0","0","0","0","0","0","0","0","4","1","","02","7","2014","4","40.520524","-79.950354","","11","0","0","0","0","0","0","0","0","3","0","1","0","","","0","","0","","40 31:13.885","2","7","79 57:01.273","0","0","0","0","2118","0","0","0","Y","0","0","0","2","02118","0","","1.0","","1","N","N","","0","","0","0","0","","0","Y","","2","0","0","0","0","0","0","2","0","2","","","","N","","","","","","","","","",""
"2014056799","","2","0","0","0","0","0","0","0","0","4","0","","02","6","2014","5","40.376226","-80.09787","","11","0","0","0","1","0","0","0","0","2","0","0","0","","","0","","2","","40 22:34.412","6","0","80 05:52.331","0","0","0","0","2102","0","0","0","N","0","0","0","4","02102","0","","1.0","","1","N","N","","0","","0","0","0","","3","N","","2","0","0","0","0","0","0","2","0","2","","","","N","","","","","","","","","",""
"2014055290","","1","0","0","0","0","0","0","0","0","7","0","","02","6","2014","1","40.317646","-79.833829","","11","0","0","0","0","0","0","0","0","","0","0","0","","","1","","0","","40 19:03.524","","0","79 50:01.786","3","0","0","0","2469","0","0","0","N","0","0","0","1","02469","0","","4.0","","1","N","N","","0","","1","0","0","","0","","","1","1","1","0","0","0","0","2","0","1","","","","N","","","","","","","","","",""
"2014055358","","1","0","0","0","0","0","0","0","0","4","0","","02","5","2014","4","40.667196","-79.730275","","11","0","0","0","0","0","1","0","0","3","0","0","0","","","3","","1","","40 40:01.906","7","0","79 43:48.991","2","0","0","0","2202","0","0","0","N","0","0","0","4","02202","1","","1.0","","1","N","N","","0","","1","1","1","","3","N","","2","3","1","0","0","0","0","1","0","2","","","","N","","","","","","","","","",""
"2014070043","","0","0","0","0","0","0","0","0","0","1","0","","02","6","2014","5","40.493979","-79.902872","","11","0","0","0","0","0","1","0","0","","0","0","0","","","0","","0","","40 29:38.323","","0","79 54:10.339","9","0","0","0","2401","0","0","0","N","0","0","0","3","68D02","0","","1.0","","1","N","N","","1","","0","0","2","","0","","","3","0","0","0","0","0","1","2","0","3","","","","N","","","","","","","","","",""
"2014070715","","1","0","0","0","0","0","0","0","0","8","0","","02","7","2014","5","40.459162","-79.923314","","11","0","0","0","0","0","0","1","0","1","0","0","0","","","1","","2","","40 27:32.983","3","0","79 55:23.930","4","0","0","0","2301","1","0","0","N","1","0","0","2","02301","1","","4.0","","1","N","N","","0","","0","0","0","","0","N","","2","1","0","0","0","0","0","2","0","1","","","","N","","","","","","","","","",""
"2014055219","","0","0","0","0","0","0","0","0","0","7","0","","02","6","2014","1","40.409424","-80.081716","","11","0","0","0","0","0","1","0","0","","0","0","0","","","1","","1","","40 24:33.927","","0","80 04:54.178","8","0","0","1","2415","0","0","0","N","0","0","0","1","02415","0","","5.0","","1","N","N","","0","","0","0","0","","2","","","1","1","0","0","0","1","0","2","0","1","","","","N","","","","","","","","","",""
"2014056800","","2","0","0","0","0","0","0","0","0","5","1","","02","6","2014","5","40.537805","-79.834622","","11","0","0","0","0","0","0","0","0","2","0","1","0","","","0","","2","","40 32:16.097","1","0","79 50:04.640","0","0","0","0","2208","0","0","0","N","0","0","0","3","02208","0","","1.0","","1","N","N","","0","","0","0","0","","2","Y","","3","0","0","0","0","0","0","2","0","3","","","","N","","","","","","","","","",""
"2014055291","","1","0","0","0","0","0","0","0","0","7","0","","02","6","2014","2","40.483414","-79.804321","","11","0","0","0","0","0","0","0","0","","0","0","0","","","0","","0","","40 29:00.290","","0","79 48:15.555","0","0","0","0","2113","0","0","0","N","0","0","0","1","02113","0","","5.0","","1","N","N","","0","","0","0","0","","0","","","1","0","0","0","0","0","0","2","0","1","","","","N","","","","","","","","","",""
"2014056176","","2","0","0","0","0","0","0","0","0","6","0","","02","6","2014","4","40.401107","-79.989372","","11","0","0","0","0","0","0","0","0","","0","0","0","","","0","","0","","40 24:03.985","","0","79 59:21.739","9","0","0","0","2301","0","0","0","","0","0","0","4","02301","0","","1.0","","9","","","","0","","0","0","1","","0","","","3","0","0","0","0","0","1","2","0","3","","","","N","","","","","","","","","",""
"2014070044","","1","0","0","0","0","0","0","0","0","8","0","","02","7","2014","5","40.587514","-79.777383","","11","0","0","0","0","0","0","0","0","4","0","0","0","","","2","","0","","40 35:15.049","2","3","79 46:38.580","3","0","0","0","2104","1","0","0","Y","1","0","0","4","68D02","1","","2.0","","1","N","N","","0","","1","0","1","","0","Y","","3","2","0","0","0","0","0","2","0","2","","","","N","","","","","","","","","",""
"2014071446","","1","0","0","0","0","0","0","0","0","1","0","","02","7","2014","7","40.372925","-80.099277","","11","0","0","0","0","0","1","0","0","","0","0","0","","","1","","2","","40 22:22.529","","2","80 05:57.396","4","0","0","0","2102","0","0","0","N","0","0","0","3","02102","1","","1.0","","9","N","N","","0","","0","0","1","","2","","","2","1","0","0","0","0","0","2","0","2","","","","N","","","","","","","","","",""
"2014070045","","1","0","0","0","0","0","0","0","0","7","0","","02","7","2014","1","40.550527","-79.818565","","11","0","0","0","0","0","0","0","0","2","0","0","0","","","1","","0","","40 33:01.898","2","0","79 49:06.835","4","0","0","0","2208","0","0","0","N","0","0","0","3","68D02","1","","5.0","","9","N","N","","0","","0","0","0","","0","N","","1","1","0","0","0","0","0","2","0","1","","","","N","","","","","","","","","",""
"2014070125","","2","0","0","0","0","0","0","0","0","1","0","","02","7","2014","4","40.430363","-79.785826","","11","0","0","0","0","0","1","0","0","2","0","0","0","","","2","","1","","40 25:49.306","3","0","79 47:08.973","8","0","0","0","2446","0","0","0","N","0","0","0","4","02446","0","","1.0","","1","N","N","","0","","0","0","1","","2","N","","3","2","0","0","0","2","0","2","0","3","","","","N","","","","","","","","","",""
"2014070046","","1","0","0","0","0","0","0","0","0","7","0","","02","7","2014","1","40.617814","-79.750441","","11","0","0","0","0","0","1","0","0","","0","0","0","","","0","","0","","40 37:04.129","","0","79 45:01.588","0","0","0","0","2106","0","0","0","N","0","0","0","1","68D02","0","","5.0","","9","N","N","","0","","0","0","0","","0","","","1","0","0","0","0","0","0","2","0","1","","","","N","","","","","","","","","",""
"2014070718","","1","0","0","0","0","0","0","0","0","1","0","","02","7","2014","5","40.457941","-79.960431","","11","0","0","0","0","0","0","0","0","3","0","0","0","","","1","","0","","40 27:28.588","3","0","79 57:37.551","4","0","0","0","2301","0","0","0","N","0","0","0","5","02301","1","","1.0","","1","N","N","","0","","0","0","3","","0","N","","5","1","0","0","0","0","0","2","0","5","","","","N","","","","","","","","","",""
"2014070047","","1","0","0","0","0","0","0","0","0","1","0","","02","7","2014","1","40.550754","-79.818315","","11","0","0","0","0","0","2","0","0","2","0","0","0","","","1","","0","","40 33:02.716","2","0","79 49:05.935","4","0","0","0","2208","0","0","0","N","0","0","0","3","68D02","1","","1.0","","9","N","N","","0","","0","0","1","","0","N","","2","1","0","0","0","0","1","2","0","2","","","","N","","","","","","","","","",""
"2014070127","","0","0","0","0","0","0","0","0","0","7","0","","02","7","2014","4","40.449449","-79.951331","","11","0","0","0","0","0","1","0","0","","0","0","0","","","1","","0","","40 26:58.016","","0","79 57:04.790","8","0","0","0","2301","0","0","0","N","0","0","0","1","02301","0","","4.0","","1","N","N","","0","","0","0","1","","0","","","1","1","0","0","0","1","0","2","0","1","","","","N","","","","","","","","","",""
"2014056805","","2","0","0","0","0","0","0","0","0","4","0","","02","6","2014","4","40.495778","-80.066916","","11","0","0","0","0","2","0","0","0","","0","0","0","","","0","","2","","40 29:44.799","","0","80 04:00.899","0","0","0","0","2402","0","0","0","N","0","0","0","4","02402","0","","1.0","","9","N","N","","0","","0","0","0","","2","","","2","0","0","0","0","0","0","2","0","2","","","","N","","","","","","","","","",""
"2014055365","","2","0","0","0","0","0","0","0","0","1","0","","02","6","2014","1","40.439626","-80.061499","","11","0","0","0","0","0","0","0","0","","0","0","0","","","0","","0","","40 26:22.655","","0","80 03:41.398","0","0","0","0","2421","0","0","0","N","0","0","0","1","02421","0","","6.0","","1","N","N","","0","","0","0","0","","0","","","2","0","0","0","0","0","0","2","0","2","","","","N","","","","","","","","","",""
"2014056881","","1","0","0","0","0","0","0","0","0","1","0","","02","5","2014","5","40.404091","-79.95284","","11","0","0","1","0","1","0","0","0","2","0","0","0","","","0","","0","","40 24:14.726","1","0","79 57:10.225","0","0","0","0","2403","0","0","0","N","0","0","0","4","02403","0","","1.0","","1","N","N","","1","","0","0","0","","8","N","","3","0","0","0","0","0","0","2","1","3","","","","N","","","","","","","","","",""
"2014057001","","2","0","0","0","0","0","0","0","0","1","0","","02","6","2014","6","40.449644","-79.90262","","11","0","0","0","0","0","0","1","0","1","0","0","0","","","1","","0","","40 26:58.717","3","0","79 54:09.433","4","0","0","0","2301","0","0","0","N","0","0","0","5","02301","1","","1.0","","1","N","N","","0","","0","0","0","","0","N","","2","1","0","0","0","0","0","2","0","2","","","","N","","","","","","","","","",""
"2014054279","","0","0","0","0","0","0","0","0","0","1","0","","02","5","2014","3","40.480066","-80.120155","","11","0","0","0","0","0","1","0","0","1","0","0","0","","","0","","0","","40 28:48.238","1","0","80 07:12.559","0","0","0","0","2126","0","0","0","Y","0","0","0","2","68B03","0","","1.0","","1","N","N","","1","","0","0","1","","0","N","","2","0","0","0","0","0","0","2","0","2","","","","N","","","","","","","","","",""
"2014056936","","1","0","0","0","0","0","0","0","0","1","0","","02","6","2014","6","","","","11","0","0","0","0","0","1","0","0","1","0","0","0","","","1","","0","","","5","3","","8","0","0","0","2304","0","0","0","N","0","0","0","3","02304","0","","1.0","","1","N","N","","1","","0","0","1","","0","N","","3","1","0","0","0","1","0","1","0","3","","","","N","","","","","","","","","",""
"2014054763","","2","0","0","0","0","0","0","0","0","0","0","40","02","5","2014","6","40.305588","-79.934631","","11","0","0","0","0","0","0","0","1","","0","0","0","","","0","","0","","40 18:20.118","","0","79 56:04.670","0","0","0","0","2440","0","0","0","N","0","0","0","2","02440","0","","5.0","","1","N","N","","0","","0","0","0","","0","","","2","0","0","0","0","0","0","2","0","2","","","N","Y","4","1","","","N","Y","","","",""
"2014055587","","0","0","0","0","0","0","0","0","0","8","0","","02","6","2014","2","40.440057","-79.998687","","11","0","0","0","0","0","0","0","0","1","0","0","0","","","1","","1","","40 26:24.205","7","0","79 59:55.273","8","0","0","0","2301","1","0","0","N","1","0","0","2","02301","0","","1.0","","1","N","N","","1","","0","0","0","","2","N","","2","1","0","0","0","1","0","2","0","1","","","","N","","","","","","","","","",""
"2014054139","","2","0","0","0","0","0","0","0","0","1","1","","02","4","2014","7","40.410692","-80.073312","","11","0","0","0","0","0","1","0","0","3","0","1","0","","","2","","0","","40 24:38.491","4","3","80 04:23.923","3","0","0","0","2117","0","0","0","N","0","0","0","14","68B03","0","","1.0","","1","N","N","","0","","2","0","2","","0","N","","6","2","0","0","0","0","0","2","1","6","","","","N","","","","","","","","","",""
"2014055738","","1","0","0","0","0","0","0","0","0","1","0","","02","6","2014","1","40.55871","-80.039703","","11","0","0","0","1","0","0","0","0","1","0","0","0","","","0","","0","","40 33:31.357","2","0","80 02:22.931","0","0","0","0","2108","0","0","0","N","0","0","0","2","02108","0","","1.0","","1","N","N","","0","","0","0","1","","0","N","","2","0","0","0","0","0","0","2","0","2","","","","N","","","","","","","","","",""
"2014054280","","1","0","0","0","0","0","0","0","0","1","0","","02","5","2014","6","40.425758","-79.911624","","11","0","0","0","0","0","0","0","0","1","0","0","0","","","1","","0","","40 25:32.728","3","4","79 54:41.845","8","0","0","0","2301","0","0","0","N","0","0","0","2","68B03","0","","1.0","","1","N","N","","0","","0","0","1","","0","N","","2","1","0","0","0","1","0","2","0","2","","","","N","","","","","","","","","",""
"2014054830","","2","0","0","0","0","0","0","0","0","4","0","","02","5","2014","7","40.463648","-79.923495","","11","0","0","0","0","0","1","0","0","1","0","0","0","","","2","","1","","40 27:49.131","7","0","79 55:24.582","3","0","0","0","2301","0","0","0","N","0","0","0","2","02301","0","","1.0","","1","N","N","","0","","2","0","0","","1","N","","2","2","0","0","0","0","0","2","0","2","","","","N","","","","","","","","","",""
"2014055589","","2","0","0","0","0","0","0","0","0","1","0","99","02","6","2014","2","40.366959","-79.842128","","11","0","0","1","0","0","0","0","0","1","0","0","0","","","0","","2","","40 22:01.052","1","0","79 50:31.659","0","0","0","0","2303","0","0","0","N","0","0","0","2","02303","0","","1.0","","1","N","N","","0","","0","0","0","","2","N","","2","0","0","0","0","0","0","2","0","2","","","N","Y","4","1","","","N","","","","",""
"2014054140","","1","0","0","0","0","0","0","0","0","7","0","","02","5","2014","4","40.422843","-80.103004","","11","0","0","0","0","0","0","0","0","2","0","0","0","","","0","","6","","40 25:22.234","2","2","80 06:10.813","0","0","0","0","2115","0","0","0","N","0","0","0","1","68B03","0","","3.0","","1","N","N","","0","","0","0","0","","0","N","","1","0","0","0","0","0","0","2","0","1","","","","N","","","","","","","","","",""
"2014055739","","1","0","0","0","0","0","0","0","0","1","0","","02","6","2014","2","40.558954","-80.039644","","11","0","0","0","0","1","0","0","0","","0","0","0","","","0","","1","","40 33:32.234","","0","80 02:22.718","0","0","0","0","2108","0","0","0","N","0","0","0","2","02108","0","","1.0","","1","N","N","","0","","0","0","0","","0","","","2","0","0","0","0","0","0","2","1","2","","","","N","","","","","","","","","",""
"2014054753","","0","0","0","0","0","0","0","0","0","8","0","","02","5","2014","6","40.347022","-79.858702","","11","0","0","0","0","0","1","0","0","","0","0","0","","","1","","0","","40 20:49.279","","0","79 51:31.327","3","0","0","0","2304","1","0","0","N","1","0","0","2","02304","0","","1.0","","1","N","N","","0","","1","0","1","","0","","","2","1","1","0","0","0","0","2","0","1","","","","N","","","","","","","","","",""
"2014056938","","0","0","0","0","0","0","0","0","0","0","0","","02","6","2014","5","40.402883","-80.235109","","11","0","0","0","0","0","0","0","0","","0","0","0","","","1","","0","","40 24:10.380","","0","80 14:06.391","4","0","0","1","2214","0","0","0","N","0","0","0","1","02214","1","","1.0","","3","N","N","","0","","0","0","0","","0","","","1","1","0","0","0","0","0","1","0","1","","","","N","","","","","","","","","",""
"2014054070","","0","0","0","0","0","0","0","0","0","4","0","","02","5","2014","5","40.309919","-79.891315","","11","0","0","1","0","0","0","0","0","2","0","0","0","","","0","","1","","40 18:35.709","2","0","79 53:28.733","0","0","0","0","2302","0","0","0","N","0","0","0","3","02302","0","","1.0","","9","N","N","","1","","0","0","1","","2","Y","","2","0","0","0","0","0","0","2","0","2","","","","N","","","","","","","","","",""
"2014054141","","0","0","0","0","0","0","0","0","0","7","0","","02","5","2014","1","40.369158","-80.118498","","11","0","0","0","0","0","1","0","0","","0","0","0","","","1","","0","","40 22:08.967","","0","80 07:06.593","4","0","0","0","2102","0","0","0","Y","0","0","0","1","68B03","1","","4.0","","1","N","N","","0","","0","0","1","","0","","","1","1","0","0","0","0","0","2","0","1","","","","N","","","","","","","","","",""
"2014054896","","2","0","0","0","0","0","0","0","0","4","0","","02","5","2014","7","40.373041","-80.099257","","11","0","0","0","0","0","1","0","0","","0","0","0","","","0","","2","","40 22:22.946","","2","80 05:57.324","0","0","0","0","2102","0","0","0","N","0","0","0","2","02102","0","","1.0","","1","N","N","","0","","0","0","0","","2","","","2","0","0","0","0","0","0","2","0","2","","","","N","","","","","","","","","",""
"2014054908","","0","0","0","0","0","0","0","0","0","4","0","","02","5","2014","7","40.455224","-79.954033","","11","0","0","1","0","0","0","0","0","","0","0","0","","","0","","2","","40 27:18.805","","0","79 57:14.517","0","0","0","0","2301","0","0","0","N","0","0","0","3","02301","0","","2.0","","1","N","N","","1","","0","0","1","","0","","","2","0","0","0","0","0","0","2","0","2","","","","N","","","","","","","","","",""
"2014055740","","2","0","0","0","0","0","0","0","0","2","0","","02","6","2014","2","40.4685","-80.13787","","11","0","0","0","0","0","1","0","0","1","0","0","0","","","0","","0","","40 28:06.601","3","0","80 08:16.333","0","0","0","0","2115","0","0","0","N","0","0","0","2","02115","0","","1.0","","1","N","N","","0","","0","0","0","","0","N","","2","0","0","0","0","0","0","2","0","2","","","","N","","","","","","","","","",""
"2014054142","","1","0","0","0","0","0","0","0","0","1","0","","02","5","2014","3","40.426421","-79.916093","","11","0","0","0","0","0","0","0","0","1","0","0","0","","","0","","0","","40 25:35.115","3","4","79 54:57.933","9","0","0","0","2301","0","0","0","N","0","0","0","5","68B03","0","","1.0","","1","N","N","","0","","0","0","0","","0","N","","2","0","0","0","0","0","1","2","0","2","","","","N","","","","","","","","","",""
"2014055741","","0","0","0","0","0","0","0","0","0","4","0","","02","6","2014","3","40.426215","-79.939761","","11","0","1","0","0","0","1","0","0","","0","0","0","","","0","","1","","40 25:34.374","","0","79 56:23.139","0","0","0","0","2301","0","0","0","N","0","0","0","3","02301","0","","1.0","","1","N","N","","0","","0","0","2","","3","","","2","0","0","0","0","0","0","2","0","2","","","","N","","","","","","","","","",""
"2014057006","","1","0","0","0","0","0","0","0","0","4","0","","02","6","2014","6","40.324797","-79.839178","","11","0","0","0","0","0","0","0","0","","0","0","0","","","0","","3","","40 19:29.270","","0","79 50:21.041","0","0","0","0","2304","0","0","0","N","0","0","0","2","02304","0","","1.0","","1","N","N","","1","","0","0","0","","0","","","2","0","0","0","0","0","0","2","0","2","","","","N","","","","","","","","","",""
"2014054768","","0","0","1","0","0","0","0","0","0","7","0","","02","5","2014","6","40.490673","-79.907546","","11","0","0","0","0","0","0","0","0","3","0","0","0","","","1","","2","","40 29:26.424","3","0","79 54:27.164","2","0","0","0","2401","0","0","0","N","0","0","0","1","02401","0","","2.0","","1","N","N","","0","","0","1","1","","2","N","","1","1","0","0","0","0","0","2","0","1","","","","N","","","","","","","","","",""
"2014054143","","0","0","0","0","0","0","0","0","0","7","0","","02","5","2014","3","40.607922","-80.094686","","11","0","0","0","0","0","0","0","0","","0","0","0","","","0","","0","","40 36:28.519","","0","80 05:40.870","0","0","0","0","2481","0","0","0","N","0","0","0","1","68B03","0","","2.0","","1","N","N","","0","","0","0","1","","0","","","1","0","0","0","0","0","0","2","0","1","","","","N","","","","","","","","","",""