"CRN","ARRIVAL_TM","AUTOMOBILE_COUNT","BELTED_DEATH_COUNT","BELTED_SUSP_SERIOUS_INJ_COUNT","BICYCLE_COUNT","BICYCLE_DEATH_COUNT","BICYCLE_SUSP_SERIOUS_INJ_COUNT","BUS_COUNT","CHLDPAS_DEATH_COUNT","CHLDPAS_SUSP_SERIOUS_INJ_COUNT","COLLISION_TYPE","COMM_VEH_COUNT","CONS_ZONE_SPD_LIM","COUNTY","CRASH_MONTH","CRASH_YEAR","DAY_OF_WEEK","DEC_LATITUDE","DEC_LONGITUDE","DISPATCH_TM","DISTRICT","DRIVER_COUNT_16YR","DRIVER_COUNT_17YR","DRIVER_COUNT_18YR","DRIVER_COUNT_19YR","DRIVER_COUNT_20YR","DRIVER_COUNT_50_64YR","DRIVER_COUNT_65_74YR","DRIVER_COUNT_75PLUS","EST_HRS_CLOSED","FATAL_COUNT","HEAVY_TRUCK_COUNT","HORSE_BUGGY_COUNT","HOUR_OF_DAY","ILLUMINATION","INJURY_COUNT","INTERSECTION_RELATED","INTERSECT_TYPE","LANE_CLOSED","LATITUDE","LN_CLOSE_DIR","LOCATION_TYPE","LONGITUDE","MAX_SEVERITY_LEVEL","MCYCLE_DEATH_COUNT","MCYCLE_SUSP_SERIOUS_INJ_COUNT","MOTORCYCLE_COUNT","MUNICIPALITY","NONMOTR_COUNT","NONMOTR_DEATH_COUNT","NONMOTR_SUSP_SERIOUS_INJ_COUNT","NTFY_HIWY_MAINT","PED_COUNT","PED_DEATH_COUNT","PED_SUSP_SERIOUS_INJ_COUNT","PERSON_COUNT","POLICE_AGCY","POSSIBLE_INJ_COUNT","RDWY_SURF_TYPE_CD","RELATION_TO_ROAD","ROADWAY_CLEARED","ROAD_CONDITION","SCH_BUS_IND","SCH_ZONE_IND","SECONDARY_CRASH","SMALL_TRUCK_COUNT","SPEC_JURIS_CD","SUSP_MINOR_INJ_COUNT","SUSP_SERIOUS_INJ_COUNT","SUV_COUNT","TCD_FUNC_CD","TCD_TYPE","TFC_DETOUR_IND","TIME_OF_DAY","TOTAL_UNITS","TOT_INJ_COUNT","UNBELTED_OCC_COUNT","UNB_DEATH_COUNT","UNB_SUSP_SERIOUS_INJ_COUNT","UNK_INJ_DEG_COUNT","UNK_INJ_PER_COUNT","URBAN_RURAL","VAN_COUNT","VEHICLE_COUNT","WEATHER1","WEATHER2","WORKERS_PRES","WORK_ZONE_IND","WORK_ZONE_LOC","WORK_ZONE_TYPE","WZ_CLOSE_DETOUR","WZ_FLAGGER","WZ_LAW_OFFCR_IND","WZ_LN_CLOSURE","WZ_MOVING","WZ_OTHER","WZ_SHLDER_MDN","WZ_WORKERS_INJ_KILLED"
"2014054910","","0","0","0","0","0","0","0","0","0","4","0","","02","5","2014","6","40.368939","-80.048049","","11","0","0","0","0","0","2","0","0","2","0","0","0","","","0","","1","","40 22:08.180","1","0","80 02:52.976","0","0","0","0","2109","0","0","0","N","0","0","0","2","02109","0","","1.0","","1","N","N","","0","","0","0","2","","3","N","","2","0","0","0","0","0","0","2","0","2","","","","N","","","","","","","","","",""
"2014056480","","1","0","0","0","0","0","0","0","0","7","0","","02","6","2014","4","40.399889","-79.997806","","11","0","0","0","0","0","1","0","0","","0","0","0","","","0","","0","","40 23:59.600","","0","79 59:52.100","0","0","0","0","2301","0","0","0","N","0","0","0","1","02301","0","","5.0","","9","N","N","","1","","0","0","0","","0","","","2","0","0","0","0","0","0","2","0","2","","","","N","","","","","","","","","",""
"2014054971","","0","0","0","0","0","0","0","0","0","99","0","","02","5","2014","5","40.665659","-80.09718","","11","0","0","0","0","0","0","0","0","","0","0","0","","","0","","0","","40 39:56.371","","0","80 05:49.847","0","0","0","0","2212","0","0","0","N","0","0","0","1","68T02","0","","1.0","","1","N","N","","0","","0","0","0","","0","","","1","0","0","0","0","0","0","2","1","1","","","","N","","","","","","","","","",""
"2014054284","","0","0","0","0","0","0","1","0","0","5","1","","02","5","2014","5","40.409056","-79.876028","","11","0","0","0","0","0","0","0","0","","0","0","0","","","1","","0","","40 24:32.600","","0","79 52:33.700","4","0","0","0","2410","0","0","0","N","0","0","0","2","02503","1","","1.0","","1","N","N","","0","","0","0","1","","0","","","2","1","0","0","0","0","0","2","0","2","","","","N","","","","","","","","","",""
"2014056205","","1","0","0","0","0","0","0","0","0","1","0","","02","6","2014","4","40.463993","-79.819049","","11","0","0","0","0","0","0","0","0","1","0","0","0","","","1","","0","","40 27:50.376","1","0","79 49:08.575","8","0","0","0","2113","0","0","0","N","0","0","0","2","02113","0","","1.0","","9","N","N","","0","","0","0","1","","0","N","","2","1","0","0","0","1","0","2","0","2","","","","N","","","","","","","","","",""
"2014056941","","0","0","0","0","0","0","0","0","0","99","0","","02","6","2014","6","40.568456","-80.024009","","11","0","0","0","0","0","0","0","0","","0","0","0","","","1","","0","","40 34:06.441","","0","80 01:26.431","8","0","0","0","2108","0","0","0","N","0","0","0","2","02108","0","","1.0","","1","N","N","","0","","0","0","0","","0","","","1","1","0","0","0","1","0","2","1","1","","","","N","","","","","","","","","",""
"2014054074","","0","0","0","0","0","0","0","0","0","1","0","","02","5","2014","7","40.550061","-80.026432","","11","0","0","0","0","0","2","0","0","","0","0","0","","","1","","2","","40 33:00.219","","0","80 01:35.155","8","0","0","0","2116","0","0","0","N","0","0","0","5","02116","0","","1.0","","1","N","N","","0","","0","0","2","","0","","","2","1","0","0","0","1","0","2","0","2","","","","N","","","","","","","","","",""
"2014054144","","2","0","0","0","0","0","0","0","0","1","0","","02","5","2014","3","40.376468","-80.101527","","11","0","0","0","0","0","0","0","0","","0","0","0","","","0","","0","","40 22:35.284","","0","80 06:05.498","9","0","0","0","2102","0","0","0","N","0","0","0","3","68B03","0","","1.0","","1","N","N","","0","","0","0","0","","0","","","2","0","0","0","0","0","1","2","0","2","","","","N","","","","","","","","","",""
"2014056206","","1","0","0","0","0","0","0","0","0","4","0","","02","5","2014","1","40.388402","-80.042929","","11","0","0","0","1","0","0","0","0","2","0","0","0","","","0","","2","","40 23:18.248","1","0","80 02:34.545","0","0","0","0","2422","0","0","0","N","0","0","0","2","02109","0","","1.0","","1","N","N","","0","","0","0","1","","2","Y","","2","0","0","0","0","0","0","2","0","2","","","","N","","","","","","","","","",""
"2014054145","","1","0","0","0","0","0","0","0","0","7","0","","02","5","2014","3","40.502246","-80.136309","","11","0","0","0","0","0","0","0","0","","0","1","0","","","0","","0","","40 30:08.085","","0","80 08:10.714","0","0","0","0","2115","0","0","0","N","0","0","0","2","68B03","0","","3.0","","9","N","N","","0","","0","0","0","","0","","","2","0","0","0","0","0","0","2","0","2","","","","N","","","","","","","","","",""
"2014054974","","0","0","0","0","0","0","0","0","0","99","0","","02","5","2014","6","40.447206","-79.753722","","11","0","0","0","0","0","0","1","0","","0","0","0","","","0","","0","","40 26:49.941","","0","79 45:13.399","0","0","0","0","2446","0","0","0","N","0","0","0","1","68T02","0","","1.0","","1","N","N","","0","","0","0","1","","0","","","1","0","0","0","0","0","0","2","0","1","","","","N","","","","","","","","","",""
"2014057011","","0","0","0","0","0","0","0","0","0","1","0","","02","6","2014","6","40.463015","-79.856418","","11","0","0","0","0","0","1","0","0","1","0","0","0","","","2","","2","","40 27:46.854","1","0","79 51:23.105","4","0","0","0","2113","0","0","0","N","0","0","0","3","02113","1","","1.0","","1","N","N","","0","","0","0","1","","0","Y","","2","2","0","0","0","1","0","2","1","2","","","","N","","","","","","","","","",""
"2014054080","","2","0","0","0","0","0","0","0","0","4","0","","02","5","2014","5","40.434132","-79.75212","","11","0","0","0","0","0","0","0","1","","0","0","0","","","0","","0","","40 26:02.875","","0","79 45:07.633","0","0","0","0","2446","0","0","0","N","0","0","0","2","02446","0","","1.0","","1","N","N","","0","","0","0","0","","0","","","2","0","0","0","0","0","0","2","0","2","","","","N","","","","","","","","","",""
"2014054988","","2","0","0","0","0","0","0","0","0","4","0","","02","5","2014","6","40.529762","-79.779078","","11","0","1","0","0","0","0","0","0","1","0","0","0","","","1","","2","","40 31:47.144","3","0","79 46:44.679","4","0","0","0","2466","0","0","0","N","0","0","0","3","02466","1","","1.0","","1","N","N","","0","","0","0","0","","0","N","","2","1","0","0","0","0","0","2","0","2","","","","N","","","","","","","","","",""
"2014054082","","1","0","0","1","0","0","0","0","0","8","0","","02","5","2014","4","40.306639","-79.996441","","11","0","0","0","0","0","1","0","0","1","0","0","0","","","1","","2","","40 18:23.900","1","0","79 59:47.187","3","0","0","0","2219","1","0","0","N","0","0","0","2","02501","0","","1.0","","1","N","N","","0","","1","0","0","","0","Y","","2","1","0","0","0","0","0","2","0","1","","","","N","","","","","","","","","",""
"2014054839","","1","0","0","0","0","0","0","0","0","4","0","","02","5","2014","7","40.407058","-80.015042","","11","0","0","0","0","0","1","0","0","","0","0","0","","","0","","2","","40 24:25.408","","0","80 00:54.151","0","0","0","0","2301","0","0","0","","0","0","0","2","02301","0","","1.0","","1","","","","0","","0","0","1","","3","","","2","0","0","0","0","0","0","2","0","2","","","","N","","","","","","","","","",""
"2014055617","","1","0","0","0","0","0","0","0","0","7","0","","02","6","2014","2","40.49605","-79.751229","","11","0","0","0","0","0","0","0","0","2","0","0","0","","","0","","0","","40 29:45.780","5","0","79 45:04.423","0","0","0","0","2466","0","0","0","N","0","0","0","1","02466","0","","4.0","","1","N","N","","0","","0","0","0","","0","Y","","1","0","0","0","0","0","0","2","0","1","","","","N","","","","","","","","","",""
"2014055827","","1","0","0","0","0","0","0","0","0","1","0","","02","6","2014","3","40.452333","-79.922972","","11","0","0","0","0","0","0","1","0","1","0","0","0","","","2","","0","","40 27:08.400","4","0","79 55:22.700","8","0","0","0","2301","0","0","0","N","0","0","0","2","02301","0","","1.0","","1","N","N","","0","","0","0","1","","0","N","","2","2","0","0","0","2","0","2","0","2","","","","N","","","","","","","","","",""
"2014060534","","2","0","0","0","0","0","0","0","0","4","0","","02","6","2014","2","40.49388","-79.86099","","11","0","0","1","0","0","0","0","0","","0","0","0","","","0","","0","","40 29:37.969","","0","79 51:39.565","0","0","0","0","2408","0","0","0","N","0","0","0","1","02408","0","","6.0","","1","N","N","","0","","0","0","0","","0","","","2","0","0","0","0","0","0","2","0","2","","","","N","","","","","","","","","",""
"2014056566","","0","0","0","0","0","0","0","0","0","7","0","","02","5","2014","5","40.366931","-79.890349","","11","0","0","0","0","0","0","0","0","1","0","0","0","","","0","","3","","40 22:00.953","3","0","79 53:25.255","0","0","0","0","2473","0","0","0","N","0","0","0","1","02473","0","","2.0","","1","N","N","","0","","0","0","1","","0","Y","","1","0","0","0","0","0","0","2","0","1","","","","N","","","","","","","","","",""
"2014056352","","2","0","0","0","0","0","0","0","0","4","0","","02","6","2014","3","40.437611","-79.770083","","11","0","0","0","0","0","0","0","0","1","0","0","0","","","1","","0","","40 26:15.400","1","7","79 46:12.300","8","0","0","0","2446","0","0","0","N","0","0","0","2","02446","0","","1.0","","1","N","N","","0","","0","0","0","","0","N","","2","1","1","0","0","1","0","2","0","2","","","","N","","","","","","","","","",""
"2014055608","","2","0","0","0","0","0","0","0","0","6","0","","02","6","2014","2","40.474139","-80.038694","","11","0","0","0","0","0","0","0","0","2","0","0","0","","","1","","0","","40 28:26.900","5","0","80 02:19.300","3","0","0","0","2301","0","0","0","N","0","0","0","1","02301","0","","6.0","","1","N","N","","0","","1","0","2","","0","N","","6","1","0","0","0","0","0","2","1","5","","","","N","","","","","","","","","",""
"2014054859","","1","0","0","0","0","0","0","0","0","1","0","","02","5","2014","6","40.537805","-79.834622","","11","0","0","0","0","0","1","0","0","1","0","0","0","","","0","","2","","40 32:16.097","1","0","79 50:04.640","0","0","0","0","2208","0","0","0","N","0","0","0","4","02208","0","","1.0","","1","N","N","","0","","0","0","1","","2","N","","2","0","0","0","0","0","0","2","0","2","","","","N","","","","","","","","","",""
"2014054246","","0","0","0","0","0","0","0","0","0","7","0","","02","5","2014","6","40.587","-79.822917","","11","0","0","0","0","0","1","0","0","","0","0","0","","","0","","0","","40 35:13.200","","0","79 49:22.500","0","0","0","0","2209","0","0","0","N","0","0","0","1","02209","0","","1.0","","1","N","N","","0","","0","0","1","","0","","","1","0","0","0","0","0","0","2","0","1","","","","N","","","","","","","","","",""
"2014054247","","1","0","0","0","0","0","0","0","0","7","0","","02","5","2014","4","40.47536","-79.970675","","11","0","0","0","0","0","0","0","0","1","0","0","0","","","1","","0","","40 28:31.297","2","0","79 58:14.429","4","0","0","0","2445","0","0","0","N","0","0","0","1","02445","1","","3.0","","1","N","N","","0","","0","0","0","","0","Y","","1","1","0","0","0","0","0","2","0","1","","","","N","","","","","","","","","",""
"2014055000","","1","0","0","0","0","0","0","0","0","4","0","","02","5","2014","7","40.440519","-80.238481","","11","0","0","0","0","0","0","1","0","2","0","0","0","","","2","","1","","40 26:25.870","1","7","80 14:18.530","4","0","0","0","2214","0","0","0","N","0","0","0","3","02214","1","","1.0","","1","N","N","","0","","0","0","1","","0","N","","2","2","0","0","0","1","0","2","0","2","","","","N","","","","","","","","","",""
"2014054091","","1","0","0","0","0","0","0","0","0","4","0","","02","5","2014","5","40.449597","-80.061422","","11","0","0","0","0","0","0","0","0","","0","0","0","","","0","","1","","40 26:58.549","","0","80 03:41.119","0","0","0","0","2301","0","0","0","N","0","0","0","3","02301","0","","1.0","","9","N","N","","0","","0","0","0","","3","","","2","0","2","0","0","0","0","2","1","2","","","","N","","","","","","","","","",""
"2014054923","","1","0","0","0","0","0","0","0","0","7","0","","02","5","2014","7","40.57287","-79.788189","","11","0","0","0","0","0","0","0","0","2","0","0","0","","","0","","0","","40 34:22.331","5","0","79 47:17.479","0","0","0","0","2206","0","0","0","N","0","0","0","1","68D02","0","","3.0","","1","N","N","","0","","0","0","0","","0","N","","1","0","0","0","0","0","0","2","0","1","","","","N","","","","","","","","","",""
"2014054985","","1","0","0","0","0","0","0","0","0","1","0","","02","5","2014","7","40.369787","-79.913121","","11","0","0","0","0","0","0","1","0","","0","0","0","","","0","","2","","40 22:11.234","","0","79 54:47.236","0","0","0","0","2301","0","0","0","N","0","0","0","2","02301","0","","1.0","","1","N","N","","1","","0","0","0","","2","","","2","0","0","0","0","0","0","2","0","2","","","","N","","","","","","","","","",""
"2014054718","","2","0","0","0","0","0","0","0","0","4","0","","02","5","2014","6","40.435115","-79.768473","","11","1","0","0","0","0","1","0","0","2","0","0","0","","","0","","2","","40 26:06.414","4","7","79 46:06.502","0","0","0","0","2446","0","0","0","N","0","0","0","3","02446","0","","1.0","","1","N","N","","0","","0","0","0","","2","N","","2","0","0","0","0","0","0","2","0","2","","","","N","","","","","","","","","",""
"2014055626","","0","0","0","0","0","0","0","0","0","7","0","","02","3","2014","6","40.386025","-79.829272","","11","0","0","0","0","0","0","0","0","2","0","0","0","","","1","","0","","40 23:09.691","2","0","79 49:45.379","3","0","0","0","2111","0","0","0","N","0","0","0","1","02111","0","","5.0","","1","N","N","","0","","1","0","1","","0","N","","1","1","1","0","0","0","0","2","0","1","","","","N","","","","","","","","","",""
"2014054094","","1","0","0","0","0","0","0","0","0","4","0","","02","5","2014","5","40.462634","-79.967239","","11","0","0","0","0","0","1","0","0","","0","0","0","","","0","","3","","40 27:45.482","","0","79 58:02.059","0","0","0","0","2301","0","0","0","","0","0","0","2","02301","0","","1.0","","1","","","","1","","0","0","0","","2","","","2","0","0","0","0","0","0","2","0","2","","","","N","","","","","","","","","",""
"2014054851","","1","0","0","0","0","0","0","0","0","7","0","","02","5","2014","6","40.452743","-79.86657","","11","0","0","0","0","0","0","0","0","","0","0","0","","","0","","2","","40 27:09.873","","0","79 51:59.651","9","0","0","0","2301","0","0","0","N","0","0","0","1","02301","0","","5.0","","1","N","N","","0","","0","0","0","","0","","","1","0","0","0","0","0","1","2","0","1","","","","N","","","","","","","","","",""
"2014054108","","0","0","0","1","0","0","0","0","0","8","0","","02","5","2014","7","40.476217","-80.022549","","11","0","0","0","0","0","0","0","0","","0","0","0","","","1","","2","","40 28:34.381","","0","80 01:21.176","3","0","0","0","2301","1","0","0","N","0","0","0","2","02301","0","","1.0","","1","N","N","","0","","1","0","1","","0","","","2","1","0","0","0","0","0","2","0","1","","","","N","","","","","","","","","",""
"2014056499","","1","0","0","0","0","0","0","0","0","7","0","","02","6","2014","5","40.494935","-79.80856","","11","0","0","0","0","0","0","0","0","","0","0","0","","","0","","2","","40 29:41.767","","0","79 48:30.816","0","0","0","0","2113","0","0","0","N","0","0","0","1","02113","0","","2.0","","9","N","N","","0","","0","0","0","","0","","","1","0","0","0","0","0","0","2","0","1","","","","N","","","","","","","","","",""
"2014054865","","2","0","0","0","0","0","0","0","0","4","0","","02","5","2014","7","40.402012","-80.000594","","11","0","0","0","0","0","1","0","0","1","0","0","0","","","2","","1","","40 24:07.244","2","0","80 00:02.139","8","0","0","0","2301","0","0","0","N","0","0","0","2","02301","0","","1.0","","1","N","N","","0","","0","0","0","","2","N","","2","2","0","0","0","2","0","2","0","2","","","","N","","","","","","","","","",""
"2014054722","","0","0","0","0","0","0","0","0","0","4","0","","02","5","2014","6","40.458687","-79.908061","","11","0","0","0","0","0","2","0","0","1","0","0","0","","","3","","2","","40 27:31.273","3","0","79 54:29.021","4","0","0","0","2301","0","0","0","N","0","0","0","8","02301","3","","1.0","","1","N","N","","0","","0","0","2","","2","N","","2","3","1","0","0","0","0","2","0","2","","","","N","","","","","","","","","",""
"2014055708","","0","0","0","0","0","0","0","0","0","4","0","","02","6","2014","3","40.44487","-79.992416","","11","0","0","0","0","0","0","1","1","","0","0","0","","","0","","0","","40 26:41.532","","7","79 59:32.696","0","0","0","0","2301","0","0","0","N","0","0","0","4","02301","0","","1.0","","9","N","N","","0","","0","0","1","","0","","","2","0","0","0","0","0","0","2","1","2","","","","N","","","","","","","","","",""
"2014054112","","0","0","0","0","0","0","0","0","0","7","0","","02","5","2014","3","40.450547","-79.983319","","11","0","0","0","0","0","0","0","0","","0","0","0","","","0","","2","","40 27:01.969","","7","79 58:59.948","0","0","0","0","2301","0","0","0","N","0","0","0","1","02301","0","","2.0","","9","N","N","","0","","0","0","1","","0","","","1","0","0","0","0","0","0","2","0","1","","","","N","","","","","","","","","",""
"2014054867","","0","0","0","0","0","0","0","0","0","1","1","","02","5","2014","5","40.370271","-79.812602","","11","0","0","0","1","0","0","1","0","2","0","0","0","","","0","","3","","40 22:12.975","3","0","79 48:45.367","0","0","0","0","2111","0","0","0","N","0","0","0","4","02111","0","","1.0","","9","Y","N","","0","","0","0","1","","0","N","","2","0","2","0","0","0","0","2","1","2","","","","N","","","","","","","","","",""
"2014054242","","1","0","0","0","0","0","0","0","0","1","0","","02","5","2014","6","40.415407","-80.012996","","11","0","0","0","0","0","0","0","0","1","0","0","0","","","0","","0","","40 24:55.466","2","0","80 00:46.784","0","0","0","0","2301","0","0","0","N","0","0","0","2","02301","0","","1.0","","1","N","N","","0","","0","0","1","","0","N","","2","0","0","0","0","0","0","2","0","2","","","","N","","","","","","","","","",""
"2014055710","","2","0","0","0","0","0","0","0","0","4","0","","02","6","2014","3","40.426975","-79.980753","","11","0","0","0","0","0","0","0","0","1","0","0","0","","","1","","1","","40 25:37.110","1","0","79 58:50.710","8","0","0","0","2301","0","0","0","N","0","0","0","2","02301","0","","1.0","","9","N","N","","0","","0","0","0","","2","N","","2","1","0","0","0","1","0","2","0","2","","","","N","","","","","","","","","",""
"2014055711","","1","0","0","0","0","0","0","0","0","4","0","","02","5","2014","7","40.447222","-80.047333","","11","0","0","0","1","0","0","0","0","","0","0","0","","","0","","0","","40 26:50.000","","7","80 02:50.400","0","0","0","0","2301","0","0","0","N","0","0","0","3","02301","0","","1.0","","1","N","N","","1","","0","0","0","","0","","","2","0","0","0","0","0","0","2","0","2","","","","N","","","","","","","","","",""
"2014054256","","1","0","0","0","0","0","0","0","0","4","0","","02","5","2014","2","40.364028","-80.047965","","11","0","0","0","0","0","0","0","0","2","0","0","0","","","1","","2","","40 21:50.502","2","0","80 02:52.673","8","0","0","0","2109","0","0","0","N","0","0","0","2","02109","0","","1.0","","1","N","N","","0","","0","0","1","","3","Y","","2","1","0","0","0","1","0","2","0","2","","","","N","","","","","","","","","",""
"2014054804","","0","0","0","0","0","0","0","0","0","99","0","","02","5","2014","4","40.655224","-79.72432","","11","0","0","0","0","0","0","0","0","","0","0","0","","","0","","0","","40 39:18.807","","0","79 43:27.553","0","0","0","0","2106","0","0","0","N","0","0","0","1","68D02","0","","1.0","","1","N","N","","0","","0","0","1","","0","","","1","0","0","0","0","0","0","2","0","1","","","","N","","","","","","","","","",""
"2014055698","","0","0","0","0","0","0","0","0","0","1","0","","02","5","2014","7","40.589864","-79.948489","","11","0","0","0","0","0","1","0","0","","0","0","0","","","0","","0","","40 35:23.512","","0","79 56:54.562","0","0","0","0","2207","0","0","0","N","0","0","0","5","02207","0","","1.0","","1","N","N","","0","","0","0","1","","0","","","2","0","0","0","0","0","0","2","1","2","","","","N","","","","","","","","","",""
"2014054257","","1","0","0","0","0","0","0","0","0","4","0","","02","5","2014","3","40.37288","-80.049071","","11","0","0","0","0","0","1","0","0","2","0","0","0","","","1","","2","","40 22:22.367","3","0","80 02:56.655","4","0","0","0","2109","0","0","0","N","0","0","0","5","02109","1","","1.0","","1","N","Y","","0","","0","0","1","","2","Y","","2","1","0","0","0","0","0","2","0","2","","","","N","","","","","","","","","",""
"2014055427","","0","0","0","0","0","0","0","0","0","8","0","","02","6","2014","2","40.451499","-79.953396","","11","0","0","0","0","0","1","0","0","","0","0","0","","","1","","1","","40 27:05.396","","0","79 57:12.225","8","0","0","0","2301","1","0","0","N","1","0","0","2","02301","0","","1.0","","1","N","N","","0","","0","0","1","","3","","","2","1","0","0","0","1","0","2","0","1","","","","N","","","","","","","","","",""
"2014055714","","1","0","0","0","0","0","0","0","0","7","0","","02","6","2014","3","40.475681","-79.821868","","11","0","0","0","0","0","2","0","0","","0","0","0","","","0","","0","","40 28:32.453","","0","79 49:18.723","0","0","0","0","2113","0","0","0","N","0","0","0","2","02113","0","","4.0","","1","N","N","","1","","0","0","0","","0","","","2","0","0","0","0","0","0","2","0","2","","","","N","","","","","","","","","",""
"2014055415","","1","0","0","0","0","0","0","0","0","4","0","","02","6","2014","2","40.458815","-80.021292","","11","0","0","0","0","0","1","0","0","","0","0","0","","","1","","2","","40 27:31.734","","0","80 01:16.651","8","0","0","0","2301","0","0","0","N","0","0","0","3","02301","0","","1.0","","1","N","N","","0","","0","0","1","","0","","","2","1","0","0","0","1","0","2","0","2","","","","N","","","","","","","","","",""
"2014056966","","5","0","0","0","0","0","0","0","0","5","0","","02","5","2014","5","40.434653","-79.954619","","11","0","0","0","0","0","0","0","0","","0","0","0","","","1","","0","","40 26:04.751","","0","79 57:16.629","4","0","0","0","2301","0","0","0","N","0","0","0","1","02506","1","","6.0","","1","N","N","","1","","0","0","0","","0","","","6","1","0","0","0","0","0","2","0","6","","","","N","","","","","","","","","",""
"2014055636","","2","0","0","0","0","0","0","0","0","4","0","","02","5","2014","7","40.447425","-79.942471","","11","0","0","0","0","0","0","0","0","2","0","0","0","","","1","","1","","40 26:50.730","3","0","79 56:32.895","4","0","0","0","2301","0","0","0","N","0","0","0","5","02301","1","","1.0","","1","N","N","","0","","0","0","0","","2","N","","2","1","0","0","0","0","0","2","0","2","","","","N","","","","","","","","","",""
"2014056967","","0","0","0","0","0","0","0","0","0","1","0","","02","6","2014","6","40.472821","-79.82005","","11","0","0","0","0","0","0","1","0","","0","0","0","","","0","","0","","40 28:22.155","","0","79 49:12.179","0","0","0","0","2113","0","0","0","N","0","0","0","2","02113","0","","1.0","","1","N","N","","0","","0","0","2","","0","","","2","0","1","0","0","0","0","2","0","2","","","","N","","","","","","","","","",""
"2014054794","","1","0","0","0","0","0","0","0","0","7","0","","02","5","2014","4","40.458849","-80.111604","","11","0","0","0","0","0","0","0","0","","0","0","0","","","1","","0","","40 27:31.857","","0","80 06:41.775","3","0","0","0","2115","0","0","0","N","0","0","0","1","68B03","0","","4.0","","9","N","N","","0","","1","0","0","","0","","","1","1","1","0","0","0","0","2","0","1","","","","N","","","","","","","","","",""
"2014056439","","2","0","0","0","0","0","0","0","0","4","0","","02","6","2014","4","40.352045","-79.8205","","11","0","0","0","0","0","0","0","1","","0","0","0","","","2","","1","","40 21:07.362","","0","79 49:13.800","4","0","0","0","2477","0","0","0","","0","0","0","2","02477","2","","1.0","","1","","","","0","","0","0","1","","3","","","3","2","0","0","0","0","0","2","0","3","","","","N","","","","","","","","","",""
"2014054810","","1","0","0","0","0","0","0","0","0","5","0","","02","5","2014","7","40.465975","-79.949853","","11","0","0","0","0","0","0","0","0","","0","0","0","","","0","","0","","40 27:57.509","","0","79 56:59.472","0","0","0","0","2301","0","0","0","N","0","0","0","1","02301","0","","1.0","","1","N","N","","0","","0","0","1","","0","","","2","0","0","0","0","0","0","2","0","2","","","","N","","","","","","","","","",""
"2014056440","","1","0","0","0","0","0","0","0","0","7","0","","02","5","2014","6","40.448868","-80.067118","","11","0","0","0","0","0","0","0","0","","0","0","0","","","0","","3","","40 26:55.924","","0","80 04:01.624","0","0","0","0","2439","0","0","0","N","0","0","0","1","02439","0","","5.0","","1","N","N","","0","","0","0","0","","0","","","1","0","1","0","0","0","0","2","0","1","","","","N","","","","","","","","","",""
"2014055717","","2","0","0","0","0","0","0","0","0","1","0","","02","6","2014","3","40.294972","-79.891861","","11","0","0","0","0","0","0","0","0","","0","0","0","","","0","","0","","40 17:41.900","","0","79 53:30.700","0","0","0","0","2302","0","0","0","N","0","0","0","1","02302","0","","6.0","","9","N","","","0","","0","0","0","","0","","","2","0","0","0","0","0","0","2","0","2","","","","N","","","","","","","","","",""
"2014056982","","1","0","0","0","0","0","0","0","0","7","0","","02","5","2014","6","40.432006","-79.839197","","11","0","0","0","0","0","0","0","0","3","0","0","0","","","1","","0","","40 25:55.222","5","0","79 50:21.110","8","0","0","0","2419","0","0","0","N","0","0","0","1","02419","0","","5.0","","1","N","N","","0","","0","0","0","","0","Y","","1","1","1","0","0","1","0","2","0","1","","","","N","","","","","","","","","",""
"2014055431","","1","0","0","0","0","0","0","0","0","7","0","","02","5","2014","3","40.502723","-80.203174","","11","0","0","0","0","0","0","0","0","1","0","0","0","","","0","","0","","40 30:09.801","5","0","80 12:11.425","0","0","0","0","2213","0","0","0","N","0","0","0","1","02213","0","","2.0","","1","N","N","","0","","0","0","0","","0","Y","","1","0","0","0","0","0","0","2","0","1","","","","N","","","","","","","","","",""
"2014054730","","1","0","0","0","0","0","1","0","0","4","1","","02","5","2014","6","40.398728","-80.025684","","11","0","0","0","0","0","0","0","0","1","0","0","0","","","1","","0","","40 23:55.422","2","7","80 01:32.464","3","0","0","0","2301","0","0","0","N","0","0","0","3","02503","0","","1.0","","1","N","N","","0","","1","0","0","","0","N","","2","1","0","0","0","0","0","2","0","2","","","","N","","","","","","","","","",""
"2014055640","","1","0","0","0","0","0","0","0","0","7","0","","02","6","2014","3","40.461741","-79.965309","","11","0","0","1","0","0","0","0","0","","0","0","0","","","1","","0","","40 27:42.268","","0","79 57:55.113","4","0","0","0","2301","0","0","0","N","0","0","0","1","02301","1","","5.0","","1","N","N","","0","","0","0","0","","0","","","1","1","0","0","0","0","0","2","0","1","","","","N","","","","","","","","","",""
"2014056441","","0","0","0","0","0","0","0","0","0","2","0","","02","6","2014","3","40.34377","-79.799036","","11","0","0","0","0","0","0","0","0","2","0","0","0","","","2","","0","","40 20:37.572","5","3","79 47:56.530","8","0","0","0","2477","0","0","0","N","0","0","0","2","02477","0","","1.0","","9","N","N","","0","","0","0","2","","0","Y","","2","2","0","0","0","2","0","2","0","2","","","","N","","","","","","","","","",""
"2014055704","","2","0","0","0","0","0","0","0","0","4","0","","02","6","2014","2","40.489098","-80.034471","","11","0","0","0","0","1","1","0","0","","0","0","0","","","0","","1","","40 29:20.752","","0","80 02:04.095","0","0","0","0","2301","0","0","0","N","0","0","0","2","02301","0","","1.0","","1","N","N","","0","","0","0","0","","3","","","2","0","0","0","0","0","0","2","0","2","","","","N","","","","","","","","","",""