"CRN","ARRIVAL_TM","AUTOMOBILE_COUNT","BELTED_DEATH_COUNT","BELTED_SUSP_SERIOUS_INJ_COUNT","BICYCLE_COUNT","BICYCLE_DEATH_COUNT","BICYCLE_SUSP_SERIOUS_INJ_COUNT","BUS_COUNT","CHLDPAS_DEATH_COUNT","CHLDPAS_SUSP_SERIOUS_INJ_COUNT","COLLISION_TYPE","COMM_VEH_COUNT","CONS_ZONE_SPD_LIM","COUNTY","CRASH_MONTH","CRASH_YEAR","DAY_OF_WEEK","DEC_LATITUDE","DEC_LONGITUDE","DISPATCH_TM","DISTRICT","DRIVER_COUNT_16YR","DRIVER_COUNT_17YR","DRIVER_COUNT_18YR","DRIVER_COUNT_19YR","DRIVER_COUNT_20YR","DRIVER_COUNT_50_64YR","DRIVER_COUNT_65_74YR","DRIVER_COUNT_75PLUS","EST_HRS_CLOSED","FATAL_COUNT","HEAVY_TRUCK_COUNT","HORSE_BUGGY_COUNT","HOUR_OF_DAY","ILLUMINATION","INJURY_COUNT","INTERSECTION_RELATED","INTERSECT_TYPE","LANE_CLOSED","LATITUDE","LN_CLOSE_DIR","LOCATION_TYPE","LONGITUDE","MAX_SEVERITY_LEVEL","MCYCLE_DEATH_COUNT","MCYCLE_SUSP_SERIOUS_INJ_COUNT","MOTORCYCLE_COUNT","MUNICIPALITY","NONMOTR_COUNT","NONMOTR_DEATH_COUNT","NONMOTR_SUSP_SERIOUS_INJ_COUNT","NTFY_HIWY_MAINT","PED_COUNT","PED_DEATH_COUNT","PED_SUSP_SERIOUS_INJ_COUNT","PERSON_COUNT","POLICE_AGCY","POSSIBLE_INJ_COUNT","RDWY_SURF_TYPE_CD","RELATION_TO_ROAD","ROADWAY_CLEARED","ROAD_CONDITION","SCH_BUS_IND","SCH_ZONE_IND","SECONDARY_CRASH","SMALL_TRUCK_COUNT","SPEC_JURIS_CD","SUSP_MINOR_INJ_COUNT","SUSP_SERIOUS_INJ_COUNT","SUV_COUNT","TCD_FUNC_CD","TCD_TYPE","TFC_DETOUR_IND","TIME_OF_DAY","TOTAL_UNITS","TOT_INJ_COUNT","UNBELTED_OCC_COUNT","UNB_DEATH_COUNT","UNB_SUSP_SERIOUS_INJ_COUNT","UNK_INJ_DEG_COUNT","UNK_INJ_PER_COUNT","URBAN_RURAL","VAN_COUNT","VEHICLE_COUNT","WEATHER1","WEATHER2","WORKERS_PRES","WORK_ZONE_IND","WORK_ZONE_LOC","WORK_ZONE_TYPE","WZ_CLOSE_DETOUR","WZ_FLAGGER","WZ_LAW_OFFCR_IND","WZ_LN_CLOSURE","WZ_MOVING","WZ_OTHER","WZ_SHLDER_MDN","WZ_WORKERS_INJ_KILLED"
"2014061492","","1","0","0","0","0","0","0","0","0","0","0","","02","6","2014","5","40.450548","-80.106911","","11","0","0","0","0","1","0","0","0","","0","0","0","","","0","","0","","40 27:01.974","","0","80 06:24.878","0","0","0","0","2126","0","0","0","N","0","0","0","1","02126","0","","4.0","","1","N","N","","0","","0","0","0","","0","","","1","0","1","0","0","0","0","2","0","1","","","","N","","","","","","","","","",""
"2014060786","","2","0","0","0","0","0","0","0","0","4","0","","02","6","2014","3","40.477012","-79.956935","","11","0","0","0","0","0","0","0","1","","0","0","0","","","0","","2","","40 28:37.243","","0","79 57:24.967","0","0","0","0","2301","0","0","0","N","0","0","0","2","02301","0","","1.0","","1","N","N","","0","","0","0","0","","3","","","2","0","0","0","0","0","0","2","0","2","","","","N","","","","","","","","","",""
"2014063087","","0","0","0","0","0","0","0","0","0","5","0","","02","6","2014","3","40.421758","-79.993746","","11","0","0","0","0","0","2","0","1","1","0","0","0","","","0","","0","","40 25:18.328","2","0","79 59:37.485","0","0","0","0","2301","0","0","0","","0","0","0","3","02301","0","","1.0","","1","","","","2","","0","0","0","","0","N","","3","0","0","0","0","0","0","2","1","3","","","","N","","","","","","","","","",""
"2014060864","","1","0","0","0","0","0","0","0","0","4","0","","02","6","2014","2","40.354973","-80.115926","","11","0","0","0","1","0","0","0","0","","0","0","0","","","0","","2","","40 21:17.904","","2","80 06:57.334","0","0","0","0","2119","0","0","0","N","0","0","0","2","02119","0","","1.0","","1","N","N","","0","","0","0","1","","2","","","2","0","0","0","0","0","0","2","0","2","","","","N","","","","","","","","","",""
"2014062474","","1","0","0","0","0","0","0","0","0","7","0","","02","6","2014","6","40.402148","-79.881057","","11","0","0","0","1","0","0","0","0","","0","0","0","","","1","","0","","40 24:07.731","","0","79 52:51.804","4","0","0","0","2475","0","0","0","N","0","0","0","1","02475","1","","3.0","","1","N","N","","0","","0","0","0","","0","","","1","1","0","0","0","0","0","2","0","1","","","","N","","","","","","","","","",""
"2014061789","","2","0","0","0","0","0","0","0","0","4","0","","02","6","2014","6","40.449207","-79.901303","","11","0","0","0","0","0","0","1","1","1","0","0","0","","","0","","1","","40 26:57.146","1","0","79 54:04.692","0","0","0","0","2301","0","0","0","N","0","0","0","3","02301","0","","1.0","","1","N","N","","0","","0","0","0","","2","N","","2","0","0","0","0","0","0","2","0","2","","","","N","","","","","","","","","",""
"2014062621","","2","0","0","0","0","0","0","0","0","5","0","","02","6","2014","1","40.360754","-79.845193","","11","0","0","0","0","0","0","0","0","","0","0","0","","","0","","0","","40 21:38.714","","0","79 50:42.693","9","0","0","0","2303","0","0","0","N","0","0","0","3","02303","0","","2.0","","1","N","N","","0","","0","0","0","","0","","","2","0","0","0","0","0","1","2","0","2","","","","N","","","","","","","","","",""
"2014061856","","2","0","0","0","0","0","0","0","0","1","0","","02","6","2014","5","40.568191","-80.08995","","11","0","0","0","0","1","0","0","0","","0","0","0","","","2","","0","","40 34:05.489","","0","80 05:23.819","8","0","0","0","2481","0","0","0","N","0","0","0","2","68B03","0","","1.0","","1","N","N","","0","","0","0","0","","0","","","2","2","0","0","0","2","0","2","0","2","","","","N","","","","","","","","","",""
"2014061573","","1","0","0","1","0","0","0","0","0","6","0","","02","6","2014","5","40.436472","-79.966694","","11","0","0","0","0","0","0","0","0","","0","0","0","","","1","","0","","40 26:11.300","","0","79 58:00.100","4","0","0","0","2301","1","0","0","N","0","0","0","2","02301","1","","1.0","","1","N","N","","0","","0","0","0","","0","","","2","1","0","0","0","0","0","2","0","1","","","","N","","","","","","","","","",""
"2014062622","","1","0","0","0","0","0","0","0","0","7","0","","02","6","2014","1","40.545206","-80.146461","","11","0","0","0","0","0","0","1","0","","0","0","0","","","1","","0","","40 32:42.740","","0","80 08:47.260","4","0","0","0","2459","0","0","0","N","0","0","0","1","02459","1","","4.0","","1","N","N","","0","","0","0","0","","0","","","1","1","0","0","0","0","0","1","0","1","","","","N","","","","","","","","","",""
"2014061494","","1","0","0","0","0","0","0","0","0","6","1","","02","6","2014","5","40.349526","-80.112279","","11","0","0","0","0","0","2","0","0","","0","1","0","","","0","","0","","40 20:58.292","","0","80 06:44.204","0","0","0","0","2119","0","0","0","N","0","0","0","2","02119","0","","1.0","","9","N","N","","0","","0","0","0","","0","","","2","0","0","0","0","0","0","2","0","2","","","","N","","","","","","","","","",""
"2014060937","","2","0","0","0","0","0","0","0","0","1","0","","02","6","2014","4","40.474227","-80.034876","","11","0","0","0","0","0","0","0","0","1","0","0","0","","","0","","0","","40 28:27.216","5","0","80 02:05.554","0","0","0","0","2301","0","0","0","N","0","0","0","1","02301","0","","6.0","","9","N","N","","0","","0","0","0","","0","N","","2","0","1","0","0","0","0","2","0","2","","","","N","","","","","","","","","",""
"2014060868","","1","0","0","0","0","0","0","0","0","1","0","","02","6","2014","2","40.622417","-80.070046","","11","0","0","0","0","0","2","0","0","1","0","0","0","","","0","","2","","40 37:20.702","4","0","80 04:12.165","0","0","0","0","2212","0","0","0","N","0","0","0","3","02505","0","","1.0","","1","N","N","","1","","0","0","1","","2","N","","3","0","0","0","0","0","0","2","0","3","","","","N","","","","","","","","","",""
"2014062555","","1","0","0","0","0","0","0","0","0","7","0","","02","6","2014","1","40.403076","-80.040556","","11","0","0","0","0","0","0","0","0","1","0","0","0","","","0","","3","","40 24:11.073","2","0","80 02:26.001","0","0","0","0","2301","0","0","0","N","0","0","0","1","02301","0","","2.0","","1","N","N","","0","","0","0","0","","0","N","","1","0","0","0","0","0","0","2","0","1","","","","N","","","","","","","","","",""
"2014061792","","1","0","0","0","0","0","0","0","0","7","0","","02","6","2014","6","40.465625","-79.825133","","11","0","0","0","0","0","1","0","0","","0","0","0","","","0","","2","","40 27:56.249","","0","79 49:30.480","0","0","0","0","2113","0","0","0","N","0","0","0","1","02113","0","","5.0","","1","N","N","","0","","0","0","0","","2","","","1","0","0","0","0","0","0","2","0","1","","","","N","","","","","","","","","",""
"2014062624","","2","0","0","0","0","0","0","0","0","4","0","","02","6","2014","2","40.438248","-79.977603","","11","0","0","0","0","0","0","0","0","2","0","0","0","","","0","","1","","40 26:17.692","3","0","79 58:39.370","9","0","0","0","2301","0","0","0","N","0","0","0","3","02301","0","","1.0","","1","N","N","","0","","0","0","1","","2","Y","","4","0","1","0","0","0","3","2","1","4","","","","N","","","","","","","","","",""
"2014060790","","1","0","0","0","0","0","0","0","0","4","0","","02","6","2014","2","40.468047","-79.895511","","11","0","0","0","0","0","0","0","0","","0","0","0","","","0","","0","","40 28:04.970","","0","79 53:43.840","0","0","0","0","2301","0","0","0","N","0","0","0","1","02301","0","","1.0","","1","N","N","","1","","0","0","1","","0","","","4","0","0","0","0","0","0","2","1","4","","","","N","","","","","","","","","",""
"2014061576","","1","0","0","0","0","0","0","0","0","1","0","","02","6","2014","4","40.343801","-79.938441","","11","0","0","0","0","0","1","0","0","1","0","0","0","","","1","","1","","40 20:37.683","1","0","79 56:18.387","8","0","0","0","2473","0","0","0","N","0","0","0","6","02473","0","","1.0","","1","N","N","","0","","0","0","0","","2","Y","","2","1","0","0","0","1","0","2","1","2","","","","N","","","","","","","","","",""
"2014062414","","0","0","0","0","0","0","0","0","0","4","0","","02","6","2014","7","40.438808","-79.740342","","11","0","0","0","0","0","0","0","0","2","0","0","0","","","1","","0","","40 26:19.708","2","0","79 44:25.231","8","0","0","0","2446","0","0","0","N","0","0","0","3","02446","0","","1.0","","1","N","N","","1","","0","0","1","","3","Y","","2","1","0","0","0","1","0","2","0","2","","","","N","","","","","","","","","",""
"2014062479","","1","0","0","0","0","0","0","0","0","4","0","","02","6","2014","5","40.356619","-80.053138","","11","0","0","0","0","0","2","0","0","2","0","0","0","","","0","","2","","40 21:23.828","4","0","80 03:11.296","0","0","0","0","2109","0","0","0","N","0","0","0","2","02109","0","","1.0","","1","N","N","","0","","0","0","0","","2","N","","2","0","0","0","0","0","0","2","1","2","","","","N","","","","","","","","","",""
"2014061018","","3","0","0","0","0","0","0","0","0","1","0","","02","6","2014","4","40.451648","-79.98321","","11","0","0","0","0","0","1","0","0","","0","0","0","","","0","","0","","40 27:05.932","","0","79 58:59.556","0","0","0","0","2301","0","0","0","N","0","0","0","1","02301","0","","1.0","","9","N","N","","0","","0","0","0","","2","","","3","0","0","0","0","0","0","2","0","3","","","","N","","","","","","","","","",""
"2014063093","","1","0","0","0","0","0","0","0","0","4","0","","02","6","2014","3","40.525656","-79.841195","","11","0","0","0","0","0","1","0","0","","0","0","0","","","1","","0","","40 31:32.363","","7","79 50:28.301","4","0","0","0","2451","0","0","0","N","0","0","0","3","02451","1","","1.0","","1","N","N","","0","","0","0","1","","0","","","2","1","0","0","0","0","0","2","0","2","","","","N","","","","","","","","","",""
"2014061662","","1","0","0","0","0","0","0","0","0","4","0","","02","6","2014","2","40.672147","-80.098245","","11","0","0","0","0","0","1","0","0","","0","0","0","","","0","","2","","40 40:19.729","","0","80 05:53.682","0","0","0","0","2212","0","0","0","N","0","0","0","3","02505","0","","1.0","","1","N","N","","0","","0","0","1","","0","","","2","0","0","0","0","0","0","2","0","2","","","","N","","","","","","","","","",""
"2014060183","","2","0","0","0","0","0","0","0","0","1","0","","02","6","2014","1","40.391297","-80.044396","","11","0","0","0","0","0","1","0","0","1","0","0","0","","","4","","1","","40 23:28.669","3","0","80 02:39.826","8","0","0","0","2109","0","0","0","N","0","0","0","6","02109","0","","1.0","","1","N","N","","0","","0","0","0","","2","Y","","2","4","0","0","0","4","0","2","0","2","","","","N","","","","","","","","","",""
"2014060953","","2","0","0","0","0","0","0","0","0","5","0","","02","6","2014","3","40.457097","-79.899428","","11","0","0","0","0","0","0","0","0","4","0","0","0","","","0","","0","","40 27:25.549","6","0","79 53:57.939","0","0","0","0","2301","0","0","0","N","0","0","0","1","02301","0","","6.0","","1","N","N","","2","","0","0","0","","0","Y","","4","0","0","0","0","0","0","2","0","4","","","","N","","","","","","","","","",""
"2014061728","","1","0","0","0","0","0","0","0","0","4","0","","02","6","2014","2","40.347758","-79.951848","","11","0","0","0","0","0","1","1","0","1","0","0","0","","","2","","1","","40 20:51.930","3","0","79 57:06.652","4","0","0","0","2473","0","0","0","N","0","0","0","3","02473","2","","1.0","","1","N","N","","0","","0","0","1","","2","N","","2","2","1","0","0","0","0","2","0","2","","","","N","","","","","","","","","",""
"2014061810","","1","0","0","0","0","0","0","0","0","7","0","","02","6","2014","5","40.463637","-79.81701","","11","0","0","0","0","0","0","0","0","2","0","0","0","","","1","","0","","40 27:49.093","6","0","79 49:01.236","4","0","0","0","2113","0","0","0","N","0","0","0","1","02113","1","","5.0","","1","N","N","","0","","0","0","0","","0","Y","","2","1","1","0","0","0","0","2","1","2","","","","N","","","","","","","","","",""
"2014061663","","1","0","0","0","0","0","0","0","0","6","1","","02","6","2014","5","40.463586","-79.952975","","11","0","0","0","0","0","2","0","0","","0","1","0","","","0","","3","","40 27:48.909","","3","79 57:10.710","0","0","0","0","2301","0","0","0","N","0","0","0","3","02301","0","","1.0","","1","N","N","","0","","0","0","1","","2","","","3","0","0","0","0","0","0","2","0","3","","","","N","","","","","","","","","",""
"2014061729","","1","0","0","0","0","0","0","0","0","1","0","","02","6","2014","5","40.433682","-79.757167","","11","0","0","0","0","0","1","0","1","","0","0","0","","","1","","0","","40 26:01.255","","0","79 45:25.800","8","0","0","0","2446","0","0","0","N","0","0","0","5","02446","0","","1.0","","1","N","N","","0","","0","0","2","","2","","","3","1","0","0","0","1","0","2","0","3","","","","N","","","","","","","","","",""
"2014061811","","1","0","0","0","0","0","0","0","0","7","0","","02","6","2014","6","40.411652","-80.00956","","11","0","0","0","0","0","0","0","0","2","0","0","0","","","0","","2","","40 24:41.947","7","0","80 00:34.416","0","0","0","0","2301","0","0","0","N","0","0","0","1","02301","0","","5.0","","1","N","N","","0","","0","0","0","","0","N","","1","0","0","0","0","0","0","2","0","1","","","","N","","","","","","","","","",""
"2014061514","","1","0","0","0","0","0","0","0","0","7","0","","02","6","2014","4","40.564563","-79.957525","","11","0","0","0","0","0","0","0","0","1","0","0","0","","","1","","0","","40 33:52.428","5","0","79 57:27.089","4","0","0","0","2207","0","0","0","N","0","0","0","1","02207","1","","2.0","","1","N","N","","0","","0","0","0","","0","N","","1","1","0","0","0","0","0","2","0","1","","","","N","","","","","","","","","",""
"2014063095","","0","0","0","0","0","0","0","0","0","4","0","","02","6","2014","1","40.427049","-79.967019","","11","0","0","0","0","0","1","0","0","2","0","0","0","","","0","","1","","40 25:37.375","2","0","79 58:01.269","0","0","0","0","2301","0","0","0","N","0","0","0","2","02301","0","","1.0","","1","N","N","","1","","0","0","1","","2","Y","","2","0","0","0","0","0","0","2","0","2","","","","N","","","","","","","","","",""
"2014060185","","1","0","0","0","0","0","0","0","0","1","0","","02","6","2014","2","40.502366","-80.135524","","11","1","1","0","0","0","0","0","0","","0","0","0","","","1","","0","","40 30:08.517","","2","80 08:07.885","4","0","0","0","2115","0","0","0","N","0","0","0","2","68B03","1","","1.0","","1","N","N","","0","","0","0","1","","4","","","2","1","0","0","0","0","0","2","0","2","","","","N","","","","","","","","","",""
"2014060729","","1","0","0","0","0","0","0","0","0","1","0","","02","6","2014","3","40.34889","-79.939012","","11","0","0","0","0","0","0","1","0","1","0","0","0","","","1","","2","","40 20:56.003","4","0","79 56:20.443","3","0","0","0","2473","0","0","0","N","0","0","0","3","02473","0","","1.0","","1","N","N","","0","","1","0","0","","2","N","","2","1","0","0","0","0","0","2","1","2","","","","N","","","","","","","","","",""
"2014061515","","2","0","0","0","0","0","0","0","0","4","0","25","02","6","2014","4","40.402919","-80.060462","","11","0","0","0","0","0","1","0","0","1","0","0","0","","","0","","2","","40 24:10.510","1","0","80 03:37.662","0","0","0","0","2117","0","0","0","N","0","0","0","3","02117","0","","1.0","","1","N","N","","0","","0","0","0","","0","N","","2","0","0","0","0","0","0","2","0","2","","","N","Y","4","1","","","N","","","","",""
"2014060186","","1","0","0","0","0","0","0","0","0","6","0","","02","6","2014","6","40.528485","-80.158207","","11","0","0","0","0","0","0","1","0","2","0","1","0","","","0","","0","","40 31:42.545","5","0","80 09:29.544","0","0","0","0","2436","0","0","0","N","0","0","0","5","68B03","0","","1.0","","1","N","N","","0","","0","0","0","","4","N","","2","0","0","0","0","0","0","2","0","2","","","","N","","","","","","","","","",""
"2014060956","","2","0","0","0","0","0","0","0","0","1","0","","02","6","2014","3","40.343342","-80.060518","","11","0","0","0","0","1","1","1","0","2","0","0","0","","","2","","1","","40 20:36.032","2","0","80 03:37.864","8","0","0","0","2123","0","0","0","N","0","0","0","3","02123","0","","1.0","","1","N","N","","0","","0","0","1","","2","N","","3","2","0","0","0","2","0","2","0","3","","","","N","","","","","","","","","",""
"2014061023","","2","0","0","0","0","0","0","0","0","1","0","","02","6","2014","4","40.403797","-80.069853","","11","0","0","1","0","0","0","0","1","1","0","0","0","","","1","","2","","40 24:13.670","5","0","80 04:11.472","4","0","0","0","2415","0","0","0","N","0","0","0","4","02415","1","","1.0","","1","N","N","","0","","0","0","1","","0","Y","","3","1","0","0","0","0","0","2","0","3","","","","N","","","","","","","","","",""
"2014062353","","2","0","0","0","0","0","0","0","0","5","0","","02","6","2014","7","40.446784","-80.017526","","11","0","0","0","0","0","0","0","0","","0","0","0","","","0","","2","","40 26:48.422","","0","80 01:03.094","0","0","0","0","2301","0","0","0","N","0","0","0","2","02301","0","","1.0","","1","N","N","","0","","0","0","0","","2","","","2","0","0","0","0","0","0","2","0","2","","","","N","","","","","","","","","",""
"2014061584","","0","0","0","0","0","0","0","0","0","4","1","","02","6","2014","3","40.355201","-80.050178","","11","0","0","0","0","0","0","0","0","","0","1","0","","","0","","1","","40 21:18.723","","0","80 03:00.639","0","0","0","0","2109","0","0","0","N","0","0","0","3","02109","0","","1.0","","1","N","N","","0","","0","0","2","","2","","","3","0","0","0","0","0","0","2","0","3","","","","N","","","","","","","","","",""
"2014060878","","1","0","0","0","0","0","0","0","0","7","0","","02","6","2014","3","40.67458","-80.10585","","11","0","0","0","0","0","0","0","0","2","0","0","0","","","0","","0","","40 40:28.488","2","0","80 06:21.060","0","0","0","0","2212","0","0","0","N","0","0","0","4","02505","0","","2.0","","1","N","N","","0","","0","0","0","","0","N","","1","0","0","0","0","0","0","2","0","1","","","","N","","","","","","","","","",""
"2014061667","","2","0","0","0","0","0","0","0","0","1","0","","02","6","2014","2","40.66734","-80.096368","","11","0","0","0","0","0","1","1","0","","0","0","0","","","1","","2","","40 40:02.423","","0","80 05:46.925","4","0","0","0","2212","0","0","0","N","0","0","0","3","02505","1","","1.0","","1","N","N","","0","","0","0","0","","2","","","2","1","0","0","0","0","0","2","0","2","","","","N","","","","","","","","","",""
"2014060187","","2","0","0","0","0","0","0","0","0","1","0","","02","6","2014","4","40.418108","-80.088184","","11","0","0","0","0","0","0","0","0","","0","0","0","","","0","","0","","40 25:05.188","","0","80 05:17.461","0","0","0","0","2457","0","0","0","N","0","0","0","4","68B03","0","","1.0","","1","N","N","","0","","0","0","1","","0","","","3","0","0","0","0","0","0","2","0","3","","","","N","","","","","","","","","",""
"2014061800","","2","0","0","0","0","0","0","0","0","1","0","","02","6","2014","2","40.521664","-80.130367","","11","0","0","0","0","0","0","0","1","","0","0","0","","","0","","0","","40 31:17.991","","0","80 07:49.321","0","0","0","0","2434","0","0","0","N","0","0","0","2","02215","0","","1.0","","1","N","N","","0","","0","0","0","","0","","","2","0","0","0","0","0","0","2","0","2","","","","N","","","","","","","","","",""
"2014061038","","2","0","0","0","0","0","0","0","0","4","0","","02","6","2014","4","40.468925","-80.09793","","11","0","0","0","0","0","0","1","0","","0","0","0","","","2","","1","","40 28:08.130","","0","80 05:52.548","4","0","0","0","2126","0","0","0","N","0","0","0","3","02126","2","","1.0","","1","N","N","","0","","0","0","0","","2","","","2","2","0","0","0","0","0","2","0","2","","","","N","","","","","","","","","",""
"2014063098","","2","0","0","0","0","0","0","0","0","1","0","","02","6","2014","4","40.328139","-79.987111","","11","0","0","0","0","0","0","0","0","","0","0","0","","","0","","0","","40 19:41.300","","0","79 59:13.600","0","0","0","0","2219","0","0","0","N","0","0","0","1","02219","0","","2.0","","1","N","N","","0","","0","0","0","","0","","","2","0","0","0","0","0","0","2","0","2","","","","N","","","","","","","","","",""
"2014060188","","2","0","0","0","0","0","0","0","0","4","0","","02","6","2014","4","40.463022","-79.999485","","11","0","0","0","0","0","0","0","0","1","0","0","0","","","1","","0","","40 27:46.878","1","0","79 59:58.146","4","0","0","0","2301","0","0","0","N","0","0","0","2","68B03","1","","1.0","","9","N","N","","0","","0","0","0","","0","N","","2","1","0","0","0","0","0","2","0","2","","","","N","","","","","","","","","",""
"2014061733","","1","0","0","0","0","0","0","0","0","4","0","","02","6","2014","5","40.513895","-80.003358","","11","0","0","0","0","0","0","1","0","","0","0","0","","","0","","2","","40 30:50.022","","0","80 00:12.089","0","0","0","0","2116","0","0","0","N","0","0","0","2","02116","0","","1.0","","1","N","N","","0","","0","0","1","","3","","","2","0","0","0","0","0","0","2","0","2","","","","N","","","","","","","","","",""
"2014060732","","1","0","0","0","0","0","0","0","0","1","0","","02","6","2014","1","40.513475","-79.947083","","11","0","0","0","0","1","0","0","0","1","0","0","0","","","2","","0","","40 30:48.510","5","0","79 56:49.498","8","0","0","0","2118","0","0","0","N","0","0","0","3","02118","0","","1.0","","1","N","N","","0","","0","0","1","","0","Y","","2","2","1","0","0","2","0","2","0","2","","","","N","","","","","","","","","",""
"2014063099","","1","0","0","0","0","0","0","0","0","5","0","","02","6","2014","2","40.48295","-79.787541","","11","0","0","0","1","0","0","0","0","","0","0","0","","","0","","0","","40 28:58.620","","0","79 47:15.147","0","0","0","0","2113","0","0","0","N","0","0","0","1","02113","0","","1.0","","1","N","N","","0","","0","0","1","","0","","","2","0","0","0","0","0","0","2","0","2","","","","N","","","","","","","","","",""
"2014060880","","1","0","0","0","0","0","0","0","0","4","0","","02","6","2014","3","40.471997","-79.787703","","11","0","0","0","0","0","0","0","0","2","0","0","0","","","1","","2","","40 28:19.189","1","0","79 47:15.729","4","0","0","0","2113","0","0","0","N","0","0","0","2","02113","1","","1.0","","1","N","N","","0","","0","0","1","","3","Y","","2","1","1","0","0","0","1","2","0","2","","","","N","","","","","","","","","",""
"2014061671","","2","0","0","0","0","0","0","0","0","5","0","","02","6","2014","5","40.424472","-79.885806","","11","0","0","0","0","0","0","0","0","1","0","0","0","","","1","","0","","40 25:28.100","7","0","79 53:08.900","8","0","0","0","2463","0","0","0","N","0","0","0","2","02463","0","","1.0","","1","N","N","","0","","0","0","0","","0","Y","","2","1","0","0","0","1","0","2","0","2","","","","N","","","","","","","","","",""
"2014060252","","1","0","0","0","0","0","0","0","0","7","0","","02","6","2014","1","40.388687","-79.869941","","11","0","0","0","0","0","0","0","0","","0","0","0","","","0","","0","","40 23:19.273","","0","79 52:11.787","0","0","0","0","2473","0","0","0","N","0","0","0","1","02473","0","","2.0","","1","N","N","","0","","0","0","0","","0","","","1","0","0","0","0","0","0","2","0","1","","","","N","","","","","","","","","",""
"2014061042","","2","0","0","0","0","0","0","0","0","4","0","","02","6","2014","5","40.470295","-80.220373","","11","0","0","0","0","0","1","1","0","","0","0","0","","","2","","1","","40 28:13.061","","2","80 13:13.344","3","0","0","0","2203","0","0","0","N","0","0","0","2","02203","1","","1.0","","1","N","N","","0","","1","0","0","","2","","","2","2","0","0","0","0","0","2","0","2","","","","N","","","","","","","","","",""
"2014062651","","0","0","0","0","0","0","0","0","0","4","0","","02","6","2014","1","40.396218","-79.998194","","11","0","1","0","0","0","0","0","0","","0","0","0","","","0","","1","","40 23:46.384","","0","79 59:53.499","0","0","0","0","2301","0","0","0","N","0","0","0","3","02301","0","","1.0","","1","N","N","","0","","0","0","2","","2","","","2","0","0","0","0","0","0","2","0","2","","","","N","","","","","","","","","",""
"2014060255","","2","0","0","0","0","0","0","0","0","4","0","","02","6","2014","7","40.41324","-79.871072","","11","0","0","0","0","0","0","0","0","1","0","0","0","","","0","","2","","40 24:47.664","7","0","79 52:15.859","0","0","0","0","2463","0","0","0","N","0","0","0","2","02463","0","","1.0","","1","N","N","","0","","0","0","0","","3","Y","","2","0","0","0","0","0","0","2","0","2","","","","N","","","","","","","","","",""
"2014060268","","1","0","0","0","0","0","0","0","0","4","0","","02","6","2014","1","40.387335","-79.983867","","11","0","0","0","0","0","1","1","0","","0","0","0","","","0","","1","","40 23:14.406","","0","79 59:01.921","0","0","0","0","2301","0","0","0","N","0","0","0","2","02301","0","","1.0","","1","N","N","","0","","0","0","1","","2","","","2","0","0","0","0","0","0","2","0","2","","","","N","","","","","","","","","",""
"2014060963","","1","0","0","0","0","0","0","0","0","4","0","","02","6","2014","6","40.561854","-79.953143","","11","0","0","0","0","1","0","0","0","","0","0","0","","","0","","1","","40 33:42.674","","0","79 57:11.314","0","0","0","0","2207","0","0","0","N","0","0","0","2","02207","0","","1.0","","1","N","N","","1","","0","0","0","","3","","","2","0","0","0","0","0","0","2","0","2","","","","N","","","","","","","","","",""
"2014061739","","0","0","0","0","0","0","0","0","0","0","0","","02","6","2014","5","40.509703","-80.056859","","11","0","0","0","0","0","0","0","0","2","0","0","0","","","0","","0","","40 30:34.931","5","0","80 03:24.693","0","0","0","0","2116","0","0","0","N","0","0","0","1","02116","0","","4.0","","1","N","N","","1","","0","0","0","","0","Y","","1","0","0","0","0","0","0","2","0","1","","","","N","","","","","","","","","",""
"2014060257","","1","0","0","0","0","0","0","0","0","7","0","","02","6","2014","1","40.479188","-79.787855","","11","0","0","1","0","0","0","0","0","","0","0","0","","","0","","0","","40 28:45.076","","0","79 47:16.278","0","0","0","0","2113","0","0","0","N","0","0","0","1","02113","0","","4.0","","1","N","N","","0","","0","0","0","","0","","","1","0","0","0","0","0","0","2","0","1","","","","N","","","","","","","","","",""
"2014060271","","1","0","0","0","0","0","0","0","0","8","0","","02","6","2014","1","40.428418","-79.974634","","11","0","0","0","0","0","0","1","0","","0","0","0","","","1","","1","","40 25:42.303","","0","79 58:28.681","8","0","0","0","2301","1","0","0","N","1","0","0","2","02301","0","","1.0","","1","N","N","","0","","0","0","0","","2","","","2","1","0","0","0","1","0","2","0","1","","","","N","","","","","","","","","",""
"2014060259","","1","0","0","0","0","0","0","0","0","7","0","","02","6","2014","7","40.454439","-80.234069","","11","0","0","0","0","0","1","0","0","2","0","0","0","","","1","","0","","40 27:15.982","6","3","80 14:02.648","8","0","0","0","2214","0","0","0","N","0","0","0","2","02214","0","","2.0","","1","N","N","","1","","0","0","0","","0","N","","2","1","0","0","0","1","0","2","0","2","","","","N","","","","","","","","","",""
"2014062363","","2","0","0","0","0","0","0","0","0","4","0","","02","6","2014","7","40.427156","-79.723335","","11","0","0","0","0","0","2","1","0","1","0","0","0","","","1","","2","","40 25:37.763","6","0","79 43:24.005","4","0","0","0","2446","0","0","0","N","0","0","0","6","02446","1","","1.0","","1","N","N","","0","","0","0","2","","2","N","","4","1","1","0","0","0","0","2","0","4","","","","N","","","","","","","","","",""