"CRN","ARRIVAL_TM","AUTOMOBILE_COUNT","BELTED_DEATH_COUNT","BELTED_SUSP_SERIOUS_INJ_COUNT","BICYCLE_COUNT","BICYCLE_DEATH_COUNT","BICYCLE_SUSP_SERIOUS_INJ_COUNT","BUS_COUNT","CHLDPAS_DEATH_COUNT","CHLDPAS_SUSP_SERIOUS_INJ_COUNT","COLLISION_TYPE","COMM_VEH_COUNT","CONS_ZONE_SPD_LIM","COUNTY","CRASH_MONTH","CRASH_YEAR","DAY_OF_WEEK","DEC_LATITUDE","DEC_LONGITUDE","DISPATCH_TM","DISTRICT","DRIVER_COUNT_16YR","DRIVER_COUNT_17YR","DRIVER_COUNT_18YR","DRIVER_COUNT_19YR","DRIVER_COUNT_20YR","DRIVER_COUNT_50_64YR","DRIVER_COUNT_65_74YR","DRIVER_COUNT_75PLUS","EST_HRS_CLOSED","FATAL_COUNT","HEAVY_TRUCK_COUNT","HORSE_BUGGY_COUNT","HOUR_OF_DAY","ILLUMINATION","INJURY_COUNT","INTERSECTION_RELATED","INTERSECT_TYPE","LANE_CLOSED","LATITUDE","LN_CLOSE_DIR","LOCATION_TYPE","LONGITUDE","MAX_SEVERITY_LEVEL","MCYCLE_DEATH_COUNT","MCYCLE_SUSP_SERIOUS_INJ_COUNT","MOTORCYCLE_COUNT","MUNICIPALITY","NONMOTR_COUNT","NONMOTR_DEATH_COUNT","NONMOTR_SUSP_SERIOUS_INJ_COUNT","NTFY_HIWY_MAINT","PED_COUNT","PED_DEATH_COUNT","PED_SUSP_SERIOUS_INJ_COUNT","PERSON_COUNT","POLICE_AGCY","POSSIBLE_INJ_COUNT","RDWY_SURF_TYPE_CD","RELATION_TO_ROAD","ROADWAY_CLEARED","ROAD_CONDITION","SCH_BUS_IND","SCH_ZONE_IND","SECONDARY_CRASH","SMALL_TRUCK_COUNT","SPEC_JURIS_CD","SUSP_MINOR_INJ_COUNT","SUSP_SERIOUS_INJ_COUNT","SUV_COUNT","TCD_FUNC_CD","TCD_TYPE","TFC_DETOUR_IND","TIME_OF_DAY","TOTAL_UNITS","TOT_INJ_COUNT","UNBELTED_OCC_COUNT","UNB_DEATH_COUNT","UNB_SUSP_SERIOUS_INJ_COUNT","UNK_INJ_DEG_COUNT","UNK_INJ_PER_COUNT","URBAN_RURAL","VAN_COUNT","VEHICLE_COUNT","WEATHER1","WEATHER2","WORKERS_PRES","WORK_ZONE_IND","WORK_ZONE_LOC","WORK_ZONE_TYPE","WZ_CLOSE_DETOUR","WZ_FLAGGER","WZ_LAW_OFFCR_IND","WZ_LN_CLOSURE","WZ_MOVING","WZ_OTHER","WZ_SHLDER_MDN","WZ_WORKERS_INJ_KILLED"
"2014061711","","1","0","0","0","0","0","0","0","0","1","0","","02","6","2014","4","40.383484","-80.052644","","11","0","0","0","1","0","1","0","0","","0","0","0","","","1","","2","","40 23:00.544","","0","80 03:09.520","8","0","0","0","2109","0","0","0","N","0","0","0","3","02109","0","","1.0","","1","N","N","","0","","0","0","1","","0","","","2","1","0","0","0","1","0","2","0","2","","","","N","","","","","","","","","",""
"2014060230","","1","0","0","1","0","0","0","0","0","8","0","","02","6","2014","1","40.409139","-79.943833","","11","0","0","0","0","0","0","0","0","","0","0","0","","","1","","2","","40 24:32.900","","0","79 56:37.800","4","0","0","0","2301","1","0","0","N","0","0","0","2","02301","1","","1.0","","1","N","N","","0","","0","0","0","","3","","","2","1","0","0","0","0","0","2","0","1","","","","N","","","","","","","","","",""
"2014060711","","2","0","0","0","0","0","0","0","0","1","0","","02","6","2014","2","40.435947","-79.785588","","11","0","0","1","0","0","0","0","0","1","0","0","0","","","1","","1","","40 26:09.409","3","0","79 47:08.118","3","0","0","0","2446","0","0","0","N","0","0","0","2","02446","0","","1.0","","1","N","N","","0","","1","0","0","","2","N","","2","1","0","0","0","0","0","2","0","2","","","","N","","","","","","","","","",""
"2014060778","","1","0","0","0","0","0","0","0","0","4","0","","02","6","2014","3","40.385668","-79.971409","","11","0","0","0","0","0","0","0","0","","0","0","0","","","0","","1","","40 23:08.406","","0","79 58:17.071","0","0","0","0","2403","0","0","0","N","0","0","0","2","02413","0","","1.0","","1","N","N","","0","","0","0","1","","3","","","2","0","0","0","0","0","0","2","0","2","","","","N","","","","","","","","","",""
"2014061548","","1","0","0","0","0","0","0","0","0","4","0","","02","6","2014","4","40.540336","-79.784093","","11","0","0","0","0","0","0","0","0","2","0","0","0","","","1","","1","","40 32:25.209","7","0","79 47:02.734","8","0","0","0","2462","0","0","0","N","0","0","0","3","02462","0","","1.0","","1","N","N","","1","","0","0","0","","3","Y","","2","1","0","0","0","1","0","2","0","2","","","","N","","","","","","","","","",""
"2014060153","","1","0","0","0","0","0","0","0","0","1","0","","02","6","2014","1","40.484813","-79.856137","","11","0","0","0","0","0","1","0","0","","0","0","0","","","0","","0","","40 29:05.328","","0","79 51:22.092","0","0","0","0","2113","0","0","0","N","0","0","0","2","02113","0","","1.0","","1","N","N","","0","","0","0","1","","0","","","2","0","0","0","0","0","0","2","0","2","","","","N","","","","","","","","","",""
"2014062613","","0","0","0","0","0","0","0","0","0","4","0","","02","6","2014","2","40.481505","-80.002491","","11","0","0","0","0","0","0","0","0","","0","0","0","","","1","","0","","40 28:53.418","","0","80 00:08.968","8","0","0","0","2301","0","0","0","N","0","0","0","4","02301","0","","1.0","","1","N","N","","1","","0","0","0","","0","","","2","1","2","0","0","1","0","2","1","2","","","","N","","","","","","","","","",""
"2014060928","","1","0","0","0","0","0","0","0","0","7","0","","02","6","2014","2","40.378569","-80.051658","","11","0","0","0","0","0","0","0","1","1","0","0","0","","","1","","2","","40 22:42.847","7","0","80 03:05.970","8","0","0","0","2109","0","0","0","N","0","0","0","1","02109","0","","4.0","","1","N","N","","0","","0","0","0","","3","N","","1","1","0","0","0","1","0","2","0","1","","","","N","","","","","","","","","",""
"2014060780","","1","0","0","0","0","0","0","0","0","1","1","","02","6","2014","3","40.462884","-79.82409","","11","0","0","0","0","0","0","0","0","","0","1","0","","","1","","0","","40 27:46.384","","0","79 49:26.724","4","0","0","0","2113","0","0","0","N","0","0","0","2","02113","1","","1.0","","1","N","N","","0","","0","0","0","","0","","","2","1","0","0","0","0","0","2","0","2","","","","N","","","","","","","","","",""
"2014062403","","1","0","0","0","0","0","0","0","0","1","0","","02","6","2014","5","40.350053","-79.928874","","11","0","0","0","0","1","0","0","0","1","0","0","0","","","0","","0","","40 21:00.191","3","0","79 55:43.948","0","0","0","0","2473","0","0","0","N","0","0","0","6","02473","0","","1.0","","1","N","N","","0","","0","0","1","","0","N","","2","0","0","0","0","0","0","2","0","2","","","","N","","","","","","","","","",""
"2014062468","","2","0","0","0","0","0","0","0","0","4","0","","02","6","2014","7","40.457549","-79.936398","","11","0","0","0","0","1","0","0","0","","0","0","0","","","3","","1","","40 27:27.177","","0","79 56:11.032","4","0","0","0","2301","0","0","0","N","0","0","0","5","02301","3","","1.0","","1","N","N","","0","","0","0","0","","2","","","2","3","0","0","0","0","0","2","0","2","","","","N","","","","","","","","","",""
"2014062533","","3","0","0","0","0","0","0","0","0","1","1","","02","6","2014","2","40.509093","-80.136386","","11","0","0","0","0","0","0","0","0","2","0","1","0","","","3","","0","","40 30:32.733","2","0","80 08:10.991","8","0","0","0","2115","0","0","0","N","0","0","0","4","68B03","0","","1.0","","1","N","N","","0","","0","0","0","","0","N","","4","3","0","0","0","3","0","2","0","4","","","","N","","","","","","","","","",""
"2014061487","","1","0","0","0","0","0","0","0","0","6","0","","02","6","2014","5","40.482563","-80.006155","","11","0","0","0","0","0","1","1","0","","0","0","0","","","1","","0","","40 28:57.227","","0","80 00:22.159","8","0","0","0","2301","0","0","0","N","0","0","0","3","02301","0","","1.0","","1","N","N","","0","","0","0","1","","0","","","3","1","0","0","0","1","0","2","1","3","","","","N","","","","","","","","","",""
"2014062323","","1","0","0","0","0","0","0","0","0","2","0","","02","6","2014","6","40.376014","-79.983996","","11","0","0","0","0","0","1","0","0","","0","0","0","","","0","","0","","40 22:33.652","","0","79 59:02.386","9","0","0","0","2413","0","0","0","N","0","0","0","2","02413","0","","1.0","","1","N","N","","0","","0","0","1","","0","","","2","0","0","0","0","0","1","2","0","2","","","","N","","","","","","","","","",""
"2014062534","","1","0","0","0","0","0","0","0","0","7","0","","02","6","2014","4","40.429289","-79.931529","","11","0","0","0","0","0","0","0","0","","0","0","0","","","0","","0","","40 25:45.439","","2","79 55:53.504","0","0","0","0","2301","0","0","0","N","0","0","0","2","68B03","0","","2.0","","1","N","N","","0","","0","0","0","","0","","","1","0","0","0","0","0","0","2","0","1","","","","N","","","","","","","","","",""
"2014061715","","1","0","0","0","0","0","0","0","0","7","0","","02","6","2014","6","40.460891","-79.968372","","11","0","0","0","0","0","1","0","0","","0","0","0","","","0","","0","","40 27:39.207","","0","79 58:06.139","0","0","0","0","2301","0","0","0","N","0","0","0","1","02301","0","","5.0","","1","N","N","","0","","0","0","0","","0","","","1","0","0","0","0","0","0","2","0","1","","","","N","","","","","","","","","",""
"2014062405","","2","0","0","0","0","0","0","0","0","1","0","","02","6","2014","1","40.456916","-79.962889","","11","0","0","0","0","0","0","0","0","2","0","0","0","","","2","","5","","40 27:24.897","6","0","79 57:46.402","3","0","0","0","2301","0","0","0","N","0","0","0","2","02301","1","","1.0","","1","N","N","","0","","1","0","0","","2","N","","2","2","0","0","0","0","0","2","0","2","","","","N","","","","","","","","","",""
"2014060307","","2","0","0","0","0","0","0","0","0","4","0","","02","6","2014","7","40.356584","-80.053296","","11","0","0","0","0","0","0","1","0","2","0","0","0","","","2","","2","","40 21:23.701","3","7","80 03:11.864","4","0","0","0","2109","0","0","0","N","0","0","0","3","02109","2","","1.0","","1","N","N","","0","","0","0","0","","0","N","","2","2","0","0","0","0","0","2","0","2","","","","N","","","","","","","","","",""
"2014061852","","1","0","0","0","0","0","0","0","0","1","0","45","02","6","2014","6","40.428756","-79.945365","","11","0","0","0","0","0","0","0","0","","0","0","0","","","0","","0","","40 25:43.522","","0","79 56:43.314","0","0","0","0","2301","0","0","0","N","0","0","0","2","68B03","0","","1.0","","1","N","N","","0","","0","0","0","","0","","","2","0","0","0","0","0","0","2","1","2","","","Y","Y","2","1","N","N","Y","Y","N","N","N",""
"2014062683","","2","0","0","0","0","0","0","0","0","4","0","","02","6","2014","4","40.478371","-80.007704","","11","0","0","0","0","0","1","0","0","","0","0","0","","","0","","0","","40 28:42.134","","0","80 00:27.735","0","0","0","0","2301","0","0","0","N","0","0","0","2","68B03","0","","1.0","","1","N","N","","0","","0","0","0","","0","","","2","0","0","0","0","0","0","2","0","2","","","","N","","","","","","","","","",""
"2014062325","","0","0","0","0","0","0","0","0","0","7","0","","02","6","2014","3","40.54532","-80.037721","","11","0","0","0","0","0","0","0","0","","0","0","0","","","0","","2","","40 32:43.151","","0","80 02:15.797","0","0","0","0","2116","0","0","0","N","0","0","0","1","02116","0","","2.0","","1","N","N","","0","","0","0","1","","3","","","2","0","0","0","0","0","0","2","0","1","","","","N","","","","","","","","","",""
"2014060783","","0","0","0","0","0","0","0","0","0","4","0","","02","6","2014","5","40.366063","-80.106993","","11","0","1","0","0","0","1","0","0","1","0","0","0","","","0","","2","","40 21:57.828","1","7","80 06:25.174","0","0","0","0","2102","0","0","0","N","0","0","0","3","02102","0","","1.0","","1","N","N","","0","","0","0","2","","2","Y","","2","0","0","0","0","0","0","2","0","2","","","","N","","","","","","","","","",""
"2014062406","","1","0","0","0","0","0","0","0","0","4","0","","02","6","2014","7","40.444475","-79.758881","","11","0","0","0","0","0","1","0","0","","0","0","0","","","0","","1","","40 26:40.109","","0","79 45:31.973","0","0","0","0","2446","0","0","0","N","0","0","0","3","02446","0","","1.0","","1","N","N","","0","","0","0","1","","3","","","2","0","0","0","0","0","0","2","0","2","","","","N","","","","","","","","","",""
"2014062618","","0","0","0","0","0","0","0","0","0","7","1","","02","6","2014","2","40.465018","-79.920004","","11","0","0","0","0","0","0","0","0","","0","1","0","","","0","","1","","40 27:54.064","","0","79 55:12.014","0","0","0","0","2301","0","0","0","N","0","0","0","1","02301","0","","4.0","","1","N","N","","0","","0","0","0","","2","","","1","0","0","0","0","0","0","2","0","1","","","","N","","","","","","","","","",""
"2014061853","","0","0","0","0","0","0","0","0","0","1","1","","02","6","2014","3","40.429233","-80.028754","","11","0","0","0","0","0","1","0","0","","0","1","0","","","0","","0","","40 25:45.237","","0","80 01:43.515","0","0","0","0","2301","0","0","0","N","0","0","0","2","68B03","0","","1.0","","1","N","N","","0","","0","0","1","","0","","","2","0","0","0","0","0","0","2","0","2","","","","N","","","","","","","","","",""
"2014062472","","1","0","0","0","0","0","0","0","0","1","0","","02","6","2014","1","40.443863","-80.027591","","11","0","0","0","0","1","0","0","0","1","0","0","0","","","1","","3","","40 26:37.906","4","0","80 01:39.328","8","0","0","0","2301","0","0","0","N","0","0","0","3","02301","0","","1.0","","1","N","N","","0","","0","0","0","","2","N","","2","1","2","0","0","1","0","2","1","2","","","","N","","","","","","","","","",""
"2014061706","","1","0","0","0","0","0","0","0","0","7","0","","02","6","2014","4","40.522222","-79.941","","11","0","0","0","0","0","0","0","0","2","0","0","0","","","0","","0","","40 31:20.000","7","0","79 56:27.600","0","0","0","0","2118","0","0","0","N","0","0","0","1","02118","0","","2.0","","1","N","N","","0","","0","0","0","","0","Y","","1","0","0","0","0","0","0","2","0","1","","","","N","","","","","","","","","",""
"2014061854","","1","0","0","0","0","0","0","0","0","7","0","","02","6","2014","3","40.368896","-80.118936","","11","0","0","0","0","0","0","0","0","2","0","0","0","","","1","","0","","40 22:08.024","5","0","80 07:08.168","8","0","0","0","2102","0","0","0","Y","0","0","0","2","68B03","0","","2.0","","1","N","N","","0","","0","0","0","","0","N","","1","1","0","0","0","1","0","2","0","1","","","","N","","","","","","","","","",""
"2014060785","","1","0","0","0","0","0","0","0","0","8","0","","02","6","2014","3","40.481417","-80.041477","","11","0","0","0","0","0","1","0","0","","0","0","0","","","1","","2","","40 28:53.101","","0","80 02:29.317","4","0","0","0","2301","1","0","0","N","1","0","0","2","02301","1","","1.0","","1","N","N","","0","","0","0","0","","0","","","2","1","0","0","0","0","0","2","0","1","","","","N","","","","","","","","","",""
"2014061571","","0","0","0","0","0","0","0","0","0","1","0","","02","6","2014","5","40.358851","-79.844632","","11","0","0","0","0","0","0","1","0","1","0","0","0","","","1","","0","","40 21:31.864","4","3","79 50:40.676","8","0","0","0","2303","0","0","0","N","0","0","0","3","02303","0","","1.0","","1","N","N","","1","","0","0","1","","0","N","","2","1","0","0","0","1","0","2","0","2","","","","N","","","","","","","","","",""
"2014063086","","1","0","0","0","0","0","0","0","0","7","0","","02","6","2014","3","40.46434","-79.801367","","11","0","0","0","0","0","0","0","1","","0","0","0","","","1","","0","","40 27:51.624","","0","79 48:04.921","4","0","0","0","2113","0","0","0","N","0","0","0","1","02113","1","","5.0","","1","N","N","","0","","0","0","0","","0","","","1","1","0","0","0","0","0","2","0","1","","","","N","","","","","","","","","",""
"2014060863","","2","0","0","0","0","0","0","0","0","4","0","","02","6","2014","3","40.456432","-80.001608","","11","0","0","0","0","0","0","0","1","","0","0","0","","","0","","1","","40 27:23.155","","0","80 00:05.788","0","0","0","0","2301","0","0","0","N","0","0","0","2","02301","0","","1.0","","1","N","N","","0","","0","0","0","","2","","","2","0","0","0","0","0","0","2","0","2","","","","N","","","","","","","","","",""
"2014061855","","1","0","0","0","0","0","0","0","0","99","0","","02","6","2014","4","40.38443","-80.096954","","11","0","0","0","0","0","0","0","0","","0","0","0","","","1","","0","","40 23:03.948","","0","80 05:49.034","8","0","0","0","2102","0","0","0","N","0","0","0","1","68B03","0","","1.0","","1","N","N","","0","","0","0","0","","0","","","1","1","0","0","0","1","0","2","0","1","","","","N","","","","","","","","","",""
"2014062699","","1","0","0","0","0","0","0","0","0","1","0","","02","6","2014","2","40.53849","-79.830935","","11","0","0","0","0","0","1","0","0","","0","0","0","","","0","","0","","40 32:18.564","","0","79 49:51.365","0","0","0","0","2208","0","0","0","N","0","0","0","2","02208","0","","1.0","","1","N","N","","1","","0","0","0","","0","","","2","0","0","0","0","0","0","2","0","2","","","","N","","","","","","","","","",""
"2014061997","","1","0","0","0","0","0","0","0","0","1","0","","02","6","2014","5","","","","11","0","0","0","0","2","0","0","0","","0","0","0","","","0","","0","","","","0","","0","0","0","0","2424","0","0","0","N","0","0","0","3","02424","0","","1.0","","1","N","N","","1","","0","0","0","","0","","","2","0","1","0","0","0","0","1","0","2","","","","N","","","","","","","","","",""
"2014062010","","2","0","0","0","0","0","0","0","0","4","0","","02","6","2014","7","40.355191","-79.835211","","11","0","0","0","0","0","0","0","0","1","0","0","0","","","0","","2","","40 21:18.687","4","0","79 50:06.758","0","0","0","0","2304","0","0","0","N","0","0","0","2","02304","0","","1.0","","9","N","N","","0","","0","0","0","","2","N","","2","0","0","0","0","0","0","2","0","2","","","","N","","","","","","","","","",""
"2014059747","","0","0","0","0","0","0","0","0","0","7","0","","02","6","2014","6","40.466481","-80.034684","","11","0","0","0","0","0","0","0","0","2","0","0","0","","","0","","0","","40 27:59.331","2","0","80 02:04.864","0","0","0","0","2301","0","0","0","N","0","0","0","3","02301","0","","4.0","","1","N","N","","0","","0","0","0","","0","N","","1","0","0","0","0","0","0","2","1","1","","","","N","","","","","","","","","",""
"2014059893","","1","0","0","0","0","0","0","0","0","4","0","","02","6","2014","3","40.398444","-79.768331","","11","0","0","0","0","0","0","1","0","","0","0","0","","","0","","0","","40 23:54.399","","7","79 46:05.990","0","0","0","0","2446","0","0","0","N","0","0","0","2","02446","0","","1.0","","1","N","N","","1","","0","0","0","","0","","","2","0","0","0","0","0","0","2","0","2","","","","N","","","","","","","","","",""
"2014057619","","1","0","0","0","0","0","0","0","0","7","0","","02","6","2014","1","40.454","-79.953361","","11","0","0","0","0","0","0","0","0","2","0","0","0","","","2","","2","","40 27:14.400","5","0","79 57:12.100","2","0","0","0","2301","0","0","0","N","0","0","0","2","02301","0","","2.0","","1","N","N","","0","","1","1","0","","1","N","","1","2","2","0","1","0","0","2","0","1","","","","N","","","","","","","","","",""
"2014059748","","1","0","0","0","0","0","0","0","0","1","0","","02","6","2014","7","40.44414","-80.028092","","11","0","0","0","0","0","0","0","0","1","0","0","0","","","0","","1","","40 26:38.905","6","0","80 01:41.132","0","0","0","0","2301","0","0","0","N","0","0","0","4","02301","0","","1.0","","1","N","N","","0","","0","0","1","","2","N","","2","0","0","0","0","0","0","2","0","2","","","","N","","","","","","","","","",""
"2014058313","","2","0","0","0","0","0","0","0","0","1","0","","02","6","2014","3","40.618134","-79.945326","","11","0","0","0","0","0","0","1","0","1","0","0","0","","","0","","2","","40 37:05.282","1","7","79 56:43.175","0","0","0","0","2217","0","0","0","N","0","0","0","5","02505","0","","1.0","","1","N","N","","0","","0","0","0","","0","Y","","3","0","0","0","0","0","0","2","1","3","","","","N","","","","","","","","","",""
"2014060461","","2","0","0","0","0","0","0","0","0","4","0","","02","6","2014","2","40.39919","-80.025075","","11","0","0","0","0","0","0","0","0","3","0","0","0","","","2","","2","","40 23:57.084","6","0","80 01:30.271","8","0","0","0","2301","0","0","0","N","0","0","0","2","02301","0","","1.0","","1","N","N","","0","","0","0","0","","3","N","","2","2","0","0","0","2","0","2","0","2","","","","N","","","","","","","","","",""
"2014057473","","1","0","0","0","0","0","0","0","0","1","0","","02","6","2014","1","40.430486","-79.71184","","11","0","0","0","0","0","1","0","0","","0","0","0","","","0","","0","","40 25:49.751","","0","79 42:42.623","0","0","0","0","2446","0","0","0","N","0","0","0","3","02446","0","","1.0","","1","N","N","","0","","0","0","0","","0","","","2","0","0","0","0","0","0","2","1","2","","","","N","","","","","","","","","",""
"2014059825","","1","0","0","0","0","0","0","0","0","1","0","","02","6","2014","6","40.438064","-80.067893","","11","0","0","1","0","0","1","0","0","","0","0","0","","","2","","2","","40 26:17.031","","0","80 04:04.416","4","0","0","0","2421","0","0","0","N","0","0","0","5","02421","2","","1.0","","1","N","N","","0","","0","0","2","","2","","","3","2","0","0","0","0","0","2","0","3","","","","N","","","","","","","","","",""
"2014062703","","1","0","0","0","0","0","0","0","0","4","0","","02","6","2014","2","40.455707","-80.008807","","11","0","0","0","0","0","1","0","0","1","0","0","0","","","0","","1","","40 27:20.545","7","0","80 00:31.705","0","0","0","0","2301","0","0","0","N","0","0","0","2","02301","0","","1.0","","1","N","N","","0","","0","0","2","","3","N","","3","0","0","0","0","0","0","2","0","3","","","","N","","","","","","","","","",""
"2014060391","","0","0","0","0","0","0","0","0","0","4","1","","02","6","2014","5","40.601507","-80.049134","","11","0","0","0","0","0","0","0","0","2","0","1","0","","","0","","0","","40 36:05.426","5","0","80 02:56.884","0","0","0","0","2108","0","0","0","N","0","0","0","2","02108","0","","1.0","","1","N","N","","0","","0","0","0","","0","N","","2","0","0","0","0","0","0","2","1","2","","","","N","","","","","","","","","",""
"2014060462","","0","0","0","0","0","0","0","0","0","0","0","","02","6","2014","1","40.582227","-80.062891","","11","0","0","0","0","0","1","0","0","2","0","0","0","","","1","","1","","40 34:56.017","1","0","80 03:46.409","8","0","0","1","2108","0","0","0","N","0","0","0","1","02108","0","","1.0","","1","N","N","","0","","0","0","0","","0","N","","1","1","0","0","0","1","0","2","0","1","","","","N","","","","","","","","","",""
"2014059751","","0","0","0","0","0","0","0","0","0","2","1","","02","6","2014","7","40.470765","-79.821521","","11","0","0","0","0","0","1","0","0","","0","1","0","","","1","","0","","40 28:14.754","","7","79 49:17.476","8","0","0","0","2113","0","0","0","N","0","0","0","2","02113","0","","1.0","","1","N","N","","0","","0","0","1","","0","","","2","1","0","0","0","1","0","2","0","2","","","","N","","","","","","","","","",""
"2014058239","","1","0","0","0","0","0","0","0","0","1","0","","02","6","2014","3","40.423667","-79.927389","","11","0","0","0","0","0","1","0","0","","0","0","0","","","0","","0","","40 25:25.200","","0","79 55:38.600","0","0","0","0","2301","0","0","0","N","0","0","0","3","02301","0","","1.0","","1","N","N","","0","","0","0","2","","0","","","3","0","0","0","0","0","0","2","0","3","","","","N","","","","","","","","","",""
"2014060392","","0","0","0","0","0","0","0","0","0","0","0","","02","6","2014","6","40.591475","-80.047557","","11","0","0","0","0","0","0","0","0","1","0","0","0","","","1","","3","","40 35:29.311","2","0","80 02:51.206","3","0","0","1","2108","0","0","0","N","0","0","0","1","02108","0","","1.0","","1","N","N","","0","","1","0","0","","0","N","","1","1","0","0","0","0","0","2","0","1","","","","N","","","","","","","","","",""
"2014060463","","0","0","0","0","0","0","0","0","0","1","0","","02","6","2014","5","40.516551","-80.221771","","11","0","0","0","0","0","1","0","0","","0","0","0","","","0","","0","","40 30:59.583","","0","80 13:18.377","0","0","0","0","2213","0","0","0","N","0","0","0","3","02213","0","","1.0","","1","N","N","","0","","0","0","2","","0","","","2","0","0","0","0","0","0","2","0","2","","","","N","","","","","","","","","",""
"2014059752","","1","0","0","0","0","0","0","0","0","4","0","","02","6","2014","7","40.440769","-79.998182","","11","0","0","0","0","0","0","0","0","","0","0","0","","","0","","1","","40 26:26.768","","0","79 59:53.455","0","0","0","0","2301","0","0","0","N","0","0","0","3","02301","0","","1.0","","1","N","N","","0","","0","0","1","","2","","","2","0","0","0","0","0","0","2","0","2","","","","N","","","","","","","","","",""
"2014058240","","0","0","0","0","0","0","0","0","0","0","0","","02","6","2014","3","40.448586","-80.007164","","11","0","0","0","0","0","1","0","0","","0","0","0","","","1","","0","","40 26:54.908","","2","80 00:25.792","3","0","0","1","2301","0","0","0","N","0","0","0","1","02301","0","","1.0","","98","N","N","","0","","1","0","0","","0","","","1","1","0","0","0","0","0","2","0","1","","","","N","","","","","","","","","",""
"2014058316","","1","0","0","0","0","0","0","0","0","1","1","","02","6","2014","3","40.478536","-79.967359","","11","0","0","0","0","0","0","0","0","2","0","1","0","","","1","","6","","40 28:42.729","1","2","79 58:02.493","8","0","0","0","2445","0","0","0","N","0","0","0","2","02118","0","","7.0","","1","N","N","","0","","0","0","0","","3","N","","2","1","0","0","0","1","0","2","0","2","","","","N","","","","","","","","","",""
"2014060393","","2","0","0","0","0","0","0","0","0","4","0","","02","6","2014","4","40.499981","-80.209028","","11","0","0","0","0","0","1","0","0","","0","0","0","","","0","","2","","40 29:59.931","","0","80 12:32.500","0","0","0","0","2213","0","0","0","N","0","0","0","2","02213","0","","1.0","","1","N","N","","0","","0","0","0","","3","","","2","0","0","0","0","0","0","2","0","2","","","","N","","","","","","","","","",""
"2014060394","","1","0","0","0","0","0","0","0","0","4","0","","02","6","2014","2","40.520653","-80.224376","","11","0","1","0","0","0","1","0","0","1","0","0","0","","","0","","2","","40 31:14.352","5","0","80 13:27.753","0","0","0","0","2213","0","0","0","N","0","0","0","2","02213","0","","1.0","","1","N","N","","1","","0","0","0","","3","N","","2","0","0","0","0","0","0","2","0","2","","","","N","","","","","","","","","",""
"2014062643","","1","0","0","0","0","0","0","0","0","1","0","","02","6","2014","4","40.613358","-79.954923","","11","0","0","0","1","1","0","0","0","","0","0","0","","","0","","2","","40 36:48.087","","0","79 57:17.722","0","0","0","0","2207","0","0","0","N","0","0","0","2","02207","0","","1.0","","1","N","N","","0","","0","0","1","","0","","","2","0","0","0","0","0","0","2","0","2","","","","N","","","","","","","","","",""
"2014057561","","1","0","0","0","0","0","0","0","0","1","0","","02","6","2014","6","40.59018","-79.750907","","11","0","0","0","0","0","1","0","0","1","0","0","0","","","0","","0","","40 35:24.647","4","0","79 45:03.264","0","0","0","0","2464","0","0","0","N","0","0","0","3","64305","0","","1.0","","1","N","N","","1","","0","0","1","","0","N","","3","0","1","0","0","0","0","2","0","3","","","","N","","","","","","","","","",""
"2014062708","","2","0","0","0","0","0","0","0","0","4","0","","02","5","2014","2","40.502722","-80.136389","","11","0","0","0","0","0","0","0","0","","0","0","0","","","0","","0","","40 30:09.798","","0","80 08:10.999","9","0","0","0","2115","0","0","0","N","0","0","0","2","68B03","0","","1.0","","1","N","N","","0","","0","0","0","","0","","","2","0","0","0","0","0","1","2","0","2","","","","N","","","","","","","","","",""
"2014057481","","1","0","0","0","0","0","0","0","0","7","0","","02","6","2014","1","40.481276","-80.036029","","11","0","0","0","0","0","0","0","0","","0","0","0","","","0","","1","","40 28:52.593","","0","80 02:09.704","0","0","0","0","2301","0","0","0","N","0","0","0","2","02301","0","","4.0","","1","N","N","","0","","0","0","0","","3","","","1","0","0","0","0","0","0","2","0","1","","","","N","","","","","","","","","",""
"2014058324","","1","0","0","0","0","0","0","0","0","7","0","","02","6","2014","3","40.377822","-79.914945","","11","0","0","0","0","0","0","0","0","","0","0","0","","","1","","0","","40 22:40.159","","0","79 54:53.802","8","0","0","0","2301","0","0","0","N","0","0","0","1","02301","0","","4.0","","1","N","N","","0","","0","0","0","","0","","","1","1","1","0","0","1","0","2","0","1","","","","N","","","","","","","","","",""
"2014059906","","1","0","0","0","0","0","0","0","0","7","0","","02","6","2014","7","40.482707","-80.013372","","11","0","0","0","0","0","0","0","0","","0","0","0","","","1","","0","","40 28:57.746","","0","80 00:48.140","8","0","0","0","2301","0","0","0","N","0","0","0","1","02301","0","","4.0","","1","N","N","","0","","0","0","0","","0","","","1","1","0","0","0","1","0","2","0","1","","","","N","","","","","","","","","",""
"2014062709","","1","0","0","0","0","0","0","0","0","99","0","","02","6","2014","7","40.537992","-80.078134","","11","0","0","0","0","0","0","0","0","","0","0","0","","","0","","0","","40 32:16.770","","0","80 04:41.282","9","0","0","0","2215","0","0","0","Y","0","0","0","1","68B03","0","","5.0","","1","N","N","","0","","0","0","0","","0","","","1","0","0","0","0","0","1","2","0","1","","","","N","","","","","","","","","",""