"CRN","ARRIVAL_TM","AUTOMOBILE_COUNT","BELTED_DEATH_COUNT","BELTED_SUSP_SERIOUS_INJ_COUNT","BICYCLE_COUNT","BICYCLE_DEATH_COUNT","BICYCLE_SUSP_SERIOUS_INJ_COUNT","BUS_COUNT","CHLDPAS_DEATH_COUNT","CHLDPAS_SUSP_SERIOUS_INJ_COUNT","COLLISION_TYPE","COMM_VEH_COUNT","CONS_ZONE_SPD_LIM","COUNTY","CRASH_MONTH","CRASH_YEAR","DAY_OF_WEEK","DEC_LATITUDE","DEC_LONGITUDE","DISPATCH_TM","DISTRICT","DRIVER_COUNT_16YR","DRIVER_COUNT_17YR","DRIVER_COUNT_18YR","DRIVER_COUNT_19YR","DRIVER_COUNT_20YR","DRIVER_COUNT_50_64YR","DRIVER_COUNT_65_74YR","DRIVER_COUNT_75PLUS","EST_HRS_CLOSED","FATAL_COUNT","HEAVY_TRUCK_COUNT","HORSE_BUGGY_COUNT","HOUR_OF_DAY","ILLUMINATION","INJURY_COUNT","INTERSECTION_RELATED","INTERSECT_TYPE","LANE_CLOSED","LATITUDE","LN_CLOSE_DIR","LOCATION_TYPE","LONGITUDE","MAX_SEVERITY_LEVEL","MCYCLE_DEATH_COUNT","MCYCLE_SUSP_SERIOUS_INJ_COUNT","MOTORCYCLE_COUNT","MUNICIPALITY","NONMOTR_COUNT","NONMOTR_DEATH_COUNT","NONMOTR_SUSP_SERIOUS_INJ_COUNT","NTFY_HIWY_MAINT","PED_COUNT","PED_DEATH_COUNT","PED_SUSP_SERIOUS_INJ_COUNT","PERSON_COUNT","POLICE_AGCY","POSSIBLE_INJ_COUNT","RDWY_SURF_TYPE_CD","RELATION_TO_ROAD","ROADWAY_CLEARED","ROAD_CONDITION","SCH_BUS_IND","SCH_ZONE_IND","SECONDARY_CRASH","SMALL_TRUCK_COUNT","SPEC_JURIS_CD","SUSP_MINOR_INJ_COUNT","SUSP_SERIOUS_INJ_COUNT","SUV_COUNT","TCD_FUNC_CD","TCD_TYPE","TFC_DETOUR_IND","TIME_OF_DAY","TOTAL_UNITS","TOT_INJ_COUNT","UNBELTED_OCC_COUNT","UNB_DEATH_COUNT","UNB_SUSP_SERIOUS_INJ_COUNT","UNK_INJ_DEG_COUNT","UNK_INJ_PER_COUNT","URBAN_RURAL","VAN_COUNT","VEHICLE_COUNT","WEATHER1","WEATHER2","WORKERS_PRES","WORK_ZONE_IND","WORK_ZONE_LOC","WORK_ZONE_TYPE","WZ_CLOSE_DETOUR","WZ_FLAGGER","WZ_LAW_OFFCR_IND","WZ_LN_CLOSURE","WZ_MOVING","WZ_OTHER","WZ_SHLDER_MDN","WZ_WORKERS_INJ_KILLED"
"2014057923","","2","0","0","0","0","0","0","0","0","5","0","","02","6","2014","2","40.427333","-79.980694","","11","0","0","0","0","0","0","0","0","","0","0","0","","","0","","0","","40 25:38.400","","0","79 58:50.500","0","0","0","0","2301","0","0","0","N","0","0","0","1","02301","0","","1.0","","1","N","N","","0","","0","0","1","","0","","","3","0","1","0","0","0","0","2","0","3","","","","N","","","","","","","","","",""
"2014059414","","1","0","0","0","0","0","0","0","0","6","0","","02","6","2014","6","40.462885","-79.80264","","11","0","0","0","0","1","0","0","0","","0","0","0","","","0","","0","","40 27:46.386","","0","79 48:09.504","9","0","0","0","2113","0","0","0","N","0","0","0","2","02113","0","","1.0","","1","N","N","","0","","0","0","1","","0","","","3","0","0","0","0","0","1","2","1","3","","","","N","","","","","","","","","",""
"2014058694","","1","0","0","0","0","0","0","0","0","4","0","","02","5","2014","6","40.365506","-80.10819","","11","0","0","0","0","1","0","0","0","","0","0","0","","","0","","0","","40 21:55.823","","7","80 06:29.484","0","0","0","0","2102","0","0","0","N","0","0","0","4","02102","0","","1.0","","1","N","N","","0","","0","0","1","","2","","","2","0","0","0","0","0","0","2","0","2","","","","N","","","","","","","","","",""
"2014058000","","0","0","0","0","0","0","0","0","0","1","0","","02","6","2014","6","40.523373","-79.852129","","11","0","0","0","0","0","1","0","0","","0","0","0","","","0","","0","","40 31:24.144","","0","79 51:07.664","0","0","0","0","2208","0","0","0","N","0","0","0","2","68D02","0","","1.0","","1","N","N","","1","","0","0","1","","0","","","2","0","0","0","0","0","0","2","0","2","","","","N","","","","","","","","","",""
"2014057161","","1","0","0","0","0","0","0","0","0","8","0","","02","6","2014","6","40.517098","-80.16471","","11","0","0","0","0","0","0","0","0","","0","0","0","","","1","","2","","40 31:01.552","","0","80 09:52.956","8","0","0","0","2420","1","0","0","N","1","0","0","2","02420","0","","1.0","","1","N","N","","0","","0","0","0","","3","","","2","1","0","0","0","1","0","2","0","1","","","","N","","","","","","","","","",""
"2014057937","","2","0","0","0","0","0","0","0","0","2","0","","02","6","2014","7","40.460324","-79.895745","","11","0","0","0","0","0","0","0","0","2","0","0","0","","","0","","0","","40 27:37.166","3","0","79 53:44.682","0","0","0","0","2301","0","0","0","N","0","0","0","1","02301","0","","2.0","","1","N","N","","0","","0","0","0","","0","Y","","2","0","0","0","0","0","0","2","0","2","","","","N","","","","","","","","","",""
"2014058695","","1","0","0","0","0","0","0","0","0","99","0","","02","6","2014","4","","","","11","0","0","0","0","0","0","0","0","","0","0","0","","","0","","7","","","","2","","0","0","0","0","2301","0","0","0","N","0","0","0","4","02301","0","","1.0","","8","N","N","","0","","0","0","0","","0","","","1","0","0","0","0","0","0","1","0","1","","","","N","","","","","","","","","",""
"2014060044","","1","0","0","0","0","0","0","0","0","7","0","","02","6","2014","6","40.58401","-80.079442","","11","0","1","0","0","0","0","0","0","1","0","0","0","","","0","","3","","40 35:02.436","6","0","80 04:45.991","0","0","0","0","2481","0","0","0","N","0","0","0","1","02481","0","","2.0","","9","N","N","","0","","0","0","0","","0","N","","1","0","0","0","0","0","0","2","0","1","","","","N","","","","","","","","","",""
"2014059417","","0","0","0","0","0","0","0","0","0","7","0","","02","6","2014","5","40.402744","-79.989644","","11","0","0","0","0","0","0","0","0","1","0","0","0","","","1","","0","","40 24:09.880","2","0","79 59:22.718","8","0","0","0","2301","0","0","0","N","0","0","0","1","02301","0","","4.0","","1","N","N","","1","","0","0","0","","0","N","","1","1","0","0","0","1","0","2","0","1","","","","N","","","","","","","","","",""
"2014058698","","1","0","0","0","0","0","0","0","0","4","0","","02","6","2014","4","40.551956","-79.843338","","11","0","0","0","0","0","0","0","0","4","1","0","0","","","1","","0","","40 33:07.042","6","0","79 50:36.016","1","0","0","0","2208","0","0","0","N","0","0","0","2","02208","0","2","2.0","","1","N","N","","0","0","0","0","1","","0","Y","","2","1","1","1","0","1","0","2","0","2","","","","N","","","","","","","","","",""
"2014059979","","2","0","0","0","0","0","0","0","0","4","0","","02","6","2014","7","40.462725","-79.824087","","11","0","0","0","0","0","0","0","0","1","0","0","0","","","2","","0","","40 27:45.811","5","7","79 49:26.713","8","0","0","0","2113","0","0","0","N","0","0","0","5","02113","0","","1.0","","1","N","N","","1","","0","0","0","","0","Y","","3","2","0","0","0","2","0","2","0","3","","","","N","","","","","","","","","",""
"2014059434","","0","0","0","0","0","0","0","0","0","7","0","","02","6","2014","7","40.543494","-79.811552","","11","0","0","0","0","0","0","0","0","","0","0","0","","","0","","0","","40 32:36.580","","0","79 48:41.587","0","0","0","0","2208","0","0","0","N","0","0","0","3","02208","0","","4.0","","1","N","N","","0","","0","0","1","","0","","","1","0","1","0","0","0","0","2","0","1","","","","N","","","","","","","","","",""
"2014059437","","3","0","0","0","0","0","0","0","0","5","0","","02","6","2014","5","40.356366","-80.050448","","11","0","0","0","0","0","0","0","0","2","0","0","0","","","1","","0","","40 21:22.918","2","0","80 03:01.611","4","0","0","0","2109","0","0","0","N","0","0","0","3","02109","1","","1.0","","9","N","N","","0","","0","0","0","","0","N","","3","1","1","0","0","0","0","2","0","3","","","","N","","","","","","","","","",""
"2014058700","","1","0","0","0","0","0","0","0","0","2","0","","02","6","2014","4","40.509088","-80.068998","","11","0","0","0","1","0","0","0","0","","0","0","0","","","0","","0","","40 30:32.718","","0","80 04:08.394","0","0","0","0","2211","0","0","0","N","0","0","0","1","02215","0","","1.0","","9","N","N","","0","","0","0","1","","0","","","2","0","0","0","0","0","0","2","0","2","","","","N","","","","","","","","","",""
"2014058352","","1","0","0","0","0","0","0","0","0","4","0","","02","6","2014","3","40.43875","-79.768939","","11","0","0","0","0","0","1","0","0","1","0","0","0","","","0","","1","","40 26:19.501","4","0","79 46:08.179","0","0","0","0","2446","0","0","0","N","0","0","0","2","02446","0","","1.0","","1","N","N","","1","","0","0","0","","2","N","","2","0","0","0","0","0","0","2","0","2","","","","N","","","","","","","","","",""
"2014060049","","0","0","0","0","0","0","0","0","0","1","0","","02","5","2014","7","40.597018","-79.930411","","11","0","0","0","0","0","1","0","0","","0","0","0","","","0","","0","","40 35:49.265","","0","79 55:49.478","0","0","0","0","2207","0","0","0","N","0","0","0","2","02207","0","","1.0","","1","N","N","","1","","0","0","1","","0","","","3","0","0","0","0","0","0","2","0","2","","","","N","","","","","","","","","",""
"2014057099","","1","0","0","0","0","0","0","0","0","1","0","","02","6","2014","6","40.461028","-79.932194","","11","0","0","0","0","0","0","1","0","","0","0","0","","","0","","0","","40 27:39.700","","0","79 55:55.900","0","0","0","0","2301","0","0","0","","0","0","0","1","02301","0","","1.0","","1","","","","0","","0","0","1","","0","","","2","0","0","0","0","0","0","2","0","2","","","","N","","","","","","","","","",""
"2014058703","","2","0","0","0","0","0","0","0","0","4","0","","02","6","2014","4","40.389708","-79.933338","","11","0","0","0","0","0","1","0","0","","0","0","0","","","3","","1","","40 23:22.947","","0","79 56:00.018","4","0","0","0","2301","0","0","0","N","0","0","0","7","02301","2","","1.0","","9","N","N","","0","","0","0","0","","2","","","2","3","0","0","0","1","0","2","0","2","","","","N","","","","","","","","","",""
"2014059158","","0","0","0","0","0","0","0","0","0","7","0","","02","6","2014","5","40.466254","-79.99784","","11","0","0","0","0","0","0","0","0","","0","0","0","","","0","","0","","40 27:58.513","","0","79 59:52.224","0","0","0","0","2301","0","0","0","N","0","0","0","2","02301","0","","4.0","","1","N","N","","0","","0","0","1","","0","","","1","0","0","0","0","0","0","2","0","1","","","","N","","","","","","","","","",""
"2014059984","","1","0","0","0","0","0","0","0","0","4","0","","02","6","2014","7","40.545954","-80.016771","","11","0","0","0","0","0","2","0","0","2","0","0","0","","","0","","1","","40 32:45.436","6","0","80 01:00.375","0","0","0","0","2116","0","0","0","N","0","0","0","4","02116","0","","1.0","","1","N","N","","0","","0","0","1","","2","N","","3","0","0","0","0","0","0","2","1","3","","","","N","","","","","","","","","",""
"2014059425","","1","0","0","0","0","0","0","0","0","7","0","","02","6","2014","6","40.48646","-79.810974","","11","0","0","1","0","0","0","0","0","2","0","0","0","","","3","","0","","40 29:11.256","6","0","79 48:39.507","8","0","0","0","2113","0","0","0","N","0","0","0","4","02113","0","","4.0","","8","N","N","","0","","0","0","0","","0","Y","","1","3","3","0","0","3","0","2","0","1","","","","N","","","","","","","","","",""
"2014057747","","1","0","0","0","0","0","0","0","0","7","0","","02","6","2014","7","40.435926","-80.014735","","11","0","0","0","0","0","0","0","1","1","0","0","0","","","3","","0","","40 26:09.332","6","0","80 00:53.045","8","0","0","0","2301","0","0","0","N","0","0","0","3","02301","0","","4.0","","1","N","N","","0","","0","0","0","","0","N","","1","3","0","0","0","3","0","2","0","1","","","","N","","","","","","","","","",""
"2014059987","","0","0","0","0","0","0","0","0","0","7","0","","02","6","2014","1","40.484174","-80.011095","","11","0","0","0","0","0","0","0","0","1","0","0","0","","","2","","0","","40 29:03.026","5","0","80 00:39.942","2","0","1","1","2301","0","0","0","N","0","0","0","2","02301","0","","4.0","","1","N","N","","0","","1","1","0","","0","N","","1","2","0","0","0","0","0","2","0","1","","","","N","","","","","","","","","",""
"2014057886","","1","0","0","0","0","0","0","0","0","5","0","","02","6","2014","2","40.615644","-80.055266","","11","0","0","0","0","0","1","1","0","","0","0","0","","","0","","0","","40 36:56.319","","0","80 03:18.957","0","0","0","0","2216","0","0","0","Y","0","0","0","2","02505","0","","5.0","","1","N","N","","1","","0","0","0","","2","","","2","0","0","0","0","0","0","2","0","2","","","","N","","","","","","","","","",""
"2014057887","","1","0","0","0","0","0","0","0","0","7","0","","02","6","2014","2","40.483003","-79.819866","","11","0","0","0","0","0","0","0","0","","0","0","0","","","0","","0","","40 28:58.811","","0","79 49:11.519","0","0","0","0","2113","0","0","0","Y","0","0","0","3","02113","0","","4.0","","1","N","N","","0","","0","0","0","","0","","","1","0","0","0","0","0","0","2","0","1","","","","N","","","","","","","","","",""
"2014058359","","2","0","0","0","0","0","0","0","0","4","0","","02","6","2014","3","40.358951","-80.059871","","11","0","0","0","0","0","0","2","0","2","0","0","0","","","0","","2","","40 21:32.222","4","0","80 03:35.535","0","0","0","0","2109","0","0","0","N","0","0","0","2","02109","0","","1.0","","1","N","N","","0","","0","0","0","","2","N","","2","0","0","0","0","0","0","2","0","2","","","","N","","","","","","","","","",""
"2014057734","","2","0","0","0","0","0","0","0","0","1","0","","02","6","2014","6","40.673408","-80.098405","","11","0","0","0","0","0","1","0","0","","0","0","0","","","0","","1","","40 40:24.270","","0","80 05:54.259","0","0","0","0","2212","0","0","0","N","0","0","0","3","02505","0","","1.0","","1","N","N","","0","","0","0","0","","0","","","2","0","0","0","0","0","0","2","0","2","","","","N","","","","","","","","","",""
"2014057122","","0","0","0","0","0","0","0","0","0","8","0","","02","6","2014","6","40.458806","-80.016222","","11","0","0","0","0","0","0","0","0","3","0","0","0","","","1","","0","","40 27:31.700","1","0","80 00:58.400","2","0","0","0","2301","1","0","1","N","1","0","1","3","02301","0","","1.0","","1","N","N","","0","","0","1","1","","0","Y","","2","1","2","0","0","0","0","2","0","1","","","","N","","","","","","","","","",""
"2014058709","","0","0","0","0","0","0","0","0","0","7","0","","02","6","2014","3","40.484785","-79.985162","","11","0","0","0","0","1","0","0","0","","0","0","0","","","1","","10","","40 29:05.226","","99","79 59:06.583","3","0","0","0","2114","0","0","0","N","0","0","0","1","02114","0","","2.0","","1","N","N","","0","","1","0","0","","0","","","1","1","0","0","0","0","0","2","0","1","","","","N","","","","","","","","","",""
"2014060071","","3","0","0","0","0","0","0","0","0","1","0","","02","6","2014","7","40.456266","-79.709791","","11","0","0","0","0","1","2","0","0","","0","0","0","","","0","","0","","40 27:22.557","","0","79 42:35.248","0","0","0","0","2466","0","0","0","N","0","0","0","9","02466","0","","1.0","","1","N","N","","0","","0","0","1","","0","","","4","0","0","0","0","0","0","2","0","4","","","","N","","","","","","","","","",""
"2014057666","","1","0","0","0","0","0","0","0","0","4","0","","02","6","2014","6","40.302347","-79.995423","","11","1","0","0","0","0","1","0","0","1","0","0","0","","","0","","3","","40 18:08.450","1","0","79 59:43.524","0","0","0","0","2219","0","0","0","N","0","0","0","4","02219","0","","1.0","","1","N","N","","0","","0","0","1","","2","N","","2","0","1","0","0","0","0","2","0","2","","","","N","","","","","","","","","",""
"2014057752","","1","0","0","0","0","0","0","0","0","4","0","","02","6","2014","2","40.448105","-80.181274","","11","0","0","0","0","0","0","0","0","","0","0","0","","","0","","2","","40 26:53.178","","0","80 10:52.586","0","0","0","0","2214","0","0","0","N","0","0","0","6","02214","0","","1.0","","1","N","N","","1","","0","0","1","","2","","","3","0","0","0","0","0","0","2","0","3","","","","N","","","","","","","","","",""
"2014058711","","2","0","0","0","0","0","0","0","0","7","0","","02","6","2014","3","40.346986","-79.954356","","11","0","0","0","0","0","0","0","0","1","0","0","0","","","1","","0","","40 20:49.148","4","0","79 57:15.682","8","0","0","0","2473","0","0","0","N","0","0","0","2","02473","0","","3.0","","1","N","N","","0","","0","0","0","","0","Y","","2","1","0","0","0","1","0","2","0","2","","","","N","","","","","","","","","",""
"2014057250","","0","0","0","0","0","0","0","0","0","1","0","","02","6","2014","7","40.402012","-80.000594","","11","0","0","0","0","0","0","0","0","","0","0","0","","","1","","1","","40 24:07.244","","0","80 00:02.139","8","0","0","0","2301","0","0","0","","0","0","0","3","02301","0","","1.0","","1","","","","0","","0","0","1","","2","","","2","1","0","0","0","1","0","2","1","2","","","","N","","","","","","","","","",""
"2014059167","","1","0","0","0","0","0","0","0","0","4","0","","02","6","2014","5","40.607248","-80.099593","","11","0","0","0","0","0","1","0","0","","0","0","0","","","0","","0","","40 36:26.091","","7","80 05:58.536","0","0","0","0","2481","0","0","0","N","0","0","0","2","02481","0","","1.0","","1","N","N","","0","","0","0","1","","0","","","2","0","0","0","0","0","0","2","0","2","","","","N","","","","","","","","","",""
"2014058496","","0","0","0","0","0","0","0","0","0","1","1","","02","6","2014","4","40.426064","-79.95395","","11","0","0","0","0","0","1","0","1","1","0","0","0","","","1","","0","","40 25:33.830","5","0","79 57:14.220","8","0","0","0","2301","0","0","0","N","0","0","0","2","02301","0","","1.0","","1","N","N","","2","","0","0","0","","1","N","","2","1","1","0","0","1","0","2","0","2","","","","N","","","","","","","","","",""
"2014059366","","1","0","0","0","0","0","0","0","0","8","0","","02","6","2014","5","40.415518","-80.086724","","11","0","0","0","0","0","0","0","1","","0","0","0","","","1","","0","","40 24:55.865","","0","80 05:12.205","8","0","0","0","2415","1","0","0","N","1","0","0","2","02415","0","","1.0","","1","N","N","","0","","0","0","0","","0","","","2","1","0","0","0","1","0","2","0","1","","","","N","","","","","","","","","",""
"2014057125","","2","0","0","0","0","0","0","0","0","4","0","","02","6","2014","6","40.442181","-79.994981","","11","0","0","0","0","0","0","0","0","","0","0","0","","","0","","1","","40 26:31.851","","0","79 59:41.931","0","0","0","0","2301","0","0","0","N","0","0","0","2","02301","0","","1.0","","1","N","N","","0","","0","0","0","","2","","","2","0","0","0","0","0","0","2","0","2","","","","N","","","","","","","","","",""
"2014057740","","2","0","0","0","0","0","0","0","0","6","0","","02","6","2014","2","40.493472","-80.051306","","11","0","0","0","0","0","0","0","0","1","0","0","0","","","0","","0","","40 29:36.500","4","0","80 03:04.700","0","0","0","0","2404","0","0","0","N","0","0","0","1","02404","0","","1.0","","1","N","N","","1","","0","0","0","","0","N","","3","0","0","0","0","0","0","2","0","3","","","","N","","","","","","","","","",""
"2014057754","","0","0","0","0","0","0","0","0","0","0","0","","02","5","2014","2","40.547473","-80.118983","","11","0","0","0","0","0","0","0","0","1","0","0","0","","","1","","0","","40 32:50.902","7","0","80 07:08.338","8","0","0","1","2215","0","0","0","N","0","0","0","1","02215","0","","1.0","","1","N","N","","0","","0","0","0","","0","Y","","1","1","0","0","0","1","0","2","0","1","","","","N","","","","","","","","","",""
"2014059993","","0","0","0","0","0","0","0","0","0","8","0","","02","6","2014","1","40.428804","-79.984263","","11","0","0","0","0","0","0","0","0","","0","0","0","","","1","","0","","40 25:43.694","","0","79 59:03.345","4","0","0","0","2301","1","0","0","N","1","0","0","3","02301","1","","1.0","","1","N","N","","1","","0","0","0","","0","","","2","1","0","0","0","0","0","2","0","1","","","","N","","","","","","","","","",""
"2014060075","","1","0","0","0","0","0","0","0","0","4","0","","02","6","2014","7","40.541207","-79.780009","","11","0","0","0","0","0","1","0","0","1","0","0","0","","","0","","1","","40 32:28.346","4","0","79 46:48.031","9","0","0","0","2462","0","0","0","N","0","0","0","2","02462","0","","1.0","","1","N","N","","0","","0","0","1","","2","N","","2","0","0","0","0","0","1","2","0","2","","","","N","","","","","","","","","",""
"2014058511","","2","0","0","0","0","0","0","0","0","4","0","","02","6","2014","4","40.614439","-80.091628","","11","0","0","0","0","0","0","2","0","1","0","0","0","","","2","","0","","40 36:51.980","2","7","80 05:29.860","4","0","0","0","2481","0","0","0","N","0","0","0","2","02481","2","","1.0","","1","N","N","","0","","0","0","0","","2","N","","2","2","0","0","0","0","0","2","0","2","","","","N","","","","","","","","","",""
"2014059368","","1","0","0","0","0","0","0","0","0","4","0","","02","6","2014","5","40.405714","-80.018636","","11","0","0","0","0","0","1","0","0","","0","0","0","","","0","","0","","40 24:20.572","","7","80 01:07.090","0","0","0","0","2301","0","0","0","N","0","0","0","2","02301","0","","1.0","","1","N","N","","0","","0","0","1","","0","","","2","0","0","0","0","0","0","2","0","2","","","","N","","","","","","","","","",""
"2014058714","","1","0","0","0","0","0","0","0","0","1","0","","02","6","2014","4","40.408531","-80.049978","","11","0","0","0","0","0","0","0","0","","0","0","0","","","0","","2","","40 24:30.711","","0","80 02:59.922","0","0","0","0","2435","0","0","0","N","0","0","0","2","02435","0","","1.0","","1","N","N","","0","","0","0","1","","2","","","2","0","0","0","0","0","0","2","0","2","","","","N","","","","","","","","","",""
"2014057253","","2","0","0","0","0","0","0","0","0","4","0","","02","6","2014","6","40.420334","-79.849922","","11","0","0","0","0","1","0","0","0","","0","0","0","","","1","","2","","40 25:13.202","","7","79 50:59.719","4","0","0","0","2431","0","0","0","N","0","0","0","2","02431","1","","1.0","","1","N","N","","0","","0","0","0","","0","","","2","1","0","0","0","0","0","2","0","2","","","","N","","","","","","","","","",""
"2014060076","","0","0","0","0","0","0","0","0","0","1","0","","02","6","2014","1","40.415035","-80.011273","","11","0","0","0","0","0","1","1","0","1","0","0","0","","","3","","2","","40 24:54.125","1","0","80 00:40.583","8","0","0","0","2301","0","0","0","N","0","0","0","4","02301","0","","1.0","","1","N","N","","0","","0","0","1","","0","N","","2","3","0","0","0","3","0","2","1","2","","","","N","","","","","","","","","",""
"2014059996","","1","0","0","0","0","0","0","0","0","4","0","","02","6","2014","7","40.481111","-79.83037","","11","0","0","0","0","0","1","0","1","","0","0","0","","","0","","2","","40 28:52.000","","0","79 49:49.332","0","0","0","0","2113","0","0","0","N","0","0","0","2","02113","0","","1.0","","1","N","N","","1","","0","0","0","","3","","","2","0","0","0","0","0","0","2","0","2","","","","N","","","","","","","","","",""
"2014057882","","2","0","0","0","0","0","0","0","0","4","0","","02","6","2014","7","40.605944","-80.169282","","11","0","1","0","0","0","1","0","0","","0","0","0","","","2","","3","","40 36:21.399","","0","80 10:09.414","3","0","0","0","2480","0","0","0","N","0","0","0","2","02480","1","","1.0","","1","N","N","","0","","1","0","0","","3","","","2","2","1","0","0","0","0","1","0","2","","","","N","","","","","","","","","",""
"2014059515","","1","0","0","0","0","0","0","0","0","1","0","","02","6","2014","5","40.362767","-79.983516","","11","0","0","0","0","0","1","0","0","","0","0","0","","","0","","0","","40 21:45.961","","0","79 59:00.659","0","0","0","0","2413","0","0","0","N","0","0","0","6","02413","0","","1.0","","9","N","N","","1","","0","0","1","","0","","","3","0","0","0","0","0","0","2","0","3","","","","N","","","","","","","","","",""
"2014057254","","2","0","0","0","0","0","0","0","0","4","0","","02","6","2014","7","40.449819","-79.929656","","11","0","0","0","0","0","0","1","0","","0","0","0","","","0","","1","","40 26:59.348","","0","79 55:46.761","0","0","0","0","2301","0","0","0","N","0","0","0","2","02301","0","","1.0","","1","N","N","","0","","0","0","0","","2","","","2","0","0","0","0","0","0","2","0","2","","","","N","","","","","","","","","",""
"2014059950","","1","0","0","0","0","0","0","0","0","99","0","","02","6","2014","1","40.657547","-80.083399","","11","0","0","0","0","0","0","0","0","","0","0","0","","","0","","0","","40 39:27.169","","0","80 05:00.238","9","0","0","0","2212","0","0","0","N","0","0","0","1","68T02","0","","1.0","","1","N","N","","0","","0","0","0","","0","","","1","0","0","0","0","0","1","2","0","1","","","","N","","","","","","","","","",""
"2014057744","","1","0","0","0","0","0","0","0","0","4","0","","02","6","2014","4","40.631895","-79.879412","","11","0","0","1","0","0","0","0","1","1","0","0","0","","","0","","0","","40 37:54.822","4","7","79 52:45.884","0","0","0","0","2220","0","0","0","N","0","0","0","2","02220","0","","1.0","","1","N","N","","0","","0","0","0","","0","N","","2","0","0","0","0","0","0","2","1","2","","","","N","","","","","","","","","",""
"2014057957","","2","0","0","0","0","0","0","0","0","1","0","","02","5","2014","4","40.375869","-80.102128","","11","0","0","0","0","0","0","1","0","3","0","0","0","","","1","","0","","40 22:33.130","2","0","80 06:07.661","8","0","0","0","2102","0","0","0","N","0","0","0","4","68B03","0","","1.0","","1","N","N","","0","","0","0","2","","0","N","","4","1","0","0","0","1","0","2","0","4","","","","N","","","","","","","","","",""
"2014059951","","1","0","0","0","0","0","0","0","0","7","0","","02","6","2014","4","40.523722","-79.819168","","11","0","0","0","0","0","0","0","0","1","0","0","0","","","0","","0","","40 31:25.399","4","0","79 49:09.006","0","0","0","0","2466","0","0","0","N","0","0","0","1","68T02","0","","3.0","","9","N","N","","0","","0","0","0","","0","N","","1","0","0","0","0","0","0","2","0","1","","","","N","","","","","","","","","",""
"2014060065","","1","0","0","0","0","0","0","0","0","7","0","","02","6","2014","1","40.449928","-79.903663","","11","0","0","0","0","1","0","0","0","","0","0","0","","","0","","0","","40 26:59.741","","0","79 54:13.188","0","0","0","0","2301","0","0","0","N","0","0","0","1","02301","0","","5.0","","1","N","N","","0","","0","0","0","","0","","","1","0","0","0","0","0","0","2","0","1","","","","N","","","","","","","","","",""
"2014057758","","1","0","0","0","0","0","0","0","0","7","0","","02","6","2014","5","40.511367","-80.100916","","11","0","0","0","0","0","1","0","0","","0","0","0","","","0","","0","","40 30:40.920","","0","80 06:03.296","0","0","0","0","2429","0","0","0","N","0","0","0","1","02215","0","","4.0","","1","N","N","","0","","0","0","0","","0","","","1","0","0","0","0","0","0","2","0","1","","","","N","","","","","","","","","",""
"2014057821","","2","0","0","0","0","0","0","0","0","1","0","","02","6","2014","2","40.455611","-80.232222","","11","0","0","0","0","0","0","0","0","","0","0","0","","","1","","0","","40 27:20.200","","0","80 13:56.000","8","0","0","0","2203","0","0","0","N","0","0","0","2","02203","0","","1.0","","1","N","N","","0","","0","0","0","","0","","","2","1","0","0","0","1","0","2","0","2","","","","N","","","","","","","","","",""
"2014057958","","1","0","0","0","0","0","0","0","0","7","0","","02","6","2014","7","40.522448","-80.273379","","11","0","0","0","0","0","0","2","0","3","0","0","0","","","0","","0","","40 31:20.814","4","0","80 16:24.163","0","0","0","0","2203","0","0","0","Y","0","0","0","3","68B03","0","","3.0","","1","N","N","","0","","0","0","1","","0","N","","2","0","0","0","0","0","0","1","0","2","","","","N","","","","","","","","","",""
"2014059517","","1","0","0","0","0","0","0","0","0","5","0","","02","4","2014","4","40.455027","-79.863741","","11","0","0","0","0","0","1","0","0","5","1","0","0","","","1","","0","","40 27:18.098","6","0","79 51:49.469","1","0","0","0","2478","0","0","0","N","0","0","0","5","02478","1","1","1.0","","1","N","N","","1","0","0","0","0","","0","Y","","2","1","0","0","0","0","2","2","0","2","","","","N","","","","","","","","","",""
"2014058452","","1","0","0","0","0","0","0","0","0","4","0","","02","6","2014","4","40.373041","-80.099257","","11","0","0","0","0","0","1","0","0","1","0","0","0","","","1","","2","","40 22:22.946","4","2","80 05:57.324","8","0","0","0","2102","0","0","0","N","0","0","0","2","02102","0","","1.0","","1","N","N","","0","","0","0","1","","2","N","","2","1","1","0","0","1","0","2","0","2","","","","N","","","","","","","","","",""
"2014058515","","1","0","0","0","0","0","0","0","0","4","0","","02","6","2014","7","40.393107","-79.805087","","11","0","0","0","0","0","2","0","0","2","0","0","0","","","0","","2","","40 23:35.185","6","0","79 48:18.312","0","0","0","0","2111","0","0","0","N","0","0","0","2","02111","0","","1.0","","1","N","N","","1","","0","0","0","","2","N","","2","0","0","0","0","0","0","2","0","2","","","","N","","","","","","","","","",""
"2014057822","","2","0","0","0","0","0","0","0","0","6","0","","02","6","2014","2","40.483757","-80.037164","","11","0","0","0","0","0","0","0","0","","0","0","0","","","0","","0","","40 29:01.525","","0","80 02:13.790","0","0","0","0","2301","0","0","0","N","0","0","0","1","02301","0","","1.0","","1","N","N","","1","","0","0","0","","0","","","3","0","0","0","0","0","0","2","0","3","","","","N","","","","","","","","","",""
"2014057118","","0","0","0","0","0","0","0","0","0","1","0","","02","6","2014","6","40.621172","-79.728315","","11","0","0","0","0","0","1","0","0","1","0","0","0","","","1","","0","","40 37:16.220","1","0","79 43:41.935","4","0","0","1","2106","0","0","0","N","0","0","0","2","02106","1","","1.0","","1","N","N","","0","","0","0","1","","0","Y","","2","1","0","0","0","0","0","2","0","2","","","","N","","","","","","","","","",""