"CRN","ARRIVAL_TM","AUTOMOBILE_COUNT","BELTED_DEATH_COUNT","BELTED_SUSP_SERIOUS_INJ_COUNT","BICYCLE_COUNT","BICYCLE_DEATH_COUNT","BICYCLE_SUSP_SERIOUS_INJ_COUNT","BUS_COUNT","CHLDPAS_DEATH_COUNT","CHLDPAS_SUSP_SERIOUS_INJ_COUNT","COLLISION_TYPE","COMM_VEH_COUNT","CONS_ZONE_SPD_LIM","COUNTY","CRASH_MONTH","CRASH_YEAR","DAY_OF_WEEK","DEC_LATITUDE","DEC_LONGITUDE","DISPATCH_TM","DISTRICT","DRIVER_COUNT_16YR","DRIVER_COUNT_17YR","DRIVER_COUNT_18YR","DRIVER_COUNT_19YR","DRIVER_COUNT_20YR","DRIVER_COUNT_50_64YR","DRIVER_COUNT_65_74YR","DRIVER_COUNT_75PLUS","EST_HRS_CLOSED","FATAL_COUNT","HEAVY_TRUCK_COUNT","HORSE_BUGGY_COUNT","HOUR_OF_DAY","ILLUMINATION","INJURY_COUNT","INTERSECTION_RELATED","INTERSECT_TYPE","LANE_CLOSED","LATITUDE","LN_CLOSE_DIR","LOCATION_TYPE","LONGITUDE","MAX_SEVERITY_LEVEL","MCYCLE_DEATH_COUNT","MCYCLE_SUSP_SERIOUS_INJ_COUNT","MOTORCYCLE_COUNT","MUNICIPALITY","NONMOTR_COUNT","NONMOTR_DEATH_COUNT","NONMOTR_SUSP_SERIOUS_INJ_COUNT","NTFY_HIWY_MAINT","PED_COUNT","PED_DEATH_COUNT","PED_SUSP_SERIOUS_INJ_COUNT","PERSON_COUNT","POLICE_AGCY","POSSIBLE_INJ_COUNT","RDWY_SURF_TYPE_CD","RELATION_TO_ROAD","ROADWAY_CLEARED","ROAD_CONDITION","SCH_BUS_IND","SCH_ZONE_IND","SECONDARY_CRASH","SMALL_TRUCK_COUNT","SPEC_JURIS_CD","SUSP_MINOR_INJ_COUNT","SUSP_SERIOUS_INJ_COUNT","SUV_COUNT","TCD_FUNC_CD","TCD_TYPE","TFC_DETOUR_IND","TIME_OF_DAY","TOTAL_UNITS","TOT_INJ_COUNT","UNBELTED_OCC_COUNT","UNB_DEATH_COUNT","UNB_SUSP_SERIOUS_INJ_COUNT","UNK_INJ_DEG_COUNT","UNK_INJ_PER_COUNT","URBAN_RURAL","VAN_COUNT","VEHICLE_COUNT","WEATHER1","WEATHER2","WORKERS_PRES","WORK_ZONE_IND","WORK_ZONE_LOC","WORK_ZONE_TYPE","WZ_CLOSE_DETOUR","WZ_FLAGGER","WZ_LAW_OFFCR_IND","WZ_LN_CLOSURE","WZ_MOVING","WZ_OTHER","WZ_SHLDER_MDN","WZ_WORKERS_INJ_KILLED"
"2014065016","","1","0","0","0","0","0","0","0","0","1","0","","02","6","2014","7","40.460428","-79.913788","","11","0","0","0","0","0","1","0","0","","0","0","0","","","1","","5","","40 27:37.540","","0","79 54:49.636","4","0","0","0","2301","0","0","0","N","0","0","0","2","02301","1","","1.0","","1","N","N","","0","","0","0","1","","2","","","2","1","0","0","0","0","1","2","0","2","","","","N","","","","","","","","","",""
"2014069013","","1","0","0","0","0","0","0","0","0","4","0","","02","7","2014","6","40.499309","-79.853122","","11","0","0","0","0","0","0","0","0","","0","0","0","","","0","","0","","40 29:57.512","","7","79 51:11.240","0","0","0","0","2112","0","0","0","N","0","0","0","2","02112","0","","1.0","","1","N","N","","0","","0","0","0","","0","","","2","0","0","0","0","0","0","2","1","2","","","","N","","","","","","","","","",""
"2014066743","","1","0","0","0","0","0","0","0","0","4","0","","02","7","2014","2","40.463516","-79.948945","","11","0","0","0","0","0","1","0","0","2","0","0","0","","","0","","1","","40 27:48.657","6","0","79 56:56.202","0","0","0","0","2301","0","0","0","N","0","0","0","2","02301","0","","1.0","","1","N","N","","1","","0","0","0","","2","Y","","2","0","0","0","0","0","0","2","0","2","","","","N","","","","","","","","","",""
"2014064254","","1","0","0","0","0","0","0","0","0","2","0","","02","6","2014","7","40.453129","-79.835987","","11","0","0","0","0","0","0","0","0","","0","0","0","","","0","","0","","40 27:11.264","","0","79 50:09.553","9","0","0","0","2113","0","0","0","N","0","0","0","1","02113","0","","1.0","","1","N","N","","0","","0","0","0","","0","","","2","0","0","0","0","0","1","2","0","2","","","","N","","","","","","","","","",""
"2014066744","","0","0","0","0","0","0","0","0","0","1","0","","02","7","2014","6","40.34889","-79.939012","","11","0","0","0","0","0","0","0","0","1","0","0","0","","","1","","2","","40 20:56.003","4","0","79 56:20.443","8","0","0","0","2473","0","0","0","N","0","0","0","4","02473","0","","1.0","","1","N","N","","1","","0","0","1","","2","Y","","2","1","0","0","0","1","0","2","0","2","","","","N","","","","","","","","","",""
"2014068376","","1","0","0","0","0","0","0","0","0","1","0","","02","7","2014","6","40.348539","-79.94751","","11","0","0","0","0","0","1","0","0","2","0","0","0","","","1","","0","","40 20:54.739","2","0","79 56:51.035","4","0","0","0","2473","0","0","0","N","0","0","0","2","02473","1","","1.0","","1","N","N","","0","","0","0","0","","0","N","","2","1","1","0","0","0","0","2","1","2","","","","N","","","","","","","","","",""
"2014069157","","0","0","0","0","0","0","0","0","0","0","0","","02","6","2014","7","40.434677","-79.794676","","11","0","0","0","0","0","0","0","0","","0","0","0","","","1","","0","","40 26:04.838","","2","79 47:40.834","3","0","0","1","2446","0","0","0","N","0","0","0","1","02446","0","","1.0","","1","N","N","","0","","1","0","0","","0","","","1","1","0","0","0","0","0","2","0","1","","","","N","","","","","","","","","",""
"2014065018","","2","0","0","0","0","0","0","0","0","1","0","","02","7","2014","3","40.462254","-79.981867","","11","0","0","0","0","1","0","0","0","","0","0","0","","","1","","0","","40 27:44.116","","0","79 58:54.722","8","0","0","0","2301","0","0","0","N","0","0","0","3","02301","0","","1.0","","1","N","N","","0","","0","0","0","","0","","","2","1","0","0","0","1","0","2","0","2","","","","N","","","","","","","","","",""
"2014065808","","1","0","0","1","0","0","0","0","0","8","0","","02","7","2014","4","40.44381","-80.227662","","11","0","0","0","0","0","1","0","0","1","0","0","0","","","1","","2","","40 26:37.716","1","7","80 13:39.583","3","0","0","0","2214","1","0","0","N","0","0","0","2","02214","0","","1.0","","1","N","N","","0","","1","0","0","","3","Y","","2","1","0","0","0","0","0","2","0","1","","","","N","","","","","","","","","",""
"2014064321","","0","0","0","0","0","0","0","0","0","4","0","","02","6","2014","3","40.65526","-80.088601","","11","0","0","0","0","0","0","0","0","2","0","0","0","","","1","","2","","40 39:18.937","3","0","80 05:18.965","4","0","0","1","2212","0","0","0","N","0","0","0","2","02505","1","","1.0","","1","N","N","","0","","0","0","1","","3","N","","2","1","0","0","0","0","0","2","0","2","","","","N","","","","","","","","","",""
"2014065096","","2","0","0","0","0","0","0","0","0","4","0","","02","7","2014","3","40.446779","-79.950564","","11","0","0","0","0","0","1","0","0","1","0","0","0","","","0","","1","","40 26:48.404","3","0","79 57:02.030","0","0","0","0","2301","0","0","0","N","0","0","0","3","02301","0","","1.0","","1","N","N","","0","","0","0","0","","2","Y","","2","0","0","0","0","0","0","2","0","2","","","","N","","","","","","","","","",""
"2014064257","","2","0","0","0","0","0","0","0","0","5","0","","02","6","2014","3","40.434211","-79.927247","","11","0","0","0","0","0","0","0","0","","0","0","0","","","0","","0","","40 26:03.161","","0","79 55:38.088","0","0","0","0","2301","0","0","0","N","0","0","0","1","02301","0","","6.0","","1","N","N","","0","","0","0","0","","0","","","2","0","0","0","0","0","0","2","0","2","","","","N","","","","","","","","","",""
"2014065809","","2","0","0","0","0","0","0","0","0","1","0","","02","7","2014","4","40.42167","-80.049914","","11","0","1","1","0","0","0","0","0","","0","0","0","","","1","","1","","40 25:18.012","","0","80 02:59.690","8","0","0","0","2435","0","0","0","N","0","0","0","7","02435","0","","1.0","","1","N","N","","0","","0","0","0","","4","","","2","1","0","0","0","1","0","2","0","2","","","","N","","","","","","","","","",""
"2014064322","","1","0","0","0","0","0","0","0","0","1","0","","02","6","2014","7","40.441552","-80.030871","","11","0","0","0","0","0","0","0","0","","0","0","0","","","0","","0","","40 26:29.586","","0","80 01:51.134","0","0","0","0","2301","0","0","0","N","0","0","0","3","02301","0","","1.0","","9","N","N","","0","","0","0","1","","0","","","2","0","2","0","0","0","0","2","0","2","","","","N","","","","","","","","","",""
"2014065827","","1","0","0","0","0","0","0","0","0","7","0","35","02","7","2014","3","40.378677","-79.992894","","11","0","0","0","0","0","0","0","0","","0","0","0","","","0","","2","","40 22:43.238","","0","79 59:34.420","0","0","0","0","2301","0","0","0","N","0","0","0","1","02301","0","","4.0","","1","N","N","","0","","0","0","0","","0","","","1","0","0","0","0","0","0","2","0","1","","","Y","Y","4","1","Y","","N","Y","","","Y",""
"2014064258","","1","0","0","0","0","0","0","0","0","7","0","","02","6","2014","7","40.392333","-80.017639","","11","0","0","0","0","0","0","0","1","2","0","0","0","","","1","","0","","40 23:32.400","5","0","80 01:03.500","4","0","0","0","2301","0","0","0","N","0","0","0","1","02301","1","","1.0","","1","N","N","","0","","0","0","0","","0","Y","","1","1","0","0","0","0","0","2","0","1","","","","N","","","","","","","","","",""
"2014065021","","1","0","0","0","0","0","0","0","0","7","0","","02","6","2014","1","40.323948","-80.138329","","11","0","0","0","0","0","0","0","0","","0","0","0","","","0","","0","","40 19:26.213","","0","80 08:17.983","0","0","0","0","2119","0","0","0","N","0","0","0","1","02119","0","","2.0","","1","N","N","","0","","0","0","0","","0","","","1","0","0","0","0","0","0","2","0","1","","","","N","","","","","","","","","",""
"2014065828","","1","0","0","0","0","0","0","0","0","7","0","","02","7","2014","4","40.464737","-79.935104","","11","0","0","0","0","0","0","0","0","1","0","0","0","","","1","","2","","40 27:53.053","5","0","79 56:06.374","3","0","0","0","2301","0","0","0","N","0","0","0","1","02301","0","","4.0","","1","N","N","","0","","1","0","0","","0","Y","","1","1","0","0","0","0","0","2","0","1","","","","N","","","","","","","","","",""
"2014067429","","1","0","0","0","0","0","0","0","0","2","0","","02","7","2014","3","40.437928","-79.776046","","11","0","0","1","0","0","1","0","0","","0","0","0","","","0","","0","","40 26:16.541","","0","79 46:33.767","0","0","0","0","2446","0","0","0","N","0","0","0","2","02446","0","","1.0","","1","N","N","","0","","0","0","1","","0","","","2","0","0","0","0","0","0","2","0","2","","","","N","","","","","","","","","",""
"2014069004","","2","0","0","0","0","0","0","0","0","5","0","","02","7","2014","7","40.397028","-80.020556","","11","0","0","0","0","0","0","0","0","","0","0","0","","","0","","0","","40 23:49.300","","0","80 01:14.000","9","0","0","0","2301","0","0","0","N","0","0","0","2","02301","0","","6.0","","1","N","N","","0","","0","0","0","","0","","","2","0","0","0","0","0","2","2","0","2","","","","N","","","","","","","","","",""
"2014068251","","1","0","0","0","0","0","0","0","0","7","0","","02","6","2014","2","40.601808","-80.09392","","11","0","0","0","0","0","0","0","0","","0","0","0","","","0","","0","","40 36:06.507","","0","80 05:38.113","0","0","0","0","2481","0","0","0","Y","0","0","0","1","68B03","0","","3.0","","1","N","N","","0","","0","0","0","","0","","","1","0","0","0","0","0","0","2","0","1","","","","N","","","","","","","","","",""
"2014069017","","0","0","0","0","0","0","0","0","0","7","0","","02","7","2014","1","40.417766","-80.011297","","11","0","0","0","0","0","0","0","0","","0","0","0","","","1","","0","","40 25:03.956","","0","80 00:40.669","4","0","0","0","2301","0","0","0","N","0","0","0","1","02301","1","","4.0","","1","N","N","","0","","0","0","1","","0","","","1","1","0","0","0","0","0","2","0","1","","","","N","","","","","","","","","",""
"2014063542","","1","0","0","0","0","0","0","0","0","5","0","","02","6","2014","4","40.446639","-79.948944","","11","0","0","0","0","1","0","0","0","1","0","0","0","","","0","","0","","40 26:47.900","2","0","79 56:56.200","0","0","0","0","2301","0","0","0","N","0","0","0","1","02301","0","","6.0","","1","N","N","","0","","0","0","1","","0","N","","2","0","1","0","0","0","0","2","0","2","","","","N","","","","","","","","","",""
"2014065829","","1","0","0","0","0","0","0","0","0","7","0","","02","7","2014","5","40.421972","-79.749028","","11","0","0","0","0","0","0","0","0","2","0","0","0","","","0","","0","","40 25:19.100","1","0","79 44:56.500","0","0","0","0","2446","0","0","0","N","0","0","0","1","02446","0","","4.0","","1","N","N","","0","","0","0","0","","0","N","","1","0","0","0","0","0","0","2","0","1","","","","N","","","","","","","","","",""
"2014065812","","0","0","0","0","0","0","0","0","0","5","0","","02","7","2014","4","40.467116","-80.07551","","11","0","0","0","0","0","0","0","0","","0","0","0","","","0","","0","","40 28:01.619","","0","80 04:31.836","0","0","0","0","2444","0","0","0","N","0","0","0","1","02444","0","","6.0","","1","N","N","","1","","0","0","1","","0","","","2","0","1","0","0","0","0","2","0","2","","","","N","","","","","","","","","",""
"2014064339","","2","0","0","0","0","0","0","0","0","6","0","","02","6","2014","6","40.457992","-79.964962","","11","0","0","0","0","0","0","0","0","","0","0","0","","","0","","2","","40 27:28.771","","0","79 57:53.863","0","0","0","0","2301","0","0","0","N","0","0","0","1","02301","0","","1.0","","1","N","N","","0","","0","0","0","","0","","","2","0","0","0","0","0","0","2","0","2","","","","N","","","","","","","","","",""
"2014069006","","2","0","0","0","0","0","0","0","0","6","0","","02","7","2014","7","40.350528","-79.872329","","11","0","0","0","0","1","1","0","0","1","0","0","0","","","0","","0","","40 21:01.900","4","0","79 52:20.383","9","0","0","0","2304","0","0","0","N","0","0","0","2","02304","0","","1.0","","1","N","N","","0","","0","0","0","","0","N","","2","0","0","0","0","0","1","2","0","2","","","","N","","","","","","","","","",""
"2014066737","","1","0","0","0","0","0","0","0","0","1","0","","02","7","2014","1","40.486632","-79.889889","","11","0","0","0","0","0","1","0","0","","0","0","0","","","1","","0","","40 29:11.875","","0","79 53:23.600","4","0","0","1","2301","0","0","0","N","0","0","0","2","02301","1","","1.0","","1","N","N","","0","","0","0","0","","0","","","2","1","0","0","0","0","0","2","0","2","","","","N","","","","","","","","","",""
"2014067513","","0","0","0","0","0","0","0","0","0","1","0","","02","7","2014","4","40.443492","-80.028841","","11","0","0","0","0","0","0","0","0","2","0","0","0","","","0","","0","","40 26:36.570","2","99","80 01:43.826","9","0","0","0","2301","0","0","0","N","0","0","0","2","02301","0","","1.0","","1","N","N","","1","","0","0","0","","0","N","","2","0","1","0","0","0","1","2","1","2","","","","N","","","","","","","","","",""
"2014063397","","1","0","0","0","0","0","0","0","0","4","0","","02","6","2014","4","40.440466","-79.991536","","11","0","0","0","0","0","0","0","0","","0","0","0","","","0","","1","","40 26:25.678","","0","79 59:29.530","0","0","0","0","2301","0","0","0","","0","0","0","2","02301","0","","1.0","","9","","","","0","","0","0","1","","2","","","2","0","0","0","0","0","0","2","0","2","","","","N","","","","","","","","","",""
"2014063415","","0","0","0","0","0","0","0","0","0","4","0","","02","6","2014","2","40.597126","-79.930321","","11","0","0","0","0","1","0","0","0","1","0","0","0","","","0","","2","","40 35:49.652","5","0","79 55:49.157","0","0","0","0","2207","0","0","0","N","0","0","0","5","02207","0","","1.0","","1","N","N","","0","","0","0","2","","3","Y","","2","0","0","0","0","0","0","1","0","2","","","","N","","","","","","","","","",""
"2014065817","","0","0","0","0","0","0","0","0","0","7","0","","02","7","2014","5","40.486467","-79.913406","","11","0","0","0","0","0","0","0","0","1","0","0","0","","","1","","0","","40 29:11.280","2","2","79 54:48.263","3","0","0","0","2301","0","0","0","N","0","0","0","1","02301","0","","3.0","","1","N","N","","1","","1","0","0","","0","Y","","1","1","0","0","0","0","0","2","0","1","","","","N","","","","","","","","","",""
"2014067435","","2","0","0","0","0","0","0","0","0","1","0","","02","7","2014","4","40.348799","-79.940063","","11","0","0","0","0","0","3","0","0","2","0","0","0","","","1","","0","","40 20:55.675","4","0","79 56:24.226","4","0","0","0","2473","0","0","0","N","0","0","0","4","02473","1","","1.0","","1","N","N","","2","","0","0","0","","0","N","","4","1","0","0","0","0","0","2","0","4","","","","N","","","","","","","","","",""
"2014064882","","0","0","0","0","0","0","0","0","0","1","0","","02","6","2014","2","40.478909","-80.043021","","11","0","0","0","0","0","1","1","0","1","0","0","0","","","1","","1","","40 28:44.074","2","0","80 02:34.876","4","0","0","0","2301","0","0","0","N","0","0","0","2","02301","1","","1.0","","1","N","N","","1","","0","0","1","","2","N","","2","1","2","0","0","0","0","2","0","2","","","","N","","","","","","","","","",""
"2014066676","","2","0","0","0","0","0","0","0","0","4","0","","02","6","2014","1","40.444568","-80.028731","","11","0","0","0","0","0","1","0","1","","0","0","0","","","3","","3","","40 26:40.444","","0","80 01:43.433","8","0","0","0","2301","0","0","0","N","0","0","0","4","02301","0","","1.0","","1","N","N","","0","","0","0","0","","3","","","2","3","0","0","0","3","0","2","0","2","","","","N","","","","","","","","","",""
"2014064883","","1","0","0","0","0","0","0","0","0","4","0","","02","6","2014","2","40.588948","-80.10173","","11","0","0","0","0","0","0","0","0","","0","0","0","","","0","","1","","40 35:20.212","","0","80 06:06.228","0","0","0","0","2481","0","0","0","N","0","0","0","2","02481","0","","1.0","","1","N","N","","0","","0","0","1","","3","","","2","0","0","0","0","0","0","2","0","2","","","","N","","","","","","","","","",""
"2014064266","","1","0","0","0","0","0","0","0","0","4","0","","02","6","2014","6","40.43575","-79.771","","11","0","0","0","0","0","0","0","0","","0","0","0","","","0","","0","","40 26:08.700","","7","79 46:15.600","0","0","0","0","2446","0","0","0","N","0","0","0","2","02446","0","","1.0","","1","N","N","","0","","0","0","1","","2","","","2","0","0","0","0","0","0","2","0","2","","","","N","","","","","","","","","",""
"2014063562","","1","0","0","0","0","0","0","0","0","7","0","","02","6","2014","5","40.387182","-79.976552","","11","0","0","0","0","0","0","0","0","2","0","0","0","","","1","","0","","40 23:13.855","7","0","79 58:35.587","4","0","0","0","2301","0","0","0","N","0","0","0","1","02301","1","","4.0","","1","N","N","","0","","0","0","0","","0","N","","1","1","0","0","0","0","0","2","0","1","","","","N","","","","","","","","","",""
"2014068937","","1","0","0","0","0","0","0","0","0","8","0","","02","7","2014","7","40.470671","-80.092005","","11","0","0","0","0","0","0","0","0","1","0","0","0","","","1","","0","","40 28:14.416","7","0","80 05:31.217","8","0","0","0","2126","1","0","0","N","1","0","0","2","02126","0","","1.0","","1","N","N","","0","","0","0","0","","0","Y","","2","1","0","0","0","1","0","2","0","1","","","","N","","","","","","","","","",""
"2014064134","","1","0","0","0","0","0","0","0","0","4","0","","02","6","2014","3","40.625382","-79.941819","","11","0","0","0","0","0","1","1","0","1","0","0","0","","","2","","1","","40 37:31.374","7","0","79 56:30.549","3","0","0","0","2217","0","0","0","N","0","0","0","2","02505","1","","1.0","","1","N","N","","0","","1","0","1","","2","N","","2","2","1","0","0","0","0","2","0","2","","","","N","","","","","","","","","",""
"2014066693","","0","0","0","0","0","0","0","0","0","2","0","","02","7","2014","1","40.371422","-80.088613","","11","0","0","0","0","0","0","0","0","2","0","1","0","","","3","","0","","40 22:17.118","6","0","80 05:19.007","4","0","0","0","2117","0","0","0","N","0","0","0","4","02117","2","","1.0","","1","N","N","","1","","0","0","0","","0","Y","","2","3","2","0","0","1","0","2","0","2","","","","N","","","","","","","","","",""
"2014068259","","0","0","0","0","0","0","0","0","0","7","0","","02","7","2014","4","40.658091","-79.722576","","11","0","0","0","0","0","0","0","0","","0","0","0","","","0","","0","","40 39:29.129","","0","79 43:21.272","0","0","0","0","2106","0","0","0","N","0","0","0","1","68D02","0","","4.0","","1","N","N","","0","","0","0","1","","0","","","1","0","0","0","0","0","0","2","0","1","","","","N","","","","","","","","","",""
"2014065033","","1","0","0","0","0","0","0","0","0","2","0","","02","6","2014","6","40.420884","-80.05337","","11","0","0","0","0","0","0","0","0","2","0","0","0","","","2","","1","","40 25:15.184","4","0","80 03:12.132","4","0","0","0","2435","0","0","0","N","0","0","0","2","02435","2","","1.0","","1","N","N","","0","","0","0","1","","2","N","","2","2","0","0","0","0","0","2","0","2","","","","N","","","","","","","","","",""
"2014065825","","1","0","0","0","0","0","0","0","0","4","0","","02","7","2014","4","40.451178","-79.86831","","11","0","0","0","0","0","0","0","1","","0","0","0","","","0","","2","","40 27:04.242","","0","79 52:05.916","9","0","0","0","2301","0","0","0","N","0","0","0","3","02301","0","","1.0","","1","N","N","","0","","0","0","1","","3","","","2","0","1","0","0","0","1","2","0","2","","","","N","","","","","","","","","",""
"2014064348","","1","0","0","0","0","0","0","0","0","5","1","","02","5","2014","6","40.426066","-79.897475","","11","0","0","0","0","0","0","0","0","","0","1","0","","","1","","0","","40 25:33.838","","0","79 53:50.911","4","0","0","0","2301","0","0","0","N","0","0","0","2","68B03","1","","1.0","","1","N","N","","0","","0","0","0","","0","","","2","1","0","0","0","0","0","2","0","2","","","","N","","","","","","","","","",""
"2014064886","","3","0","0","0","0","0","0","0","0","1","0","","02","6","2014","2","40.529641","-79.952384","","11","0","0","0","1","0","0","0","0","1","0","0","0","","","2","","2","","40 31:46.707","1","0","79 57:08.581","4","0","0","0","2118","0","0","0","N","0","0","0","3","02118","2","","1.0","","1","N","N","","0","","0","0","0","","2","N","","3","2","0","0","0","0","0","2","0","3","","","","N","","","","","","","","","",""
"2014063565","","0","0","0","0","0","0","0","0","0","1","0","","02","6","2014","2","40.408916","-79.943776","","11","0","0","0","0","1","0","0","0","2","0","0","0","","","1","","0","","40 24:32.096","2","0","79 56:37.595","4","0","0","0","2301","0","0","0","N","0","0","0","1","02301","1","","6.0","","1","N","N","","0","","0","0","2","","0","Y","","2","1","0","0","0","0","0","2","0","2","","","","N","","","","","","","","","",""
"2014064349","","0","0","0","0","0","0","0","0","0","1","0","","02","6","2014","5","40.426929","-79.891927","","11","0","0","0","0","0","1","0","0","","0","0","0","","","1","","6","","40 25:36.946","","2","79 53:30.937","8","0","0","1","2301","0","0","0","N","0","0","0","2","68B03","0","","1.0","","1","N","N","","1","","0","0","0","","0","","","2","1","0","0","0","1","0","2","0","2","","","","N","","","","","","","","","",""
"2014068940","","0","0","0","0","0","0","0","0","0","4","0","","02","7","2014","6","40.524778","-79.826926","","11","0","0","0","0","0","1","1","0","","0","0","0","","","0","","2","","40 31:29.200","","0","79 49:36.932","0","0","0","0","2466","0","0","0","N","0","0","0","4","02466","0","","1.0","","1","N","N","","0","","0","0","2","","3","","","2","0","0","0","0","0","0","1","0","2","","","","N","","","","","","","","","",""
"2014066680","","1","0","0","0","0","0","0","0","0","7","0","","02","7","2014","2","40.495046","-79.833549","","11","0","0","0","0","0","0","0","0","","0","0","0","","","1","","0","","40 29:42.165","","0","79 50:00.777","4","0","0","0","2113","0","0","0","N","0","0","0","1","02113","1","","5.0","","1","N","N","","0","","0","0","0","","0","","","1","1","1","0","0","0","0","2","0","1","","","","N","","","","","","","","","",""
"2014064270","","1","0","0","0","0","0","0","0","0","4","0","","02","6","2014","7","40.481537","-80.034893","","11","0","0","0","0","0","0","1","1","1","0","0","0","","","1","","1","","40 28:53.533","2","0","80 02:05.614","8","0","0","0","2301","0","0","0","N","0","0","0","2","02301","0","","1.0","","1","N","N","","0","","0","0","1","","3","N","","2","1","0","0","0","1","0","2","0","2","","","","N","","","","","","","","","",""
"2014065035","","3","0","0","0","0","0","0","0","0","4","0","","02","6","2014","2","40.612374","-80.054421","","11","0","0","0","0","0","0","0","0","1","0","0","0","","","1","","2","","40 36:44.547","1","7","80 03:15.917","8","0","0","0","2108","0","0","0","N","0","0","0","3","02108","0","","1.0","","1","N","N","","0","","0","0","0","","2","N","","3","1","0","0","0","1","0","2","0","3","","","","N","","","","","","","","","",""
"2014064350","","0","0","0","0","0","0","0","0","0","0","0","","02","6","2014","5","40.426251","-79.894668","","11","0","0","0","0","0","0","0","0","","0","0","0","","","1","","0","","40 25:34.502","","2","79 53:40.806","8","0","0","1","2301","0","0","0","N","0","0","0","1","68B03","0","","1.0","","1","N","N","","0","","0","0","0","","0","","","1","1","0","0","0","1","0","2","0","1","","","","N","","","","","","","","","",""
"2014065109","","0","0","0","0","0","0","0","0","0","4","0","","02","7","2014","3","40.452443","-80.070836","","11","0","0","0","0","0","0","0","0","1","0","0","0","","","1","","1","","40 27:08.794","6","0","80 04:15.009","8","0","0","0","2301","0","0","0","N","0","0","0","3","02301","0","","1.0","","1","N","N","","1","","0","0","0","","3","N","","2","1","1","0","0","1","0","2","1","2","","","","N","","","","","","","","","",""
"2014066681","","2","0","0","0","0","0","0","0","0","5","0","","02","7","2014","2","40.473738","-79.972027","","11","0","0","0","1","0","0","0","0","1","0","0","0","","","0","","3","","40 28:25.455","2","0","79 58:19.298","0","0","0","0","2445","0","0","0","N","0","0","0","2","02445","0","","1.0","","1","N","N","","0","","0","0","0","","0","N","","2","0","0","0","0","0","0","2","0","2","","","","N","","","","","","","","","",""
"2014066696","","2","0","0","0","0","0","0","0","0","1","0","","02","7","2014","7","40.385945","-80.054038","","11","0","0","0","0","0","0","0","0","2","0","0","0","","","2","","0","","40 23:09.403","2","0","80 03:14.536","4","0","0","0","2109","0","0","0","N","0","0","0","7","02109","2","","1.0","","1","N","N","","0","","0","0","1","","0","N","","3","2","0","0","0","0","0","2","0","3","","","","N","","","","","","","","","",""
"2014067457","","1","0","0","0","0","0","0","0","0","7","0","","02","7","2014","7","40.282201","-79.910091","","11","0","0","0","0","0","0","0","0","3","0","0","0","","","1","","0","","40 16:55.923","1","0","79 54:36.326","4","0","0","0","2440","0","0","0","N","0","0","0","1","02440","1","","3.0","","1","N","N","","0","","0","0","0","","0","Y","","1","1","1","0","0","0","0","2","0","1","","","","N","","","","","","","","","",""
"2014065036","","1","0","0","0","0","0","0","0","0","7","0","","02","5","2014","7","40.310283","-80.015781","","11","0","0","1","0","0","0","0","0","","0","0","0","","","1","","0","","40 18:37.018","","0","80 00:56.811","8","0","0","0","2407","0","0","0","N","0","0","0","1","02407","0","","4.0","","1","N","N","","0","","0","0","0","","0","","","1","1","0","0","0","1","0","2","0","1","","","","N","","","","","","","","","",""
"2014063502","","1","0","0","0","0","0","0","0","0","1","0","","02","6","2014","4","40.339105","-80.126014","","11","0","0","0","1","0","0","1","0","2","0","0","0","","","1","","2","","40 20:20.779","2","0","80 07:33.650","8","0","0","0","2119","0","0","0","N","0","0","0","3","02119","0","","1.0","","1","N","N","","1","","0","0","1","","0","N","","3","1","0","0","0","1","0","2","0","3","","","","N","","","","","","","","","",""
"2014068942","","1","0","0","0","0","0","0","0","0","1","0","","02","7","2014","7","40.542033","-80.013164","","11","0","0","0","0","0","0","0","0","","0","0","0","","","1","","2","","40 32:31.320","","7","80 00:47.389","8","0","0","0","2116","0","0","0","N","0","0","0","3","02116","0","","1.0","","1","N","N","","0","","0","0","4","","2","","","5","1","0","0","0","1","0","2","0","5","","","","N","","","","","","","","","",""
"2014063503","","2","0","0","0","0","0","0","0","0","4","0","","02","6","2014","4","40.631775","-80.058108","","11","0","1","0","0","0","0","1","0","","0","0","0","","","1","","0","","40 37:54.391","","7","80 03:29.188","4","0","0","0","2216","0","0","0","N","0","0","0","3","02505","1","","1.0","","9","N","N","","0","","0","0","0","","0","","","2","1","0","0","0","0","0","2","0","2","","","","N","","","","","","","","","",""
"2014064141","","0","0","0","0","0","0","0","0","0","4","0","","02","6","2014","7","40.449472","-80.002558","","11","0","0","0","0","0","0","0","0","2","0","0","0","","","1","","1","","40 26:58.099","2","0","80 00:09.210","4","0","0","0","2301","0","0","0","N","0","0","0","4","02301","1","","1.0","","1","N","N","","0","","0","0","1","","1","N","","2","1","0","0","0","0","0","2","1","2","","","","N","","","","","","","","","",""
"2014063570","","1","0","0","0","0","0","0","0","0","7","0","","02","6","2014","6","40.581655","-79.956136","","11","0","0","0","0","0","1","0","0","1","0","0","0","","","0","","0","","40 34:53.959","1","0","79 57:22.089","0","0","0","0","2207","0","0","0","N","0","0","0","1","02207","0","","4.0","","9","N","N","","0","","0","0","0","","0","N","","1","0","0","0","0","0","0","2","0","1","","","","N","","","","","","","","","",""