"CRN","ARRIVAL_TM","AUTOMOBILE_COUNT","BELTED_DEATH_COUNT","BELTED_SUSP_SERIOUS_INJ_COUNT","BICYCLE_COUNT","BICYCLE_DEATH_COUNT","BICYCLE_SUSP_SERIOUS_INJ_COUNT","BUS_COUNT","CHLDPAS_DEATH_COUNT","CHLDPAS_SUSP_SERIOUS_INJ_COUNT","COLLISION_TYPE","COMM_VEH_COUNT","CONS_ZONE_SPD_LIM","COUNTY","CRASH_MONTH","CRASH_YEAR","DAY_OF_WEEK","DEC_LATITUDE","DEC_LONGITUDE","DISPATCH_TM","DISTRICT","DRIVER_COUNT_16YR","DRIVER_COUNT_17YR","DRIVER_COUNT_18YR","DRIVER_COUNT_19YR","DRIVER_COUNT_20YR","DRIVER_COUNT_50_64YR","DRIVER_COUNT_65_74YR","DRIVER_COUNT_75PLUS","EST_HRS_CLOSED","FATAL_COUNT","HEAVY_TRUCK_COUNT","HORSE_BUGGY_COUNT","HOUR_OF_DAY","ILLUMINATION","INJURY_COUNT","INTERSECTION_RELATED","INTERSECT_TYPE","LANE_CLOSED","LATITUDE","LN_CLOSE_DIR","LOCATION_TYPE","LONGITUDE","MAX_SEVERITY_LEVEL","MCYCLE_DEATH_COUNT","MCYCLE_SUSP_SERIOUS_INJ_COUNT","MOTORCYCLE_COUNT","MUNICIPALITY","NONMOTR_COUNT","NONMOTR_DEATH_COUNT","NONMOTR_SUSP_SERIOUS_INJ_COUNT","NTFY_HIWY_MAINT","PED_COUNT","PED_DEATH_COUNT","PED_SUSP_SERIOUS_INJ_COUNT","PERSON_COUNT","POLICE_AGCY","POSSIBLE_INJ_COUNT","RDWY_SURF_TYPE_CD","RELATION_TO_ROAD","ROADWAY_CLEARED","ROAD_CONDITION","SCH_BUS_IND","SCH_ZONE_IND","SECONDARY_CRASH","SMALL_TRUCK_COUNT","SPEC_JURIS_CD","SUSP_MINOR_INJ_COUNT","SUSP_SERIOUS_INJ_COUNT","SUV_COUNT","TCD_FUNC_CD","TCD_TYPE","TFC_DETOUR_IND","TIME_OF_DAY","TOTAL_UNITS","TOT_INJ_COUNT","UNBELTED_OCC_COUNT","UNB_DEATH_COUNT","UNB_SUSP_SERIOUS_INJ_COUNT","UNK_INJ_DEG_COUNT","UNK_INJ_PER_COUNT","URBAN_RURAL","VAN_COUNT","VEHICLE_COUNT","WEATHER1","WEATHER2","WORKERS_PRES","WORK_ZONE_IND","WORK_ZONE_LOC","WORK_ZONE_TYPE","WZ_CLOSE_DETOUR","WZ_FLAGGER","WZ_LAW_OFFCR_IND","WZ_LN_CLOSURE","WZ_MOVING","WZ_OTHER","WZ_SHLDER_MDN","WZ_WORKERS_INJ_KILLED"
"2014067329","","2","0","0","0","0","0","0","0","0","1","0","","02","7","2014","3","40.55282","-80.106499","","11","0","0","0","0","0","0","1","0","","0","0","0","","","1","","0","","40 33:10.151","","7","80 06:23.398","3","0","0","0","2215","0","0","0","N","0","0","0","2","02215","0","","1.0","","1","N","N","","0","","1","0","0","","0","","","2","1","0","0","0","0","0","2","0","2","","","","N","","","","","","","","","",""
"2014053659","","1","0","0","0","0","0","0","0","0","8","0","","02","5","2014","3","40.439738","-79.923066","","11","0","0","0","0","0","0","0","1","","0","0","0","","","1","","0","","40 26:23.057","","0","79 55:23.039","3","0","0","0","2301","1","0","0","N","1","0","0","4","02301","0","","1.0","","1","N","N","","0","","1","0","0","","3","","","3","1","1","0","0","0","0","2","1","2","","","","N","","","","","","","","","",""
"2014051347","","1","0","0","0","0","0","0","0","0","4","0","","02","5","2014","3","40.431491","-80.008766","","11","0","0","0","0","0","0","0","0","","0","0","0","","","1","","1","","40 25:53.367","","0","80 00:31.557","8","0","0","0","2301","0","0","0","N","0","0","0","3","02301","0","","1.0","","1","N","N","","0","","0","0","0","","3","","","2","1","0","0","0","1","0","2","1","2","","","","N","","","","","","","","","",""
"2014067129","","1","0","0","0","0","0","0","0","0","4","0","","02","7","2014","2","40.441106","-79.959414","","11","0","0","0","0","0","1","0","0","","0","0","0","","","1","","2","","40 26:27.981","","0","79 57:33.890","8","0","0","1","2301","0","0","0","N","0","0","0","2","02301","0","","1.0","","1","N","N","","0","","0","0","0","","0","","","2","1","1","0","0","1","0","2","0","2","","","","N","","","","","","","","","",""
"2014067191","","2","0","0","0","0","0","0","0","0","4","0","","02","7","2014","2","40.342596","-79.964654","","11","0","0","0","0","0","0","0","0","1","0","0","0","","","0","","1","","40 20:33.344","3","0","79 57:52.756","0","0","0","0","2454","0","0","0","N","0","0","0","3","02454","0","","1.0","","1","N","N","","0","","0","0","0","","0","N","","2","0","0","0","0","0","0","2","0","2","","","","N","","","","","","","","","",""
"2014068892","","0","0","0","1","0","0","0","0","0","8","0","","02","7","2014","3","40.383483","-79.806203","","11","0","0","0","0","0","1","0","0","","0","0","0","","","1","","0","","40 23:00.538","","0","79 48:22.330","4","0","0","0","2424","1","0","0","N","0","0","0","2","02424","1","","1.0","","1","N","N","","0","","0","0","0","","0","","","2","1","0","0","0","0","0","2","1","1","","","","N","","","","","","","","","",""
"2014052948","","1","0","0","0","0","0","0","0","0","4","0","","02","5","2014","1","40.414207","-79.993815","","11","0","0","0","0","0","1","0","0","2","0","0","0","","","0","","0","","40 24:51.145","2","0","79 59:37.734","0","0","0","0","2301","0","0","0","N","0","0","0","1","02301","0","","1.0","","1","N","N","","0","","0","0","1","","0","N","","3","0","0","0","0","0","0","2","1","3","","","","N","","","","","","","","","",""
"2014067332","","1","0","0","0","0","0","0","0","0","6","0","","02","7","2014","3","40.318924","-79.899115","","11","0","1","0","0","0","0","0","0","","0","0","0","","","0","","0","","40 19:08.128","","0","79 53:56.815","0","0","0","0","2440","0","0","0","N","0","0","0","6","02440","0","","1.0","","9","N","N","","1","","0","0","0","","0","","","2","0","0","0","0","0","0","2","0","2","","","","N","","","","","","","","","",""
"2014051414","","1","0","0","0","0","0","0","0","0","4","0","","02","5","2014","3","40.492694","-80.049083","","11","0","0","0","1","0","1","0","0","","0","0","0","","","0","","0","","40 29:33.700","","0","80 02:56.700","0","0","0","0","2301","0","0","0","N","0","0","0","4","02301","0","","1.0","","1","N","N","","0","","0","0","0","","0","","","2","0","0","0","0","0","0","2","1","2","","","","N","","","","","","","","","",""
"2014066508","","1","0","0","0","0","0","0","0","0","7","0","","02","7","2014","7","40.375265","-79.893924","","11","0","0","0","1","0","0","0","0","1","0","0","0","","","1","","0","","40 22:30.955","5","0","79 53:38.127","3","0","0","0","2473","0","0","0","N","0","0","0","1","02473","0","","5.0","","1","N","N","","0","","1","0","0","","0","N","","1","1","0","0","0","0","0","2","0","1","","","","N","","","","","","","","","",""
"2014066572","","2","0","0","0","0","0","0","0","0","5","0","","02","7","2014","1","40.520969","-79.837592","","11","0","0","0","0","0","1","0","0","","0","0","0","","","1","","1","","40 31:15.488","","0","79 50:15.331","8","0","0","0","2451","0","0","0","N","0","0","0","3","02451","0","","1.0","","1","N","N","","0","","0","0","0","","3","","","2","1","0","0","0","1","0","2","0","2","","","","N","","","","","","","","","",""
"2014052950","","1","0","0","0","0","0","0","0","0","4","0","","02","5","2014","6","40.438641","-80.071134","","11","0","0","0","0","1","0","0","0","","0","0","0","","","1","","1","","40 26:19.109","","0","80 04:16.082","4","0","0","0","2421","0","0","0","N","0","0","0","3","02421","1","","1.0","","1","N","N","","0","","0","0","1","","0","","","2","1","0","0","0","0","0","2","0","2","","","","N","","","","","","","","","",""
"2014067133","","0","0","0","0","0","0","0","0","0","8","0","","02","7","2014","3","40.478179","-80.088983","","11","0","0","0","0","0","1","0","0","","0","0","0","","","1","","0","","40 28:41.443","","0","80 05:20.340","4","0","0","0","2126","1","0","0","N","1","0","0","2","02126","1","","1.0","","1","N","N","","1","","0","0","0","","0","","","2","1","1","0","0","0","0","2","0","1","","","","N","","","","","","","","","",""
"2014066509","","1","0","0","0","0","0","0","0","0","7","0","","02","7","2014","1","40.334899","-79.827147","","11","0","0","0","0","0","0","0","0","","0","0","0","","","1","","0","","40 20:05.637","","0","79 49:37.728","3","0","0","0","2304","0","0","0","N","0","0","0","1","02304","0","","5.0","","1","N","N","","0","","1","0","0","","0","","","1","1","1","0","0","0","0","2","0","1","","","","N","","","","","","","","","",""
"2014068896","","1","0","0","0","0","0","0","0","0","4","0","","02","7","2014","5","40.356006","-80.050297","","11","0","0","1","0","0","1","0","0","2","0","0","0","","","1","","0","","40 21:21.622","2","7","80 03:01.070","4","0","0","0","2109","0","0","0","N","0","0","0","3","02109","1","","1.0","","1","N","N","","0","","0","0","1","","0","N","","2","1","1","0","0","0","0","2","0","2","","","","N","","","","","","","","","",""
"2014052951","","1","0","0","0","0","0","0","0","0","7","0","","02","5","2014","6","40.27604","-79.907116","","11","0","0","0","0","0","1","0","0","2","0","0","0","","","0","","0","","40 16:33.745","4","0","79 54:25.619","0","0","0","0","2440","0","0","0","N","0","0","0","1","02440","0","","2.0","","1","N","N","","0","","0","0","0","","0","N","","1","0","0","0","0","0","0","2","0","1","","","","N","","","","","","","","","",""
"2014067134","","0","0","0","1","0","0","0","0","0","8","0","","02","7","2014","3","40.508223","-79.916392","","11","0","0","0","0","0","1","0","0","","0","0","0","","","1","","2","","40 30:29.604","","0","79 54:59.012","8","0","0","0","2112","1","0","0","N","0","0","0","2","02112","0","","1.0","","1","N","N","","0","","0","0","1","","0","","","2","1","0","0","0","1","0","2","0","1","","","","N","","","","","","","","","",""
"2014066498","","0","0","0","0","0","0","0","0","0","0","0","","02","7","2014","7","40.420917","-80.026667","","11","0","0","0","0","0","0","0","0","","0","0","0","","","1","","0","","40 25:15.300","","0","80 01:36.000","8","0","0","1","2301","0","0","0","N","0","0","0","1","02301","0","","1.0","","1","N","N","","0","","0","0","0","","0","","","1","1","0","0","0","1","0","2","0","1","","","","N","","","","","","","","","",""
"2014066510","","0","0","0","0","0","0","0","0","0","4","0","","02","6","2014","7","40.461598","-79.907942","","11","0","0","0","0","0","0","0","0","","0","0","0","","","0","","1","","40 27:41.752","","0","79 54:28.591","0","0","0","0","2301","0","0","0","N","0","0","0","2","02301","0","","1.0","","1","N","N","","0","","0","0","2","","1","","","2","0","0","0","0","0","0","2","0","2","","","","N","","","","","","","","","",""
"2014067335","","1","0","0","0","0","0","0","0","0","7","0","","02","7","2014","3","40.457061","-79.742916","","11","0","0","0","0","0","0","0","0","","0","0","0","","","2","","0","","40 27:25.418","","0","79 44:34.498","4","0","0","0","2466","0","0","0","N","0","0","0","2","02466","1","","4.0","","1","N","N","","0","","0","0","0","","0","","","1","2","0","0","0","1","0","2","0","1","","","","N","","","","","","","","","",""
"2014068897","","1","0","0","0","0","0","0","0","0","4","0","","02","7","2014","6","40.3872","-80.054788","","11","0","0","0","0","0","1","1","0","2","0","0","0","","","1","","1","","40 23:13.921","3","0","80 03:17.237","8","0","0","0","2109","0","0","0","N","0","0","0","3","02109","0","","1.0","","1","N","N","","0","","0","0","1","","3","Y","","2","1","0","0","0","1","0","2","0","2","","","","N","","","","","","","","","",""
"2014067336","","1","0","0","0","0","0","0","0","0","4","0","","02","7","2014","3","40.439416","-79.996924","","11","0","0","0","0","0","1","0","0","","0","0","0","","","0","","1","","40 26:21.897","","0","79 59:48.926","0","0","0","0","2301","0","0","0","N","0","0","0","2","02301","0","","1.0","","1","N","N","","0","","0","0","1","","2","","","2","0","0","0","0","0","0","2","0","2","","","","N","","","","","","","","","",""
"2014067900","","1","0","0","0","0","0","0","0","0","7","0","","02","7","2014","4","40.465088","-79.875906","","11","0","0","0","0","0","0","0","0","","0","0","0","","","0","","0","","40 27:54.315","","0","79 52:33.262","9","0","0","0","2113","0","0","0","N","0","0","0","1","02113","0","","5.0","","1","N","N","","0","","0","0","0","","0","","","1","0","0","0","0","0","1","2","0","1","","","","N","","","","","","","","","",""
"2014066512","","0","0","0","0","0","0","0","0","0","7","0","","02","7","2014","1","40.506404","-79.802255","","11","0","0","0","0","1","0","0","0","2","0","0","0","","","0","","0","","40 30:23.053","5","0","79 48:08.118","0","0","0","0","2113","0","0","0","N","0","0","0","1","02113","0","","4.0","","1","N","N","","1","","0","0","0","","0","N","","1","0","0","0","0","0","0","2","0","1","","","","N","","","","","","","","","",""
"2014067337","","2","0","0","0","0","0","0","0","0","4","0","","02","7","2014","5","40.62595","-80.054656","","11","0","1","0","0","0","1","0","0","","0","0","0","","","0","","0","","40 37:33.421","","7","80 03:16.763","0","0","0","0","2216","0","0","0","N","0","0","0","3","02505","0","","1.0","","1","N","N","","0","","0","0","0","","0","","","2","0","0","0","0","0","0","2","0","2","","","","N","","","","","","","","","",""
"2014066639","","1","0","0","1","0","0","0","0","0","8","0","","02","6","2014","1","40.436372","-80.001127","","11","0","0","0","0","0","1","0","0","","0","0","0","","","1","","1","","40 26:10.940","","8","80 00:04.057","4","0","0","0","2301","1","0","0","N","0","0","0","2","02301","1","","1.0","","1","N","N","","0","","0","0","0","","2","","","2","1","0","0","0","0","1","2","0","1","","","","N","","","","","","","","","",""
"2014052892","","1","0","0","0","0","0","0","0","0","4","0","","02","5","2014","7","40.627893","-79.719262","","11","0","0","0","0","0","0","0","0","","0","0","0","","","4","","1","","40 37:40.413","","0","79 43:09.343","8","0","0","0","2106","0","0","0","N","0","0","0","4","02106","0","","1.0","","1","N","N","","0","","0","0","0","","3","","","2","4","0","0","0","4","0","2","1","2","","","","N","","","","","","","","","",""
"2014051355","","1","0","0","0","0","0","0","0","0","4","0","","02","5","2014","6","40.299889","-79.971722","","11","0","0","0","0","0","2","0","0","","0","0","0","","","1","","2","","40 17:59.600","","4","79 58:18.200","8","0","0","0","2440","0","0","0","N","0","0","0","3","02440","0","","1.0","","1","N","N","","1","","0","0","0","","3","","","2","1","0","0","0","1","0","2","0","2","","","","N","","","","","","","","","",""
"2014052954","","1","0","0","0","0","0","0","0","0","7","0","","02","5","2014","1","40.453389","-80.072306","","11","0","0","0","0","0","0","0","0","2","0","0","0","","","0","","0","","40 27:12.200","7","0","80 04:20.300","0","0","0","0","2301","0","0","0","N","0","0","0","2","02301","0","","5.0","","1","N","N","","0","","0","0","0","","0","Y","","1","0","0","0","0","0","0","2","0","1","","","","N","","","","","","","","","",""
"2014068692","","1","0","0","0","0","0","0","0","0","4","2","","02","7","2014","6","40.559167","-79.959129","","11","1","0","0","0","0","0","0","0","2","0","2","0","","","2","","0","","40 33:33.002","1","0","79 57:32.865","4","0","0","0","2207","0","0","0","N","0","0","0","4","02207","2","","1.0","","1","N","N","","0","","0","0","0","","0","Y","","3","2","0","0","0","0","0","2","0","3","","","","N","","","","","","","","","",""
"2014066514","","1","0","0","0","0","0","0","0","0","4","0","","02","7","2014","6","40.465642","-79.955211","","11","0","0","0","0","0","0","0","0","","0","0","0","","","0","","10","","40 27:56.311","","0","79 57:18.759","0","0","0","0","2301","0","0","0","N","0","0","0","2","02301","0","","1.0","","1","N","N","","0","","0","0","1","","0","","","2","0","2","0","0","0","0","2","0","2","","","","N","","","","","","","","","",""
"2014052893","","3","0","0","0","0","0","0","0","0","0","0","","02","5","2014","1","40.39309","-80.036796","","11","0","0","0","0","0","0","0","1","","0","0","0","","","0","","1","","40 23:35.123","","0","80 02:12.466","0","0","0","0","2422","0","0","0","N","0","0","0","6","02422","0","","1.0","","1","N","N","","0","","0","0","0","","2","","","3","0","0","0","0","0","0","2","0","3","","","","N","","","","","","","","","",""
"2014051421","","2","0","0","0","0","0","0","0","0","4","0","","02","2","2014","4","40.367589","-79.780306","","11","0","0","0","0","0","1","0","0","","0","0","0","","","0","","2","","40 22:03.319","","0","79 46:49.100","0","0","0","0","2111","0","0","0","N","0","0","0","2","02111","0","","1.0","","1","N","N","","0","","0","0","0","","3","","","2","0","0","0","0","0","0","2","0","2","","","","N","","","","","","","","","",""
"2014067138","","1","0","0","0","0","0","0","0","0","2","0","","02","7","2014","5","40.586914","-80.022346","","11","0","0","0","0","0","1","0","1","1","0","0","0","","","1","","1","","40 35:12.889","4","0","80 01:20.446","8","0","0","0","2108","0","0","0","N","0","0","0","2","02108","0","","1.0","","1","N","N","","0","","0","0","1","","2","N","","2","1","0","0","0","1","0","2","0","2","","","","N","","","","","","","","","",""
"2014067903","","2","0","0","0","0","0","0","0","0","4","0","","02","7","2014","4","40.455045","-80.191861","","11","0","0","0","0","0","1","0","0","","0","0","0","","","0","","2","","40 27:18.162","","0","80 11:30.699","0","0","0","0","2214","0","0","0","N","0","0","0","3","02214","0","","1.0","","1","N","N","","0","","0","0","0","","3","","","2","0","0","0","0","0","0","2","0","2","","","","N","","","","","","","","","",""
"2014066435","","2","0","1","0","0","0","0","0","0","1","0","","02","7","2014","4","40.331897","-79.997301","","11","0","0","0","0","0","1","0","0","1","0","0","0","","","1","","0","","40 19:54.829","4","0","79 59:50.284","2","0","0","0","2219","0","0","0","N","0","0","0","3","02219","0","","1.0","","1","N","N","","1","","0","1","0","","0","N","","3","1","0","0","0","0","0","2","0","3","","","","N","","","","","","","","","",""
"2014052956","","1","0","0","0","0","0","0","0","0","7","0","","02","5","2014","6","40.455389","-79.725806","","11","0","0","0","1","0","0","0","0","","0","0","0","","","0","","0","","40 27:19.400","","0","79 43:32.900","0","0","0","0","2466","0","0","0","N","0","0","0","1","02466","0","","5.0","","1","N","N","","0","","0","0","0","","0","","","1","0","0","0","0","0","0","2","0","1","","","","N","","","","","","","","","",""
"2014067139","","0","0","0","0","0","0","0","0","0","8","0","","02","7","2014","5","40.61235","-80.054333","","11","0","0","0","0","0","0","0","0","1","0","0","0","","","1","","2","","40 36:44.459","1","0","80 03:15.599","8","0","0","0","2108","1","0","0","N","1","0","0","2","02108","0","","1.0","","9","N","N","","1","","0","0","0","","3","N","","2","1","0","0","0","1","0","2","0","1","","","","N","","","","","","","","","",""
"2014068694","","0","0","0","0","0","0","0","0","0","4","0","","02","7","2014","6","40.437895","-79.911556","","11","0","0","0","0","0","2","0","0","","0","0","0","","","0","","3","","40 26:16.422","","0","79 54:41.601","0","0","0","0","2301","0","0","0","N","0","0","0","2","02301","0","","1.0","","1","N","N","","1","","0","0","1","","0","","","2","0","0","0","0","0","0","2","0","2","","","","N","","","","","","","","","",""
"2014068903","","1","0","0","0","0","0","0","0","0","5","0","","02","7","2014","7","40.462634","-79.967239","","11","0","0","0","0","0","0","1","0","","0","0","0","","","0","","5","","40 27:45.482","","0","79 58:02.059","0","0","0","0","2301","0","0","0","N","0","0","0","3","02301","0","","1.0","","1","N","N","","0","","0","0","1","","2","","","2","0","0","0","0","0","0","2","0","2","","","","N","","","","","","","","","",""
"2014053738","","0","0","0","0","0","0","0","0","0","7","0","","02","5","2014","2","40.379094","-80.15084","","11","0","0","0","0","0","0","0","0","2","0","0","0","","","0","","0","","40 22:44.737","2","0","80 09:03.023","0","0","0","0","2119","0","0","0","N","0","0","0","1","02119","0","","4.0","","1","N","N","","1","","0","0","0","","0","N","","1","0","0","0","0","0","0","1","0","1","","","","N","","","","","","","","","",""
"2014051424","","0","0","0","0","0","0","0","0","0","1","0","","02","5","2014","3","40.478211","-80.042458","","11","0","0","0","0","0","0","0","0","2","0","0","0","","","0","","0","","40 28:41.559","1","99","80 02:32.850","0","0","0","0","2301","0","0","0","N","0","0","0","2","02301","0","","1.0","","1","N","N","","0","","0","0","1","","0","N","","2","0","0","0","0","0","0","2","1","2","","","","N","","","","","","","","","",""
"2014067140","","0","0","0","0","0","0","0","0","0","4","0","","02","7","2014","4","40.331143","-80.022447","","11","0","0","0","0","0","1","0","1","","0","0","0","","","1","","0","","40 19:52.113","","0","80 01:20.809","3","0","0","0","2407","0","0","0","N","0","0","0","2","02407","0","","1.0","","1","N","N","","1","","1","0","1","","0","","","2","1","0","0","0","0","0","2","0","2","","","","N","","","","","","","","","",""
"2014068696","","1","0","0","0","0","0","0","0","0","4","0","","02","7","2014","6","40.431547","-80.038954","","11","0","0","0","0","0","0","1","0","","0","0","0","","","0","","3","","40 25:53.570","","0","80 02:20.236","0","0","0","0","2301","0","0","0","N","0","0","0","2","02301","0","","1.0","","1","N","N","","0","","0","0","1","","0","","","2","0","0","0","0","0","0","2","0","2","","","","N","","","","","","","","","",""
"2014066437","","0","0","0","0","0","0","0","0","0","0","0","90","02","7","2014","3","40.376688","-79.894312","","11","0","0","0","0","0","0","0","0","","0","0","0","","","1","","1","","40 22:36.077","","0","79 53:39.523","4","0","0","1","2473","0","0","0","Y","0","0","0","1","02473","1","","1.0","","3","N","N","","0","","0","0","0","","2","","","1","1","0","0","0","0","0","2","0","1","","","N","Y","1","2","","","N","","","Y","",""
"2014068904","","0","0","0","0","0","0","0","0","0","7","0","","02","7","2014","7","40.346423","-80.08271","","11","0","0","0","0","1","0","0","0","1","0","0","0","","","0","","0","","40 20:47.123","6","0","80 04:57.757","0","0","0","0","2123","0","0","0","N","0","0","0","1","02123","0","","2.0","","1","N","N","","0","","0","0","1","","0","N","","1","0","0","0","0","0","0","2","0","1","","","","N","","","","","","","","","",""
"2014067355","","2","0","0","0","0","0","0","0","0","4","0","","02","7","2014","7","40.436107","-79.780524","","11","0","0","0","1","1","0","0","0","1","0","0","0","","","2","","2","","40 26:09.985","3","0","79 46:49.885","4","0","0","0","2446","0","0","0","N","0","0","0","2","02446","2","","1.0","","1","N","N","","0","","0","0","0","","2","N","","2","2","0","0","0","0","0","2","0","2","","","","N","","","","","","","","","",""
"2014052958","","1","0","0","0","0","0","0","0","0","4","0","","02","5","2014","7","40.447062","-79.947299","","11","0","0","0","0","0","0","0","0","","0","0","0","","","0","","1","","40 26:49.423","","0","79 56:50.276","0","0","0","0","2301","0","0","0","N","0","0","0","3","02301","0","","1.0","","1","N","N","","0","","0","0","0","","2","","","2","0","0","0","0","0","0","2","1","2","","","","N","","","","","","","","","",""
"2014067906","","1","0","0","0","0","0","0","0","0","5","1","","02","7","2014","4","40.448227","-79.986908","","11","0","0","0","0","0","0","0","0","","0","1","0","","","0","","1","","40 26:53.617","","0","79 59:12.868","0","0","0","0","2301","0","0","0","","0","0","0","2","02301","0","","1.0","","1","","","","0","","0","0","0","","2","","","2","0","0","0","0","0","0","2","0","2","","","","N","","","","","","","","","",""
"2014051360","","2","0","0","0","0","0","0","0","0","4","0","","02","5","2014","3","40.466136","-79.915467","","11","0","0","0","0","0","1","0","0","","0","0","0","","","0","","1","","40 27:58.089","","0","79 54:55.681","9","0","0","0","2301","0","0","0","N","0","0","0","2","02301","0","","1.0","","1","N","N","","0","","0","0","0","","3","","","2","0","0","0","0","0","1","2","0","2","","","","N","","","","","","","","","",""
"2014053744","","2","0","0","0","0","0","0","0","0","4","0","","02","5","2014","3","40.460997","-79.933311","","11","0","0","0","0","0","1","0","0","","0","0","0","","","0","","1","","40 27:39.589","","0","79 55:59.919","0","0","0","0","2301","0","0","0","N","0","0","0","2","02301","0","","1.0","","1","N","N","","0","","0","0","0","","3","","","2","0","0","0","0","0","0","2","0","2","","","","N","","","","","","","","","",""
"2014067220","","1","0","0","0","0","0","0","0","0","4","0","","02","7","2014","3","40.463668","-79.705456","","11","0","0","0","0","1","0","0","0","","0","0","0","","","1","","1","","40 27:49.204","","0","79 42:19.641","4","0","0","0","2466","0","0","0","N","0","0","0","2","02466","1","","1.0","","1","N","N","","0","","0","0","1","","2","","","2","1","0","0","0","0","0","2","0","2","","","","N","","","","","","","","","",""
"2014066519","","1","0","0","0","0","0","0","0","0","0","0","","02","7","2014","1","40.455031","-79.890383","","11","0","0","0","0","0","1","0","0","","0","0","0","","","0","","0","","40 27:18.111","","0","79 53:25.377","0","0","0","0","2301","0","0","0","N","0","0","0","1","02301","0","","1.0","","98","N","N","","0","","0","0","0","","0","","","1","0","0","0","0","0","0","2","0","1","","","","N","","","","","","","","","",""
"2014067343","","2","0","0","0","0","0","0","0","0","4","0","","02","7","2014","2","40.358241","-79.831798","","11","0","0","0","0","0","0","0","0","","0","0","0","","","2","","2","","40 21:29.668","","0","79 49:54.472","3","0","0","0","2477","0","0","0","N","0","0","0","3","02477","1","","1.0","","1","N","N","","0","","1","0","0","","3","","","2","2","0","0","0","0","0","2","0","2","","","","N","","","","","","","","","",""
"2014053673","","0","0","0","0","0","0","0","0","0","1","0","","02","5","2014","4","40.46666","-79.832851","","11","0","0","0","0","0","0","0","0","","0","0","0","","","0","","1","","40 27:59.977","","0","79 49:58.264","0","0","0","0","2113","0","0","0","N","0","0","0","3","02113","0","","1.0","","1","N","N","","0","","0","0","2","","0","","","2","0","0","0","0","0","0","2","0","2","","","","N","","","","","","","","","",""
"2014051361","","2","0","0","0","0","0","0","0","0","1","0","","02","4","2014","5","40.390758","-80.074202","","11","0","0","0","0","0","1","0","0","1","0","0","0","","","1","","2","","40 23:26.727","4","0","80 04:27.127","8","0","0","0","2117","0","0","0","N","0","0","0","3","02117","0","","1.0","","1","N","N","","0","","0","0","0","","2","N","","2","1","0","0","0","1","0","2","0","2","","","","N","","","","","","","","","",""
"2014066441","","2","0","0","0","0","0","0","0","0","1","0","","02","7","2014","7","40.463406","-79.980907","","11","0","0","0","0","0","0","0","0","","0","0","0","","","1","","6","","40 27:48.261","","2","79 58:51.264","4","0","0","0","2301","0","0","0","N","0","0","0","10","02301","1","","1.0","","1","N","N","","0","","0","0","0","","0","","","3","1","0","0","0","0","0","2","1","3","","","","N","","","","","","","","","",""
"2014066453","","0","0","0","0","0","0","0","0","0","1","0","","02","7","2014","5","40.425948","-79.912906","","11","0","0","0","0","0","0","0","0","","0","0","0","","","0","","0","","40 25:33.413","","4","79 54:46.460","0","0","0","0","2301","0","0","0","N","0","0","0","2","68B03","0","","1.0","","1","N","N","","0","","0","0","2","","0","","","2","0","0","0","0","0","0","2","0","2","","","","N","","","","","","","","","",""
"2014066520","","1","0","0","0","0","0","0","0","0","6","0","","02","3","2014","7","40.43553","-79.881989","","11","0","0","0","0","0","0","0","0","","0","0","0","","","0","","0","","40 26:07.908","","0","79 52:55.159","0","0","0","0","2426","0","0","0","N","0","0","0","1","02426","0","","1.0","","1","N","N","","0","","0","0","2","","0","","","3","0","1","0","0","0","0","2","0","3","","","","N","","","","","","","","","",""
"2014067910","","2","0","0","0","0","0","0","0","0","4","0","","02","7","2014","4","40.530878","-80.018148","","11","0","0","0","0","0","1","1","0","2","0","0","0","","","1","","0","","40 31:51.160","5","0","80 01:05.332","8","0","0","0","2116","0","0","0","N","0","0","0","3","02116","0","","1.0","","1","N","N","","0","","0","0","0","","0","N","","2","1","0","0","0","1","0","2","0","2","","","","N","","","","","","","","","",""
"2014068779","","1","0","0","0","0","0","0","0","0","7","0","","02","7","2014","6","40.430159","-80.013731","","11","0","0","0","0","0","0","0","0","1","0","0","0","","","0","","3","","40 25:48.572","2","0","80 00:49.431","0","0","0","0","2301","0","0","0","N","0","0","0","1","02301","0","","4.0","","1","N","N","","0","","0","0","0","","3","Y","","1","0","0","0","0","0","0","2","0","1","","","","N","","","","","","","","","",""
"2014066584","","1","0","0","0","0","0","0","0","0","4","0","","02","7","2014","1","40.444202","-80.028173","","11","0","0","0","0","1","0","0","0","4","0","0","0","","","6","","1","","40 26:39.126","2","3","80 01:41.424","2","0","0","0","2301","0","0","0","N","0","0","0","6","02301","3","","1.0","","1","N","N","","1","","2","1","0","","2","Y","","2","6","2","0","1","0","0","2","0","2","","","","N","","","","","","","","","",""
"2014051364","","1","0","0","0","0","0","0","0","0","4","0","","02","5","2014","3","40.40528","-79.827267","","11","0","0","0","0","0","0","0","0","","0","0","0","","","0","","2","","40 24:19.008","","0","79 49:38.161","0","0","0","0","2467","0","0","0","N","0","0","0","2","02467","0","","1.0","","1","N","N","","0","","0","0","1","","3","","","2","0","0","0","0","0","0","2","0","2","","","","N","","","","","","","","","",""