"CRN","ARRIVAL_TM","AUTOMOBILE_COUNT","BELTED_DEATH_COUNT","BELTED_SUSP_SERIOUS_INJ_COUNT","BICYCLE_COUNT","BICYCLE_DEATH_COUNT","BICYCLE_SUSP_SERIOUS_INJ_COUNT","BUS_COUNT","CHLDPAS_DEATH_COUNT","CHLDPAS_SUSP_SERIOUS_INJ_COUNT","COLLISION_TYPE","COMM_VEH_COUNT","CONS_ZONE_SPD_LIM","COUNTY","CRASH_MONTH","CRASH_YEAR","DAY_OF_WEEK","DEC_LATITUDE","DEC_LONGITUDE","DISPATCH_TM","DISTRICT","DRIVER_COUNT_16YR","DRIVER_COUNT_17YR","DRIVER_COUNT_18YR","DRIVER_COUNT_19YR","DRIVER_COUNT_20YR","DRIVER_COUNT_50_64YR","DRIVER_COUNT_65_74YR","DRIVER_COUNT_75PLUS","EST_HRS_CLOSED","FATAL_COUNT","HEAVY_TRUCK_COUNT","HORSE_BUGGY_COUNT","HOUR_OF_DAY","ILLUMINATION","INJURY_COUNT","INTERSECTION_RELATED","INTERSECT_TYPE","LANE_CLOSED","LATITUDE","LN_CLOSE_DIR","LOCATION_TYPE","LONGITUDE","MAX_SEVERITY_LEVEL","MCYCLE_DEATH_COUNT","MCYCLE_SUSP_SERIOUS_INJ_COUNT","MOTORCYCLE_COUNT","MUNICIPALITY","NONMOTR_COUNT","NONMOTR_DEATH_COUNT","NONMOTR_SUSP_SERIOUS_INJ_COUNT","NTFY_HIWY_MAINT","PED_COUNT","PED_DEATH_COUNT","PED_SUSP_SERIOUS_INJ_COUNT","PERSON_COUNT","POLICE_AGCY","POSSIBLE_INJ_COUNT","RDWY_SURF_TYPE_CD","RELATION_TO_ROAD","ROADWAY_CLEARED","ROAD_CONDITION","SCH_BUS_IND","SCH_ZONE_IND","SECONDARY_CRASH","SMALL_TRUCK_COUNT","SPEC_JURIS_CD","SUSP_MINOR_INJ_COUNT","SUSP_SERIOUS_INJ_COUNT","SUV_COUNT","TCD_FUNC_CD","TCD_TYPE","TFC_DETOUR_IND","TIME_OF_DAY","TOTAL_UNITS","TOT_INJ_COUNT","UNBELTED_OCC_COUNT","UNB_DEATH_COUNT","UNB_SUSP_SERIOUS_INJ_COUNT","UNK_INJ_DEG_COUNT","UNK_INJ_PER_COUNT","URBAN_RURAL","VAN_COUNT","VEHICLE_COUNT","WEATHER1","WEATHER2","WORKERS_PRES","WORK_ZONE_IND","WORK_ZONE_LOC","WORK_ZONE_TYPE","WZ_CLOSE_DETOUR","WZ_FLAGGER","WZ_LAW_OFFCR_IND","WZ_LN_CLOSURE","WZ_MOVING","WZ_OTHER","WZ_SHLDER_MDN","WZ_WORKERS_INJ_KILLED"
"2014053399","","1","0","0","0","0","0","0","0","0","7","0","","02","5","2014","6","40.638844","-79.722716","","11","0","0","0","0","0","0","0","0","2","0","0","0","","","0","","0","","40 38:19.839","2","0","79 43:21.776","0","0","0","0","2106","0","0","0","N","0","0","0","1","68D02","0","","4.0","","1","N","N","","0","","0","0","0","","0","N","","1","0","0","0","0","0","0","2","0","1","","","","N","","","","","","","","","",""
"2014052709","","2","0","0","0","0","0","0","0","0","4","0","","02","5","2014","7","40.457824","-80.056281","","11","0","0","0","0","0","0","0","0","","0","0","0","","","0","","0","","40 27:28.166","","0","80 03:22.611","9","0","0","0","2301","0","0","0","N","0","0","0","2","02301","0","","1.0","","1","N","N","","0","","0","0","0","","0","","","2","0","0","0","0","0","1","2","0","2","","","","N","","","","","","","","","",""
"2014052774","","3","0","0","0","0","0","0","0","0","5","0","","02","5","2014","1","40.466611","-79.924722","","11","0","0","0","0","0","0","0","0","1","0","0","0","","","0","","0","","40 27:59.800","3","0","79 55:29.000","0","0","0","0","2301","0","0","0","N","0","0","0","1","02301","0","","1.0","","1","N","N","","0","","0","0","0","","0","N","","3","0","1","0","0","0","0","2","0","3","","","","N","","","","","","","","","",""
"2014052786","","2","0","0","0","0","0","0","0","0","1","0","","02","5","2014","6","40.415486","-80.060467","","11","0","0","0","0","0","0","0","0","1","0","0","0","","","1","","0","","40 24:55.750","4","0","80 03:37.680","4","0","0","0","2435","0","0","0","N","0","0","0","2","68B03","1","","1.0","","1","N","N","","0","","0","0","0","","0","N","","2","1","0","0","0","0","0","2","0","2","","","","N","","","","","","","","","",""
"2014052070","","2","0","0","0","0","0","0","0","0","1","0","","02","5","2014","5","40.41128","-80.006185","","11","0","0","0","0","0","0","0","0","1","0","0","0","","","0","","0","","40 24:40.609","1","0","80 00:22.266","9","0","0","0","2301","0","0","0","N","0","0","0","4","02301","0","","1.0","","1","N","N","","1","","0","0","0","","0","N","","3","0","0","0","0","0","1","2","0","3","","","","N","","","","","","","","","",""
"2014048340","","1","0","0","0","0","0","0","0","0","1","0","","02","5","2014","5","40.340537","-80.052402","","11","0","0","0","0","0","0","0","0","1","0","0","0","","","1","","2","","40 20:25.933","2","0","80 03:08.646","8","0","0","0","2407","0","0","0","N","0","0","0","2","02407","0","","1.0","","1","N","N","","0","","0","0","1","","2","N","","2","1","0","0","0","1","0","2","0","2","","","","N","","","","","","","","","",""
"2014051792","","2","0","0","0","0","0","0","0","0","4","0","","02","5","2014","3","40.606729","-80.051773","","11","0","0","0","0","1","0","0","0","1","0","0","0","","","1","","0","","40 36:24.225","2","0","80 03:06.384","8","0","0","0","2108","0","0","0","N","0","0","0","2","02108","0","","1.0","","1","N","N","","0","","0","0","0","","0","N","","2","1","0","0","0","1","0","2","0","2","","","","N","","","","","","","","","",""
"2014053473","","2","0","0","0","0","0","0","0","0","1","0","","02","5","2014","3","40.46994","-79.823098","","11","0","0","1","0","0","0","0","0","","0","0","0","","","0","","0","","40 28:11.785","","0","79 49:23.153","0","0","0","0","2113","0","0","0","N","0","0","0","3","02113","0","","1.0","","9","N","N","","0","","0","0","1","","0","","","3","0","1","0","0","0","0","2","0","3","","","","N","","","","","","","","","",""
"2014051931","","0","0","0","0","0","0","0","0","0","1","0","","02","5","2014","4","40.49714","-79.92253","","11","0","0","0","0","0","1","0","0","","0","0","0","","","1","","0","","40 29:49.704","","0","79 55:21.108","8","0","0","0","2461","0","0","0","N","0","0","0","2","68D02","0","","1.0","","1","N","N","","1","","0","0","1","","0","","","2","1","1","0","0","1","0","2","0","2","","","","N","","","","","","","","","",""
"2014052787","","2","0","0","0","0","0","0","0","0","1","0","","02","5","2014","2","40.598476","-80.093317","","11","0","0","0","0","1","0","0","0","","0","0","0","","","1","","0","","40 35:54.512","","0","80 05:35.940","4","0","0","0","2481","0","0","0","N","0","0","0","3","68B03","1","","1.0","","1","N","N","","0","","0","0","0","","0","","","2","1","0","0","0","0","0","2","0","2","","","","N","","","","","","","","","",""
"2014052071","","2","0","0","0","0","0","0","0","0","4","0","","02","5","2014","5","40.500861","-79.863803","","11","0","0","0","0","0","0","0","0","","0","0","0","","","0","","2","","40 30:03.101","","2","79 51:49.691","0","0","0","0","2112","0","0","0","N","0","0","0","2","02112","0","","1.0","","1","N","N","","0","","0","0","0","","0","","","2","0","0","0","0","0","0","2","0","2","","","","N","","","","","","","","","",""
"2014052641","","0","0","0","0","0","0","0","0","0","4","0","","02","5","2014","7","40.436142","-79.921094","","11","0","0","0","0","0","0","0","0","","0","0","0","","","0","","0","","40 26:10.110","","0","79 55:15.940","0","0","0","0","2301","0","0","0","N","0","0","0","2","02301","0","","1.0","","1","N","N","","0","","0","0","2","","0","","","2","0","0","0","0","0","0","2","0","2","","","","N","","","","","","","","","",""
"2014051932","","0","0","0","0","0","0","0","0","0","7","0","","02","5","2014","2","40.49493","-79.909339","","11","0","0","0","0","0","0","0","0","","0","0","0","","","0","","0","","40 29:41.747","","8","79 54:33.619","0","0","0","0","2461","0","0","0","N","0","0","0","2","68D02","0","","4.0","","9","N","N","","0","","0","0","0","","0","","","1","0","1","0","0","0","0","2","1","1","","","","N","","","","","","","","","",""
"2014051295","","2","0","0","0","0","0","0","0","0","5","0","","02","5","2014","1","40.43552","-79.978766","","11","0","0","0","1","0","1","0","0","","0","0","0","","","1","","0","","40 26:07.873","","0","79 58:43.558","4","0","0","0","2301","0","0","0","N","0","0","0","4","68B03","1","","1.0","","1","N","N","","0","","0","0","0","","0","","","2","1","0","0","0","0","0","2","0","2","","","","N","","","","","","","","","",""
"2014052627","","1","0","0","0","0","0","0","0","0","6","0","","02","5","2014","7","40.465028","-79.826361","","11","0","0","0","0","0","1","0","0","","0","0","0","","","0","","0","","40 27:54.100","","7","79 49:34.900","0","0","0","0","2113","0","0","0","N","0","0","0","2","02113","0","","1.0","","1","N","N","","0","","0","0","1","","0","","","2","0","0","0","0","0","0","2","0","2","","","","N","","","","","","","","","",""
"2014052642","","2","0","0","0","0","0","0","0","0","4","0","","02","5","2014","6","40.510943","-79.843278","","11","0","0","0","0","0","0","0","0","","0","0","0","","","0","","0","","40 30:39.396","","0","79 50:35.799","0","0","0","0","2468","0","0","0","N","0","0","0","2","02468","0","","1.0","","1","N","N","","0","","0","0","0","","0","","","2","0","0","0","0","0","0","2","0","2","","","","N","","","","","","","","","",""
"2014052777","","1","0","0","0","0","0","0","0","0","1","0","","02","5","2014","1","40.496861","-79.940623","","11","0","0","0","0","0","0","0","0","1","0","0","0","","","0","","0","","40 29:48.701","2","2","79 56:26.241","0","0","0","0","2430","0","0","0","N","0","0","0","3","02430","0","","1.0","","1","N","N","","0","","0","0","1","","0","N","","2","0","0","0","0","0","0","2","0","2","","","","N","","","","","","","","","",""
"2014049104","","2","0","0","0","0","0","0","0","0","4","0","","02","5","2014","4","40.463474","-79.844397","","11","0","0","0","0","0","1","0","0","1","0","0","0","","","1","","2","","40 27:48.508","1","0","79 50:39.828","8","0","0","0","2113","0","0","0","N","0","0","0","3","02113","0","","1.0","","1","N","N","","0","","0","0","0","","0","N","","2","1","0","0","0","1","0","2","0","2","","","","N","","","","","","","","","",""
"2014052643","","1","0","0","0","0","0","0","0","0","4","0","","02","5","2014","6","40.526916","-79.872106","","11","0","0","0","0","0","1","0","0","","0","0","0","","","0","","2","","40 31:36.899","","0","79 52:19.583","0","0","0","0","2432","0","0","0","N","0","0","0","2","02432","0","","1.0","","1","N","N","","0","","0","0","0","","0","","","2","0","0","0","0","0","0","2","1","2","","","","N","","","","","","","","","",""
"2014053621","","0","0","0","0","0","0","0","0","0","1","0","","02","5","2014","2","40.217082","-79.842591","","11","0","0","0","0","0","2","0","0","2","0","0","0","","","2","","1","","40 13:01.495","5","2","79 50:33.326","3","0","0","2","2204","0","0","0","N","0","0","0","2","02204","0","","1.0","","1","N","N","","0","","2","0","0","","3","N","","2","2","0","0","0","0","0","2","0","2","","","","N","","","","","","","","","",""
"2014051999","","1","0","0","0","0","0","0","0","0","4","0","","02","5","2014","4","40.355676","-80.117493","","11","0","0","0","0","0","1","0","1","","0","0","0","","","3","","7","","40 21:20.432","","2","80 07:02.975","4","0","0","0","2119","0","0","0","N","0","0","0","4","02119","3","","1.0","","1","N","N","","0","","0","0","1","","2","","","2","3","0","0","0","0","0","2","0","2","","","","N","","","","","","","","","",""
"2014052860","","2","0","0","0","0","0","0","0","0","1","0","","02","5","2014","1","40.456241","-80.002641","","11","0","0","0","0","0","1","0","0","","0","0","0","","","1","","2","","40 27:22.467","","0","80 00:09.507","8","0","0","0","2301","0","0","0","N","0","0","0","3","02301","0","","1.0","","1","N","N","","0","","0","0","0","","2","","","2","1","0","0","0","1","0","2","0","2","","","","N","","","","","","","","","",""
"2014051103","","2","0","0","0","0","0","0","0","0","1","0","","02","5","2014","2","40.448231","-80.025863","","11","0","0","0","0","0","1","0","0","2","0","0","0","","","0","","7","","40 26:53.632","1","8","80 01:33.106","0","0","0","0","2301","0","0","0","N","0","0","0","2","02301","0","","1.0","","1","N","N","","0","","0","0","0","","0","N","","2","0","0","0","0","0","0","2","0","2","","","","N","","","","","","","","","",""
"2014049252","","0","0","0","0","0","0","0","0","0","5","1","","02","5","2014","5","40.472558","-80.214911","","11","0","0","0","0","0","0","0","0","","0","1","0","","","1","","0","","40 28:21.207","","0","80 12:53.680","4","0","0","0","2203","0","0","0","N","0","0","0","2","68B03","1","","1.0","","1","N","N","","1","","0","0","0","","0","","","2","1","0","0","0","0","0","2","0","2","","","","N","","","","","","","","","",""
"2014048629","","0","0","0","0","0","0","1","0","0","1","1","","02","5","2014","2","40.443233","-79.866578","","11","0","0","0","1","0","1","0","0","","0","0","0","","","2","","0","","40 26:35.638","","0","79 51:59.679","8","0","0","0","2301","0","0","0","N","0","0","0","9","02503","0","","1.0","","1","N","N","","1","","0","0","0","","0","","","2","2","0","0","0","2","0","2","0","2","","","","N","","","","","","","","","",""
"2014048642","","1","0","0","0","0","0","0","0","0","4","0","","02","5","2014","2","40.585215","-80.04377","","11","0","0","0","0","0","2","0","0","1","0","0","0","","","2","","0","","40 35:06.773","2","7","80 02:37.572","8","0","0","0","2108","0","0","0","N","0","0","0","2","02108","0","","1.0","","9","N","N","","0","","0","0","1","","0","N","","2","2","0","0","0","2","0","2","0","2","","","","N","","","","","","","","","",""
"2014049930","","1","0","0","0","0","0","0","0","0","1","0","","02","5","2014","5","40.512228","-79.949329","","11","0","0","1","0","0","1","0","0","1","0","0","0","","","0","","0","","40 30:44.019","1","7","79 56:57.583","0","0","0","0","2118","0","0","0","N","0","0","0","2","02118","0","","1.0","","9","N","N","","1","","0","0","0","","2","N","","2","0","0","0","0","0","0","2","0","2","","","","N","","","","","","","","","",""
"2014049253","","2","0","0","0","0","0","0","0","0","1","0","","02","5","2014","6","40.473132","-80.116584","","11","0","0","0","1","0","0","0","0","","0","0","0","","","0","","0","","40 28:23.276","","0","80 06:59.701","0","0","0","0","2126","0","0","0","N","0","0","0","3","68B03","0","","1.0","","1","N","N","","0","","0","0","1","","0","","","3","0","0","0","0","0","0","2","0","3","","","","N","","","","","","","","","",""
"2014050834","","2","0","0","0","0","0","0","0","0","4","0","","02","4","2014","6","40.445317","-79.765692","","11","0","0","0","0","0","0","1","0","1","0","0","0","","","0","","0","","40 26:43.140","4","7","79 45:56.490","0","0","0","0","2446","0","0","0","N","0","0","0","7","02446","0","","1.0","","9","N","N","","1","","0","0","1","","3","N","","4","0","0","0","0","0","0","2","0","4","","","","N","","","","","","","","","",""
"2014049186","","3","0","0","0","0","0","0","0","0","1","0","","02","5","2014","4","40.456406","-79.891845","","11","0","0","0","0","0","1","0","0","2","0","0","0","","","1","","0","","40 27:23.060","6","0","79 53:30.642","8","0","0","0","2301","0","0","0","N","0","0","0","1","02301","0","","6.0","","1","N","N","","0","","0","0","1","","0","N","","4","1","0","0","0","1","0","2","0","4","","","","N","","","","","","","","","",""
"2014049254","","1","0","0","0","0","0","0","0","0","1","0","","02","5","2014","7","40.411603","-80.07591","","11","0","0","0","0","0","0","0","0","","0","0","0","","","0","","6","","40 24:41.769","","2","80 04:33.275","0","0","0","0","2117","0","0","0","N","0","0","0","5","68B03","0","","1.0","","1","N","N","","0","","0","0","0","","4","","","2","0","0","0","0","0","0","2","1","2","","","","N","","","","","","","","","",""
"2014050140","","0","0","0","0","0","0","1","0","0","1","1","","02","5","2014","6","40.438334","-79.842884","","11","0","0","0","0","0","2","0","0","1","0","0","0","","","2","","2","","40 26:18.004","1","0","79 50:34.384","4","0","0","0","2419","0","0","0","N","0","0","0","9","02419","1","","1.0","","1","Y","N","","0","","0","0","1","","3","N","","2","2","0","0","0","1","0","2","0","2","","","","N","","","","","","","","","",""
"2014050768","","2","0","0","0","0","0","0","0","0","1","0","","02","5","2014","6","40.526522","-79.963433","","11","0","0","1","0","0","0","0","0","2","0","0","0","","","3","","0","","40 31:35.479","5","0","79 57:48.360","8","0","0","0","2118","0","0","0","N","0","0","0","3","02118","0","","1.0","","1","N","Y","","0","","0","0","0","","0","Y","","2","3","0","0","0","3","0","2","0","2","","","","N","","","","","","","","","",""
"2014050006","","1","0","0","0","0","0","0","0","0","1","0","","02","5","2014","5","40.366718","-79.842214","","11","0","0","0","0","0","0","1","0","","0","0","0","","","0","","0","","40 22:00.184","","0","79 50:31.972","0","0","0","0","2303","0","0","0","N","0","0","0","6","02303","0","","1.0","","9","N","N","","1","","0","0","0","","0","","","2","0","0","0","0","0","0","2","0","2","","","","N","","","","","","","","","",""
"2014050785","","0","0","0","0","0","0","0","0","0","7","0","","02","5","2014","1","40.408028","-79.996972","","11","0","0","0","0","0","0","0","0","","0","0","0","","","0","","0","","40 24:28.900","","0","79 59:49.100","0","0","0","0","2301","0","0","0","N","0","0","0","1","02301","0","","5.0","","1","N","N","","1","","0","0","0","","0","","","1","0","0","0","0","0","0","2","0","1","","","","N","","","","","","","","","",""
"2014050142","","1","0","0","0","0","0","0","0","0","1","0","","02","5","2014","5","40.530577","-80.009757","","11","0","0","0","0","0","0","1","0","","0","0","0","","","1","","1","","40 31:50.078","","0","80 00:35.126","8","0","0","0","2116","0","0","0","N","0","0","0","4","02116","0","","1.0","","9","N","N","","0","","0","0","0","","2","","","2","1","0","0","0","1","0","2","1","2","","","","N","","","","","","","","","",""
"2014050077","","1","0","0","0","0","0","0","0","0","8","0","","02","5","2014","6","40.437737","-79.986557","","11","0","0","0","0","0","0","0","0","","0","0","0","","","1","","1","","40 26:15.853","","0","79 59:11.605","3","0","0","0","2301","1","0","0","N","1","0","0","2","02301","0","","1.0","","9","N","N","","0","","1","0","0","","2","","","2","1","0","0","0","0","1","2","0","1","","","","N","","","","","","","","","",""
"2014050837","","2","0","0","0","0","0","0","0","0","1","0","","02","5","2014","7","40.43085","-79.804926","","11","1","0","0","0","0","0","0","1","1","0","0","0","","","2","","0","","40 25:51.060","3","3","79 48:17.732","4","0","0","0","2446","0","0","0","N","0","0","0","7","02446","2","","1.0","","9","N","N","","1","","0","0","0","","0","N","","3","2","0","0","0","0","0","2","0","3","","","","N","","","","","","","","","",""
"2014050009","","1","0","0","0","0","0","0","0","0","6","0","","02","5","2014","3","40.486742","-79.970246","","11","0","0","0","0","0","0","0","0","","0","0","0","","","1","","0","","40 29:12.272","","0","79 58:12.884","4","0","0","0","2118","0","0","0","N","0","0","0","1","02118","1","","1.0","","1","N","N","","1","","0","0","0","","0","","","2","1","0","0","0","0","0","2","0","2","","","","N","","","","","","","","","",""
"2014050901","","1","0","0","0","0","0","0","0","0","1","0","","02","3","2014","4","40.493164","-79.862389","","11","0","0","0","0","0","2","0","0","","0","0","0","","","0","","2","","40 29:35.392","","0","79 51:44.602","0","0","0","0","2408","0","0","0","N","0","0","0","2","02408","0","","1.0","","2","N","N","","1","","0","0","0","","0","","","2","0","0","0","0","0","0","2","0","2","","","","N","","","","","","","","","",""
"2014049337","","1","0","0","0","0","0","0","0","0","7","0","","02","5","2014","6","40.367725","-80.086341","","11","0","0","0","0","0","0","1","0","","0","0","0","","","2","","0","","40 22:03.810","","99","80 05:10.827","3","0","0","0","2117","0","0","0","N","0","0","0","2","02117","0","","5.0","","1","N","N","","0","","1","0","0","","0","","","1","2","1","0","0","1","0","2","0","1","","","","N","","","","","","","","","",""
"2014050965","","1","0","0","0","0","0","0","0","0","7","0","","02","5","2014","1","40.63369","-79.873433","","11","0","0","0","0","0","0","0","0","2","0","0","0","","","1","","0","","40 38:01.284","4","0","79 52:24.358","4","0","0","0","2220","0","0","0","N","0","0","0","1","02220","1","","5.0","","1","N","N","","0","","0","0","0","","0","N","","1","1","0","0","0","0","0","2","0","1","","","","N","","","","","","","","","",""
"2014048717","","1","0","0","0","0","0","0","0","0","4","0","","02","5","2014","3","40.447954","-80.155605","","11","0","0","0","0","1","0","0","0","","0","0","0","","","0","","0","","40 26:52.633","","0","80 09:20.179","0","0","0","0","2115","0","0","0","N","0","0","0","3","02115","0","","1.0","","1","N","N","","1","","0","0","0","","0","","","2","0","0","0","0","0","0","2","0","2","","","","N","","","","","","","","","",""
"2014050145","","0","0","0","0","0","0","0","0","0","7","0","","02","5","2014","5","40.460007","-79.838527","","11","0","0","0","0","0","1","0","0","","0","0","0","","","1","","0","","40 27:36.025","","0","79 50:18.697","4","0","0","0","2113","0","0","0","N","0","0","0","1","02113","1","","5.0","","9","N","N","","0","","0","0","1","","0","","","1","1","1","0","0","0","0","2","0","1","","","","N","","","","","","","","","",""
"2014050839","","0","0","0","0","0","0","0","0","0","4","0","","02","5","2014","2","40.435583","-79.756108","","11","0","0","0","0","0","0","0","0","1","0","0","0","","","2","","0","","40 26:08.097","2","7","79 45:21.989","4","0","0","0","2446","0","0","0","N","0","0","0","3","02446","2","","1.0","","1","N","N","","0","","0","0","1","","0","N","","2","2","0","0","0","0","0","2","1","2","","","","N","","","","","","","","","",""
"2014050080","","2","0","0","0","0","0","0","0","0","5","0","","02","5","2014","6","40.450412","-79.951147","","11","0","0","0","0","0","0","0","0","","0","0","0","","","0","","0","","40 27:01.482","","0","79 57:04.128","0","0","0","0","2301","0","0","0","N","0","0","0","2","02301","0","","6.0","","9","N","N","","0","","0","0","0","","0","","","2","0","0","0","0","0","0","2","0","2","","","","N","","","","","","","","","",""
"2014050148","","1","0","0","0","0","0","0","0","0","4","0","","02","5","2014","6","40.376387","-79.984523","","11","0","0","0","0","0","1","0","0","","0","0","0","","","0","","0","","40 22:34.993","","7","79 59:04.284","0","0","0","0","2413","0","0","0","N","0","0","0","2","02413","0","","1.0","","1","N","N","","1","","0","0","0","","0","","","2","0","0","0","0","0","0","2","0","2","","","","N","","","","","","","","","",""
"2014049355","","2","0","0","0","0","0","0","0","0","4","0","","02","5","2014","4","40.505333","-80.019636","","11","0","0","0","0","0","1","0","0","1","0","0","0","","","1","","2","","40 30:19.198","3","0","80 01:10.689","8","0","0","0","2116","0","0","0","N","0","0","0","2","02116","0","","1.0","","1","N","N","","0","","0","0","0","","3","N","","2","1","0","0","0","1","0","2","0","2","","","","N","","","","","","","","","",""
"2014048371","","1","0","0","0","0","0","0","0","0","4","0","","02","5","2014","6","40.439333","-79.768583","","11","0","0","0","1","0","0","0","1","","0","0","0","","","1","","0","","40 26:21.600","","7","79 46:06.900","4","0","0","0","2446","0","0","0","N","0","0","0","3","02446","1","","1.0","","1","N","N","","0","","0","0","1","","0","","","2","1","1","0","0","0","0","2","0","2","","","","N","","","","","","","","","",""
"2014050968","","2","0","0","0","0","0","0","0","0","1","0","","02","5","2014","4","40.318444","-79.834103","","11","0","0","0","0","1","2","0","0","","0","0","0","","","1","","0","","40 19:06.397","","0","79 50:02.769","4","0","0","0","2469","0","0","0","N","0","0","0","5","02469","1","","1.0","","1","N","N","","1","","0","0","0","","0","","","3","1","1","0","0","0","0","2","0","3","","","","N","","","","","","","","","",""
"2014050842","","1","0","0","0","0","0","0","0","0","4","0","","02","5","2014","6","40.434578","-79.754344","","11","0","0","0","0","0","1","0","0","1","0","0","0","","","0","","0","","40 26:04.482","2","7","79 45:15.640","0","0","0","0","2446","0","0","0","N","0","0","0","3","02446","0","","1.0","","1","N","N","","0","","0","0","1","","0","N","","2","0","0","0","0","0","0","2","0","2","","","","N","","","","","","","","","",""
"2014050776","","4","0","0","0","0","0","0","0","0","5","0","","02","5","2014","7","40.50313","-80.071973","","11","0","0","0","1","0","0","0","0","","0","0","0","","","1","","0","","40 30:11.269","","0","80 04:19.103","4","0","0","0","2402","0","0","0","N","0","0","0","1","02402","1","","1.0","","9","N","N","","1","","0","0","0","","0","","","5","1","1","0","0","0","0","2","0","5","","","","N","","","","","","","","","",""
"2014050792","","1","0","0","0","0","0","0","0","0","1","0","","02","5","2014","6","40.514464","-79.952158","","11","0","0","0","0","0","1","0","1","","0","0","0","","","0","","2","","40 30:52.072","","0","79 57:07.769","0","0","0","0","2118","0","0","0","N","0","0","0","2","02118","0","","1.0","","1","N","N","","0","","0","0","1","","2","","","2","0","0","0","0","0","0","2","0","2","","","","N","","","","","","","","","",""
"2014049344","","1","0","0","0","0","0","0","0","0","7","0","","02","5","2014","4","40.499944","-80.045444","","11","0","0","0","0","0","0","0","0","","0","0","0","","","1","","0","","40 29:59.800","","0","80 02:43.600","3","0","0","0","2116","0","0","0","N","0","0","0","1","02116","0","","4.0","","1","N","N","","0","","1","0","0","","0","","","1","1","0","0","0","0","0","2","0","1","","","","N","","","","","","","","","",""
"2014050150","","2","0","0","0","0","0","0","0","0","1","0","","02","5","2014","5","40.376256","-79.798616","","11","0","0","0","0","0","1","0","0","1","0","0","0","","","0","","0","","40 22:34.520","3","0","79 47:55.017","0","0","0","0","2111","0","0","0","N","0","0","0","3","02111","0","","1.0","","1","N","N","","0","","0","0","0","","0","N","","2","0","3","0","0","0","0","2","0","2","","","","N","","","","","","","","","",""
"2014050234","","2","0","0","0","0","0","0","0","0","4","0","","02","5","2014","5","40.494084","-79.918162","","11","0","0","0","0","0","0","0","0","1","0","0","0","","","0","","2","","40 29:38.704","4","0","79 55:05.382","0","0","0","0","2461","0","0","0","N","0","0","0","5","02461","0","","1.0","","9","N","N","","0","","0","0","0","","0","N","","2","0","2","0","0","0","0","2","0","2","","","","N","","","","","","","","","",""
"2014048373","","0","0","0","1","0","0","0","0","0","8","0","","02","5","2014","2","40.458586","-80.055525","","11","0","0","0","0","0","0","0","0","","0","0","0","","","1","","1","","40 27:30.909","","0","80 03:19.890","8","0","0","0","2301","1","0","0","N","0","0","0","3","02301","0","","1.0","","1","N","N","","0","","0","0","1","","0","","","2","1","0","0","0","1","0","2","0","1","","","","N","","","","","","","","","",""
"2014049132","","0","0","0","0","0","0","0","0","0","5","1","","02","5","2014","2","40.444506","-80.00935","","11","0","0","0","0","0","1","0","0","2","0","1","0","","","0","","0","","40 26:40.221","2","3","80 00:33.661","0","0","0","0","2301","0","0","0","N","0","0","0","3","68B01","0","","1.0","","1","N","N","","0","","0","0","0","","0","N","","2","0","0","0","0","0","0","2","1","2","","","","N","","","","","","","","","",""
"2014050235","","0","0","0","0","0","0","0","0","0","8","0","","02","5","2014","6","40.428029","-79.974669","","11","0","0","0","0","0","0","0","0","","0","0","0","","","1","","0","","40 25:40.903","","0","79 58:28.810","3","0","0","0","2301","1","0","0","N","1","0","0","3","02301","0","","1.0","","1","N","N","","0","","1","0","1","","0","","","2","1","2","0","0","0","0","2","0","1","","","","N","","","","","","","","","",""
"2014049133","","1","0","0","0","0","0","0","0","0","7","0","","02","5","2014","2","40.634141","-80.097698","","11","0","0","1","0","0","0","0","0","","0","0","0","","","2","","0","","40 38:02.906","","0","80 05:51.711","8","0","0","0","2212","0","0","0","N","0","0","0","2","68B03","0","","4.0","","1","N","N","","0","","0","0","0","","0","","","1","2","0","0","0","2","0","2","0","1","","","","N","","","","","","","","","",""
"2014049212","","2","0","0","0","0","0","0","0","0","1","0","","02","5","2014","5","40.465187","-79.802272","","11","0","0","0","0","0","0","0","0","","0","0","0","","","0","","0","","40 27:54.673","","0","79 48:08.179","0","0","0","0","2113","0","0","0","N","0","0","0","1","02113","0","","1.0","","1","N","N","","0","","0","0","0","","0","","","2","0","0","0","0","0","0","2","0","2","","","","N","","","","","","","","","",""
"2014048377","","1","0","0","0","0","0","0","0","0","7","0","","02","5","2014","3","40.636515","-80.008325","","11","0","0","0","0","0","0","0","0","","0","0","0","","","1","","0","","40 38:11.454","","0","80 00:29.971","4","0","0","0","2216","0","0","0","N","0","0","0","1","02505","1","","5.0","","1","N","N","","0","","0","0","0","","0","","","1","1","1","0","0","0","0","2","0","1","","","","N","","","","","","","","","",""
"2014050004","","2","0","0","0","0","0","0","0","0","4","0","","02","5","2014","5","40.437543","-79.998089","","11","0","0","0","0","0","1","0","0","","0","0","0","","","1","","1","","40 26:15.154","","0","79 59:53.120","8","0","0","0","2301","0","0","0","N","0","0","0","2","02301","0","","1.0","","9","N","N","","0","","0","0","0","","0","","","2","1","0","0","0","1","0","2","0","2","","","","N","","","","","","","","","",""