"CRN","ARRIVAL_TM","AUTOMOBILE_COUNT","BELTED_DEATH_COUNT","BELTED_SUSP_SERIOUS_INJ_COUNT","BICYCLE_COUNT","BICYCLE_DEATH_COUNT","BICYCLE_SUSP_SERIOUS_INJ_COUNT","BUS_COUNT","CHLDPAS_DEATH_COUNT","CHLDPAS_SUSP_SERIOUS_INJ_COUNT","COLLISION_TYPE","COMM_VEH_COUNT","CONS_ZONE_SPD_LIM","COUNTY","CRASH_MONTH","CRASH_YEAR","DAY_OF_WEEK","DEC_LATITUDE","DEC_LONGITUDE","DISPATCH_TM","DISTRICT","DRIVER_COUNT_16YR","DRIVER_COUNT_17YR","DRIVER_COUNT_18YR","DRIVER_COUNT_19YR","DRIVER_COUNT_20YR","DRIVER_COUNT_50_64YR","DRIVER_COUNT_65_74YR","DRIVER_COUNT_75PLUS","EST_HRS_CLOSED","FATAL_COUNT","HEAVY_TRUCK_COUNT","HORSE_BUGGY_COUNT","HOUR_OF_DAY","ILLUMINATION","INJURY_COUNT","INTERSECTION_RELATED","INTERSECT_TYPE","LANE_CLOSED","LATITUDE","LN_CLOSE_DIR","LOCATION_TYPE","LONGITUDE","MAX_SEVERITY_LEVEL","MCYCLE_DEATH_COUNT","MCYCLE_SUSP_SERIOUS_INJ_COUNT","MOTORCYCLE_COUNT","MUNICIPALITY","NONMOTR_COUNT","NONMOTR_DEATH_COUNT","NONMOTR_SUSP_SERIOUS_INJ_COUNT","NTFY_HIWY_MAINT","PED_COUNT","PED_DEATH_COUNT","PED_SUSP_SERIOUS_INJ_COUNT","PERSON_COUNT","POLICE_AGCY","POSSIBLE_INJ_COUNT","RDWY_SURF_TYPE_CD","RELATION_TO_ROAD","ROADWAY_CLEARED","ROAD_CONDITION","SCH_BUS_IND","SCH_ZONE_IND","SECONDARY_CRASH","SMALL_TRUCK_COUNT","SPEC_JURIS_CD","SUSP_MINOR_INJ_COUNT","SUSP_SERIOUS_INJ_COUNT","SUV_COUNT","TCD_FUNC_CD","TCD_TYPE","TFC_DETOUR_IND","TIME_OF_DAY","TOTAL_UNITS","TOT_INJ_COUNT","UNBELTED_OCC_COUNT","UNB_DEATH_COUNT","UNB_SUSP_SERIOUS_INJ_COUNT","UNK_INJ_DEG_COUNT","UNK_INJ_PER_COUNT","URBAN_RURAL","VAN_COUNT","VEHICLE_COUNT","WEATHER1","WEATHER2","WORKERS_PRES","WORK_ZONE_IND","WORK_ZONE_LOC","WORK_ZONE_TYPE","WZ_CLOSE_DETOUR","WZ_FLAGGER","WZ_LAW_OFFCR_IND","WZ_LN_CLOSURE","WZ_MOVING","WZ_OTHER","WZ_SHLDER_MDN","WZ_WORKERS_INJ_KILLED"
"2014049024","","2","0","0","0","0","0","0","0","0","4","0","","02","5","2014","3","40.603422","-79.755287","","11","0","0","0","0","0","0","0","0","","0","0","0","","","0","","1","","40 36:12.319","","0","79 45:19.033","0","0","0","0","2464","0","0","0","N","0","0","0","3","02464","0","","1.0","","1","N","N","","0","","0","0","0","","3","","","2","0","0","0","0","0","0","2","0","2","","","","N","","","","","","","","","",""
"2014050316","","0","0","0","0","0","0","0","0","0","1","0","","02","5","2014","6","40.414847","-80.009277","","11","0","0","0","0","0","0","0","0","","0","0","0","","","1","","0","","40 24:53.450","","4","80 00:33.396","4","0","0","0","2301","0","0","0","N","0","0","0","3","02301","1","","1.0","","1","N","N","","0","","0","0","1","","2","","","2","1","0","0","0","0","1","2","1","2","","","","N","","","","","","","","","",""
"2014050317","","2","0","0","0","0","0","0","0","0","4","0","","02","5","2014","6","40.421365","-79.91857","","11","0","0","0","0","0","0","1","0","","0","0","0","","","0","","0","","40 25:16.914","","0","79 55:06.852","9","0","0","0","2301","0","0","0","N","0","0","0","4","02301","0","","1.0","","1","N","N","","0","","0","0","2","","0","","","4","0","0","0","0","0","1","2","0","4","","","","N","","","","","","","","","",""
"2014048126","","0","0","0","0","0","0","0","0","0","7","0","","02","5","2014","1","40.460968","-79.779529","","11","0","0","1","0","0","0","0","0","4","0","0","0","","","5","","0","","40 27:39.483","6","0","79 46:46.303","3","0","0","0","2113","0","0","0","Y","0","0","0","5","02113","4","","2.0","","1","N","N","","1","","1","0","0","","0","Y","","1","5","3","0","0","0","0","2","0","1","","","","N","","","","","","","","","",""
"2014048047","","0","0","0","0","0","0","0","0","0","1","0","","02","5","2014","7","40.443643","-80.183829","","11","0","0","0","0","0","1","0","0","2","0","0","0","","","1","","2","","40 26:37.115","3","0","80 11:01.786","4","0","0","0","2214","0","0","0","N","0","0","0","3","02214","1","","1.0","","9","N","N","","0","","0","0","1","","0","N","","2","1","0","0","0","0","0","2","1","2","","","","N","","","","","","","","","",""
"2014095009","","2","0","0","0","0","0","0","0","0","4","0","","02","9","2014","6","40.391707","-80.060733","","11","0","0","0","0","0","0","1","1","","0","0","0","","","1","","0","","40 23:30.145","","0","80 03:38.637","3","0","0","0","2117","0","0","0","N","0","0","0","2","02117","0","","1.0","","1","N","N","","0","","1","0","0","","0","","","2","1","0","0","0","0","0","2","0","2","","","","N","","","","","","","","","",""
"2014048049","","1","0","0","0","0","0","0","0","0","4","0","","02","5","2014","1","40.466472","-79.9225","","11","0","0","0","0","0","1","0","0","","0","0","0","","","0","","0","","40 27:59.300","","7","79 55:21.000","0","0","0","0","2301","0","0","0","N","0","0","0","4","02301","0","","1.0","","1","N","N","","0","","0","0","1","","0","","","2","0","0","0","0","0","0","2","0","2","","","","N","","","","","","","","","",""
"2014048949","","0","0","0","0","0","0","0","0","0","7","0","","02","4","2014","6","40.433974","-79.870391","","11","0","0","0","0","0","0","0","0","","0","0","0","","","1","","0","","40 26:02.307","","2","79 52:13.407","4","0","0","0","2419","0","0","0","N","0","0","0","1","68B03","1","","4.0","","1","N","N","","0","","0","0","1","","0","","","1","1","1","0","0","0","0","2","0","1","","","","N","","","","","","","","","",""
"2014094336","","0","0","0","0","0","0","0","0","0","4","0","","02","9","2014","6","40.468893","-79.962579","","11","0","0","0","0","0","0","0","0","","0","0","0","","","1","","0","","40 28:08.014","","7","79 57:45.286","4","0","0","0","2301","0","0","0","N","0","0","0","3","02301","1","","1.0","","1","N","N","","0","","0","0","1","","2","","","2","1","0","0","0","0","0","2","1","2","","","","N","","","","","","","","","",""
"2014048950","","1","0","0","0","0","0","0","0","0","7","0","","02","4","2014","1","40.428157","-79.927506","","11","0","0","0","0","0","0","0","0","","0","0","0","","","0","","0","","40 25:41.366","","4","79 55:39.021","0","0","0","0","2301","0","0","0","N","0","0","0","1","68B03","0","","4.0","","1","N","N","","0","","0","0","0","","0","","","1","0","0","0","0","0","0","2","0","1","","","","N","","","","","","","","","",""
"2014093651","","2","0","0","0","0","0","0","0","0","1","0","","02","9","2014","4","40.343047","-79.964008","","11","0","0","0","0","0","0","0","0","2","0","0","0","","","1","","2","","40 20:34.970","6","0","79 57:50.430","8","0","0","0","2454","0","0","0","N","0","0","0","5","02454","0","","1.0","","1","N","N","","0","","0","0","0","","0","Y","","3","1","0","0","0","1","0","2","1","3","","","","N","","","","","","","","","",""
"2014048885","","0","0","0","0","0","0","0","0","0","7","0","","02","5","2014","3","40.38655","-80.21598","","11","0","0","0","0","0","0","0","0","","0","0","0","","","0","","0","","40 23:11.580","","0","80 12:57.529","0","0","0","0","2214","0","0","0","N","0","0","0","1","02214","0","","2.0","","1","N","N","","0","","0","0","1","","0","","","1","0","0","0","0","0","0","2","0","1","","","","N","","","","","","","","","",""
"2014048951","","1","0","0","0","0","0","0","0","0","4","0","","02","5","2014","4","40.429329","-79.941669","","11","0","0","0","0","0","0","0","0","","0","0","0","","","0","","0","","40 25:45.585","","0","79 56:30.008","0","0","0","0","2301","0","0","0","N","0","0","0","2","68B03","0","","1.0","","1","N","N","","0","","0","0","1","","0","","","2","0","0","0","0","0","0","2","0","2","","","","N","","","","","","","","","",""
"2014050325","","1","0","0","0","0","0","0","0","0","7","0","","02","5","2014","2","40.367944","-80.100972","","11","0","0","0","0","1","0","0","0","","0","0","0","","","0","","0","","40 22:04.600","","0","80 06:03.500","0","0","0","0","2102","0","0","0","N","0","0","0","1","02102","0","","4.0","","1","N","N","","0","","0","0","0","","0","","","1","0","0","0","0","0","0","2","0","1","","","","N","","","","","","","","","",""
"2014050550","","1","0","0","0","0","0","0","0","0","7","0","","02","5","2014","7","40.484376","-79.855038","","11","0","0","0","0","0","0","0","0","","0","0","0","","","1","","0","","40 29:03.753","","0","79 51:18.137","4","0","0","0","2113","0","0","0","N","0","0","0","1","02113","1","","5.0","","1","N","N","","0","","0","0","0","","0","","","1","1","0","0","0","0","0","2","0","1","","","","N","","","","","","","","","",""
"2014050326","","1","0","0","0","0","0","0","0","0","6","0","","02","5","2014","6","40.453376","-79.980689","","11","0","1","0","0","0","0","0","0","1","0","0","0","","","0","","1","","40 27:12.153","3","0","79 58:50.480","0","0","0","0","2301","0","0","0","N","0","0","0","2","02301","0","","1.0","","1","N","N","","0","","0","0","1","","3","Y","","2","0","0","0","0","0","0","2","0","2","","","","N","","","","","","","","","",""
"2014049598","","0","0","0","0","0","0","1","0","0","0","1","","02","5","2014","6","40.443473","-80.004613","","11","0","0","0","0","0","1","0","0","1","0","0","0","","","1","","2","","40 26:36.502","2","0","80 00:16.606","2","0","0","0","2301","0","0","0","N","0","0","0","6","02503","0","","1.0","","1","N","N","","0","","0","1","0","","2","N","","1","1","0","0","0","0","0","2","0","1","","","","N","","","","","","","","","",""
"2014049035","","2","0","0","0","0","0","0","0","0","1","0","","02","5","2014","7","40.521562","-80.005166","","11","0","0","0","0","0","0","0","0","","0","0","0","","","1","","0","","40 31:17.622","","0","80 00:18.597","4","0","0","0","2116","0","0","0","N","0","0","0","2","02116","1","","1.0","","1","N","N","","0","","0","0","0","","0","","","2","1","0","0","0","0","0","2","0","2","","","","N","","","","","","","","","",""
"2014050327","","1","0","0","0","0","0","0","0","0","7","0","","02","5","2014","7","40.327374","-80.039187","","11","0","0","0","0","0","0","1","0","6","0","0","0","","","1","","0","","40 19:38.545","6","7","80 02:21.074","3","0","0","0","2407","0","0","0","N","0","0","0","1","02407","0","","4.0","","1","N","N","","0","","1","0","0","","0","Y","","1","1","0","0","0","0","0","2","0","1","","","","N","","","","","","","","","",""
"2014050409","","1","0","0","0","0","0","0","0","0","7","0","","02","5","2014","7","40.423277","-79.919939","","11","0","0","0","0","0","0","0","0","","0","0","0","","","0","","0","","40 25:23.797","","0","79 55:11.780","0","0","0","0","2301","0","0","0","N","0","0","0","1","02301","0","","4.0","","9","N","N","","0","","0","0","0","","0","","","1","0","0","0","0","0","0","2","0","1","","","","N","","","","","","","","","",""
"2014048059","","1","0","0","0","0","0","0","0","0","4","0","","02","5","2014","1","40.453146","-80.020691","","11","0","0","1","0","0","0","0","1","","0","0","0","","","0","","2","","40 27:11.325","","0","80 01:14.487","0","0","0","0","2301","0","0","0","N","0","0","0","4","02301","0","","1.0","","1","N","N","","0","","0","0","1","","3","","","2","0","0","0","0","0","0","2","0","2","","","","N","","","","","","","","","",""
"2014048892","","1","0","0","0","0","0","0","0","0","1","0","35","02","5","2014","3","40.345139","-79.8855","","11","0","0","0","0","0","2","0","0","2","0","0","0","","","0","","0","","40 20:42.500","3","3","79 53:07.800","0","0","0","0","2423","0","0","0","N","0","0","0","5","02304","0","","1.0","","1","N","N","","1","","0","0","1","","0","N","","3","0","0","0","0","0","0","2","0","3","","","Y","Y","4","1","","Y","N","Y","","","",""
"2014050476","","3","0","0","0","0","0","0","0","0","1","0","","02","5","2014","6","40.3613","-79.982624","","11","0","0","0","0","0","2","1","0","","0","0","0","","","0","","2","","40 21:40.681","","0","79 58:57.446","0","0","0","0","2413","0","0","0","N","0","0","0","4","02413","0","","1.0","","1","N","N","","0","","0","0","1","","3","","","4","0","0","0","0","0","0","2","0","4","","","","N","","","","","","","","","",""
"2014095025","","0","0","0","0","0","0","0","0","0","0","0","","02","9","2014","1","40.58417","-80.031576","","11","0","0","0","0","0","0","0","0","","0","0","0","","","0","","0","","40 35:03.013","","7","80 01:53.674","0","0","0","0","2108","0","0","0","N","0","0","0","1","02108","0","","1.0","","1","N","N","","1","","0","0","0","","0","","","1","0","0","0","0","0","0","2","0","1","","","","N","","","","","","","","","",""
"2014095026","","2","0","0","0","0","0","0","0","0","6","0","","02","9","2014","6","40.449299","-80.124741","","11","0","0","0","0","0","0","0","0","","0","0","0","","","0","","0","","40 26:57.477","","0","80 07:29.066","0","0","0","0","2115","0","0","0","N","0","0","0","2","02115","0","","5.0","","1","N","N","","0","","0","0","0","","0","","","2","0","0","0","0","0","0","2","0","2","","","","N","","","","","","","","","",""
"2014050414","","1","0","0","0","0","0","0","0","0","4","0","","02","5","2014","6","40.427197","-79.962553","","11","0","0","1","0","0","0","0","0","2","0","0","0","","","0","","1","","40 25:37.909","7","0","79 57:45.190","0","0","0","0","2301","0","0","0","N","0","0","0","3","02301","0","","1.0","","9","N","N","","0","","0","0","1","","2","N","","2","0","0","0","0","0","0","2","0","2","","","","N","","","","","","","","","",""
"2014048206","","1","0","0","0","0","0","0","0","0","1","0","","02","5","2014","1","40.404738","-79.76221","","11","0","0","0","0","0","0","0","0","","0","0","0","","","0","","2","","40 24:17.056","","0","79 45:43.957","0","0","0","0","2446","0","0","0","N","0","0","0","4","02446","0","","1.0","","1","N","N","","0","","0","0","0","","3","","","2","0","1","0","0","0","0","2","1","2","","","","N","","","","","","","","","",""
"2014048219","","1","0","0","0","0","0","0","0","0","7","0","","02","5","2014","2","40.39025","-79.982667","","11","0","0","0","0","0","0","0","0","1","0","0","0","","","0","","0","","40 23:24.900","2","0","79 58:57.600","0","0","0","0","2301","0","0","0","N","0","0","0","1","02301","0","","4.0","","1","N","N","","0","","0","0","0","","0","N","","1","0","0","0","0","0","0","2","0","1","","","","N","","","","","","","","","",""
"2014048282","","2","0","0","0","0","0","0","0","0","4","0","","02","5","2014","2","40.454076","-79.996814","","11","0","0","0","0","0","1","0","0","","0","0","0","","","0","","1","","40 27:14.672","","2","79 59:48.532","0","0","0","0","2301","0","0","0","N","0","0","0","2","02301","0","","1.0","","1","N","N","","0","","0","0","0","","2","","","2","0","2","0","0","0","0","2","0","2","","","","N","","","","","","","","","",""
"2014049044","","2","0","0","0","0","0","0","0","0","4","0","","02","5","2014","6","40.504011","-80.140852","","11","0","0","0","0","0","0","0","1","2","0","0","0","","","1","","2","","40 30:14.441","4","0","80 08:27.067","4","0","0","0","2115","0","0","0","N","0","0","0","5","02115","1","","1.0","","1","N","N","","1","","0","0","0","","3","N","","3","1","0","0","0","0","0","2","0","3","","","","N","","","","","","","","","",""
"2014095027","","0","0","0","0","0","0","0","0","0","99","0","","02","9","2014","7","40.424999","-80.104839","","11","0","0","0","0","0","1","0","0","2","0","0","0","","","1","","0","","40 25:29.995","3","0","80 06:17.420","3","0","0","1","2115","0","0","0","N","0","0","0","1","02115","0","","1.0","","1","N","N","","0","","1","0","0","","0","N","","2","1","0","0","0","0","0","2","0","1","","","","N","","","","","","","","","",""
"2014048080","","0","0","0","0","0","0","0","0","0","7","0","","02","5","2014","1","40.458806","-79.998417","","11","0","0","0","0","0","0","0","0","2","0","0","0","","","0","","3","","40 27:31.700","4","0","79 59:54.300","0","0","0","0","2301","0","0","0","N","0","0","0","1","02301","0","","3.0","","1","N","N","","0","","0","0","1","","0","N","","1","0","0","0","0","0","0","2","0","1","","","","N","","","","","","","","","",""
"2014095028","","1","0","0","0","0","0","0","0","0","7","0","","02","9","2014","1","40.44246","-80.157571","","11","0","0","0","0","0","1","0","0","1","0","0","0","","","1","","0","","40 26:32.856","5","0","80 09:27.257","4","0","0","0","2115","0","0","0","N","0","0","0","1","02115","1","","2.0","","1","N","N","","0","","0","0","0","","0","Y","","1","1","0","0","0","0","0","2","0","1","","","","N","","","","","","","","","",""
"2014048069","","2","0","0","0","0","0","0","0","0","1","0","","02","5","2014","1","40.477725","-79.848045","","11","0","0","0","0","0","0","0","0","","0","0","0","","","1","","0","","40 28:39.811","","7","79 50:52.962","4","0","0","0","2113","0","0","0","N","0","0","0","5","02113","1","","1.0","","1","N","N","","0","","0","0","0","","0","","","2","1","0","0","0","0","0","2","0","2","","","","N","","","","","","","","","",""
"2014048208","","1","0","0","0","0","0","0","0","0","4","0","","02","5","2014","7","40.319034","-79.899007","","11","0","0","0","0","0","0","0","0","1","0","0","0","","","0","","0","","40 19:08.524","1","0","79 53:56.426","0","0","0","0","2440","0","0","0","N","0","0","0","2","02440","0","","1.0","","9","N","N","","0","","0","0","1","","0","N","","2","0","0","0","0","0","0","2","0","2","","","","N","","","","","","","","","",""
"2014048221","","0","0","0","0","0","0","0","0","0","7","0","","02","5","2014","7","40.447586","-79.896628","","11","0","0","0","0","0","0","1","0","","0","0","0","","","0","","0","","40 26:51.309","","7","79 53:47.859","0","0","0","0","2301","0","0","0","N","0","0","0","1","02301","0","","2.0","","9","N","N","","0","","0","0","1","","0","","","1","0","0","0","0","0","0","2","0","1","","","","N","","","","","","","","","",""
"2014095029","","1","0","0","1","0","0","0","0","0","8","0","","02","9","2014","6","40.516337","-80.220683","","11","0","0","0","0","0","0","1","0","","0","0","0","","","1","","2","","40 30:58.814","","0","80 13:14.460","8","0","0","0","2213","1","0","0","N","0","0","0","2","02213","0","","1.0","","1","N","N","","0","","0","0","0","","3","","","2","1","0","0","0","1","0","2","0","1","","","","N","","","","","","","","","",""
"2014048899","","1","0","0","0","0","0","0","0","0","7","0","","02","5","2014","1","40.322194","-80.00825","","11","0","0","0","0","0","0","0","0","","0","0","0","","","1","","0","","40 19:19.900","","0","80 00:29.700","2","0","0","0","2407","0","0","0","","0","0","0","2","02501","0","","5.0","","1","","","","0","","0","1","0","","0","","","1","1","0","0","0","0","0","2","0","1","","","","N","","","","","","","","","",""
"2014048222","","2","0","0","0","0","0","0","0","0","1","0","","02","5","2014","2","40.633063","-79.957644","","11","0","0","0","0","0","1","0","0","","0","0","0","","","1","","0","","40 37:59.025","","0","79 57:27.520","4","0","0","0","2217","0","0","0","N","0","0","0","2","02505","1","","1.0","","9","N","N","","0","","0","0","0","","0","","","2","1","0","0","0","0","0","2","0","2","","","","N","","","","","","","","","",""
"2014050561","","0","0","0","0","0","0","0","0","0","1","0","","02","5","2014","7","40.480755","-79.964804","","11","0","0","0","0","0","0","0","0","2","0","0","0","","","2","","0","","40 28:50.717","1","0","79 57:53.295","8","0","0","0","2118","0","0","0","N","0","0","0","4","02118","0","","1.0","","1","N","N","","1","","0","0","1","","0","N","","2","2","0","0","0","2","0","2","0","2","","","","N","","","","","","","","","",""
"2014095030","","2","0","0","0","0","0","0","0","0","4","0","","02","9","2014","2","40.308234","-80.032832","","11","0","0","0","0","0","0","1","1","","0","0","0","","","2","","0","","40 18:29.644","","7","80 01:58.196","4","0","0","0","2407","0","0","0","N","0","0","0","2","02407","2","","1.0","","1","N","N","","0","","0","0","0","","0","","","2","2","0","0","0","0","0","2","0","2","","","","N","","","","","","","","","",""
"2014047990","","1","0","0","0","0","0","0","0","0","7","0","","02","5","2014","7","40.222528","-79.898141","","11","0","0","0","0","0","1","0","0","2","0","0","0","","","1","","0","","40 13:21.100","5","0","79 53:53.307","8","0","0","0","2204","0","0","0","N","0","0","0","1","02204","0","","5.0","","1","N","N","","0","","0","0","0","","0","N","","1","1","0","0","0","1","0","1","0","1","","","","N","","","","","","","","","",""
"2014048900","","0","0","0","0","0","0","0","0","0","7","0","","02","5","2014","4","40.495064","-79.750237","","11","0","0","0","0","1","0","0","0","2","0","0","0","","","0","","0","","40 29:42.231","2","0","79 45:00.852","0","0","0","0","2466","0","0","0","N","0","0","0","1","02466","0","","4.0","","1","N","N","","0","","0","0","1","","0","N","","1","0","0","0","0","0","0","2","0","1","","","","N","","","","","","","","","",""
"2014095031","","2","0","0","0","0","0","0","0","0","1","0","","02","9","2014","5","40.293803","-80.03059","","11","0","0","0","0","0","1","0","1","","0","0","0","","","0","","0","","40 17:37.689","","0","80 01:50.123","0","0","0","0","2407","0","0","0","N","0","0","0","2","02407","0","","1.0","","1","N","N","","0","","0","0","0","","5","","","2","0","0","0","0","0","0","2","0","2","","","","N","","","","","","","","","",""
"2014050353","","2","0","0","0","0","0","0","0","0","0","0","","02","5","2014","5","40.661836","-79.719743","","11","0","0","0","1","0","0","0","0","","0","0","0","","","0","","0","","40 39:42.611","","0","79 43:11.076","0","0","0","0","2106","0","0","0","N","0","0","0","2","68D02","0","","1.0","","1","N","N","","0","","0","0","0","","0","","","2","0","0","0","0","0","0","2","0","2","","","","N","","","","","","","","","",""
"2014050419","","2","0","0","0","0","0","0","0","0","1","0","","02","5","2014","7","40.447077","-79.967426","","11","0","0","0","0","0","0","0","0","","0","0","0","","","0","","0","","40 26:49.477","","0","79 58:02.733","0","0","0","0","2301","0","0","0","N","0","0","0","1","02301","0","","1.0","","1","N","N","","0","","0","0","0","","0","","","2","0","0","0","0","0","0","2","0","2","","","","N","","","","","","","","","",""
"2014050497","","1","0","0","0","0","0","0","0","0","1","0","","02","5","2014","3","40.370462","-79.78659","","11","0","0","0","0","0","1","0","0","","0","0","0","","","0","","0","","40 22:13.663","","0","79 47:11.723","0","0","0","0","2111","0","0","0","N","0","0","0","2","02111","0","","1.0","","1","N","N","","0","","0","0","1","","0","","","2","0","0","0","0","0","0","2","0","2","","","","N","","","","","","","","","",""
"2014050420","","1","0","0","0","0","0","0","0","0","7","0","","02","5","2014","7","40.448733","-80.025316","","11","0","0","0","0","0","0","0","0","1","0","0","0","","","0","","0","","40 26:55.440","1","8","80 01:31.138","0","0","0","0","2301","0","0","0","N","0","0","0","1","02301","0","","2.0","","9","N","N","","0","","0","0","0","","0","N","","1","0","0","0","0","0","0","2","0","1","","","","N","","","","","","","","","",""
"2014048903","","2","0","0","0","0","0","0","0","0","1","0","","02","5","2014","3","40.384957","-79.994879","","11","0","0","0","0","0","0","0","0","","0","0","0","","","0","","2","","40 23:05.844","","0","79 59:41.566","0","0","0","0","2301","0","0","0","N","0","0","0","2","02301","0","","1.0","","1","N","N","","0","","0","0","0","","2","","","2","0","0","0","0","0","0","2","0","2","","","","N","","","","","","","","","",""
"2014050485","","1","0","0","0","0","0","0","0","0","5","0","","02","5","2014","7","40.272868","-79.885199","","11","0","0","0","0","0","0","0","0","3","0","0","0","","","1","","6","","40 16:22.325","3","2","79 53:06.716","4","0","0","0","2428","0","0","0","N","0","0","0","5","02428","1","","7.0","","1","N","N","","1","","0","0","0","","0","Y","","2","1","0","0","0","0","0","2","0","2","","","","N","","","","","","","","","",""
"2014048226","","0","0","0","0","0","0","0","0","0","4","0","","02","5","2014","7","40.423046","-79.927582","","11","0","0","0","0","1","0","0","0","","0","0","0","","","0","","1","","40 25:22.965","","0","79 55:39.295","0","0","0","0","2301","0","0","0","N","0","0","0","2","02301","0","","1.0","","1","N","N","","1","","0","0","1","","2","","","2","0","0","0","0","0","0","2","0","2","","","","N","","","","","","","","","",""
"2014048150","","1","0","0","0","0","0","0","0","0","5","0","","02","5","2014","6","40.423518","-79.865588","","11","0","0","0","0","0","0","0","0","","0","0","0","","","0","","0","","40 25:24.664","","0","79 51:56.116","0","0","0","0","2431","0","0","0","N","0","0","0","1","02431","0","","6.0","","1","N","N","","0","","0","0","1","","0","","","2","0","0","0","0","0","0","2","0","2","","","","N","","","","","","","","","",""
"2014050422","","1","0","0","0","0","0","0","0","0","7","0","","02","5","2014","7","40.455222","-79.967448","","11","0","0","0","0","0","0","0","0","","0","0","0","","","0","","0","","40 27:18.799","","0","79 58:02.813","0","0","0","0","2301","0","0","0","N","0","0","0","1","02301","0","","3.0","","9","N","N","","0","","0","0","0","","0","","","1","0","0","0","0","0","0","2","0","1","","","","N","","","","","","","","","",""
"2014050501","","0","0","0","0","0","0","0","0","0","1","0","","02","5","2014","5","40.416611","-79.925722","","11","0","0","0","0","0","0","0","0","","0","0","0","","","0","","0","","40 24:59.800","","0","79 55:32.600","0","0","0","0","2301","0","0","0","N","0","0","0","2","02301","0","","1.0","","1","N","N","","1","","0","0","1","","0","","","2","0","0","0","0","0","0","2","0","2","","","","N","","","","","","","","","",""
"2014048841","","0","0","0","0","0","0","0","0","0","0","0","","02","5","2014","5","40.441119","-79.752256","","11","0","0","0","0","0","0","0","0","2","0","0","0","","","0","","0","","40 26:28.030","4","0","79 45:08.123","0","0","0","0","2446","0","0","0","N","0","0","0","2","68T02","0","","1.0","","1","N","N","","1","","0","0","0","","0","N","","1","0","0","0","0","0","0","2","0","1","","","","N","","","","","","","","","",""
"2014048920","","1","0","0","0","0","0","0","0","0","7","0","","02","5","2014","4","40.406065","-80.014878","","11","0","0","0","0","0","0","0","0","1","0","0","0","","","0","","0","","40 24:21.834","1","0","80 00:53.560","0","0","0","0","2301","0","0","0","N","0","0","0","1","02301","0","","5.0","","9","N","N","","0","","0","0","0","","0","N","","1","0","0","0","0","0","0","2","0","1","","","","N","","","","","","","","","",""
"2014050503","","1","0","0","0","0","0","0","0","0","7","0","","02","5","2014","6","40.36761","-79.999101","","11","0","0","0","0","0","0","0","0","1","0","0","0","","","1","","0","","40 22:03.397","2","0","79 59:56.763","4","0","0","0","2476","0","0","0","N","0","0","0","1","02476","1","","5.0","","9","N","N","","0","","0","0","0","","0","N","","1","1","0","0","0","0","0","2","0","1","","","","N","","","","","","","","","",""
"2014048230","","1","0","0","0","0","0","0","0","0","1","0","","02","5","2014","7","40.448039","-80.017839","","11","0","0","0","0","0","0","0","0","2","0","0","0","","","0","","1","","40 26:52.940","4","0","80 01:04.220","0","0","0","0","2301","0","0","0","N","0","0","0","3","02301","0","","1.0","","1","N","N","","0","","0","0","0","","2","Y","","2","0","0","0","0","0","0","2","1","2","","","","N","","","","","","","","","",""
"2014050574","","2","0","0","0","0","0","0","0","0","1","0","","02","5","2014","7","40.354074","-79.914478","","11","0","0","0","0","0","0","0","0","1","0","0","0","","","0","","3","","40 21:14.668","3","0","79 54:52.121","0","0","0","0","2473","0","0","0","N","0","0","0","2","02473","0","","1.0","","9","N","N","","0","","0","0","0","","2","N","","2","0","0","0","0","0","0","2","0","2","","","","N","","","","","","","","","",""
"2014050345","","1","0","0","0","0","0","0","0","0","0","0","","02","5","2014","6","40.472313","-80.220713","","11","0","0","0","0","0","0","0","0","","0","0","0","","","0","","0","","40 28:20.325","","0","80 13:14.566","0","0","0","0","2203","0","0","0","N","0","0","0","1","68B03","0","","1.0","","1","N","N","","0","","0","0","0","","0","","","1","0","0","0","0","0","0","2","0","1","","","","N","","","","","","","","","",""
"2014093833","","0","0","0","0","0","0","0","0","0","7","0","","02","9","2014","4","40.44021","-80.079465","","11","0","0","0","0","0","0","0","0","","0","0","0","","","2","","0","","40 26:24.755","","0","80 04:46.074","4","0","0","1","2421","0","0","0","N","0","0","0","2","02421","2","","4.0","","1","N","N","","0","","0","0","0","","0","","","1","2","0","0","0","0","0","2","0","1","","","","N","","","","","","","","","",""
"2014094515","","0","0","0","0","0","0","0","0","0","0","0","","02","9","2014","4","40.653406","-80.067693","","11","0","0","0","0","0","0","0","1","","0","0","0","","","1","","0","","40 39:12.261","","0","80 04:03.696","3","0","0","1","2216","0","0","0","N","0","0","0","1","02505","0","","1.0","","1","N","N","","0","","1","0","0","","0","","","1","1","0","0","0","0","0","2","0","1","","","","N","","","","","","","","","",""
"2014095257","","1","0","0","0","0","0","0","0","0","7","0","","02","9","2014","7","40.539547","-79.829969","","11","0","0","0","0","0","0","0","0","1","0","0","0","","","0","","0","","40 32:22.370","1","7","79 49:47.890","0","0","0","0","2208","0","0","0","N","0","0","0","2","02208","0","","5.0","","1","N","N","","0","","0","0","0","","3","Y","","1","0","2","0","0","0","0","2","0","1","","","","N","","","","","","","","","",""