"CRN","ARRIVAL_TM","AUTOMOBILE_COUNT","BELTED_DEATH_COUNT","BELTED_SUSP_SERIOUS_INJ_COUNT","BICYCLE_COUNT","BICYCLE_DEATH_COUNT","BICYCLE_SUSP_SERIOUS_INJ_COUNT","BUS_COUNT","CHLDPAS_DEATH_COUNT","CHLDPAS_SUSP_SERIOUS_INJ_COUNT","COLLISION_TYPE","COMM_VEH_COUNT","CONS_ZONE_SPD_LIM","COUNTY","CRASH_MONTH","CRASH_YEAR","DAY_OF_WEEK","DEC_LATITUDE","DEC_LONGITUDE","DISPATCH_TM","DISTRICT","DRIVER_COUNT_16YR","DRIVER_COUNT_17YR","DRIVER_COUNT_18YR","DRIVER_COUNT_19YR","DRIVER_COUNT_20YR","DRIVER_COUNT_50_64YR","DRIVER_COUNT_65_74YR","DRIVER_COUNT_75PLUS","EST_HRS_CLOSED","FATAL_COUNT","HEAVY_TRUCK_COUNT","HORSE_BUGGY_COUNT","HOUR_OF_DAY","ILLUMINATION","INJURY_COUNT","INTERSECTION_RELATED","INTERSECT_TYPE","LANE_CLOSED","LATITUDE","LN_CLOSE_DIR","LOCATION_TYPE","LONGITUDE","MAX_SEVERITY_LEVEL","MCYCLE_DEATH_COUNT","MCYCLE_SUSP_SERIOUS_INJ_COUNT","MOTORCYCLE_COUNT","MUNICIPALITY","NONMOTR_COUNT","NONMOTR_DEATH_COUNT","NONMOTR_SUSP_SERIOUS_INJ_COUNT","NTFY_HIWY_MAINT","PED_COUNT","PED_DEATH_COUNT","PED_SUSP_SERIOUS_INJ_COUNT","PERSON_COUNT","POLICE_AGCY","POSSIBLE_INJ_COUNT","RDWY_SURF_TYPE_CD","RELATION_TO_ROAD","ROADWAY_CLEARED","ROAD_CONDITION","SCH_BUS_IND","SCH_ZONE_IND","SECONDARY_CRASH","SMALL_TRUCK_COUNT","SPEC_JURIS_CD","SUSP_MINOR_INJ_COUNT","SUSP_SERIOUS_INJ_COUNT","SUV_COUNT","TCD_FUNC_CD","TCD_TYPE","TFC_DETOUR_IND","TIME_OF_DAY","TOTAL_UNITS","TOT_INJ_COUNT","UNBELTED_OCC_COUNT","UNB_DEATH_COUNT","UNB_SUSP_SERIOUS_INJ_COUNT","UNK_INJ_DEG_COUNT","UNK_INJ_PER_COUNT","URBAN_RURAL","VAN_COUNT","VEHICLE_COUNT","WEATHER1","WEATHER2","WORKERS_PRES","WORK_ZONE_IND","WORK_ZONE_LOC","WORK_ZONE_TYPE","WZ_CLOSE_DETOUR","WZ_FLAGGER","WZ_LAW_OFFCR_IND","WZ_LN_CLOSURE","WZ_MOVING","WZ_OTHER","WZ_SHLDER_MDN","WZ_WORKERS_INJ_KILLED"
"2014095393","","0","0","0","0","0","0","0","0","0","7","0","","02","9","2014","3","40.410646","-80.034638","","11","0","0","0","0","0","0","0","0","2","0","0","0","","","0","","0","","40 24:38.325","6","0","80 02:04.696","0","0","0","0","2301","0","0","0","N","0","0","0","1","02301","0","","5.0","","1","N","N","","0","","0","0","1","","0","N","","1","0","0","0","0","0","0","2","0","1","","","","N","","","","","","","","","",""
"2014095055","","1","0","0","0","0","0","0","0","0","1","0","","02","9","2014","5","40.477291","-79.743743","","11","0","0","0","0","0","0","0","1","1","0","0","0","","","0","","0","","40 28:38.248","2","0","79 44:37.474","0","0","0","0","2466","0","0","0","N","0","0","0","2","02466","0","","1.0","","1","N","N","","1","","0","0","0","","0","N","","2","0","0","0","0","0","0","2","0","2","","","","N","","","","","","","","","",""
"2014093836","","3","0","0","0","0","0","0","0","0","1","0","","02","9","2014","2","40.500683","-79.942203","","11","0","0","1","0","0","0","0","0","2","0","0","0","","","0","","0","","40 30:02.458","2","0","79 56:31.932","0","0","0","0","2430","0","0","0","N","0","0","0","3","02430","0","","1.0","","1","N","N","","0","","0","0","0","","0","N","","3","0","0","0","0","0","0","2","0","3","","","","N","","","","","","","","","",""
"2014093916","","1","0","0","0","0","0","0","0","0","4","0","","02","9","2014","4","40.345366","-80.15479","","11","0","0","0","0","0","0","0","1","2","0","0","0","","","2","","1","","40 20:43.316","4","0","80 09:17.243","4","0","0","0","2119","0","0","0","Y","0","0","0","2","02119","1","","1.0","","1","N","N","","0","","0","0","0","","3","N","","2","2","1","0","0","1","0","2","1","2","","","","N","","","","","","","","","",""
"2014093699","","3","0","0","0","0","0","0","0","0","1","0","","02","9","2014","4","40.426142","-80.000814","","11","0","0","0","0","0","0","0","0","2","0","0","0","","","0","","0","","40 25:34.111","6","0","80 00:02.930","0","0","0","0","2301","0","0","0","N","0","0","0","1","02301","0","","4.0","","1","N","N","","0","","0","0","0","","0","Y","","3","0","0","0","0","0","0","2","0","3","","","","N","","","","","","","","","",""
"2014093700","","0","0","0","0","0","0","0","0","0","4","0","","02","9","2014","1","40.401405","-79.780035","","11","0","0","0","0","0","0","0","0","","0","0","0","","","0","","2","","40 24:05.059","","0","79 46:48.125","0","0","0","0","2453","0","0","0","N","0","0","0","2","02453","0","","1.0","","1","N","N","","1","","0","0","0","","0","","","2","0","0","0","0","0","0","2","1","2","","","","N","","","","","","","","","",""
"2014094385","","2","0","0","0","0","0","0","0","0","0","0","","02","9","2014","5","40.364109","-80.047904","","11","0","0","0","0","0","0","0","0","2","0","0","0","","","0","","3","","40 21:50.794","1","0","80 02:52.453","0","0","0","0","2109","0","0","0","N","0","0","0","4","02109","0","","1.0","","1","N","N","","0","","0","0","0","","0","N","","2","0","0","0","0","0","0","2","0","2","","","","N","","","","","","","","","",""
"2014095792","","2","0","0","0","0","0","0","0","0","1","0","","02","9","2014","2","40.500044","-80.221987","","11","0","0","0","0","0","0","0","0","","0","0","0","","","0","","1","","40 30:00.157","","0","80 13:19.152","0","0","0","0","2213","0","0","0","N","0","0","0","3","02213","0","","1.0","","1","N","N","","0","","0","0","0","","2","","","2","0","1","0","0","0","0","2","0","2","","","","N","","","","","","","","","",""
"2014093841","","3","0","0","0","0","0","0","0","0","4","0","","02","9","2014","6","40.401736","-79.865001","","11","0","0","0","0","0","0","0","0","","0","0","0","","","0","","2","","40 24:06.249","","0","79 51:54.003","9","0","0","0","2410","0","0","0","N","0","0","0","1","02410","0","","2.0","","1","N","N","","0","","0","0","0","","3","","","3","0","0","0","0","0","1","2","0","3","","","","N","","","","","","","","","",""
"2014093703","","1","0","0","0","0","0","0","0","0","7","0","","02","9","2014","5","40.465705","-79.865401","","11","0","0","0","0","0","0","0","0","2","0","0","0","","","1","","2","","40 27:56.539","5","0","79 51:55.443","4","0","0","0","2113","0","0","0","N","0","0","0","1","02113","1","","5.0","","1","N","N","","0","","0","0","0","","0","N","","1","1","0","0","0","0","0","2","0","1","","","","N","","","","","","","","","",""
"2014094526","","2","0","0","0","0","0","0","0","0","2","0","","02","9","2014","7","","","","11","0","0","0","0","0","0","1","0","2","0","0","0","","","1","","0","","","7","0","","3","0","0","0","2415","0","0","0","N","0","0","0","3","02415","0","","1.0","","1","N","N","","0","","1","0","1","","0","Y","","3","1","0","0","0","0","0","1","0","3","","","","N","","","","","","","","","",""
"2014094390","","0","0","0","0","0","0","0","0","0","1","0","","02","7","2014","7","40.4289","-79.932028","","11","0","0","0","0","0","0","0","0","1","0","0","0","","","3","","6","","40 25:44.039","3","2","79 55:55.300","4","0","0","0","2301","0","0","0","N","0","0","0","5","68B03","3","","1.0","","1","N","N","","0","","0","0","2","","4","N","","2","3","0","0","0","0","0","2","0","2","","","","N","","","","","","","","","",""
"2014095404","","0","0","0","0","0","0","0","0","0","99","0","","02","9","2014","2","40.345364","-79.959651","","11","0","0","0","0","0","1","0","0","","0","0","0","","","0","","0","","40 20:43.309","","0","79 57:34.745","0","0","0","0","2473","0","0","0","N","0","0","0","1","02473","0","","1.0","","1","N","N","","0","","0","0","1","","0","","","1","0","0","0","0","0","0","2","0","1","","","","N","","","","","","","","","",""
"2014094391","","1","0","0","0","0","0","0","0","0","7","0","","02","7","2014","7","40.595649","-80.094545","","11","0","0","0","1","0","0","0","0","1","0","0","0","","","2","","0","","40 35:44.336","2","0","80 05:40.361","4","0","0","0","2481","0","0","0","Y","0","0","0","2","68B03","2","","4.0","","9","N","N","","0","","0","0","0","","0","N","","1","2","0","0","0","0","0","2","0","1","","","","N","","","","","","","","","",""
"2014093718","","0","0","0","0","0","0","0","0","0","7","0","","02","6","2014","7","40.457697","-79.998789","","11","0","0","0","0","1","0","0","0","","0","0","0","","","2","","3","","40 27:27.710","","0","79 59:55.642","4","0","0","0","2301","0","0","0","N","0","0","0","2","68B03","2","","3.0","","9","N","N","","0","","0","0","1","","0","","","1","2","2","0","0","0","0","2","0","1","","","","N","","","","","","","","","",""
"2014094392","","2","0","0","0","0","0","0","0","0","1","0","","02","8","2014","4","40.428849","-79.956164","","11","0","0","0","0","0","0","0","0","1","0","0","0","","","0","","6","","40 25:43.856","3","2","79 57:22.191","0","0","0","0","2301","0","0","0","N","0","0","0","3","68B03","0","","1.0","","1","N","N","","0","","0","0","1","","4","N","","3","0","0","0","0","0","0","2","0","3","","","","N","","","","","","","","","",""
"2014093847","","0","0","0","0","0","0","0","0","0","7","0","","02","9","2014","5","40.443942","-79.797876","","11","0","0","0","0","0","0","0","0","1","0","0","0","","","1","","3","","40 26:38.191","3","0","79 47:52.353","3","0","0","0","2113","0","0","0","N","0","0","0","1","02113","0","","2.0","","1","N","N","","1","","1","0","0","","3","N","","1","1","0","0","0","0","0","2","0","1","","","","N","","","","","","","","","",""
"2014094616","","1","0","0","0","0","0","0","0","0","1","0","","02","9","2014","5","40.499652","-79.785569","","11","0","0","0","0","0","1","1","0","","0","0","0","","","4","","0","","40 29:58.746","","0","79 47:08.047","3","0","0","0","2466","0","0","0","N","0","0","0","5","68T02","3","","1.0","","1","N","N","","0","","1","0","1","","0","","","3","4","0","0","0","0","0","2","1","3","","","","N","","","","","","","","","",""
"2014094079","","0","0","0","0","0","0","0","0","0","1","0","","02","9","2014","3","40.654198","-80.083225","","11","0","0","0","0","0","0","0","0","1","0","0","0","","","2","","0","","40 39:15.113","4","0","80 04:59.609","8","0","0","0","2212","0","0","0","N","0","0","0","4","02505","0","","1.0","","1","N","N","","1","","0","0","1","","0","N","","2","2","0","0","0","2","0","2","0","2","","","","N","","","","","","","","","",""
"2014095562","","2","0","0","0","0","0","0","0","0","1","0","","02","9","2014","2","40.487169","-79.885689","","11","0","0","0","0","0","0","1","0","1","0","0","0","","","1","","0","","40 29:13.808","3","0","79 53:08.481","4","0","0","0","2301","0","0","0","N","0","0","0","5","02301","1","","1.0","","1","N","N","","1","","0","0","0","","2","N","","3","1","0","0","0","0","0","2","0","3","","","","N","","","","","","","","","",""
"2014093862","","0","0","0","0","0","0","0","0","0","4","0","","02","9","2014","4","40.440445","-79.960321","","11","0","0","0","0","0","2","0","0","3","0","0","0","","","1","","1","","40 26:25.602","2","0","79 57:37.155","8","0","0","1","2301","0","0","0","N","0","0","0","3","02301","0","","1.0","","1","N","N","","0","","0","0","1","","0","N","","2","1","0","0","0","1","0","2","0","2","","","","N","","","","","","","","","",""
"2014096104","","3","0","0","0","0","0","0","0","0","4","0","","02","10","2014","4","40.45041","-79.948748","","11","0","0","0","0","0","1","0","0","2","0","0","0","","","2","","1","","40 27:01.476","7","0","79 56:55.492","8","0","0","0","2301","0","0","0","N","0","0","0","3","02301","0","","1.0","","1","N","N","","0","","0","0","0","","2","Y","","3","2","0","0","0","2","0","2","0","3","","","","N","","","","","","","","","",""
"2014095845","","1","0","0","0","0","0","0","0","0","4","0","","02","10","2014","4","40.429713","-79.923443","","11","0","0","0","0","0","1","0","0","","0","0","0","","","0","","5","","40 25:46.966","","0","79 55:24.394","0","0","0","0","2301","0","0","0","N","0","0","0","2","02301","0","","1.0","","1","N","N","","0","","0","0","1","","2","","","2","0","0","0","0","0","0","2","0","2","","","","N","","","","","","","","","",""
"2014094706","","1","0","0","0","0","0","0","0","0","5","0","","02","9","2014","1","40.414153","-79.872535","","11","0","0","0","0","0","0","0","0","","0","0","0","","","1","","0","","40 24:50.950","","0","79 52:21.126","3","0","0","0","2463","1","0","0","N","1","0","0","3","02463","0","","6.0","","1","N","N","","1","","1","0","0","","0","","","3","1","0","0","0","0","0","2","0","2","","","","N","","","","","","","","","",""
"2014094082","","1","0","0","0","0","0","0","0","0","4","0","","02","9","2014","5","40.347703","-79.996067","","11","0","0","0","0","0","1","0","0","","0","0","0","","","1","","1","","40 20:51.730","","0","79 59:45.841","4","0","0","0","2403","0","0","0","N","0","0","0","2","02403","1","","1.0","","1","N","N","","1","","0","0","0","","3","","","2","1","0","0","0","0","0","2","0","2","","","","N","","","","","","","","","",""
"2014095429","","2","0","0","0","0","0","0","0","0","1","0","","02","9","2014","2","40.421655","-80.02962","","11","1","0","0","0","0","1","0","0","","0","0","0","","","0","","0","","40 25:17.958","","0","80 01:46.632","0","0","0","0","2301","0","0","0","N","0","0","0","2","02301","0","","1.0","","1","N","N","","0","","0","0","0","","0","","","2","0","0","0","0","0","0","2","0","2","","","","N","","","","","","","","","",""
"2014093853","","1","0","0","0","0","0","0","0","0","4","0","","02","9","2014","3","","","","11","0","1","0","0","0","1","0","0","1","0","0","0","","","0","","2","","","1","0","","0","0","0","0","2102","0","0","0","N","0","0","0","2","02102","0","","1.0","","1","N","N","","0","","0","0","1","","3","Y","","2","0","0","0","0","0","0","1","0","2","","","","N","","","","","","","","","",""
"2014094557","","2","0","0","0","0","0","0","0","0","4","0","","02","9","2014","6","40.433037","-80.029231","","11","0","0","0","0","0","0","1","0","","0","0","0","","","1","","1","","40 25:58.933","","0","80 01:45.231","4","0","0","0","2301","0","0","0","N","0","0","0","2","02301","1","","1.0","","1","N","N","","0","","0","0","0","","3","","","2","1","0","0","0","0","0","2","0","2","","","","N","","","","","","","","","",""
"2014094708","","2","0","0","0","0","0","0","0","0","4","0","","02","9","2014","4","40.45208","-79.930982","","11","0","0","0","0","0","0","1","1","","0","0","0","","","0","","1","","40 27:07.488","","0","79 55:51.535","0","0","0","0","2301","0","0","0","N","0","0","0","6","02301","0","","1.0","","1","N","N","","0","","0","0","0","","2","","","2","0","0","0","0","0","0","2","0","2","","","","N","","","","","","","","","",""
"2014093854","","0","0","0","0","0","0","0","0","0","2","0","","02","9","2014","2","40.667154","-80.102148","","11","0","0","0","0","0","1","0","0","2","0","0","0","","","2","","1","","40 40:01.754","2","0","80 06:07.732","4","0","0","0","2212","0","0","0","N","0","0","0","2","02505","2","","1.0","","1","N","N","","0","","0","0","2","","2","Y","","2","2","0","0","0","0","0","2","0","2","","","","N","","","","","","","","","",""
"2014093938","","0","0","0","1","0","0","0","0","0","8","0","","02","9","2014","5","40.432519","-79.958506","","11","0","0","0","0","0","1","0","0","","0","0","0","","","1","","2","","40 25:57.067","","8","79 57:30.620","4","0","0","0","2301","1","0","0","N","0","0","0","2","02301","1","","1.0","","1","N","N","","0","","0","0","1","","3","","","2","1","0","0","0","0","0","2","0","1","","","","N","","","","","","","","","",""
"2014096110","","0","0","0","0","0","0","0","0","0","2","0","","02","10","2014","4","","","","11","0","0","0","0","0","0","0","1","","0","0","0","","","0","","2","","40 24:16.4","","0","80 15:22.4","0","0","0","0","2214","0","0","0","N","0","0","0","2","02214","0","","1.0","","1","N","N","","0","","0","0","1","","3","","","2","0","0","0","0","0","0","1","1","2","","","","N","","","","","","","","","",""
"2014093939","","0","0","0","0","0","0","0","0","0","4","0","","02","9","2014","4","40.397668","-79.769328","","11","0","0","0","0","0","1","0","0","","0","0","0","","","0","","1","","40 23:51.606","","0","79 46:09.579","0","0","0","0","2446","0","0","0","N","0","0","0","2","02446","0","","1.0","","1","N","N","","1","","0","0","1","","2","","","2","0","0","0","0","0","0","2","0","2","","","","N","","","","","","","","","",""
"2014096111","","0","0","0","0","0","0","0","0","0","5","0","","02","10","2014","4","40.436634","-79.997207","","11","0","0","0","0","0","1","0","0","","0","0","0","","","1","","2","","40 26:11.884","","0","79 59:49.946","4","0","0","0","2301","0","0","0","N","0","0","0","2","02301","1","","1.0","","1","N","N","","1","","0","0","1","","2","","","2","1","0","0","0","0","0","2","0","2","","","","N","","","","","","","","","",""
"2014094337","","1","0","0","0","0","0","0","0","0","1","0","","02","9","2014","6","40.428819","-80.024073","","11","0","0","0","0","0","0","0","0","1","0","0","0","","","1","","10","","40 25:43.747","1","0","80 01:26.664","3","0","0","1","2301","0","0","0","N","0","0","0","1","02301","0","","1.0","","1","N","N","","0","","1","0","0","","0","N","","2","1","0","0","0","0","0","2","0","2","","","","N","","","","","","","","","",""
"2014095077","","2","0","0","0","0","0","0","0","0","1","0","35","02","9","2014","2","40.456455","-79.990261","","11","0","0","0","0","0","0","0","0","","0","0","0","","","1","","0","","40 27:23.238","","0","79 59:24.940","8","0","0","0","2301","0","0","0","N","0","0","0","2","02301","0","","1.0","","1","N","N","","0","","0","0","0","","0","","","2","1","0","0","0","1","0","2","0","2","","","Y","Y","4","1","","","N","Y","Y","","Y",""
"2014094628","","0","0","0","0","0","0","0","0","0","1","0","","02","9","2014","7","40.437961","-79.991059","","11","0","0","0","0","0","0","0","0","","0","0","0","","","0","","1","","40 26:16.659","","0","79 59:27.812","0","0","0","0","2301","0","0","0","N","0","0","0","6","02301","0","","1.0","","1","N","N","","0","","0","0","3","","2","","","3","0","0","0","0","0","0","2","0","3","","","","N","","","","","","","","","",""
"2014095231","","0","0","0","0","0","0","0","0","0","1","1","","02","9","2014","7","40.22856","-79.855219","","11","0","0","0","0","0","1","0","0","1","0","1","0","","","0","","1","","40 13:42.815","1","0","79 51:18.787","0","0","0","0","2204","0","0","0","N","0","0","0","2","02204","0","","1.0","","1","N","N","","1","","0","0","0","","0","Y","","2","0","0","0","0","0","0","2","0","2","","","","N","","","","","","","","","",""
"2014096115","","0","0","0","0","0","0","0","0","0","0","0","","02","10","2014","4","40.462199","-79.941597","","11","0","0","0","0","0","0","0","0","1","0","0","0","","","0","","2","","40 27:43.916","3","0","79 56:29.749","0","0","0","0","2301","0","0","0","N","0","0","0","2","02301","0","","1.0","","1","N","N","","0","","0","0","1","","0","Y","","1","0","1","0","0","0","0","2","0","1","","","","N","","","","","","","","","",""
"2014093654","","2","0","0","0","0","0","0","0","0","4","0","","02","9","2014","4","40.423256","-80.062112","","11","0","0","0","0","0","1","0","0","","0","0","0","","","0","","0","","40 25:23.721","","0","80 03:43.603","0","0","0","0","2435","0","0","0","N","0","0","0","2","02435","0","","1.0","","1","N","N","","0","","0","0","0","","3","","","2","0","0","0","0","0","0","2","0","2","","","","N","","","","","","","","","",""
"2014095079","","1","0","0","0","0","0","0","0","0","7","0","","02","9","2014","1","40.423028","-79.88554","","11","0","0","0","0","0","0","0","0","","0","0","0","","","1","","2","","40 25:22.900","","0","79 53:07.944","8","0","0","0","2463","0","0","0","N","0","0","0","1","02463","0","","5.0","","1","N","N","","0","","0","0","0","","0","","","1","1","1","0","0","1","0","2","0","1","","","","N","","","","","","","","","",""
"2014094353","","1","0","0","0","0","0","0","0","0","7","0","","02","9","2014","6","40.468699","-80.009601","","11","0","0","0","0","0","0","0","0","3","1","0","0","","","0","","3","","40 28:07.316","6","0","80 00:34.563","1","0","0","0","2301","0","0","0","N","0","0","0","1","02301","0","2","5.0","","1","N","N","","0","0","0","0","0","","0","Y","","1","0","0","0","0","0","0","2","0","1","","","","N","","","","","","","","","",""
"2014095807","","2","0","0","0","0","0","0","0","0","4","0","","02","10","2014","4","40.335261","-79.985267","","11","0","0","0","0","0","1","0","0","","0","0","0","","","1","","0","","40 20:06.938","","0","79 59:06.960","4","0","0","0","2403","0","0","0","N","0","0","0","2","02403","1","","6.0","","1","N","N","","0","","0","0","1","","0","","","3","1","0","0","0","0","0","2","0","3","","","","N","","","","","","","","","",""
"2014093944","","1","0","0","0","0","0","0","0","0","7","0","","02","9","2014","5","40.434936","-79.992768","","11","0","0","0","0","0","1","0","0","1","0","0","0","","","0","","0","","40 26:05.769","3","0","79 59:33.963","0","0","0","0","2301","0","0","0","N","0","0","0","1","02301","0","","5.0","","1","N","N","","0","","0","0","0","","0","N","","1","0","0","0","0","0","0","2","0","1","","","","N","","","","","","","","","",""
"2014095080","","1","0","0","1","0","0","0","0","0","8","0","","02","9","2014","2","40.460428","-79.913788","","11","0","0","0","0","0","0","1","0","1","0","0","0","","","1","","5","","40 27:37.540","6","0","79 54:49.636","8","0","0","0","2301","1","0","0","N","0","0","0","2","02301","0","","1.0","","1","N","N","","0","","0","0","0","","2","N","","2","1","0","0","0","1","0","2","0","1","","","","N","","","","","","","","","",""
"2014094355","","1","0","0","0","0","0","0","0","0","7","0","","02","9","2014","6","40.44875","-79.816529","","11","1","0","0","0","0","0","0","0","2","0","0","0","","","0","","0","","40 26:55.500","1","0","79 48:59.504","0","0","0","0","2113","0","0","0","N","0","0","0","1","02113","0","","2.0","","1","N","N","","0","","0","0","0","","0","N","","1","0","0","0","0","0","0","2","0","1","","","","N","","","","","","","","","",""
"2014095093","","2","0","0","0","0","0","0","0","0","1","0","","02","9","2014","2","40.388668","-79.93372","","11","0","0","0","0","0","1","0","0","","0","0","0","","","0","","3","","40 23:19.206","","2","79 56:01.393","0","0","0","0","2301","0","0","0","N","0","0","0","2","02301","0","","1.0","","1","N","N","","0","","0","0","0","","4","","","2","0","0","0","0","0","0","2","0","2","","","","N","","","","","","","","","",""
"2014095758","","1","0","0","0","0","0","0","0","0","7","0","","02","9","2014","1","40.501592","-80.075325","","11","0","0","0","0","0","0","0","0","2","0","0","0","","","1","","2","","40 30:05.731","7","0","80 04:31.171","4","0","0","0","2405","0","0","0","N","0","0","0","1","02215","1","","4.0","","1","N","N","","0","","0","0","0","","2","Y","","1","1","0","0","0","0","0","2","0","1","","","","N","","","","","","","","","",""
"2014095233","","1","0","0","0","0","0","0","0","0","8","0","","02","9","2014","2","40.399431","-79.988992","","11","0","0","0","0","0","1","0","0","3","0","0","0","","","1","","0","","40 23:57.951","5","0","79 59:20.371","2","0","0","0","2301","1","0","1","","1","0","1","2","02301","0","","1.0","","1","","","","0","","0","1","0","","0","Y","","2","1","0","0","0","0","0","2","0","1","","","","N","","","","","","","","","",""
"2014096117","","2","0","0","0","0","0","0","0","0","1","0","","02","10","2014","4","40.431007","-80.028173","","11","0","0","0","1","0","0","0","0","","0","0","0","","","1","","6","","40 25:51.624","","2","80 01:41.422","3","0","0","0","2301","0","0","0","N","0","0","0","4","02301","0","","9.0","","1","N","N","","0","","1","0","0","","0","","","2","1","0","0","0","0","0","2","0","2","","","","N","","","","","","","","","",""
"2014093656","","2","0","0","0","0","0","0","0","0","1","0","","02","9","2014","4","40.43135","-79.839073","","11","0","0","0","0","0","2","0","0","1","0","0","0","","","2","","2","","40 25:52.859","4","0","79 50:20.661","3","0","0","0","2419","0","0","0","N","0","0","0","2","02419","1","","1.0","","1","N","N","","0","","1","0","0","","0","N","","2","2","0","0","0","0","0","2","0","2","","","","N","","","","","","","","","",""
"2014095081","","1","0","0","0","0","0","0","0","0","4","0","","02","9","2014","2","40.352203","-79.856376","","11","0","0","0","0","0","1","0","0","1","0","0","0","","","1","","0","","40 21:07.932","3","7","79 51:22.952","8","0","0","1","2304","0","0","0","N","0","0","0","2","02304","0","","1.0","","1","N","N","","0","","0","0","0","","0","Y","","2","1","0","0","0","1","0","2","0","2","","","","N","","","","","","","","","",""
"2014095220","","1","0","0","0","0","0","0","0","0","7","0","","02","9","2014","1","40.361344","-80.070333","","11","0","0","0","0","0","0","0","0","4","0","0","0","","","0","","0","","40 21:40.840","6","0","80 04:13.197","0","0","0","0","2109","0","0","0","N","0","0","0","1","02123","0","","5.0","","1","N","N","","0","","0","0","0","","0","Y","","1","0","1","0","0","0","0","2","0","1","","","","N","","","","","","","","","",""
"2014094566","","1","0","0","0","0","0","0","0","0","7","0","","02","9","2014","6","40.37274","-79.79233","","11","0","0","0","0","0","1","0","0","","0","0","0","","","0","","0","","40 22:21.863","","0","79 47:32.388","9","0","0","0","2111","0","0","0","Y","0","0","0","1","02111","0","","4.0","","1","N","N","","0","","0","0","1","","0","","","2","0","0","0","0","0","1","2","0","2","","","","N","","","","","","","","","",""
"2014094634","","2","0","0","0","0","0","0","0","0","4","0","","02","9","2014","7","40.524404","-80.071152","","11","0","0","0","0","0","0","0","0","","0","0","0","","","0","","7","","40 31:27.855","","0","80 04:16.146","0","0","0","0","2215","0","0","0","N","0","0","0","5","02215","0","","1.0","","1","N","N","","0","","0","0","0","","2","","","2","0","0","0","0","0","0","2","0","2","","","","N","","","","","","","","","",""
"2014095096","","1","0","0","0","0","0","1","0","0","1","1","","02","9","2014","2","40.351693","-79.863227","","11","0","0","0","0","0","1","0","0","1","0","0","0","","","2","","1","","40 21:06.093","4","0","79 51:47.618","8","0","0","0","2304","0","0","0","N","0","0","0","3","02503","0","","1.0","","1","N","N","","0","","0","0","0","","2","N","","2","2","0","0","0","2","0","2","0","2","","","","N","","","","","","","","","",""
"2014094480","","0","0","0","0","0","0","0","0","0","1","1","","02","9","2014","6","40.440536","-79.713089","","11","0","0","0","0","0","2","0","0","1","0","1","0","","","1","","0","","40 26:25.928","6","0","79 42:47.120","3","0","0","0","2446","0","0","0","N","0","0","0","3","02446","0","","1.0","","1","N","N","","1","","1","0","0","","0","N","","3","1","0","0","0","0","0","2","0","3","","","","N","","","","","","","","","",""
"2014095098","","1","0","0","0","0","0","0","0","0","7","0","","02","9","2014","2","40.432873","-79.936537","","11","0","0","0","0","0","0","1","0","","0","0","0","","","0","","1","","40 25:58.342","","0","79 56:11.533","0","0","0","0","2301","0","0","0","N","0","0","0","1","02301","0","","5.0","","1","N","N","","0","","0","0","0","","2","","","1","0","1","0","0","0","0","2","0","1","","","","N","","","","","","","","","",""
"2014095811","","1","0","0","0","0","0","0","0","0","4","0","","02","10","2014","4","40.456468","-79.896668","","11","0","0","0","0","0","0","0","0","1","0","0","0","","","0","","1","","40 27:23.284","3","0","79 53:48.005","0","0","0","0","2301","0","0","0","N","0","0","0","3","02301","0","","1.0","","1","N","N","","1","","0","0","0","","1","N","","2","0","0","0","0","0","0","2","0","2","","","","N","","","","","","","","","",""
"2014093877","","1","0","0","0","0","0","0","0","0","4","0","","02","9","2014","5","40.454354","-80.052742","","11","0","0","0","0","0","1","0","0","1","0","0","0","","","0","","2","","40 27:15.674","2","0","80 03:09.871","0","0","0","0","2301","0","0","0","N","0","0","0","3","02301","0","","1.0","","1","N","N","","0","","0","0","0","","3","N","","2","0","0","0","0","0","0","2","1","2","","","","N","","","","","","","","","",""
"2014094346","","1","0","0","0","0","0","0","0","0","4","0","","02","9","2014","3","40.422433","-79.863906","","11","0","0","0","0","0","1","0","0","","0","0","0","","","0","","1","","40 25:20.757","","0","79 51:50.063","0","0","0","0","2411","0","0","0","N","0","0","0","4","02411","0","","7.0","","1","N","N","","0","","0","0","1","","3","","","2","0","0","0","0","0","0","2","0","2","","","","N","","","","","","","","","",""
"2014095225","","1","0","0","0","0","0","0","0","0","4","0","","02","9","2014","6","40.282315","-80.002015","","11","0","0","0","0","0","0","0","1","","0","0","0","","","0","","2","","40 16:56.335","","0","80 00:07.254","0","0","0","0","2219","0","0","0","N","0","0","0","6","02219","0","","1.0","","1","N","N","","0","","0","0","2","","3","","","3","0","0","0","0","0","0","2","0","3","","","","N","","","","","","","","","",""
"2014093812","","1","0","0","0","0","0","0","0","0","4","0","","02","9","2014","5","40.480313","-79.832835","","11","0","0","0","0","0","0","1","0","","0","0","0","","","0","","2","","40 28:49.128","","0","79 49:58.205","0","0","0","0","2113","0","0","0","N","0","0","0","2","02113","0","","1.0","","1","N","N","","0","","0","0","0","","3","","","2","0","0","0","0","0","0","2","1","2","","","","N","","","","","","","","","",""
"2014094569","","0","0","0","0","0","0","0","0","0","6","0","","02","9","2014","6","40.399673","-80.088768","","11","0","0","0","0","0","1","0","0","1","0","0","0","","","1","","1","","40 23:58.822","6","0","80 05:19.564","3","0","0","0","2117","0","0","0","N","0","0","0","3","02117","0","","1.0","","1","N","N","","1","","1","0","0","","0","N","","2","1","0","0","0","0","0","2","1","2","","","","N","","","","","","","","","",""