"CRN","ARRIVAL_TM","AUTOMOBILE_COUNT","BELTED_DEATH_COUNT","BELTED_SUSP_SERIOUS_INJ_COUNT","BICYCLE_COUNT","BICYCLE_DEATH_COUNT","BICYCLE_SUSP_SERIOUS_INJ_COUNT","BUS_COUNT","CHLDPAS_DEATH_COUNT","CHLDPAS_SUSP_SERIOUS_INJ_COUNT","COLLISION_TYPE","COMM_VEH_COUNT","CONS_ZONE_SPD_LIM","COUNTY","CRASH_MONTH","CRASH_YEAR","DAY_OF_WEEK","DEC_LATITUDE","DEC_LONGITUDE","DISPATCH_TM","DISTRICT","DRIVER_COUNT_16YR","DRIVER_COUNT_17YR","DRIVER_COUNT_18YR","DRIVER_COUNT_19YR","DRIVER_COUNT_20YR","DRIVER_COUNT_50_64YR","DRIVER_COUNT_65_74YR","DRIVER_COUNT_75PLUS","EST_HRS_CLOSED","FATAL_COUNT","HEAVY_TRUCK_COUNT","HORSE_BUGGY_COUNT","HOUR_OF_DAY","ILLUMINATION","INJURY_COUNT","INTERSECTION_RELATED","INTERSECT_TYPE","LANE_CLOSED","LATITUDE","LN_CLOSE_DIR","LOCATION_TYPE","LONGITUDE","MAX_SEVERITY_LEVEL","MCYCLE_DEATH_COUNT","MCYCLE_SUSP_SERIOUS_INJ_COUNT","MOTORCYCLE_COUNT","MUNICIPALITY","NONMOTR_COUNT","NONMOTR_DEATH_COUNT","NONMOTR_SUSP_SERIOUS_INJ_COUNT","NTFY_HIWY_MAINT","PED_COUNT","PED_DEATH_COUNT","PED_SUSP_SERIOUS_INJ_COUNT","PERSON_COUNT","POLICE_AGCY","POSSIBLE_INJ_COUNT","RDWY_SURF_TYPE_CD","RELATION_TO_ROAD","ROADWAY_CLEARED","ROAD_CONDITION","SCH_BUS_IND","SCH_ZONE_IND","SECONDARY_CRASH","SMALL_TRUCK_COUNT","SPEC_JURIS_CD","SUSP_MINOR_INJ_COUNT","SUSP_SERIOUS_INJ_COUNT","SUV_COUNT","TCD_FUNC_CD","TCD_TYPE","TFC_DETOUR_IND","TIME_OF_DAY","TOTAL_UNITS","TOT_INJ_COUNT","UNBELTED_OCC_COUNT","UNB_DEATH_COUNT","UNB_SUSP_SERIOUS_INJ_COUNT","UNK_INJ_DEG_COUNT","UNK_INJ_PER_COUNT","URBAN_RURAL","VAN_COUNT","VEHICLE_COUNT","WEATHER1","WEATHER2","WORKERS_PRES","WORK_ZONE_IND","WORK_ZONE_LOC","WORK_ZONE_TYPE","WZ_CLOSE_DETOUR","WZ_FLAGGER","WZ_LAW_OFFCR_IND","WZ_LN_CLOSURE","WZ_MOVING","WZ_OTHER","WZ_SHLDER_MDN","WZ_WORKERS_INJ_KILLED"
"2014094699","","2","0","0","0","0","0","0","0","0","5","0","","02","9","2014","1","40.406148","-79.895659","","11","0","0","0","0","0","0","0","0","2","0","0","0","","","0","","0","","40 24:22.132","5","0","79 53:44.372","0","0","0","0","2448","0","0","0","N","0","0","0","1","02448","0","","1.0","","1","N","N","","0","","0","0","1","","0","N","","3","0","0","0","0","0","0","2","0","3","","","","N","","","","","","","","","",""
"2014094832","","1","0","0","0","0","0","0","0","0","4","0","","02","9","2014","1","40.401699","-80.014583","","11","0","0","0","0","0","0","0","0","1","0","0","0","","","0","","1","","40 24:06.116","6","0","80 00:52.498","0","0","0","0","2301","0","0","0","N","0","0","0","5","02301","0","","1.0","","1","N","N","","0","","0","0","1","","3","N","","2","0","1","0","0","0","0","2","0","2","","","","N","","","","","","","","","",""
"2014095572","","1","0","0","0","0","0","0","0","0","7","0","","02","9","2014","7","40.670297","-80.069551","","11","0","0","1","0","0","0","0","0","","0","0","0","","","0","","0","","40 40:13.068","","0","80 04:10.384","0","0","0","0","2216","0","0","0","N","0","0","0","1","02505","0","","5.0","","1","N","N","","0","","0","0","0","","0","","","1","0","0","0","0","0","0","2","0","1","","","","N","","","","","","","","","",""
"2014093606","","1","0","0","0","0","0","0","0","0","1","0","","02","7","2014","4","40.638628","-80.098069","","11","0","0","0","0","0","0","0","0","","0","0","0","","","0","","0","","40 38:19.062","","0","80 05:53.050","0","0","0","0","2212","0","0","0","N","0","0","0","2","68B03","0","","1.0","","1","N","N","","0","","0","0","1","","0","","","2","0","0","0","0","0","0","2","0","2","","","","N","","","","","","","","","",""
"2014094768","","1","0","0","0","0","0","0","0","0","1","0","","02","9","2014","7","40.439176","-80.211776","","11","0","0","0","0","0","0","0","0","","0","0","0","","","0","","1","","40 26:21.034","","0","80 12:42.393","0","0","0","0","2214","0","0","0","N","0","0","0","3","02214","0","","1.0","","1","N","N","","0","","0","0","1","","2","","","2","0","0","0","0","0","0","2","0","2","","","","N","","","","","","","","","",""
"2014093607","","1","0","0","0","0","0","0","0","0","1","0","","02","8","2014","4","40.418912","-80.053057","","11","0","0","0","0","0","0","1","0","","0","0","0","","","1","","0","","40 25:08.083","","0","80 03:11.005","8","0","0","0","2435","0","0","0","N","0","0","0","6","68B03","0","","1.0","","1","N","N","","0","","0","0","1","","0","","","2","1","0","0","0","1","0","2","0","2","","","","N","","","","","","","","","",""
"2014095636","","1","0","0","0","0","0","0","0","0","8","0","35","02","9","2014","7","40.410713","-80.073376","","11","0","0","0","0","0","0","0","0","","0","0","0","","","1","","0","","40 24:38.565","","0","80 04:24.154","4","0","0","0","2117","1","0","0","N","1","0","0","2","68B03","1","","4.0","","1","N","N","","0","","0","0","0","","7","","","2","1","0","0","0","0","0","2","0","1","","","Y","Y","4","1","N","N","Y","Y","N","N","Y",""
"2014093608","","1","0","0","0","0","0","0","0","0","1","0","","02","8","2014","4","40.418912","-80.053057","","11","0","0","0","0","0","1","0","0","","0","0","0","","","0","","0","","40 25:08.083","","0","80 03:11.005","0","0","0","0","2435","0","0","0","N","0","0","0","2","68B03","0","","1.0","","1","N","N","","0","","0","0","1","","0","","","2","0","0","0","0","0","0","2","0","2","","","","N","","","","","","","","","",""
"2014080852","","1","0","0","0","0","0","0","0","0","7","0","","02","8","2014","3","40.407289","-80.011715","","11","0","0","0","0","0","1","0","0","","0","0","0","","","1","","0","","40 24:26.240","","0","80 00:42.174","8","0","0","0","2301","0","0","0","N","0","0","0","1","02301","0","","4.0","","1","N","N","","0","","0","0","0","","0","","","1","1","0","0","0","1","0","2","0","1","","","","N","","","","","","","","","",""
"2014078639","","0","0","0","0","0","0","0","0","0","4","0","","02","8","2014","3","40.482854","-80.036514","","11","0","0","0","0","0","1","0","0","2","0","0","0","","","0","","1","","40 28:58.274","1","0","80 02:11.450","0","0","0","0","2301","0","0","0","N","0","0","0","2","02301","0","","1.0","","1","N","N","","0","","0","0","2","","3","N","","2","0","0","0","0","0","0","2","0","2","","","","N","","","","","","","","","",""
"2014095575","","1","0","0","0","0","0","0","0","0","7","0","","02","9","2014","1","40.449736","-79.902932","","11","0","0","0","0","0","0","0","0","","0","0","0","","","0","","0","","40 26:59.048","","0","79 54:10.554","0","0","0","0","2301","0","0","0","N","0","0","0","1","02301","0","","5.0","","1","N","N","","0","","0","0","0","","0","","","1","0","0","0","0","0","0","2","0","1","","","","N","","","","","","","","","",""
"2014093609","","0","0","0","0","0","0","0","0","0","7","0","","02","8","2014","4","40.438159","-80.196142","","11","0","0","0","0","0","0","0","0","","0","0","0","","","0","","0","","40 26:17.371","","0","80 11:46.110","0","0","0","0","2214","0","0","0","N","0","0","0","1","68B03","0","","2.0","","9","N","N","","0","","0","0","1","","0","","","1","0","0","0","0","0","0","2","0","1","","","","N","","","","","","","","","",""
"2014078496","","1","0","0","0","0","0","0","0","0","5","0","","02","8","2014","3","40.407598","-80.021911","","11","0","0","0","0","0","1","0","0","2","0","0","0","","","1","","0","","40 24:27.351","3","0","80 01:18.878","4","0","0","0","2301","0","0","0","N","0","0","0","1","02301","1","","2.0","","1","N","N","","2","","0","0","0","","0","Y","","3","1","1","0","0","0","0","2","0","3","","","","N","","","","","","","","","",""
"2014093611","","2","0","0","0","0","0","0","0","0","5","0","","02","9","2014","5","40.419571","-80.051879","","11","0","0","0","0","0","0","0","1","2","0","0","0","","","2","","6","","40 25:10.454","4","2","80 03:06.765","4","0","0","0","2435","0","0","0","Y","0","0","0","2","68B03","2","","1.0","","9","N","N","","0","","0","0","0","","4","N","","3","2","0","0","0","0","0","2","0","2","","","","N","","","","","","","","","",""
"2014080086","","1","0","0","0","0","0","0","0","0","1","0","","02","8","2014","1","40.497064","-79.903617","","11","0","0","0","0","0","0","0","0","1","0","0","0","","","0","","0","","40 29:49.430","5","0","79 54:13.021","0","0","0","0","2401","0","0","0","N","0","0","0","2","02401","0","","1.0","","1","N","N","","0","","0","0","1","","0","Y","","2","0","0","0","0","0","0","2","0","2","","","","N","","","","","","","","","",""
"2014080854","","1","0","0","0","0","0","0","0","0","4","0","","02","8","2014","3","40.331164","-79.945556","","11","0","0","0","0","0","1","0","0","2","0","0","0","","","0","","0","","40 19:52.189","1","7","79 56:44.001","0","0","0","0","2473","0","0","0","N","0","0","0","2","02454","0","","1.0","","1","N","N","","1","","0","0","0","","2","N","","2","0","0","0","0","0","0","2","0","2","","","","N","","","","","","","","","",""
"2014079346","","0","0","0","0","0","0","0","0","0","7","0","99","02","8","2014","7","40.546054","-80.036117","","11","0","0","0","0","0","0","1","0","2","0","0","0","","","0","","0","","40 32:45.793","1","0","80 02:10.022","0","0","0","0","2116","0","0","0","N","0","0","0","1","02116","0","","1.0","","1","N","N","","0","","0","0","1","","0","N","","1","0","0","0","0","0","0","2","0","1","","","N","Y","3","1","","","N","Y","","","",""
"2014080155","","1","0","0","0","0","0","0","0","0","7","0","","02","8","2014","1","40.19856","-79.877366","","11","0","0","0","0","0","1","0","0","1","0","0","0","","","1","","0","","40 11:54.815","6","0","79 52:38.516","4","0","0","0","2204","0","0","0","N","0","0","0","1","02204","1","","5.0","","1","N","N","","0","","0","0","0","","0","N","","1","1","0","0","0","0","0","1","0","1","","","","N","","","","","","","","","",""
"2014093612","","2","0","0","0","0","0","0","0","0","1","0","","02","9","2014","6","40.423942","-80.108658","","11","0","0","0","1","0","2","0","0","","0","0","0","","","0","","0","","40 25:26.192","","0","80 06:31.167","0","0","0","0","2115","0","0","0","N","0","0","0","4","68B03","0","","1.0","","1","N","N","","0","","0","0","2","","0","","","4","0","0","0","0","0","0","2","0","4","","","","N","","","","","","","","","",""
"2014094987","","1","0","0","0","0","0","0","0","0","4","0","","02","9","2014","6","40.412388","-79.910051","","11","0","0","0","0","0","1","0","0","1","0","0","0","","","0","","0","","40 24:44.597","2","7","79 54:36.185","9","0","0","0","2438","0","0","0","N","0","0","0","2","02438","0","","1.0","","1","N","N","","0","","0","0","1","","2","Y","","2","0","0","0","0","0","1","2","0","2","","","","N","","","","","","","","","",""
"2014093613","","0","0","0","0","0","0","0","0","0","7","1","","02","9","2014","6","40.517006","-80.127447","","11","0","0","0","0","0","0","0","0","","0","1","0","","","0","","6","","40 31:01.221","","2","80 07:38.808","0","0","0","0","2434","0","0","0","N","0","0","0","1","68B03","0","","4.0","","1","N","N","","0","","0","0","0","","4","","","1","0","0","0","0","0","0","2","0","1","","","","N","","","","","","","","","",""
"2014080856","","2","0","0","0","0","0","0","0","0","2","0","","02","8","2014","5","40.538832","-80.050276","","11","0","0","0","0","0","0","0","0","1","0","0","0","","","3","","0","","40 32:19.794","5","0","80 03:00.992","4","0","0","0","2116","0","0","0","N","0","0","0","3","02116","1","","1.0","","1","N","N","","0","","0","0","0","","0","Y","","2","3","0","0","0","2","0","2","0","2","","","","N","","","","","","","","","",""
"2014095495","","2","0","0","0","0","0","0","0","0","4","0","","02","9","2014","4","40.477962","-79.971561","","11","0","0","0","0","0","0","0","0","1","0","0","0","","","2","","1","","40 28:40.663","3","0","79 58:17.619","3","0","0","0","2445","0","0","0","N","0","0","0","2","02445","1","","1.0","","1","N","N","","0","","1","0","0","","3","N","","2","2","1","0","0","0","0","2","0","2","","","","N","","","","","","","","","",""
"2014093470","","2","0","0","0","0","0","0","0","0","4","1","","02","9","2014","4","40.508145","-80.089456","","11","0","0","0","0","0","1","0","0","1","0","1","0","","","1","","2","","40 30:29.323","2","0","80 05:22.043","3","0","0","0","2429","0","0","0","N","0","0","0","4","02215","0","","1.0","","1","N","N","","0","","1","0","0","","0","N","","4","1","0","0","0","0","0","2","1","4","","","","N","","","","","","","","","",""
"2014093484","","0","0","0","0","0","0","0","0","0","7","0","","02","9","2014","7","40.431148","-79.795435","","11","0","0","0","0","0","1","0","0","","0","0","0","","","1","","0","","40 25:52.131","","7","79 47:43.566","4","0","0","0","2446","0","0","0","N","0","0","0","2","02446","1","","6.0","","1","N","N","","0","","0","0","1","","0","","","1","1","0","0","0","0","0","2","0","1","","","","N","","","","","","","","","",""
"2014094855","","0","0","0","0","0","0","0","0","0","4","0","","02","9","2014","1","40.346481","-79.951572","","11","0","0","0","0","0","3","0","0","2","0","0","0","","","3","","2","","40 20:47.331","3","0","79 57:05.659","4","0","0","0","2473","0","0","0","N","0","0","0","3","02473","3","","1.0","","1","N","N","","0","","0","0","3","","3","Y","","3","3","0","0","0","0","0","2","0","3","","","","N","","","","","","","","","",""
"2014093614","","1","0","0","0","0","0","0","0","0","7","0","","02","9","2014","7","40.507902","-80.044044","","11","0","0","0","0","0","0","0","0","","0","0","0","","","0","","0","","40 30:28.447","","0","80 02:38.560","0","0","0","0","2116","0","0","0","N","0","0","0","1","68B03","0","","4.0","","1","N","N","","0","","0","0","0","","0","","","1","0","0","0","0","0","0","2","0","1","","","","N","","","","","","","","","",""
"2014078500","","0","0","0","1","0","0","0","0","0","4","0","","02","8","2014","3","40.459845","-79.949745","","11","0","0","0","0","0","0","0","0","2","0","0","0","","","1","","1","","40 27:35.442","1","0","79 56:59.082","4","0","0","0","2301","1","0","0","N","0","0","0","2","02301","1","","1.0","","9","N","N","","0","","0","0","0","","3","N","","2","1","0","0","0","0","0","2","1","1","","","","N","","","","","","","","","",""
"2014080089","","1","0","0","0","0","0","0","0","0","4","0","","02","8","2014","7","40.45329","-80.001665","","11","0","0","0","0","0","1","0","0","1","0","0","0","","","0","","1","","40 27:11.845","2","0","80 00:05.994","0","0","0","0","2301","0","0","0","N","0","0","0","2","02301","0","","1.0","","1","N","N","","0","","0","0","0","","2","N","","2","0","0","0","0","0","0","2","1","2","","","","N","","","","","","","","","",""
"2014080857","","0","0","0","0","0","0","0","0","0","4","0","","02","8","2014","3","40.406019","-79.825183","","11","0","0","0","0","0","2","0","0","","0","0","0","","","1","","1","","40 24:21.668","","0","79 49:30.658","8","0","0","0","2467","0","0","0","N","0","0","0","2","02467","0","","1.0","","1","N","N","","1","","0","0","0","","2","","","2","1","0","0","0","1","0","2","1","2","","","","N","","","","","","","","","",""
"2014094085","","2","0","0","0","0","0","0","0","0","4","0","","02","9","2014","5","40.44335","-79.813952","","11","0","0","0","0","0","0","0","0","","0","0","0","","","0","","1","","40 26:36.060","","0","79 48:50.227","0","0","0","0","2113","0","0","0","N","0","0","0","2","02113","0","","1.0","","1","N","N","","0","","0","0","0","","3","","","2","0","0","0","0","0","0","2","0","2","","","","N","","","","","","","","","",""
"2014093486","","1","0","0","0","0","0","0","0","0","0","0","","02","9","2014","3","40.307152","-80.093498","","11","0","0","0","0","0","0","0","0","2","0","0","0","","","0","","1","","40 18:25.748","2","0","80 05:36.594","0","0","0","0","2123","0","0","0","N","0","0","0","5","02123","0","","1.0","","1","N","N","","0","","0","0","0","","2","N","","1","0","0","0","0","0","0","2","0","1","","","","N","","","","","","","","","",""
"2014093615","","1","0","0","0","0","0","0","0","0","7","1","45","02","9","2014","2","40.414336","-80.082731","","11","0","0","0","0","0","0","1","0","","0","1","0","","","0","","0","","40 24:51.608","","0","80 04:57.830","0","0","0","0","2415","0","0","0","N","0","0","0","2","68B03","0","","4.0","","1","N","N","","0","","0","0","0","","0","","","2","0","0","0","0","0","0","2","0","2","","","Y","Y","4","1","N","N","Y","N","N","N","Y",""
"2014080797","","2","0","0","0","0","0","0","0","0","4","0","55","02","8","2014","1","40.421046","-80.094429","","11","0","0","0","0","0","1","0","0","2","0","0","0","","","1","","0","","40 25:15.764","4","0","80 05:39.943","4","0","0","0","2457","0","0","0","Y","0","0","0","4","68B03","1","","1.0","","8","N","N","","0","","0","0","0","","0","N","","2","1","0","0","0","0","0","2","0","2","","","N","Y","4","1","N","N","N","N","N","N","Y",""
"2014094857","","1","0","0","0","0","0","0","0","0","7","0","","02","9","2014","1","40.449154","-80.02321","","11","0","0","0","0","0","0","0","0","1","0","0","0","","","0","","0","","40 26:56.955","3","2","80 01:23.556","0","0","0","0","2301","0","0","0","N","0","0","0","3","02301","0","","2.0","","1","N","N","","0","","0","0","0","","0","N","","1","0","0","0","0","0","0","2","0","1","","","","N","","","","","","","","","",""
"2014080798","","1","0","0","0","0","0","0","0","0","1","0","","02","8","2014","7","40.442079","-79.836923","","11","0","0","0","0","0","1","0","0","","0","0","0","","","0","","0","","40 26:31.484","","2","79 50:12.922","0","0","0","0","2419","0","0","0","N","0","0","0","3","68B03","0","","1.0","","1","N","N","","0","","0","0","1","","4","","","2","0","0","0","0","0","0","2","0","2","","","","N","","","","","","","","","",""
"2014080861","","0","0","0","0","0","0","0","0","0","99","0","","02","8","2014","3","40.657078","-80.076914","","11","0","0","0","0","0","0","0","0","1","0","0","0","","","1","","0","","40 39:25.479","4","0","80 04:36.889","4","0","0","1","2212","0","0","0","N","0","0","0","1","02505","1","","1.0","","1","N","N","","0","","0","0","0","","0","Y","","1","1","0","0","0","0","0","2","0","1","","","","N","","","","","","","","","",""
"2014080161","","1","0","0","0","0","0","1","0","0","5","1","","02","8","2014","1","40.369471","-80.101312","","11","0","0","1","0","0","0","0","0","","0","0","0","","","1","","2","","40 22:10.097","","0","80 06:04.724","8","0","0","0","2102","0","0","0","N","0","0","0","2","02503","0","","1.0","","1","N","N","","0","","0","0","0","","0","","","2","1","0","0","0","1","0","2","0","2","","","","N","","","","","","","","","",""
"2014095498","","1","0","0","0","0","0","0","0","0","7","0","","02","9","2014","2","40.548906","-80.196602","","11","0","0","0","0","0","0","0","0","","0","0","0","","","0","","0","","40 32:56.061","","0","80 11:47.768","0","0","0","0","2427","0","0","0","N","0","0","0","1","02427","0","","4.0","","1","N","N","","0","","0","0","0","","0","","","1","0","0","0","0","0","0","2","0","1","","","","N","","","","","","","","","",""
"2014093488","","1","0","0","0","0","0","0","0","0","5","0","","02","9","2014","3","40.341957","-79.965415","","11","0","0","0","1","0","0","0","0","1","0","0","0","","","0","","6","","40 20:31.046","4","2","79 57:55.495","0","0","0","0","2454","0","0","0","N","0","0","0","3","02454","0","","1.0","","1","N","N","","1","","0","0","0","","3","N","","2","0","0","0","0","0","0","2","0","2","","","","N","","","","","","","","","",""
"2014080799","","0","0","0","0","0","0","0","0","0","0","0","","02","8","2014","7","40.369506","-80.118675","","11","0","0","0","1","0","0","0","0","","0","0","0","","","1","","0","","40 22:10.223","","0","80 07:07.231","8","0","0","0","2102","0","0","0","N","0","0","0","1","68B03","0","","3.0","","1","N","N","","1","","0","0","0","","0","","","1","1","0","0","0","1","0","2","0","1","","","","N","","","","","","","","","",""
"2014095434","","2","0","0","0","0","0","0","0","0","4","0","","02","9","2014","3","40.460075","-79.92805","","11","0","0","0","0","0","0","1","0","","0","0","0","","","1","","1","","40 27:36.270","","0","79 55:40.980","8","0","0","0","2301","0","0","0","N","0","0","0","2","02301","0","","1.0","","1","N","N","","0","","0","0","0","","3","","","2","1","0","0","0","1","0","2","0","2","","","","N","","","","","","","","","",""
"2014080800","","3","0","0","0","0","0","0","0","0","1","0","45","02","8","2014","4","40.360773","-80.118703","","11","0","0","0","0","0","1","0","0","1","0","0","0","","","4","","0","","40 21:38.783","1","2","80 07:07.329","4","0","0","0","2119","0","0","0","N","0","0","0","5","68B03","1","","1.0","","1","N","N","","0","","0","0","0","","3","N","","3","4","0","0","0","3","0","2","0","3","","","Y","Y","3","1","N","N","N","Y","N","N","N",""
"2014080863","","1","0","0","0","0","0","0","0","0","4","0","","02","8","2014","4","40.537671","-80.011198","","11","0","0","1","0","0","1","0","0","1","0","0","0","","","0","","0","","40 32:15.615","1","7","80 00:40.314","0","0","0","0","2116","0","0","0","N","0","0","0","3","02116","0","","1.0","","1","N","N","","0","","0","0","1","","0","N","","2","0","0","0","0","0","0","2","0","2","","","","N","","","","","","","","","",""
"2014079356","","0","0","0","0","0","0","0","0","0","4","1","","02","8","2014","6","40.44736","-80.061503","","11","0","0","0","0","0","1","0","0","3","0","1","0","","","1","","2","","40 26:50.496","5","0","80 03:41.410","8","0","0","0","2301","0","0","0","Y","0","0","0","2","02301","0","","1.0","","1","N","N","","1","","0","0","0","","4","Y","","2","1","0","0","0","1","0","2","0","2","","","","N","","","","","","","","","",""
"2014095518","","1","0","0","0","0","0","0","0","0","4","0","","02","9","2014","5","40.537699","-79.835699","","11","0","0","0","0","0","0","0","0","","0","0","0","","","1","","0","","40 32:15.718","","0","79 50:08.517","4","0","0","0","2208","0","0","0","N","0","0","0","2","02208","1","","1.0","","1","N","N","","1","","0","0","0","","0","","","2","1","0","0","0","0","0","2","0","2","","","","N","","","","","","","","","",""
"2014080027","","1","0","0","0","0","0","0","0","0","1","0","","02","8","2014","3","40.67314","-80.098336","","11","0","0","0","0","0","0","1","0","","0","0","0","","","1","","0","","40 40:23.303","","0","80 05:54.011","4","0","0","0","2212","0","0","0","N","0","0","0","2","02505","1","","1.0","","1","N","N","","0","","0","0","0","","2","","","2","1","0","0","0","0","0","2","1","2","","","","N","","","","","","","","","",""
"2014080801","","1","0","0","0","0","0","0","0","0","7","1","","02","8","2014","5","40.505393","-80.137766","","11","0","0","0","0","1","1","0","0","4","0","1","0","","","1","","0","","40 30:19.413","2","3","80 08:15.958","4","0","0","0","2115","0","0","0","Y","0","0","0","2","68B03","1","","4.0","","1","N","N","","0","","0","0","0","","0","Y","","2","1","0","0","0","0","0","2","0","2","","","","N","","","","","","","","","",""
"2014080864","","1","0","0","0","0","0","0","0","0","4","0","","02","8","2014","3","40.650036","-79.799019","","11","1","0","0","0","0","0","0","0","1","0","0","0","","","0","","1","","40 39:00.130","6","0","79 47:56.468","0","0","0","0","2202","0","0","0","Y","0","0","0","4","02202","0","","1.0","","1","N","N","","0","","0","0","1","","3","Y","","2","0","0","0","0","0","0","1","0","2","","","","N","","","","","","","","","",""
"2014093477","","2","0","0","0","0","0","0","0","0","5","0","","02","9","2014","4","40.472563","-79.961407","","11","0","0","0","0","0","1","0","0","","0","0","0","","","0","","0","","40 28:21.226","","0","79 57:41.065","0","0","0","0","2301","0","0","0","N","0","0","0","2","02301","0","","1.0","","1","N","N","","0","","0","0","0","","0","","","2","0","0","0","0","0","0","2","0","2","","","","N","","","","","","","","","",""
"2014094170","","2","0","0","0","0","0","0","0","0","1","0","","02","9","2014","6","40.431835","-80.027569","","11","0","0","0","0","0","1","0","0","","0","0","0","","","1","","7","","40 25:54.605","","2","80 01:39.249","8","0","0","0","2301","0","0","0","N","0","0","0","2","02301","0","","7.0","","1","N","N","","0","","0","0","0","","0","","","2","1","0","0","0","1","1","2","0","2","","","","N","","","","","","","","","",""
"2014095586","","2","0","0","0","0","0","0","0","0","4","0","","02","9","2014","3","40.43531","-79.91899","","11","0","0","0","0","0","1","0","0","","0","0","0","","","2","","1","","40 26:07.116","","0","79 55:08.364","4","0","0","0","2301","0","0","0","N","0","0","0","4","02301","2","","1.0","","1","N","N","","0","","0","0","0","","2","","","2","2","0","0","0","0","0","2","0","2","","","","N","","","","","","","","","",""
"2014094236","","1","0","0","0","0","0","0","0","0","1","0","","02","9","2014","6","40.402012","-80.000594","","11","0","0","1","0","0","0","0","0","","0","0","0","","","1","","1","","40 24:07.244","","0","80 00:02.139","8","0","0","0","2301","0","0","0","N","0","0","0","6","02301","0","","1.0","","1","N","N","","0","","0","0","1","","2","","","2","1","0","0","0","1","0","2","0","2","","","","N","","","","","","","","","",""
"2014093620","","1","0","0","0","0","0","0","0","0","1","0","","02","9","2014","4","40.507137","-79.857147","","11","0","0","0","0","0","1","0","0","2","0","0","0","","","0","","0","","40 30:25.694","1","0","79 51:25.729","0","0","0","0","2112","0","0","0","N","0","0","0","5","68D02","0","","1.0","","1","N","N","","1","","0","0","1","","0","N","","3","0","0","0","0","0","0","2","0","3","","","","N","","","","","","","","","",""
"2014080802","","1","0","0","0","0","0","0","0","0","1","0","","02","8","2014","5","40.41613","-80.058881","","11","0","0","0","0","0","1","0","0","2","0","0","0","","","2","","0","","40 24:58.067","3","0","80 03:31.972","3","0","0","0","2435","0","0","0","N","0","0","0","3","68B03","1","","1.0","","1","N","N","","2","","1","0","0","","0","N","","3","2","1","0","0","0","0","2","0","3","","","","N","","","","","","","","","",""
"2014078573","","3","0","0","0","0","0","0","0","0","4","0","","02","8","2014","4","40.462247","-79.898236","","11","0","0","0","0","0","0","0","0","","0","0","0","","","0","","0","","40 27:44.090","","0","79 53:53.650","9","0","0","0","2301","0","0","0","N","0","0","0","1","02301","0","","1.0","","1","N","N","","0","","0","0","0","","0","","","3","0","0","0","0","0","1","2","0","3","","","","N","","","","","","","","","",""
"2014093621","","0","0","0","0","0","0","0","0","0","1","0","","02","9","2014","4","40.49731","-79.92874","","11","0","0","0","0","0","0","0","0","","0","0","0","","","0","","0","","40 29:50.317","","0","79 55:43.464","0","0","0","0","2461","0","0","0","N","0","0","0","2","68D02","0","","1.0","","1","N","N","","0","","0","0","2","","0","","","2","0","0","0","0","0","0","2","0","2","","","","N","","","","","","","","","",""
"2014080803","","1","0","0","0","0","0","0","0","0","7","0","","02","8","2014","5","40.440849","-79.834681","","11","0","0","0","0","0","0","0","0","","0","0","0","","","0","","0","","40 26:27.055","","0","79 50:04.851","0","0","0","0","2419","0","0","0","N","0","0","0","1","68B03","0","","3.0","","1","N","N","","0","","0","0","0","","0","","","1","0","0","0","0","0","0","2","0","1","","","","N","","","","","","","","","",""
"2014096006","","1","0","0","0","0","0","0","0","0","1","0","","02","10","2014","4","40.635063","-80.006341","","11","2","0","1","0","0","0","0","0","2","0","0","0","","","0","","0","","40 38:06.228","2","0","80 00:22.828","0","0","0","0","2216","0","0","0","N","0","0","0","7","02505","0","","1.0","","1","N","N","","1","","0","0","1","","0","N","","3","0","0","0","0","0","0","2","0","3","","","","N","","","","","","","","","",""
"2014094092","","0","0","0","0","0","0","0","0","0","7","0","","02","9","2014","6","40.312778","-80.004722","","11","0","0","0","0","0","0","0","0","1","0","0","0","","","1","","0","","40 18:46.000","1","0","80 00:17.000","4","0","0","0","2219","0","0","0","N","0","0","0","1","02501","1","","4.0","","1","N","N","","0","","0","0","1","","0","N","","1","1","0","0","0","0","0","2","0","1","","","","N","","","","","","","","","",""
"2014095506","","0","0","0","0","0","0","0","0","0","4","0","","02","9","2014","3","40.448861","-80.001119","","11","0","0","0","0","0","0","0","1","2","0","0","0","","","0","","0","","40 26:55.899","3","0","80 00:04.027","0","0","0","0","2301","0","0","0","N","0","0","0","2","02301","0","","1.0","","1","N","N","","1","","0","0","1","","0","N","","2","0","0","0","0","0","0","2","0","2","","","","N","","","","","","","","","",""
"2014094798","","0","0","0","0","0","0","0","0","0","7","0","","02","9","2014","7","40.495688","-79.754348","","11","0","0","0","0","0","1","0","0","","0","0","0","","","0","","0","","40 29:44.476","","0","79 45:15.652","0","0","0","0","2466","0","0","0","N","0","0","0","1","02466","0","","4.0","","1","N","N","","1","","0","0","0","","0","","","1","0","0","0","0","0","0","2","0","1","","","","N","","","","","","","","","",""
"2014095521","","1","0","0","0","0","0","0","0","0","7","0","","02","9","2014","3","40.408663","-79.824211","","11","0","0","0","0","0","1","0","0","1","0","0","0","","","1","","0","","40 24:31.185","2","0","79 49:27.161","4","0","0","0","2467","0","0","0","N","0","0","0","1","02467","1","","4.0","","1","N","N","","0","","0","0","0","","0","N","","1","1","0","0","0","0","0","2","0","1","","","","N","","","","","","","","","",""