"CRN","ARRIVAL_TM","AUTOMOBILE_COUNT","BELTED_DEATH_COUNT","BELTED_SUSP_SERIOUS_INJ_COUNT","BICYCLE_COUNT","BICYCLE_DEATH_COUNT","BICYCLE_SUSP_SERIOUS_INJ_COUNT","BUS_COUNT","CHLDPAS_DEATH_COUNT","CHLDPAS_SUSP_SERIOUS_INJ_COUNT","COLLISION_TYPE","COMM_VEH_COUNT","CONS_ZONE_SPD_LIM","COUNTY","CRASH_MONTH","CRASH_YEAR","DAY_OF_WEEK","DEC_LATITUDE","DEC_LONGITUDE","DISPATCH_TM","DISTRICT","DRIVER_COUNT_16YR","DRIVER_COUNT_17YR","DRIVER_COUNT_18YR","DRIVER_COUNT_19YR","DRIVER_COUNT_20YR","DRIVER_COUNT_50_64YR","DRIVER_COUNT_65_74YR","DRIVER_COUNT_75PLUS","EST_HRS_CLOSED","FATAL_COUNT","HEAVY_TRUCK_COUNT","HORSE_BUGGY_COUNT","HOUR_OF_DAY","ILLUMINATION","INJURY_COUNT","INTERSECTION_RELATED","INTERSECT_TYPE","LANE_CLOSED","LATITUDE","LN_CLOSE_DIR","LOCATION_TYPE","LONGITUDE","MAX_SEVERITY_LEVEL","MCYCLE_DEATH_COUNT","MCYCLE_SUSP_SERIOUS_INJ_COUNT","MOTORCYCLE_COUNT","MUNICIPALITY","NONMOTR_COUNT","NONMOTR_DEATH_COUNT","NONMOTR_SUSP_SERIOUS_INJ_COUNT","NTFY_HIWY_MAINT","PED_COUNT","PED_DEATH_COUNT","PED_SUSP_SERIOUS_INJ_COUNT","PERSON_COUNT","POLICE_AGCY","POSSIBLE_INJ_COUNT","RDWY_SURF_TYPE_CD","RELATION_TO_ROAD","ROADWAY_CLEARED","ROAD_CONDITION","SCH_BUS_IND","SCH_ZONE_IND","SECONDARY_CRASH","SMALL_TRUCK_COUNT","SPEC_JURIS_CD","SUSP_MINOR_INJ_COUNT","SUSP_SERIOUS_INJ_COUNT","SUV_COUNT","TCD_FUNC_CD","TCD_TYPE","TFC_DETOUR_IND","TIME_OF_DAY","TOTAL_UNITS","TOT_INJ_COUNT","UNBELTED_OCC_COUNT","UNB_DEATH_COUNT","UNB_SUSP_SERIOUS_INJ_COUNT","UNK_INJ_DEG_COUNT","UNK_INJ_PER_COUNT","URBAN_RURAL","VAN_COUNT","VEHICLE_COUNT","WEATHER1","WEATHER2","WORKERS_PRES","WORK_ZONE_IND","WORK_ZONE_LOC","WORK_ZONE_TYPE","WZ_CLOSE_DETOUR","WZ_FLAGGER","WZ_LAW_OFFCR_IND","WZ_LN_CLOSURE","WZ_MOVING","WZ_OTHER","WZ_SHLDER_MDN","WZ_WORKERS_INJ_KILLED"
"2014078686","","0","0","0","0","0","0","0","0","0","4","0","","02","8","2014","1","40.447926","-80.162439","","11","0","0","0","0","0","1","0","0","2","0","0","0","","","0","","1","","40 26:52.534","2","0","80 09:44.781","0","0","0","0","2115","0","0","0","N","0","0","0","5","02115","0","","1.0","","1","N","N","","0","","0","0","2","","2","N","","2","0","0","0","0","0","0","2","0","2","","","","N","","","","","","","","","",""
"2014080350","","1","0","0","0","0","0","0","0","0","2","0","","02","8","2014","2","40.378438","-79.975466","","11","0","0","0","0","0","0","0","0","","0","0","0","","","1","","2","","40 22:42.376","","0","79 58:31.677","4","0","0","0","2413","0","0","0","N","0","0","0","2","02413","1","","1.0","","1","N","N","","1","","0","0","0","","0","","","2","1","1","0","0","0","0","2","0","2","","","","N","","","","","","","","","",""
"2014078134","","3","0","0","0","0","0","0","0","0","1","0","","02","8","2014","2","40.490436","-79.906922","","11","0","0","0","0","0","0","0","0","","0","0","0","","","0","","0","","40 29:25.570","","0","79 54:24.918","0","0","0","0","2401","0","0","0","N","0","0","0","3","02401","0","","1.0","","1","N","N","","0","","0","0","0","","0","","","3","0","0","0","0","0","0","2","0","3","","","","N","","","","","","","","","",""
"2014080976","","1","0","0","0","0","0","0","0","0","1","0","","02","8","2014","4","40.405816","-80.036537","","11","0","0","0","0","0","0","1","0","","0","0","0","","","1","","0","","40 24:20.938","","0","80 02:11.533","8","0","0","0","2301","0","0","0","N","0","0","0","2","02301","0","","1.0","","9","N","N","","0","","0","0","1","","0","","","2","1","0","0","0","1","0","2","0","2","","","","N","","","","","","","","","",""
"2014078687","","1","0","0","0","0","0","0","0","0","1","0","","02","7","2014","5","40.351644","-80.050662","","11","0","0","0","0","0","1","0","0","1","0","0","0","","","0","","0","","40 21:05.920","1","0","80 03:02.382","0","0","0","0","2407","0","0","0","N","0","0","0","2","02407","0","","1.0","","1","N","N","","0","","0","0","1","","0","N","","2","0","0","0","0","0","0","2","0","2","","","","N","","","","","","","","","",""
"2014080222","","3","0","0","0","0","0","0","0","0","1","0","","02","7","2014","4","40.435419","-79.979538","","11","0","0","0","0","0","2","0","0","2","0","0","0","","","2","","0","","40 26:07.509","3","0","79 58:46.337","4","0","0","0","2301","0","0","0","N","0","0","0","3","68B03","2","","1.0","","1","N","N","","0","","0","0","0","","0","N","","3","2","0","0","0","0","0","2","0","3","","","","N","","","","","","","","","",""
"2014079535","","1","0","0","0","0","0","0","0","0","5","1","","02","8","2014","5","40.427072","-79.723002","","11","0","0","1","0","0","0","0","0","2","0","1","0","","","0","","0","","40 25:37.459","3","0","79 43:22.808","0","0","0","0","2446","0","0","0","N","0","0","0","2","02446","0","","1.0","","1","N","N","","0","","0","0","0","","0","N","","2","0","0","0","0","0","0","2","0","2","","","","N","","","","","","","","","",""
"2014079612","","1","0","0","0","0","0","0","0","0","4","0","","02","8","2014","3","40.455059","-79.9415","","11","0","0","0","0","0","1","0","0","1","0","0","0","","","0","","1","","40 27:18.212","3","0","79 56:29.400","0","0","0","0","2301","0","0","0","N","0","0","0","2","02301","0","","1.0","","1","N","N","","0","","0","0","1","","2","Y","","2","0","0","0","0","0","0","2","0","2","","","","N","","","","","","","","","",""
"2014079400","","1","0","0","0","0","0","0","0","0","99","0","","02","8","2014","4","40.576617","-79.78646","","11","0","0","0","0","0","0","0","0","","0","0","0","","","0","","0","","40 34:35.822","","0","79 47:11.255","0","0","0","0","2104","0","0","0","N","0","0","0","2","68D02","0","","1.0","","1","N","N","","0","","0","0","0","","0","","","1","0","0","0","0","0","0","2","0","1","","","","N","","","","","","","","","",""
"2014078688","","1","0","0","0","0","0","0","0","0","1","0","","02","7","2014","4","40.33731","-80.046292","","11","0","0","1","0","0","1","0","0","","0","0","0","","","1","","2","","40 20:14.316","","0","80 02:46.651","8","0","0","0","2407","0","0","0","N","0","0","0","2","02407","0","","1.0","","1","N","N","","0","","0","0","1","","2","","","2","1","0","0","0","1","0","2","0","2","","","","N","","","","","","","","","",""
"2014080223","","2","0","0","0","0","0","0","0","0","1","0","","02","7","2014","7","40.448729","-80.006967","","11","0","0","0","0","0","0","0","0","","0","0","0","","","0","","0","","40 26:55.425","","0","80 00:25.080","0","0","0","0","2301","0","0","0","N","0","0","0","2","68B03","0","","1.0","","9","N","N","","0","","0","0","0","","0","","","2","0","0","0","0","0","0","2","0","2","","","","N","","","","","","","","","",""
"2014080994","","1","0","0","0","0","0","0","0","0","1","0","","02","8","2014","3","40.567341","-80.010312","","11","0","0","0","0","0","1","0","0","2","0","1","0","","","0","","0","","40 34:02.429","3","0","80 00:37.122","0","0","0","0","2108","0","0","0","N","0","0","0","2","02108","0","","1.0","","1","N","N","","0","","0","0","0","","0","N","","2","0","0","0","0","0","0","2","0","2","","","","N","","","","","","","","","",""
"2014080352","","1","0","0","0","0","0","0","0","0","1","0","","02","8","2014","2","40.438869","-79.760496","","11","0","0","0","0","0","1","0","0","2","0","1","0","","","2","","1","","40 26:19.929","3","0","79 45:37.786","4","0","0","0","2446","0","0","0","N","0","0","0","6","02446","1","","1.0","","1","N","N","","0","","0","0","0","","4","N","","2","2","2","0","0","1","0","2","0","2","","","","N","","","","","","","","","",""
"2014080224","","1","0","0","0","0","0","0","0","0","99","0","","02","8","2014","4","40.49974","-80.121025","","11","0","0","0","0","0","0","0","1","","0","0","0","","","0","","0","","40 29:59.064","","0","80 07:15.689","0","0","0","0","2115","0","0","0","N","0","0","0","2","68B03","0","","1.0","","1","N","N","","0","","0","0","0","","0","","","1","0","0","0","0","0","0","2","0","1","","","","N","","","","","","","","","",""
"2014080995","","2","0","0","0","0","0","0","0","0","1","0","","02","8","2014","1","40.447267","-80.158267","","11","0","0","0","0","0","1","0","0","1","0","0","0","","","0","","0","","40 26:50.160","1","7","80 09:29.760","0","0","0","0","2115","0","0","0","N","0","0","0","3","02115","0","","1.0","","1","N","N","","0","","0","0","0","","0","N","","2","0","0","0","0","0","0","2","0","2","","","","N","","","","","","","","","",""
"2014081108","","1","0","0","0","0","0","0","0","0","7","0","","02","7","2014","1","40.452926","-79.996372","","11","0","0","0","0","0","0","0","0","","0","0","0","","","0","","0","","40 27:10.532","","0","79 59:46.939","0","0","0","0","2301","0","0","0","N","0","0","0","2","68B03","0","","4.0","","1","N","N","","0","","0","0","0","","0","","","1","0","0","0","0","0","0","2","0","1","","","","N","","","","","","","","","",""
"2014081044","","0","0","0","0","0","0","1","0","0","0","1","","02","8","2014","3","40.438981","-79.99476","","11","0","0","0","0","0","0","0","0","","0","0","0","","","1","","2","","40 26:20.331","","0","79 59:41.136","2","0","0","0","2301","0","0","0","N","0","0","0","2","02503","0","","1.0","","1","N","N","","0","","0","1","0","","2","","","2","1","0","0","0","0","0","2","0","1","","","","N","","","","","","","","","",""
"2014080435","","2","0","0","0","0","0","0","0","0","4","0","","02","8","2014","2","40.486249","-79.814722","","11","0","0","0","0","0","0","0","0","1","0","0","0","","","1","","2","","40 29:10.495","4","0","79 48:52.998","8","0","0","0","2113","0","0","0","N","0","0","0","2","02113","0","","1.0","","1","N","N","","0","","0","0","0","","3","N","","2","1","0","0","0","1","0","2","0","2","","","","N","","","","","","","","","",""
"2014078618","","2","0","0","0","0","0","0","0","0","5","0","","02","8","2014","2","40.610153","-79.946367","","11","0","0","0","0","0","1","1","0","","0","0","0","","","1","","3","","40 36:36.550","","5","79 56:46.920","4","0","0","0","2207","0","0","0","N","0","0","0","3","68T02","1","","1.0","","1","N","N","","0","","0","0","0","","0","","","2","1","0","0","0","0","0","2","0","2","","","","N","","","","","","","","","",""
"2014080225","","1","0","0","0","0","0","0","0","0","7","0","","02","8","2014","4","40.399921","-80.106091","","11","0","0","0","0","0","0","1","0","2","0","0","0","","","1","","0","","40 23:59.714","2","3","80 06:21.928","8","0","0","0","2102","0","0","0","N","0","0","0","1","68B03","0","","4.0","","1","N","N","","0","","0","0","0","","0","N","","1","1","0","0","0","1","0","2","0","1","","","","N","","","","","","","","","",""
"2014080996","","1","0","0","0","0","0","0","0","0","4","0","","02","8","2014","3","40.516926","-80.221347","","11","0","0","0","0","0","0","0","0","","0","0","0","","","0","","1","","40 31:00.932","","0","80 13:16.848","0","0","0","0","2213","0","0","0","N","0","0","0","3","02213","0","","1.0","","9","N","N","","0","","0","0","0","","2","","","2","0","0","0","0","0","0","2","1","2","","","","N","","","","","","","","","",""
"2014080914","","2","0","0","0","0","0","0","0","0","1","0","","02","7","2014","1","40.435252","-79.967374","","11","0","0","0","0","0","0","0","0","","0","0","0","","","0","","6","","40 26:06.906","","2","79 58:02.546","0","0","0","0","2301","0","0","0","N","0","0","0","3","68B03","0","","1.0","","1","N","N","","0","","0","0","0","","0","","","2","0","0","0","0","0","0","2","0","2","","","","N","","","","","","","","","",""
"2014080997","","2","0","0","0","0","0","0","0","0","4","0","","02","7","2014","5","40.310038","-80.05105","","11","0","1","0","0","0","1","0","0","1","0","0","0","","","1","","1","","40 18:36.136","6","0","80 03:03.780","8","0","0","0","2407","0","0","0","N","0","0","0","2","02407","0","","1.0","","1","N","N","","0","","0","0","0","","3","N","","2","1","0","0","0","1","0","2","0","2","","","","N","","","","","","","","","",""
"2014079552","","2","0","0","0","0","0","0","0","0","4","0","","02","8","2014","6","40.467708","-79.825361","","11","0","0","0","0","0","2","0","0","","0","0","0","","","0","","0","","40 28:03.750","","7","79 49:31.301","9","0","0","0","2113","0","0","0","N","0","0","0","3","02113","0","","1.0","","1","N","N","","0","","0","0","0","","0","","","2","0","0","0","0","0","1","2","0","2","","","","N","","","","","","","","","",""
"2014080915","","1","0","0","0","0","0","0","0","0","1","0","","02","7","2014","4","40.418404","-80.088672","","11","0","0","0","0","0","2","0","0","1","0","0","0","","","0","","0","","40 25:06.254","3","0","80 05:19.218","0","0","0","0","2457","0","0","0","N","0","0","0","3","68B03","0","","1.0","","9","N","N","","1","","0","0","0","","0","N","","2","0","0","0","0","0","0","2","0","2","","","","N","","","","","","","","","",""
"2014080998","","1","0","0","0","0","0","0","0","0","1","0","","02","8","2014","3","40.327826","-80.032803","","11","0","0","0","0","1","0","0","0","","0","0","0","","","1","","0","","40 19:40.174","","0","80 01:58.089","4","0","0","0","2407","0","0","0","N","0","0","0","2","02407","1","","1.0","","1","N","N","","0","","0","0","1","","0","","","2","1","0","0","0","0","0","2","0","2","","","","N","","","","","","","","","",""
"2014080916","","1","0","0","0","0","0","0","0","0","1","0","","02","8","2014","5","40.398967","-80.103854","","11","0","0","0","0","0","1","1","0","","0","0","0","","","1","","7","","40 23:56.282","","2","80 06:13.874","8","0","0","0","2102","0","0","0","N","0","0","0","3","68B03","0","","1.0","","1","N","N","","0","","0","0","1","","3","","","2","1","0","0","0","1","0","2","0","2","","","","N","","","","","","","","","",""
"2014080999","","0","0","0","0","0","0","0","0","0","4","0","","02","8","2014","3","40.342719","-80.036277","","11","0","0","0","0","0","1","0","0","","0","0","0","","","0","","2","","40 20:33.788","","0","80 02:10.597","0","0","0","0","2407","0","0","0","N","0","0","0","4","02407","0","","1.0","","1","N","N","","2","","0","0","0","","2","","","2","0","0","0","0","0","0","2","0","2","","","","N","","","","","","","","","",""
"2014079619","","2","0","0","0","0","0","0","0","0","4","0","","02","8","2014","5","40.617805","-79.94559","","11","0","0","0","0","0","1","0","0","","0","0","0","","","1","","0","","40 37:04.097","","7","79 56:44.124","4","0","0","0","2217","0","0","0","N","0","0","0","2","02505","1","","1.0","","1","N","N","","0","","0","0","0","","0","","","2","1","0","0","0","0","0","2","0","2","","","","N","","","","","","","","","",""
"2014078927","","2","0","0","0","0","0","0","0","0","1","0","","02","8","2014","4","40.425777","-80.019884","","11","0","0","0","0","0","0","0","0","","0","0","0","","","0","","1","","40 25:32.796","","0","80 01:11.584","0","0","0","0","2301","0","0","0","N","0","0","0","4","02301","0","","1.0","","1","N","N","","0","","0","0","0","","2","","","2","0","0","0","0","0","0","2","0","2","","","","N","","","","","","","","","",""
"2014080917","","3","0","0","0","0","0","0","0","0","1","0","","02","8","2014","6","40.42878","-79.929467","","11","0","0","0","0","0","1","0","0","1","0","0","0","","","0","","10","","40 25:43.609","4","4","79 55:46.080","0","0","0","0","2301","0","0","0","N","0","0","0","4","68B03","0","","1.0","","1","N","N","","0","","0","0","1","","0","N","","4","0","0","0","0","0","0","2","0","4","","","","N","","","","","","","","","",""
"2014079620","","2","0","0","0","0","0","0","0","0","1","0","","02","8","2014","6","40.326726","-80.076959","","11","0","0","1","0","0","0","0","0","9","0","0","0","","","0","","0","","40 19:36.213","1","0","80 04:37.053","0","0","0","0","2123","0","0","0","N","0","0","0","3","02123","0","","1.0","","1","N","N","","0","","0","0","0","","0","N","","2","0","0","0","0","0","0","2","0","2","","","","N","","","","","","","","","",""
"2014080293","","2","0","0","0","0","0","0","0","0","2","0","","02","8","2014","5","40.611181","-80.078018","","11","0","0","0","0","0","0","0","0","","0","0","0","","","0","","0","","40 36:40.251","","0","80 04:40.864","9","0","0","0","2481","0","0","0","N","0","0","0","1","02481","0","","4.0","","1","N","N","","0","","0","0","0","","0","","","2","0","0","0","0","0","1","2","0","2","","","","N","","","","","","","","","",""
"2014080512","","1","0","0","0","0","0","0","0","0","1","1","","02","7","2014","6","40.459114","-80.111975","","11","0","0","0","0","0","0","0","0","","0","1","0","","","2","","0","","40 27:32.811","","0","80 06:43.111","8","0","0","0","2126","0","0","0","Y","0","0","0","3","68B03","0","","4.0","","1","N","N","","1","","0","0","0","","0","","","3","2","0","0","0","2","0","2","0","3","","","","N","","","","","","","","","",""
"2014079558","","1","0","0","0","0","0","0","0","0","1","0","","02","8","2014","6","40.463487","-79.905953","","11","0","0","0","0","0","0","0","0","","0","0","0","","","1","","0","","40 27:48.553","","0","79 54:21.432","4","0","0","0","2301","0","0","0","N","0","0","0","3","02301","1","","1.0","","1","N","N","","0","","0","0","0","","0","","","2","1","2","0","0","0","0","2","1","2","","","","N","","","","","","","","","",""
"2014080513","","2","0","0","0","0","0","0","0","0","1","0","","02","7","2014","4","40.636541","-80.09821","","11","0","0","0","0","0","0","0","0","1","0","0","0","","","1","","0","","40 38:11.548","2","0","80 05:53.557","8","0","0","0","2212","0","0","0","Y","0","0","0","2","68B03","0","","3.0","","1","N","N","","0","","0","0","0","","0","N","","2","1","0","0","0","1","0","2","0","2","","","","N","","","","","","","","","",""
"2014079833","","2","0","0","0","0","0","0","0","0","4","0","","02","8","2014","7","","","","11","0","0","0","0","0","1","0","1","","0","0","0","","","0","","0","","","","7","","0","0","0","0","2102","0","0","0","N","0","0","0","2","02102","0","","1.0","","1","N","N","","0","","0","0","0","","0","","","2","0","0","0","0","0","0","1","0","2","","","","N","","","","","","","","","",""
"2014080295","","1","0","0","0","0","0","0","0","0","6","0","","02","8","2014","1","40.564735","-79.955299","","11","0","0","0","0","0","1","0","0","2","0","0","0","","","2","","0","","40 33:53.046","7","0","79 57:19.077","4","0","0","0","2207","0","0","0","N","0","0","0","2","02207","2","","2.0","","9","N","N","","0","","0","0","1","","0","Y","","2","2","1","0","0","0","0","2","0","2","","","","N","","","","","","","","","",""
"2014080377","","0","0","0","0","0","0","0","0","0","2","0","","02","8","2014","2","40.453495","-79.935174","","11","0","0","0","0","0","0","1","0","","0","0","0","","","1","","2","","40 27:12.582","","0","79 56:06.626","4","0","0","0","2301","0","0","0","N","0","0","0","4","02301","1","","1.0","","1","N","N","","1","","0","0","2","","3","","","3","1","2","0","0","0","0","2","0","3","","","","N","","","","","","","","","",""
"2014081053","","1","0","0","0","0","0","0","0","0","1","0","","02","8","2014","2","40.563833","-80.208563","","11","0","0","0","0","0","0","0","0","2","0","0","0","","","1","","0","","40 33:49.798","1","0","80 12:30.827","8","0","0","0","2441","0","0","0","N","0","0","0","2","02441","0","","1.0","","1","N","N","","1","","0","0","1","","0","N","","3","1","0","0","0","1","1","2","0","3","","","","N","","","","","","","","","",""
"2014080444","","2","0","0","0","0","0","0","0","0","4","0","","02","8","2014","2","40.444202","-80.028173","","11","0","0","0","0","0","0","0","0","","0","0","0","","","1","","2","","40 26:39.126","","0","80 01:41.424","8","0","0","0","2301","0","0","0","N","0","0","0","2","02301","0","","1.0","","1","N","N","","0","","0","0","0","","2","","","2","1","0","0","0","1","0","2","0","2","","","","N","","","","","","","","","",""
"2014079560","","2","0","0","0","0","0","0","0","0","4","0","","02","8","2014","6","40.436579","-79.955532","","11","0","0","0","0","0","1","0","0","","0","0","0","","","0","","1","","40 26:11.684","","0","79 57:19.915","0","0","0","0","2301","0","0","0","N","0","0","0","2","02301","0","","1.0","","1","N","N","","0","","0","0","0","","3","","","2","0","0","0","0","0","0","2","0","2","","","","N","","","","","","","","","",""
"2014080446","","2","0","0","0","0","0","0","0","0","4","0","","02","8","2014","2","40.356009","-79.898208","","11","0","0","2","0","0","0","0","0","","0","0","0","","","0","","2","","40 21:21.632","","0","79 53:53.547","0","0","0","0","2423","0","0","0","N","0","0","0","4","02304","0","","1.0","","1","N","N","","0","","0","0","0","","2","","","2","0","0","0","0","0","0","2","0","2","","","","N","","","","","","","","","",""
"2014080447","","1","0","0","0","0","0","0","0","0","2","0","","02","8","2014","2","40.403966","-79.903307","","11","0","0","0","0","0","0","0","1","1","0","0","0","","","1","","2","","40 24:14.277","5","0","79 54:11.905","8","0","0","0","2438","0","0","0","N","0","0","0","2","02438","0","","1.0","","1","N","N","","1","","0","0","0","","3","Y","","2","1","0","0","0","1","0","2","0","2","","","","N","","","","","","","","","",""
"2014080237","","0","0","0","0","0","0","0","0","0","7","0","","02","8","2014","7","40.600656","-79.767998","","11","0","1","0","0","0","0","0","0","","0","0","0","","","0","","0","","40 36:02.362","","0","79 46:04.794","0","0","0","0","2464","0","0","0","N","0","0","0","1","68D02","0","","4.0","","1","N","N","","0","","0","0","1","","0","","","1","0","0","0","0","0","0","2","0","1","","","","N","","","","","","","","","",""
"2014080385","","0","0","0","0","0","0","0","0","0","7","0","","02","8","2014","2","40.435359","-80.012936","","11","0","0","0","0","0","0","1","0","1","0","0","0","","","0","","1","","40 26:07.292","2","0","80 00:46.569","0","0","0","0","2301","0","0","0","N","0","0","0","1","02301","0","","2.0","","1","N","N","","0","","0","0","1","","2","N","","2","0","0","0","0","0","0","2","0","1","","","","N","","","","","","","","","",""
"2014078164","","0","0","0","0","0","0","0","0","0","7","0","","02","8","2014","3","40.372373","-80.127765","","11","0","0","0","0","0","0","0","1","","0","0","0","","","0","","0","","40 22:20.542","","0","80 07:39.954","0","0","0","0","2102","0","0","0","N","0","0","0","1","02102","0","","4.0","","9","N","N","","1","","0","0","0","","0","","","1","0","0","0","0","0","0","2","0","1","","","","N","","","","","","","","","",""
"2014079707","","1","0","0","0","0","0","0","0","0","4","0","","02","8","2014","6","40.328611","-79.945","","11","0","0","0","0","0","1","0","0","3","0","0","0","","","1","","2","","40 19:43.000","2","0","79 56:42.000","4","0","0","0","2454","0","0","0","N","0","0","0","2","02454","1","","1.0","","1","N","N","","0","","0","0","1","","2","Y","","2","1","0","0","0","0","0","2","0","2","","","","N","","","","","","","","","",""
"2014080175","","1","0","0","0","0","0","0","0","0","7","0","","02","8","2014","1","40.354934","-79.878867","","11","0","0","0","0","0","0","0","0","1","0","0","0","","","0","","9","","40 21:17.763","3","0","79 52:43.922","0","0","0","0","2423","0","0","0","N","0","0","0","2","02304","0","","4.0","","1","N","N","","0","","0","0","0","","6","N","","1","0","0","0","0","0","0","2","0","1","","","","N","","","","","","","","","",""
"2014078647","","1","0","0","0","0","0","0","0","0","4","0","","02","8","2014","4","40.453041","-79.930487","","11","0","0","0","1","0","0","0","0","2","0","0","0","","","0","","1","","40 27:10.947","5","0","79 55:49.753","0","0","0","0","2301","0","0","0","N","0","0","0","2","02301","0","","1.0","","1","N","N","","0","","0","0","1","","3","N","","2","0","0","0","0","0","0","2","0","2","","","","N","","","","","","","","","",""
"2014078926","","0","0","0","0","0","0","0","0","0","4","0","","02","8","2014","4","40.525754","-80.035576","","11","0","0","0","0","0","0","0","0","1","0","0","0","","","0","","1","","40 31:32.714","1","0","80 02:08.075","0","0","0","0","2116","0","0","0","N","0","0","0","3","02116","0","","1.0","","1","N","N","","0","","0","0","2","","2","N","","2","0","0","0","0","0","0","2","0","2","","","","N","","","","","","","","","",""
"2014080163","","0","0","0","0","0","0","0","0","0","4","0","","02","8","2014","7","","","","11","0","0","0","0","0","0","0","0","4","0","0","0","","","2","","9","","","6","0","","8","0","0","0","2407","2","0","0","N","2","0","0","4","02503","0","","1.0","","1","N","N","","1","","0","0","0","","5","Y","","2","2","0","0","0","2","0","1","0","1","","","","N","","","","","","","","","",""
"2014079645","","1","0","0","0","0","0","0","0","0","4","0","","02","8","2014","5","40.503783","-80.13515","","11","0","0","0","0","0","0","0","0","2","0","0","0","","","0","","2","","40 30:13.620","3","2","80 08:06.540","0","0","0","0","2115","0","0","0","N","0","0","0","2","02115","0","","1.0","","1","N","N","","0","","0","0","1","","3","N","","2","0","0","0","0","0","0","2","0","2","","","","N","","","","","","","","","",""
"2014080304","","1","0","0","0","0","0","0","0","0","7","0","","02","8","2014","4","40.665219","-80.032633","","11","0","0","0","0","0","0","0","0","","0","0","0","","","0","","2","","40 39:54.789","","0","80 01:57.477","0","0","0","0","2216","0","0","0","N","0","0","0","1","02505","0","","5.0","","1","N","N","","0","","0","0","0","","0","","","1","0","0","0","0","0","0","2","0","1","","","","N","","","","","","","","","",""
"2014079569","","0","0","0","0","0","0","0","0","0","7","0","","02","8","2014","4","40.562681","-80.060138","","11","0","0","0","0","0","0","1","0","","0","0","0","","","1","","0","","40 33:45.651","","0","80 03:36.496","8","0","0","0","2108","0","0","0","N","0","0","0","1","02108","0","","4.0","","1","N","N","","1","","0","0","0","","0","","","1","1","1","0","0","1","0","2","0","1","","","","N","","","","","","","","","",""
"2014080390","","1","0","0","0","0","0","0","0","0","1","0","","02","8","2014","2","40.467026","-79.825776","","11","0","0","0","0","0","2","0","0","","0","0","0","","","1","","0","","40 28:01.295","","0","79 49:32.795","4","0","0","0","2113","0","0","0","N","0","0","0","2","02113","1","","1.0","","1","N","N","","0","","0","0","1","","0","","","2","1","0","0","0","0","0","2","0","2","","","","N","","","","","","","","","",""
"2014080453","","1","0","0","0","0","0","0","0","0","1","0","","02","8","2014","2","40.619674","-80.08095","","11","0","1","0","1","0","1","0","0","","0","0","0","","","0","","0","","40 37:10.828","","0","80 04:51.421","0","0","0","0","2212","0","0","0","N","0","0","0","4","02505","0","","1.0","","1","N","N","","1","","0","0","2","","0","","","4","0","0","0","0","0","0","2","0","4","","","","N","","","","","","","","","",""
"2014079646","","0","0","0","0","0","0","0","0","0","7","0","","02","8","2014","6","40.466403","-80.139764","","11","0","0","0","0","0","0","0","0","2","0","0","0","","","0","","0","","40 27:59.050","7","0","80 08:23.150","0","0","0","0","2115","0","0","0","N","0","0","0","1","02115","0","","4.0","","1","N","N","","0","","0","0","1","","0","Y","","1","0","0","0","0","0","0","2","0","1","","","","N","","","","","","","","","",""
"2014080469","","2","0","0","0","0","0","0","0","0","4","0","","02","8","2014","2","40.467027","-80.024868","","11","0","0","0","0","0","1","0","0","2","0","0","0","","","2","","1","","40 28:01.298","2","0","80 01:29.526","3","0","0","0","2301","0","0","0","N","0","0","0","2","02301","1","","1.0","","1","N","N","","0","","1","0","0","","2","Y","","2","2","1","0","0","0","0","2","0","2","","","","N","","","","","","","","","",""
"2014078168","","1","0","0","0","0","0","0","0","0","7","0","","02","8","2014","4","40.281599","-79.901976","","11","0","0","0","0","0","0","0","0","2","0","0","0","","","1","","0","","40 16:53.755","6","0","79 54:07.115","8","0","0","0","2440","0","0","0","N","0","0","0","1","02440","0","","5.0","","1","N","N","","0","","0","0","0","","0","Y","","1","1","1","0","0","1","0","2","0","1","","","","N","","","","","","","","","",""
"2014080942","","1","0","0","0","0","0","0","0","0","7","0","","02","8","2014","3","40.571604","-79.89219","","11","0","0","0","0","0","0","0","1","","0","0","0","","","1","","0","","40 34:17.774","","0","79 53:31.883","3","0","0","0","2209","0","0","0","N","0","0","0","1","02209","0","","5.0","","1","N","N","","0","","1","0","0","","0","","","1","1","0","0","0","0","0","2","0","1","","","","N","","","","","","","","","",""
"2014080317","","1","0","0","0","0","0","0","0","0","7","0","","02","8","2014","2","40.452548","-79.826223","","11","0","0","0","0","0","0","0","0","2","0","0","0","","","1","","0","","40 27:09.171","2","0","79 49:34.401","8","0","0","0","2113","0","0","0","N","0","0","0","1","02113","0","","5.0","","1","N","N","","0","","0","0","0","","0","Y","","1","1","1","0","0","1","0","2","0","1","","","","N","","","","","","","","","",""
"2014079570","","1","0","0","0","0","0","0","0","0","99","0","","02","8","2014","4","40.58582","-80.023413","","11","0","0","0","0","0","0","1","0","1","0","0","0","","","0","","0","","40 35:08.951","3","0","80 01:24.286","0","0","0","0","2108","0","0","0","N","0","0","0","1","02108","0","","1.0","","1","N","N","","0","","0","0","0","","0","N","","1","0","0","0","0","0","0","2","0","1","","","","N","","","","","","","","","",""