"CRN","ARRIVAL_TM","AUTOMOBILE_COUNT","BELTED_DEATH_COUNT","BELTED_SUSP_SERIOUS_INJ_COUNT","BICYCLE_COUNT","BICYCLE_DEATH_COUNT","BICYCLE_SUSP_SERIOUS_INJ_COUNT","BUS_COUNT","CHLDPAS_DEATH_COUNT","CHLDPAS_SUSP_SERIOUS_INJ_COUNT","COLLISION_TYPE","COMM_VEH_COUNT","CONS_ZONE_SPD_LIM","COUNTY","CRASH_MONTH","CRASH_YEAR","DAY_OF_WEEK","DEC_LATITUDE","DEC_LONGITUDE","DISPATCH_TM","DISTRICT","DRIVER_COUNT_16YR","DRIVER_COUNT_17YR","DRIVER_COUNT_18YR","DRIVER_COUNT_19YR","DRIVER_COUNT_20YR","DRIVER_COUNT_50_64YR","DRIVER_COUNT_65_74YR","DRIVER_COUNT_75PLUS","EST_HRS_CLOSED","FATAL_COUNT","HEAVY_TRUCK_COUNT","HORSE_BUGGY_COUNT","HOUR_OF_DAY","ILLUMINATION","INJURY_COUNT","INTERSECTION_RELATED","INTERSECT_TYPE","LANE_CLOSED","LATITUDE","LN_CLOSE_DIR","LOCATION_TYPE","LONGITUDE","MAX_SEVERITY_LEVEL","MCYCLE_DEATH_COUNT","MCYCLE_SUSP_SERIOUS_INJ_COUNT","MOTORCYCLE_COUNT","MUNICIPALITY","NONMOTR_COUNT","NONMOTR_DEATH_COUNT","NONMOTR_SUSP_SERIOUS_INJ_COUNT","NTFY_HIWY_MAINT","PED_COUNT","PED_DEATH_COUNT","PED_SUSP_SERIOUS_INJ_COUNT","PERSON_COUNT","POLICE_AGCY","POSSIBLE_INJ_COUNT","RDWY_SURF_TYPE_CD","RELATION_TO_ROAD","ROADWAY_CLEARED","ROAD_CONDITION","SCH_BUS_IND","SCH_ZONE_IND","SECONDARY_CRASH","SMALL_TRUCK_COUNT","SPEC_JURIS_CD","SUSP_MINOR_INJ_COUNT","SUSP_SERIOUS_INJ_COUNT","SUV_COUNT","TCD_FUNC_CD","TCD_TYPE","TFC_DETOUR_IND","TIME_OF_DAY","TOTAL_UNITS","TOT_INJ_COUNT","UNBELTED_OCC_COUNT","UNB_DEATH_COUNT","UNB_SUSP_SERIOUS_INJ_COUNT","UNK_INJ_DEG_COUNT","UNK_INJ_PER_COUNT","URBAN_RURAL","VAN_COUNT","VEHICLE_COUNT","WEATHER1","WEATHER2","WORKERS_PRES","WORK_ZONE_IND","WORK_ZONE_LOC","WORK_ZONE_TYPE","WZ_CLOSE_DETOUR","WZ_FLAGGER","WZ_LAW_OFFCR_IND","WZ_LN_CLOSURE","WZ_MOVING","WZ_OTHER","WZ_SHLDER_MDN","WZ_WORKERS_INJ_KILLED"
"2014087010","","3","0","0","0","0","0","0","0","0","1","0","","02","8","2014","1","40.530576","-80.009915","","11","0","0","0","0","0","0","0","0","2","0","0","0","","","1","","1","","40 31:50.073","2","0","80 00:35.695","4","0","0","0","2116","0","0","0","N","0","0","0","6","02116","1","","1.0","","1","N","N","","1","","0","0","0","","2","N","","4","1","0","0","0","0","0","2","0","4","","","","N","","","","","","","","","",""
"2014079116","","1","0","0","0","0","0","0","0","0","1","0","","02","8","2014","3","40.38319","-80.043908","","11","0","0","0","0","0","0","0","0","","0","0","0","","","1","","1","","40 22:59.484","","0","80 02:38.069","4","0","0","0","2109","0","0","0","N","0","0","0","2","02109","1","","1.0","","9","N","N","","1","","0","0","0","","2","","","2","1","0","0","0","0","0","2","0","2","","","","N","","","","","","","","","",""
"2014079740","","2","0","0","0","0","0","0","0","0","4","0","","02","8","2014","7","40.453686","-79.990698","","11","0","0","0","0","0","0","0","0","","0","0","0","","","0","","2","","40 27:13.269","","0","79 59:26.512","0","0","0","0","2301","0","0","0","N","0","0","0","2","02301","0","","1.0","","1","N","N","","0","","0","0","0","","3","","","2","0","0","0","0","0","0","2","0","2","","","","N","","","","","","","","","",""
"2014078273","","1","0","0","0","0","0","0","0","0","6","0","","02","8","2014","2","40.275808","-79.836389","","11","0","0","0","0","0","0","0","1","","0","0","0","","","1","","0","","40 16:32.910","","0","79 50:11.000","8","0","0","0","2105","0","0","0","N","0","0","0","2","02105","0","","1.0","","9","N","N","","0","","0","0","1","","0","","","2","1","0","0","0","1","0","2","0","2","","","","N","","","","","","","","","",""
"2014079894","","1","0","0","0","0","0","0","0","0","4","0","","02","8","2014","7","40.457485","-79.917474","","11","0","0","1","0","0","0","0","0","1","0","0","0","","","1","","2","","40 27:26.946","3","0","79 55:02.907","4","0","0","0","2301","0","0","0","N","0","0","0","2","02301","1","","1.0","","1","N","N","","1","","0","0","0","","2","Y","","2","1","0","0","0","0","0","2","0","2","","","","N","","","","","","","","","",""
"2014079818","","3","0","0","0","0","0","0","0","0","6","1","","02","8","2014","2","40.518975","-80.088944","","11","0","1","0","0","0","0","0","0","2","0","1","0","","","3","","0","","40 31:08.310","5","0","80 05:20.198","4","0","0","0","2211","0","0","0","N","0","0","0","8","02215","3","","1.0","","1","N","N","","0","","0","0","1","","0","Y","","5","3","0","0","0","0","0","2","0","5","","","","N","","","","","","","","","",""
"2014079883","","1","0","0","0","0","0","0","0","0","7","0","","02","8","2014","5","40.390618","-79.869216","","11","0","0","0","0","0","0","0","0","1","0","0","0","","","1","","2","","40 23:26.225","2","0","79 52:09.176","4","0","0","0","2473","0","0","0","N","0","0","0","1","02473","1","","4.0","","1","N","N","","0","","0","0","0","","2","N","","1","1","0","0","0","0","0","2","0","1","","","","N","","","","","","","","","",""
"2014079184","","2","0","0","0","0","0","0","0","0","5","0","","02","7","2014","4","40.375655","-80.098105","","11","0","0","0","0","0","2","0","0","","0","0","0","","","0","","0","","40 22:32.358","","0","80 05:53.178","0","0","0","0","2102","0","0","0","N","0","0","0","2","02102","0","","1.0","","1","N","N","","0","","0","0","0","","0","","","2","0","0","0","0","0","0","2","0","2","","","","N","","","","","","","","","",""
"2014079257","","2","0","0","0","0","0","0","0","0","4","0","","02","8","2014","5","40.344448","-79.813389","","11","0","0","0","0","0","0","0","0","","0","0","0","","","0","","1","","40 20:40.012","","0","79 48:48.200","0","0","0","0","2477","0","0","0","N","0","0","0","3","02477","0","","1.0","","1","N","N","","0","","0","0","0","","3","","","2","0","0","0","0","0","0","2","0","2","","","","N","","","","","","","","","",""
"2014087089","","1","0","0","0","0","0","0","0","0","4","1","","02","9","2014","3","40.449478","-80.025147","","11","0","0","0","0","0","0","0","0","2","0","1","0","","","1","","2","","40 26:58.121","5","0","80 01:30.530","8","0","0","0","2441","0","0","0","","0","0","0","2","02441","0","","1.0","","1","","","","0","","0","0","0","","2","N","","2","1","0","0","0","1","0","2","0","2","","","","N","","","","","","","","","",""
"2014085565","","1","0","0","0","0","0","0","0","0","7","0","","02","8","2014","6","40.313281","-79.957648","","11","0","0","0","0","0","0","1","0","2","0","0","0","","","0","","0","","40 18:47.811","4","0","79 57:27.532","0","0","0","0","2440","0","0","0","N","0","0","0","1","02440","0","","5.0","","1","N","N","","0","","0","0","0","","0","N","","1","0","0","0","0","0","0","2","0","1","","","","N","","","","","","","","","",""
"2014084844","","0","0","0","0","0","0","0","0","0","1","0","","02","8","2014","6","40.437349","-79.737916","","11","0","0","0","0","0","0","1","0","1","0","0","0","","","0","","0","","40 26:14.455","4","0","79 44:16.498","0","0","0","0","2446","0","0","0","N","0","0","0","2","02446","0","","1.0","","1","N","N","","2","","0","0","0","","0","N","","2","0","0","0","0","0","0","2","0","2","","","","N","","","","","","","","","",""
"2014087272","","2","0","0","0","0","0","0","0","0","4","0","","02","9","2014","2","40.439792","-79.923074","","11","0","0","0","0","0","1","0","0","","0","0","0","","","0","","1","","40 26:23.251","","0","79 55:23.066","0","0","0","0","2301","0","0","0","N","0","0","0","4","02301","0","","1.0","","1","N","N","","0","","0","0","0","","3","","","2","0","0","0","0","0","0","2","0","2","","","","N","","","","","","","","","",""
"2014086304","","0","0","0","0","0","0","0","0","0","7","0","","02","8","2014","1","40.608872","-79.949167","","11","0","0","0","0","0","0","0","0","1","0","0","0","","","0","","0","","40 36:31.940","1","0","79 56:57.000","0","0","0","0","2207","0","0","0","N","0","0","0","1","02207","0","","5.0","","1","N","N","","0","","0","0","1","","0","N","","1","0","0","0","0","0","0","2","0","1","","","","N","","","","","","","","","",""
"2014085059","","3","0","0","0","0","0","0","0","0","1","0","","02","8","2014","2","40.543988","-80.029479","","11","0","0","0","0","0","2","0","0","","0","0","0","","","0","","0","","40 32:38.356","","0","80 01:46.124","0","0","0","0","2116","0","0","0","N","0","0","0","3","02116","0","","1.0","","1","N","N","","0","","0","0","0","","0","","","3","0","0","0","0","0","0","2","0","3","","","","N","","","","","","","","","",""
"2014086461","","0","0","0","0","0","0","0","0","0","4","0","","02","9","2014","5","40.449706","-80.025099","","11","0","0","0","0","0","1","0","0","1","0","0","0","","","4","","10","","40 26:58.940","2","8","80 01:30.356","4","0","0","0","2301","0","0","0","N","0","0","0","4","02301","2","","1.0","","1","N","N","","0","","0","0","2","","2","Y","","2","4","0","0","0","2","0","2","0","2","","","","N","","","","","","","","","",""
"2014084848","","2","0","0","0","0","0","0","0","0","4","0","","02","8","2014","1","40.399668","-80.064919","","11","0","0","0","0","0","0","0","0","1","0","0","0","","","0","","1","","40 23:58.804","5","0","80 03:53.707","0","0","0","0","2117","0","0","0","N","0","0","0","2","02117","0","","1.0","","9","N","N","","0","","0","0","0","","2","N","","2","0","0","0","0","0","0","2","0","2","","","","N","","","","","","","","","",""
"2014087276","","0","0","0","0","0","0","0","0","0","7","0","","02","8","2014","1","40.492579","-80.010701","","11","0","0","0","0","1","0","0","0","","0","0","0","","","0","","0","","40 29:33.286","","2","80 00:38.525","0","0","0","0","2301","0","0","0","N","0","0","0","1","02301","0","","4.0","","9","N","N","","0","","0","0","1","","0","","","1","0","1","0","0","0","0","2","0","1","","","","N","","","","","","","","","",""
"2014087289","","1","0","0","0","0","0","0","0","0","1","0","","02","9","2014","2","40.469944","-80.099845","","11","0","1","0","0","0","0","0","0","","0","0","0","","","0","","2","","40 28:11.798","","0","80 05:59.442","0","0","0","0","2126","0","0","0","N","0","0","0","2","02126","0","","1.0","","1","N","N","","0","","0","0","1","","0","","","2","0","0","0","0","0","0","2","0","2","","","","N","","","","","","","","","",""
"2014087207","","0","0","0","0","0","0","0","0","0","4","0","","02","9","2014","2","40.347114","-79.864117","","11","0","0","0","0","0","0","0","0","2","0","0","0","","","0","","1","","40 20:49.611","1","0","79 51:50.822","0","0","0","0","2304","0","0","0","N","0","0","0","2","02304","0","","1.0","","1","N","N","","0","","0","0","2","","2","N","","2","0","0","0","0","0","0","2","0","2","","","","N","","","","","","","","","",""
"2014087209","","2","0","0","0","0","0","0","0","0","4","0","","02","9","2014","2","40.420657","-79.998907","","11","0","0","1","0","0","0","0","0","","0","0","0","","","1","","1","","40 25:14.365","","0","79 59:56.065","4","0","0","0","2301","0","0","0","N","0","0","0","3","02301","1","","1.0","","1","N","N","","0","","0","0","0","","3","","","2","1","1","0","0","0","0","2","0","2","","","","N","","","","","","","","","",""
"2014085002","","0","0","0","0","0","0","0","0","0","4","0","","02","8","2014","1","40.642174","-79.938472","","11","0","0","0","0","0","1","0","0","1","0","0","0","","","2","","1","","40 38:31.825","4","0","79 56:18.498","8","0","0","0","2217","0","0","0","","0","0","0","3","02505","0","","1.0","","9","N","N","","1","","0","0","0","","2","Y","","2","2","0","0","0","2","0","2","1","2","","","","N","","","","","","","","","",""
"2014086310","","1","0","0","0","0","0","0","0","0","2","0","","02","9","2014","6","40.445227","-79.985451","","11","0","0","0","0","0","0","0","0","2","0","0","0","","","1","","2","","40 26:42.817","5","0","79 59:07.623","8","0","0","0","2301","0","0","0","N","0","0","0","2","02301","0","","1.0","","1","N","N","","0","","0","0","1","","3","Y","","2","1","0","0","0","1","0","2","0","2","","","","N","","","","","","","","","",""
"2014087081","","2","0","0","0","0","0","0","0","0","4","0","","02","9","2014","3","40.495133","-80.065783","","11","0","0","0","0","1","0","1","0","1","0","0","0","","","0","","0","","40 29:42.478","2","7","80 03:56.820","0","0","0","0","2402","0","0","0","N","0","0","0","2","02402","0","","1.0","","1","N","N","","0","","0","0","0","","0","N","","2","0","0","0","0","0","0","2","0","2","","","","N","","","","","","","","","",""
"2014086387","","2","0","0","0","0","0","0","0","0","1","0","","02","9","2014","6","40.439663","-79.897667","","11","0","0","0","0","0","0","0","0","2","0","0","0","","","1","","1","","40 26:22.786","2","0","79 53:51.601","8","0","0","0","2301","0","0","0","N","0","0","0","4","02301","0","","1.0","","1","N","N","","0","","0","0","1","","2","N","","3","1","0","0","0","1","0","2","0","3","","","","N","","","","","","","","","",""
"2014084933","","1","0","0","0","0","0","0","0","0","1","0","","02","8","2014","1","40.405565","-79.88572","","11","0","0","0","1","0","1","0","0","1","0","0","0","","","3","","3","","40 24:20.035","1","0","79 53:08.591","8","0","0","0","2475","0","0","0","N","0","0","0","3","02475","0","","1.0","","1","N","N","","0","","0","0","1","","4","N","","2","3","0","0","0","3","0","2","0","2","","","","N","","","","","","","","","",""
"2014087211","","1","0","0","0","0","0","0","0","0","7","0","40","02","9","2014","2","40.290678","-79.913529","","11","0","0","0","0","0","0","0","0","1","0","0","0","","","0","","2","","40 17:26.440","2","0","79 54:48.705","9","0","0","0","2440","0","0","0","Y","0","0","0","1","02440","0","","3.0","","1","N","N","","0","","0","0","0","","0","N","","1","0","0","0","0","0","1","2","0","1","","","N","Y","3","1","","","N","Y","","","",""
"2014087098","","1","0","0","0","0","0","0","0","0","5","0","","02","9","2014","7","40.421862","-80.012549","","11","0","0","0","0","1","0","0","0","2","0","0","0","","","1","","2","","40 25:18.703","5","0","80 00:45.176","4","0","0","1","2301","0","0","0","N","0","0","0","3","02301","1","","1.0","","1","N","N","","0","","0","0","0","","0","N","","2","1","0","0","0","0","0","2","0","2","","","","N","","","","","","","","","",""
"2014085649","","1","0","0","0","0","0","0","0","0","1","2","","02","8","2014","4","40.434678","-80.019098","","11","0","0","0","0","0","2","0","0","1","0","2","0","","","1","","0","","40 26:04.841","3","0","80 01:08.753","3","0","0","0","2301","0","0","0","N","0","0","0","3","68B03","0","","1.0","","1","N","N","","0","","1","0","0","","0","Y","","3","1","0","0","0","0","0","2","0","3","","","","N","","","","","","","","","",""
"2014086466","","1","0","0","0","0","0","0","0","0","7","0","","02","8","2014","7","40.340426","-79.873822","","11","0","0","0","0","0","0","0","0","","0","0","0","","","0","","0","","40 20:25.535","","0","79 52:25.759","0","0","0","0","2455","0","0","0","N","0","0","0","1","02455","0","","5.0","","1","N","N","","0","","0","0","0","","0","","","1","0","0","0","0","0","0","2","0","1","","","","N","","","","","","","","","",""
"2014084934","","1","0","0","0","0","0","0","0","0","6","0","","02","8","2014","7","40.363113","-79.874293","","11","0","0","0","0","0","1","1","0","1","0","0","0","","","0","","0","","40 21:47.207","5","0","79 52:27.453","0","0","0","0","2473","0","0","0","Y","0","0","0","2","02473","0","","1.0","","1","N","N","","1","","0","0","0","","0","Y","","2","0","2","0","0","0","0","2","0","2","","","","N","","","","","","","","","",""
"2014085794","","0","0","0","0","0","0","0","0","0","5","0","","02","9","2014","4","40.453476","-80.000659","","11","0","0","0","0","0","0","0","0","","0","0","0","","","0","","0","","40 27:12.513","","0","80 00:02.373","0","0","0","0","2301","0","0","0","N","0","0","0","3","02301","0","","1.0","","1","N","N","","0","","0","0","2","","0","","","2","0","0","0","0","0","0","2","0","2","","","","N","","","","","","","","","",""
"2014087099","","2","0","0","0","0","0","0","0","0","1","0","","02","9","2014","7","40.467937","-79.871786","","11","0","0","0","0","0","0","0","0","2","0","0","0","","","0","","0","","40 28:04.572","6","0","79 52:18.428","9","0","0","0","2113","0","0","0","N","0","0","0","1","02113","0","","5.0","","1","N","N","","0","","0","0","0","","0","N","","2","0","0","0","0","0","1","2","0","2","","","","N","","","","","","","","","",""
"2014084781","","1","0","0","0","0","0","0","0","0","7","0","","02","8","2014","7","40.46864","-80.035517","","11","0","0","0","0","0","0","0","0","","0","0","0","","","1","","0","","40 28:07.104","","0","80 02:07.862","8","0","0","0","2301","0","0","0","N","0","0","0","1","02301","0","","4.0","","1","N","N","","0","","0","0","0","","0","","","1","1","0","0","0","1","0","2","0","1","","","","N","","","","","","","","","",""
"2014086391","","1","0","0","0","0","0","0","0","0","4","0","","02","9","2014","5","40.369422","-79.81543","","11","0","0","0","0","0","1","0","0","1","0","0","0","","","0","","3","","40 22:09.919","1","0","79 48:55.548","0","0","0","0","2111","0","0","0","N","0","0","0","2","02111","0","","1.0","","1","N","N","","1","","0","0","0","","0","Y","","2","0","0","0","0","0","0","2","0","2","","","","N","","","","","","","","","",""
"2014085779","","0","0","0","0","0","0","0","0","0","4","1","","02","9","2014","4","40.669944","-80.10275","","11","0","0","0","0","0","0","0","0","","0","1","0","","","2","","0","","40 40:11.800","","7","80 06:09.900","4","0","0","0","2212","0","0","0","N","0","0","0","3","02505","2","","1.0","","1","N","N","","0","","0","0","0","","0","","","2","2","0","0","0","0","0","2","1","2","","","","N","","","","","","","","","",""
"2014086325","","1","0","0","0","0","0","0","0","0","1","0","","02","8","2014","3","40.54119","-80.081252","","11","0","0","0","0","0","0","0","0","","0","0","0","","","0","","0","","40 32:28.283","","0","80 04:52.506","0","0","0","0","2215","0","0","0","N","0","0","0","2","68B03","0","","1.0","","1","N","N","","0","","0","0","1","","0","","","2","0","0","0","0","0","0","2","0","2","","","","N","","","","","","","","","",""
"2014084782","","2","0","0","0","0","0","0","0","0","4","0","","02","8","2014","7","40.311264","-79.825097","","11","0","0","0","0","0","0","1","0","2","0","0","0","","","0","","0","","40 18:40.550","5","7","79 49:30.350","0","0","0","0","2105","0","0","0","N","0","0","0","2","02105","0","","1.0","","1","N","N","","0","","0","0","0","","0","Y","","2","0","0","0","0","0","0","2","0","2","","","","N","","","","","","","","","",""
"2014085651","","2","0","0","0","0","0","0","0","0","1","0","","02","8","2014","3","40.480026","-80.007201","","11","0","0","0","0","0","0","0","0","","0","0","0","","","0","","0","","40 28:48.093","","0","80 00:25.922","0","0","0","0","2301","0","0","0","N","0","0","0","2","68B03","0","","1.0","","1","N","N","","0","","0","0","0","","0","","","2","0","0","0","0","0","0","2","0","2","","","","N","","","","","","","","","",""
"2014087215","","2","0","0","0","0","0","0","0","0","1","0","","02","8","2014","7","40.505195","-80.222923","","11","0","0","0","0","0","1","0","0","1","0","0","0","","","1","","0","","40 30:18.703","1","0","80 13:22.524","4","0","0","0","2213","0","0","0","N","0","0","0","5","02213","1","","1.0","","1","N","N","","0","","0","0","0","","0","N","","2","1","0","0","0","0","0","2","0","2","","","","N","","","","","","","","","",""
"2014086326","","2","0","0","0","0","0","0","0","0","1","0","","02","8","2014","3","40.442919","-80.008889","","11","0","0","0","0","0","0","0","0","1","0","0","0","","","0","","0","","40 26:34.509","2","3","80 00:32.002","0","0","0","0","2301","0","0","0","N","0","0","0","2","68B03","0","","1.0","","1","N","N","","0","","0","0","0","","0","N","","2","0","0","0","0","0","0","2","0","2","","","","N","","","","","","","","","",""
"2014085652","","2","0","0","0","0","0","0","0","0","1","0","45","02","8","2014","4","40.388199","-80.098604","","11","0","0","0","0","0","0","0","0","","0","0","0","","","0","","0","","40 23:17.518","","0","80 05:54.975","0","0","0","0","2102","0","0","0","N","0","0","0","2","68B03","0","","1.0","","1","N","N","","0","","0","0","0","","0","","","2","0","0","0","0","0","0","2","0","2","","","Y","Y","4","1","N","N","N","Y","N","N","N",""
"2014084937","","0","0","0","0","0","0","0","0","0","5","1","","02","8","2014","1","40.444534","-79.99373","","11","0","0","0","0","0","0","0","0","","0","1","0","","","0","","0","","40 26:40.322","","0","79 59:37.427","0","0","0","0","2301","0","0","0","N","0","0","0","5","02301","0","","1.0","","1","N","N","","0","","0","0","0","","0","","","2","0","3","0","0","0","0","2","1","2","","","","N","","","","","","","","","",""
"2014087216","","2","0","0","0","0","0","0","0","0","5","0","","02","8","2014","1","40.524217","-80.214629","","11","0","0","0","1","0","0","0","0","2","0","0","0","","","1","","0","","40 31:27.182","5","0","80 12:52.665","4","0","0","0","2213","0","0","0","N","0","0","0","3","02213","1","","1.0","","1","N","N","","0","","0","0","0","","0","Y","","2","1","0","0","0","0","0","2","0","2","","","","N","","","","","","","","","",""
"2014085782","","1","0","0","0","0","0","0","0","0","2","0","","02","9","2014","4","40.440863","-79.973978","","11","0","0","0","0","0","0","0","0","","0","0","0","","","0","","1","","40 26:27.106","","0","79 58:26.320","0","0","0","0","2301","0","0","0","N","0","0","0","3","02301","0","","1.0","","1","N","N","","1","","0","0","0","","3","","","2","0","0","0","0","0","0","2","0","2","","","","N","","","","","","","","","",""
"2014086327","","1","0","0","0","0","0","0","0","0","1","0","","02","8","2014","4","40.444525","-79.842539","","11","0","0","0","0","0","0","1","0","","0","0","0","","","1","","6","","40 26:40.290","","2","79 50:33.141","8","0","0","0","2419","0","0","0","N","0","0","0","2","68B03","0","","1.0","","1","N","N","","1","","0","0","0","","0","","","2","1","0","0","0","1","0","2","0","2","","","","N","","","","","","","","","",""
"2014087165","","0","0","0","0","0","0","0","0","0","99","0","","02","9","2014","1","40.613024","-79.965854","","11","0","0","0","0","0","1","0","0","","0","0","0","","","0","","0","","40 36:46.888","","0","79 57:57.073","0","0","0","0","2207","0","0","0","N","0","0","0","3","68T02","0","","1.0","","1","N","N","","0","","0","0","0","","0","","","1","0","0","0","0","0","0","2","1","1","","","","N","","","","","","","","","",""
"2014085653","","2","0","0","0","0","0","0","0","0","4","0","","02","8","2014","5","40.657232","-80.09191","","11","0","0","0","0","0","0","0","0","1","0","0","0","","","0","","0","","40 39:26.034","1","0","80 05:30.876","0","0","0","0","2212","0","0","0","N","0","0","0","3","68B03","0","","1.0","","1","N","N","","1","","0","0","0","","0","N","","3","0","0","0","0","0","0","2","0","3","","","","N","","","","","","","","","",""
"2014086471","","1","0","0","0","0","0","1","0","0","1","1","","02","9","2014","6","40.476166","-79.79574","","11","0","0","0","0","0","2","0","1","","0","0","0","","","1","","0","","40 28:34.197","","7","79 47:44.665","4","0","0","0","2113","0","0","0","N","0","0","0","4","02113","1","","1.0","","1","Y","N","","1","","0","0","1","","0","","","4","1","0","0","0","0","0","2","0","4","","","","N","","","","","","","","","",""
"2014087217","","0","0","0","0","0","0","0","0","0","7","0","","02","9","2014","7","40.537897","-80.20001","","11","0","0","0","0","0","1","0","0","","0","0","0","","","0","","1","","40 32:16.429","","0","80 12:00.037","0","0","0","0","2213","0","0","0","N","0","0","0","2","02213","0","","2.0","","1","N","N","","0","","0","0","1","","0","","","1","0","0","0","0","0","0","2","0","1","","","","N","","","","","","","","","",""
"2014084722","","0","0","0","0","0","0","0","0","0","99","0","","02","8","2014","7","40.285901","-80.016491","","11","0","0","0","0","0","1","0","0","","0","0","0","","","0","","0","","40 17:09.242","","0","80 00:59.367","0","0","0","0","2219","0","0","0","N","0","0","0","2","02219","0","","1.0","","1","N","N","","0","","0","0","1","","0","","","1","0","0","0","0","0","0","2","0","1","","","","N","","","","","","","","","",""
"2014086328","","1","0","0","0","0","0","0","0","0","1","0","","02","9","2014","4","40.483865","-80.00812","","11","0","0","0","0","0","0","0","0","","0","0","0","","","0","","0","","40 29:01.915","","0","80 00:29.233","0","0","0","0","2301","0","0","0","N","0","0","0","3","68B03","0","","1.0","","1","N","N","","1","","0","0","0","","0","","","2","0","0","0","0","0","0","2","0","2","","","","N","","","","","","","","","",""
"2014087103","","1","0","0","0","0","0","0","0","0","7","0","","02","9","2014","7","40.480738","-80.025596","","11","0","0","0","0","0","0","0","0","1","0","0","0","","","0","","0","","40 28:50.656","3","0","80 01:32.146","0","0","0","0","2301","0","0","0","N","0","0","0","5","02301","0","","5.0","","1","N","N","","0","","0","0","0","","0","N","","1","0","5","0","0","0","0","2","0","1","","","","N","","","","","","","","","",""
"2014086458","","1","0","0","0","0","0","0","0","0","7","0","","02","9","2014","6","40.452234","-80.068999","","11","0","0","0","0","0","0","0","0","2","0","0","0","","","4","","2","","40 27:08.042","6","0","80 04:08.396","3","0","0","0","2301","0","0","0","N","0","0","0","4","02301","3","","5.0","","1","N","N","","0","","1","0","0","","0","Y","","1","4","0","0","0","0","0","2","0","1","","","","N","","","","","","","","","",""
"2014085654","","3","0","0","0","0","0","0","0","0","1","0","","02","8","2014","5","40.576561","-80.093887","","11","0","0","0","0","0","1","0","0","","0","0","0","","","0","","0","","40 34:35.621","","0","80 05:37.992","0","0","0","0","2481","0","0","0","N","0","0","0","3","68B03","0","","1.0","","1","N","N","","0","","0","0","0","","0","","","3","0","0","0","0","0","0","2","0","3","","","","N","","","","","","","","","",""
"2014086397","","2","0","0","0","0","0","0","0","0","4","0","","02","9","2014","3","40.457209","-79.937545","","11","0","0","0","0","0","0","1","0","","0","0","0","","","1","","2","","40 27:25.952","","0","79 56:15.162","4","0","0","0","2301","0","0","0","N","0","0","0","3","02301","1","","1.0","","1","N","N","","0","","0","0","0","","0","","","2","1","1","0","0","0","0","2","0","2","","","","N","","","","","","","","","",""
"2014085085","","1","0","0","0","0","0","0","0","0","7","0","","02","9","2014","2","40.439531","-80.009861","","11","0","0","0","0","0","0","0","0","1","0","0","0","","","1","","0","","40 26:22.310","4","3","80 00:35.500","8","0","0","0","2301","0","0","0","N","0","0","0","1","02301","0","","1.0","","9","N","N","","0","","0","0","0","","0","N","","1","1","0","0","0","1","0","2","0","1","","","","N","","","","","","","","","",""
"2014085926","","1","0","0","0","0","0","0","0","0","1","0","","02","9","2014","4","40.345011","-80.166958","","11","0","0","0","0","0","0","0","1","1","0","0","0","","","1","","0","","40 20:42.039","3","0","80 10:01.049","8","0","0","0","2119","0","0","0","N","0","0","0","3","02119","0","","1.0","","1","N","N","","0","","0","0","0","","0","N","","2","1","0","0","0","1","0","2","1","2","","","","N","","","","","","","","","",""
"2014086766","","1","0","0","0","0","0","0","0","0","1","0","","02","9","2014","7","40.36091","-79.993897","","11","0","0","0","0","0","1","0","0","1","0","0","0","","","0","","2","","40 21:39.277","4","0","79 59:38.030","0","0","0","0","2476","0","0","0","N","0","0","0","4","02476","0","","1.0","","1","N","N","","0","","0","0","1","","0","N","","2","0","0","0","0","0","0","2","0","2","","","","N","","","","","","","","","",""
"2014085645","","1","0","0","0","0","0","0","0","0","5","0","","02","8","2014","6","40.441954","-79.804479","","11","0","0","0","0","1","1","0","0","","0","0","0","","","0","","0","","40 26:31.033","","0","79 48:16.124","0","0","0","0","2113","0","0","0","N","0","0","0","2","68B03","0","","1.0","","1","N","N","","0","","0","0","1","","0","","","2","0","0","0","0","0","0","2","0","2","","","","N","","","","","","","","","",""
"2014084876","","1","0","0","0","0","0","0","0","0","7","0","","02","8","2014","1","40.489661","-80.018379","","11","0","0","0","0","0","1","0","0","2","0","0","0","","","1","","5","","40 29:22.778","3","0","80 01:06.165","8","0","0","0","2301","0","0","0","N","0","0","0","4","02301","0","","5.0","","9","N","N","","1","","0","0","0","","2","N","","2","1","0","0","0","1","0","2","0","2","","","","N","","","","","","","","","",""
"2014085582","","1","0","0","0","0","0","0","0","0","4","0","","02","8","2014","1","40.404499","-79.942533","","11","0","0","0","0","0","0","0","0","","0","0","0","","","0","","2","","40 24:16.198","","0","79 56:33.117","0","0","0","0","2301","0","0","0","N","0","0","0","3","02301","0","","1.0","","1","N","N","","0","","0","0","1","","1","","","2","0","1","0","0","0","0","2","0","2","","","","N","","","","","","","","","",""
"2014087171","","1","0","0","0","0","0","0","0","0","7","0","","02","9","2014","2","40.342301","-79.8752","","11","0","0","0","0","0","0","0","0","1","0","0","0","","","0","","0","","40 20:32.283","5","0","79 52:30.720","0","0","0","0","2455","0","0","0","N","0","0","0","1","02455","0","","1.0","","1","N","N","","0","","0","0","0","","0","Y","","1","0","0","0","0","0","0","2","0","1","","","","N","","","","","","","","","",""
"2014085646","","2","0","0","0","0","0","0","0","0","1","0","","02","8","2014","4","40.449145","-80.003795","","11","0","0","0","0","0","0","0","0","","0","0","0","","","0","","0","","40 26:56.922","","3","80 00:13.661","0","0","0","0","2301","0","0","0","N","0","0","0","3","68B03","0","","1.0","","1","N","N","","0","","0","0","1","","0","","","3","0","0","0","0","0","0","2","0","3","","","","N","","","","","","","","","",""