"CRN","ARRIVAL_TM","AUTOMOBILE_COUNT","BELTED_DEATH_COUNT","BELTED_SUSP_SERIOUS_INJ_COUNT","BICYCLE_COUNT","BICYCLE_DEATH_COUNT","BICYCLE_SUSP_SERIOUS_INJ_COUNT","BUS_COUNT","CHLDPAS_DEATH_COUNT","CHLDPAS_SUSP_SERIOUS_INJ_COUNT","COLLISION_TYPE","COMM_VEH_COUNT","CONS_ZONE_SPD_LIM","COUNTY","CRASH_MONTH","CRASH_YEAR","DAY_OF_WEEK","DEC_LATITUDE","DEC_LONGITUDE","DISPATCH_TM","DISTRICT","DRIVER_COUNT_16YR","DRIVER_COUNT_17YR","DRIVER_COUNT_18YR","DRIVER_COUNT_19YR","DRIVER_COUNT_20YR","DRIVER_COUNT_50_64YR","DRIVER_COUNT_65_74YR","DRIVER_COUNT_75PLUS","EST_HRS_CLOSED","FATAL_COUNT","HEAVY_TRUCK_COUNT","HORSE_BUGGY_COUNT","HOUR_OF_DAY","ILLUMINATION","INJURY_COUNT","INTERSECTION_RELATED","INTERSECT_TYPE","LANE_CLOSED","LATITUDE","LN_CLOSE_DIR","LOCATION_TYPE","LONGITUDE","MAX_SEVERITY_LEVEL","MCYCLE_DEATH_COUNT","MCYCLE_SUSP_SERIOUS_INJ_COUNT","MOTORCYCLE_COUNT","MUNICIPALITY","NONMOTR_COUNT","NONMOTR_DEATH_COUNT","NONMOTR_SUSP_SERIOUS_INJ_COUNT","NTFY_HIWY_MAINT","PED_COUNT","PED_DEATH_COUNT","PED_SUSP_SERIOUS_INJ_COUNT","PERSON_COUNT","POLICE_AGCY","POSSIBLE_INJ_COUNT","RDWY_SURF_TYPE_CD","RELATION_TO_ROAD","ROADWAY_CLEARED","ROAD_CONDITION","SCH_BUS_IND","SCH_ZONE_IND","SECONDARY_CRASH","SMALL_TRUCK_COUNT","SPEC_JURIS_CD","SUSP_MINOR_INJ_COUNT","SUSP_SERIOUS_INJ_COUNT","SUV_COUNT","TCD_FUNC_CD","TCD_TYPE","TFC_DETOUR_IND","TIME_OF_DAY","TOTAL_UNITS","TOT_INJ_COUNT","UNBELTED_OCC_COUNT","UNB_DEATH_COUNT","UNB_SUSP_SERIOUS_INJ_COUNT","UNK_INJ_DEG_COUNT","UNK_INJ_PER_COUNT","URBAN_RURAL","VAN_COUNT","VEHICLE_COUNT","WEATHER1","WEATHER2","WORKERS_PRES","WORK_ZONE_IND","WORK_ZONE_LOC","WORK_ZONE_TYPE","WZ_CLOSE_DETOUR","WZ_FLAGGER","WZ_LAW_OFFCR_IND","WZ_LN_CLOSURE","WZ_MOVING","WZ_OTHER","WZ_SHLDER_MDN","WZ_WORKERS_INJ_KILLED"
"2014085157","","1","0","0","0","0","0","0","0","0","7","0","","02","9","2014","2","40.407346","-80.015162","","11","0","0","0","0","0","1","0","0","1","0","0","0","","","0","","0","","40 24:26.445","1","0","80 00:54.583","9","0","0","0","2301","0","0","0","N","0","0","0","1","02301","0","","4.0","","1","N","N","","0","","0","0","0","","0","N","","1","0","0","0","0","0","1","2","0","1","","","","N","","","","","","","","","",""
"2014085647","","1","0","0","0","0","0","0","0","0","7","0","","02","8","2014","5","40.515311","-80.052184","","11","0","0","0","0","0","0","0","0","1","0","0","0","","","0","","0","","40 30:55.118","1","0","80 03:07.862","0","0","0","0","2116","0","0","0","Y","0","0","0","1","68B03","0","","3.0","","1","N","N","","0","","0","0","0","","0","N","","1","0","0","0","0","0","0","2","0","1","","","","N","","","","","","","","","",""
"2014086620","","2","0","0","0","0","0","0","0","0","4","0","","02","9","2014","6","40.357152","-79.832754","","11","0","0","0","0","0","0","0","1","","0","0","0","","","0","","3","","40 21:25.747","","0","79 49:57.914","9","0","0","0","2304","0","0","0","N","0","0","0","3","02304","0","","7.0","","1","N","N","","0","","0","0","0","","2","","","2","0","0","0","0","0","1","2","0","2","","","","N","","","","","","","","","",""
"2014085089","","1","0","0","0","0","0","0","0","0","4","0","","02","8","2014","2","40.41332","-79.90659","","11","0","0","0","0","0","0","0","0","","0","0","0","","","0","","0","","40 24:47.952","","7","79 54:23.724","0","0","0","0","2438","0","0","0","N","0","0","0","2","02438","0","","1.0","","1","N","N","","0","","0","0","1","","3","","","2","0","1","0","0","0","0","2","0","2","","","","N","","","","","","","","","",""
"2014085584","","0","0","0","0","0","0","0","0","0","0","0","","02","9","2014","3","40.372969","-80.211778","","11","0","0","0","0","0","0","0","0","","0","0","0","","","1","","0","","40 22:22.687","","0","80 12:42.401","8","0","0","1","2119","0","0","0","N","0","0","0","1","02119","0","","1.0","","1","N","N","","0","","0","0","0","","0","","","1","1","0","0","0","1","0","1","0","1","","","","N","","","","","","","","","",""
"2014085648","","2","0","0","0","0","0","0","0","0","1","0","","02","8","2014","2","40.416074","-80.059","","11","0","0","0","0","0","1","0","0","1","0","0","0","","","3","","0","","40 24:57.866","3","0","80 03:32.399","8","0","0","0","2435","0","0","0","Y","0","0","0","3","68B03","0","","1.0","","1","N","N","","0","","0","0","1","","0","N","","3","3","0","0","0","3","0","2","0","3","","","","N","","","","","","","","","",""
"2014086478","","2","0","0","0","0","0","0","0","0","4","0","","02","9","2014","5","40.5279","-80.017712","","11","0","0","0","0","0","0","0","0","","0","0","0","","","0","","2","","40 31:40.440","","0","80 01:03.763","0","0","0","0","2116","0","0","0","N","0","0","0","2","02116","0","","1.0","","1","N","N","","0","","0","0","0","","3","","","2","0","0","0","0","0","0","2","0","2","","","","N","","","","","","","","","",""
"2014087175","","1","0","0","1","0","0","0","0","0","8","0","","02","8","2014","2","40.454369","-79.947665","","11","0","0","0","0","0","1","0","0","","0","0","0","","","1","","0","","40 27:15.729","","0","79 56:51.593","3","0","0","0","2301","1","0","0","N","0","0","0","2","02301","0","","1.0","","1","N","N","","0","","1","0","0","","0","","","2","1","0","0","0","0","0","2","0","1","","","","N","","","","","","","","","",""
"2014086479","","2","0","0","0","0","0","0","0","0","4","0","","02","8","2014","7","40.404282","-79.870316","","11","0","0","0","0","0","0","0","0","","0","0","0","","","3","","0","","40 24:15.415","","0","79 52:13.137","3","0","0","0","2410","2","0","0","N","2","0","0","3","02410","2","","2.0","","1","N","N","","0","","1","0","1","","0","","","5","3","1","0","0","0","0","2","0","3","","","","N","","","","","","","","","",""
"2014086544","","2","0","0","0","0","0","0","0","0","1","0","45","02","8","2014","5","40.412677","-80.078868","","11","0","0","0","0","0","0","1","0","","0","0","0","","","1","","0","","40 24:45.636","","0","80 04:43.925","4","0","0","0","2117","0","0","0","N","0","0","0","3","68B03","1","","1.0","","1","N","N","","1","","0","0","0","","0","","","3","1","0","0","0","0","0","2","0","3","","","Y","Y","4","1","N","N","N","Y","N","N","Y",""
"2014085028","","1","0","0","0","0","0","0","0","0","1","0","","02","8","2014","6","40.497131","-79.932906","","11","0","0","0","0","0","0","0","0","","0","0","0","","","1","","0","","40 29:49.670","","0","79 55:58.463","4","0","0","0","2461","0","0","0","N","0","0","0","2","68D02","1","","1.0","","1","N","N","","0","","0","0","1","","0","","","2","1","0","0","0","0","0","2","0","2","","","","N","","","","","","","","","",""
"2014085808","","1","0","0","0","0","0","0","0","0","1","0","","02","8","2014","4","40.496457","-79.943983","","11","0","0","0","0","0","0","0","0","","0","0","0","","","0","","3","","40 29:47.245","","0","79 56:38.337","0","0","0","0","2430","0","0","0","N","0","0","0","2","02430","0","","1.0","","1","N","N","","0","","0","0","1","","2","","","2","0","1","0","0","0","0","2","0","2","","","","N","","","","","","","","","",""
"2014087113","","1","0","0","0","0","0","0","0","0","7","0","","02","9","2014","3","40.335979","-79.870106","","11","0","0","0","0","0","0","0","0","2","0","0","0","","","0","","0","","40 20:09.523","6","0","79 52:12.383","0","0","0","0","2455","0","0","0","N","0","0","0","1","02455","0","","5.0","","1","N","N","","0","","0","0","0","","0","Y","","1","0","0","0","0","0","0","2","0","1","","","","N","","","","","","","","","",""
"2014087177","","1","0","0","0","0","0","0","0","0","5","0","","02","8","2014","4","40.390618","-79.869216","","11","0","0","0","0","0","1","0","0","1","0","0","0","","","1","","2","","40 23:26.225","5","0","79 52:09.176","8","0","0","0","2473","0","0","0","N","0","0","0","3","02473","0","","1.0","","1","N","N","","0","","0","0","1","","2","N","","2","1","0","0","0","1","0","2","0","2","","","","N","","","","","","","","","",""
"2014084883","","1","0","0","0","0","0","0","0","0","1","0","","02","8","2014","1","40.32982","-79.94531","","11","0","0","0","0","0","0","0","1","2","0","0","0","","","1","","0","","40 19:47.352","2","0","79 56:43.116","8","0","0","0","2473","0","0","0","N","0","0","0","3","02454","0","","1.0","","9","N","N","","0","","0","0","1","","2","N","","2","1","0","0","0","1","0","2","0","2","","","","N","","","","","","","","","",""
"2014084732","","1","0","0","0","0","0","0","0","0","8","0","","02","8","2014","7","40.418322","-80.029741","","11","0","0","0","0","0","1","0","0","","0","0","0","","","1","","0","","40 25:05.959","","0","80 01:47.068","4","0","0","0","2301","1","0","0","N","1","0","0","2","02301","1","","1.0","","1","N","N","","0","","0","0","0","","0","","","2","1","0","0","0","0","0","2","0","1","","","","N","","","","","","","","","",""
"2014087178","","2","0","0","0","0","0","0","0","0","4","0","","02","9","2014","6","40.443194","-79.997056","","11","0","0","0","0","0","0","0","0","2","0","0","0","","","0","","2","","40 26:35.500","4","0","79 59:49.400","0","0","0","0","2301","0","0","0","N","0","0","0","3","02301","0","","1.0","","1","N","N","","0","","0","0","0","","0","N","","2","0","0","0","0","0","0","2","0","2","","","","N","","","","","","","","","",""
"2014084885","","1","0","0","0","0","0","0","0","0","7","0","","02","8","2014","7","40.456567","-80.029179","","11","0","0","0","0","0","0","1","0","2","0","0","0","","","2","","2","","40 27:23.641","1","0","80 01:45.045","8","0","0","0","2301","0","0","0","N","0","0","0","2","02301","0","","4.0","","1","N","N","","0","","0","0","0","","0","N","","2","2","0","0","0","2","0","2","0","1","","","","N","","","","","","","","","",""
"2014085740","","2","0","0","0","0","0","0","0","0","4","0","","02","9","2014","4","40.424659","-79.859628","","11","0","0","0","0","0","0","1","0","1","0","0","0","","","1","","1","","40 25:28.774","3","0","79 51:34.659","4","0","0","0","2431","0","0","0","N","0","0","0","2","02431","1","","1.0","","1","N","N","","1","","0","0","0","","2","N","","3","1","0","0","0","0","0","2","0","3","","","","N","","","","","","","","","",""
"2014086421","","1","0","0","0","0","0","0","0","0","8","0","","02","9","2014","6","40.346236","-79.835878","","11","0","0","0","0","0","1","0","0","","0","0","0","","","1","","0","","40 20:46.451","","0","79 50:09.159","4","0","0","0","2304","1","0","0","N","1","0","0","2","02304","1","","2.0","","1","N","Y","","0","","0","0","0","","0","","","2","1","0","0","0","0","0","2","0","1","","","","N","","","","","","","","","",""
"2014084886","","1","0","0","0","0","0","0","0","0","7","0","","02","8","2014","7","40.363208","-80.046867","","11","0","0","0","0","0","0","0","0","2","0","0","0","","","0","","2","","40 21:47.550","1","0","80 02:48.722","0","0","0","0","2109","0","0","0","N","0","0","0","1","02109","0","","4.0","","1","N","N","","0","","0","0","0","","2","N","","1","0","0","0","0","0","0","2","0","1","","","","N","","","","","","","","","",""
"2014085741","","2","0","0","0","0","0","0","0","0","1","0","","02","9","2014","4","40.419048","-80.029718","","11","0","0","0","0","0","1","0","0","2","0","0","0","","","0","","0","","40 25:08.571","1","0","80 01:46.984","0","0","0","0","2301","0","0","0","N","0","0","0","3","02301","0","","1.0","","1","N","N","","0","","0","0","1","","0","N","","3","0","0","0","0","0","0","2","0","3","","","","N","","","","","","","","","",""
"2014085592","","2","0","0","0","0","0","0","0","0","1","0","","02","8","2014","7","40.440102","-79.958963","","11","0","0","0","0","0","0","0","0","1","0","0","0","","","0","","0","","40 26:24.366","3","0","79 57:32.266","0","0","0","0","2301","0","0","0","N","0","0","0","1","02301","0","","6.0","","1","N","N","","0","","0","0","1","","3","N","","3","0","0","0","0","0","0","2","0","3","","","","N","","","","","","","","","",""
"2014085607","","0","0","0","0","0","0","0","0","0","7","0","","02","9","2014","4","40.462407","-79.899192","","11","0","0","0","0","0","0","0","0","2","0","0","0","","","0","","0","","40 27:44.665","6","0","79 53:57.091","9","0","0","0","2301","0","0","0","N","0","0","0","1","02301","0","","4.0","","1","N","N","","0","","0","0","1","","0","N","","1","0","0","0","0","0","1","2","0","1","","","","N","","","","","","","","","",""
"2014085729","","0","0","0","0","0","0","0","0","0","4","0","","02","9","2014","4","40.448809","-79.987534","","11","0","0","0","0","0","1","0","0","","0","0","0","","","0","","1","","40 26:55.712","","0","79 59:15.122","0","0","0","0","2301","0","0","0","N","0","0","0","2","02301","0","","1.0","","1","N","N","","1","","0","0","1","","2","","","2","0","0","0","0","0","0","2","0","2","","","","N","","","","","","","","","",""
"2014085815","","2","0","0","0","0","0","0","0","0","4","0","","02","9","2014","3","40.439663","-79.897667","","11","0","0","0","0","0","0","0","0","","0","0","0","","","2","","1","","40 26:22.786","","0","79 53:51.601","4","0","0","0","2301","0","0","0","N","0","0","0","3","02301","1","","1.0","","1","N","N","","0","","0","0","0","","2","","","2","2","0","0","0","1","0","2","0","2","","","","N","","","","","","","","","",""
"2014085593","","0","0","0","0","0","0","0","0","0","4","0","","02","9","2014","3","40.454616","-79.91166","","11","0","0","0","0","0","1","1","0","2","0","0","0","","","0","","0","","40 27:16.619","4","7","79 54:41.977","0","0","0","0","2301","0","0","0","N","0","0","0","2","02301","0","","1.0","","1","N","N","","0","","0","0","2","","0","N","","2","0","0","0","0","0","0","2","0","2","","","","N","","","","","","","","","",""
"2014086280","","1","0","0","0","0","0","0","0","0","7","0","","02","8","2014","1","40.543725","-80.043799","","11","0","0","0","0","0","0","0","0","3","0","0","0","","","2","","2","","40 32:37.409","7","0","80 02:37.677","4","0","0","0","2116","0","0","0","N","0","0","0","2","02116","2","","5.0","","1","N","N","","0","","0","0","0","","0","N","","1","2","2","0","0","0","0","2","0","1","","","","N","","","","","","","","","",""
"2014084959","","1","0","0","0","0","0","0","0","0","7","0","","02","8","2014","3","","","","11","0","0","0","0","0","0","0","0","","0","0","0","","","0","","0","","","","0","","0","0","0","0","2415","0","0","0","N","0","0","0","1","02415","0","","4.0","","1","N","N","","0","","0","0","0","","0","","","1","0","0","0","0","0","0","1","0","1","","","","N","","","","","","","","","",""
"2014085744","","2","0","0","0","0","0","0","0","0","1","0","","02","9","2014","4","","","","11","0","0","0","0","0","1","0","0","","0","0","0","","","0","","0","","","","4","","0","0","0","0","2301","0","0","0","N","0","0","0","3","02301","0","","1.0","","1","N","N","","0","","0","0","1","","0","","","3","0","0","0","0","0","0","1","0","3","","","","N","","","","","","","","","",""
"2014086269","","1","0","0","0","0","0","0","0","0","7","0","","02","9","2014","5","40.354752","-79.840898","","11","0","0","0","0","0","0","0","0","1","0","0","0","","","1","","7","","40 21:17.107","1","2","79 50:27.232","4","0","0","0","2304","0","0","0","N","0","0","0","1","02304","1","","4.0","","1","N","N","","0","","0","0","0","","0","N","","1","1","0","0","0","0","0","2","0","1","","","","N","","","","","","","","","",""
"2014084806","","1","0","0","0","0","0","0","0","0","7","0","","02","8","2014","1","40.450049","-80.026642","","11","0","0","0","0","0","0","0","0","","0","0","0","","","0","","0","","40 27:00.176","","0","80 01:35.911","0","0","0","0","2301","0","0","0","N","0","0","0","1","02301","0","","2.0","","9","N","N","","0","","0","0","0","","0","","","1","0","0","0","0","0","0","2","0","1","","","","N","","","","","","","","","",""
"2014085820","","1","0","0","0","0","0","0","0","0","1","0","","02","9","2014","4","40.441274","-80.037521","","11","0","0","0","0","0","0","0","0","","0","0","0","","","1","","2","","40 26:28.586","","0","80 02:15.075","8","0","0","0","2301","0","0","0","N","0","0","0","6","02301","0","","1.0","","1","N","N","","0","","0","0","1","","0","","","2","1","0","0","0","1","0","2","0","2","","","","N","","","","","","","","","",""
"2014084807","","1","0","0","0","0","0","0","0","0","8","0","","02","8","2014","7","40.49598","-80.05628","","11","0","0","0","0","0","1","0","0","","0","0","0","","","1","","0","","40 29:45.527","","0","80 03:22.607","8","0","0","0","2404","1","0","0","N","1","0","0","2","02404","0","","1.0","","1","N","N","","0","","0","0","0","","0","","","2","1","0","0","0","1","0","2","0","1","","","","N","","","","","","","","","",""
"2014084975","","0","0","0","0","0","0","0","0","0","7","0","","02","9","2014","2","40.37351","-80.09533","","11","0","0","0","0","0","0","0","0","1","0","0","0","","","0","","0","","40 22:24.636","2","0","80 05:43.188","0","0","0","0","2117","0","0","0","N","0","0","0","1","02117","0","","5.0","","1","N","N","","0","","0","0","1","","0","N","","1","0","0","0","0","0","0","2","0","1","","","","N","","","","","","","","","",""
"2014087318","","0","0","0","0","0","0","0","0","0","1","0","","02","9","2014","2","40.223978","-79.856614","","11","0","0","0","0","0","1","0","0","","0","0","0","","","0","","0","","40 13:26.320","","0","79 51:23.810","0","0","0","0","2204","0","0","0","N","0","0","0","1","02204","0","","1.0","","1","N","N","","0","","0","0","1","","0","","","2","0","0","0","0","0","0","2","1","2","","","","N","","","","","","","","","",""
"2014084676","","2","0","0","0","0","0","0","0","0","4","0","","02","8","2014","7","40.435941","-79.99556","","11","0","0","0","0","0","0","0","0","","0","0","0","","","1","","0","","40 26:09.387","","0","79 59:44.016","8","0","0","0","2301","0","0","0","N","0","0","0","3","02301","0","","1.0","","1","N","N","","0","","0","0","0","","0","","","2","1","0","0","0","1","0","2","0","2","","","","N","","","","","","","","","",""
"2014084743","","1","0","0","0","0","0","0","0","0","7","0","","02","8","2014","1","40.437967","-79.908322","","11","0","0","0","0","0","0","0","0","2","0","0","0","","","0","","0","","40 26:16.680","4","1","79 54:29.960","0","0","0","0","2301","0","0","0","N","0","0","0","1","02301","0","","4.0","","1","N","N","","0","","0","0","0","","0","N","","1","0","0","0","0","0","0","2","0","1","","","","N","","","","","","","","","",""
"2014084809","","1","0","0","0","0","0","0","0","0","7","0","","02","8","2014","1","40.551158","-79.954364","","11","0","0","0","0","0","0","0","0","1","0","0","0","","","0","","0","","40 33:04.170","2","0","79 57:15.710","0","0","0","0","2118","0","0","0","N","0","0","0","1","02118","0","","2.0","","9","N","N","","0","","0","0","0","","0","N","","1","0","0","0","0","0","0","2","0","1","","","","N","","","","","","","","","",""
"2014086430","","3","0","0","0","0","0","0","0","0","1","0","","02","9","2014","3","40.561025","-80.039371","","11","0","0","0","0","0","1","1","0","2","0","0","0","","","1","","1","","40 33:39.689","2","0","80 02:21.737","8","0","0","0","2108","0","0","0","N","0","0","0","4","02108","0","","1.0","","1","N","N","","0","","0","0","0","","0","N","","3","1","0","0","0","1","0","2","0","3","","","","N","","","","","","","","","",""
"2014085737","","1","0","0","0","0","0","0","0","0","7","0","","02","8","2014","5","40.426706","-79.723931","","11","0","0","0","1","0","0","0","0","","0","0","0","","","1","","0","","40 25:36.143","","0","79 43:26.151","4","0","0","0","2446","0","0","0","N","0","0","0","1","02446","1","","5.0","","1","N","N","","0","","0","0","0","","0","","","1","1","1","0","0","0","0","2","0","1","","","","N","","","","","","","","","",""
"2014084977","","0","0","0","0","0","0","0","0","0","0","0","","02","8","2014","1","40.416084","-80.067663","","11","0","0","0","0","0","1","0","0","","0","0","0","","","1","","0","","40 24:57.904","","0","80 04:03.585","8","0","0","1","2435","0","0","0","N","0","0","0","1","02435","0","","1.0","","1","N","N","","0","","0","0","0","","0","","","1","1","0","0","0","1","0","2","0","1","","","","N","","","","","","","","","",""
"2014084744","","1","0","0","0","0","0","0","0","0","7","0","","02","8","2014","5","40.56655","-79.965186","","11","0","0","0","0","0","0","0","0","1","0","0","0","","","0","","0","","40 33:59.579","2","0","79 57:54.670","0","0","0","0","2207","0","0","0","N","0","0","0","1","02207","0","","5.0","","1","N","N","","0","","0","0","0","","0","N","","1","0","0","0","0","0","0","2","0","1","","","","N","","","","","","","","","",""
"2014087126","","1","0","0","0","0","0","0","0","0","7","0","","02","9","2014","4","40.342965","-79.837754","","11","0","0","0","0","0","0","0","0","","0","0","0","","","0","","1","","40 20:34.674","","0","79 50:15.914","9","0","0","0","2304","0","0","0","N","0","0","0","2","02304","0","","5.0","","1","N","N","","0","","0","0","0","","0","","","1","0","0","0","0","0","2","2","0","1","","","","N","","","","","","","","","",""
"2014086431","","1","0","0","0","0","0","0","0","0","4","0","","02","9","2014","4","40.577135","-80.017919","","11","0","0","0","0","0","0","0","0","","0","0","0","","","0","","2","","40 34:37.685","","0","80 01:04.509","0","0","0","0","2108","0","0","0","N","0","0","0","4","02108","0","","1.0","","1","N","N","","0","","0","0","0","","3","","","2","0","0","0","0","0","0","2","1","2","","","","N","","","","","","","","","",""
"2014086495","","1","0","0","0","0","0","0","0","0","1","0","","02","9","2014","6","40.420131","-79.927323","","11","0","0","0","0","0","1","0","0","","0","0","0","","","0","","0","","40 25:12.470","","0","79 55:38.364","0","0","0","0","2301","0","0","0","N","0","0","0","4","02301","0","","1.0","","1","N","N","","1","","0","0","1","","0","","","3","0","0","0","0","0","0","2","0","3","","","","N","","","","","","","","","",""
"2014084679","","1","0","0","0","0","0","0","0","0","4","0","","02","8","2014","6","40.438334","-79.842884","","11","0","0","0","0","0","0","0","0","1","0","0","0","","","0","","2","","40 26:18.004","5","0","79 50:34.384","0","0","0","0","2419","0","0","0","N","0","0","0","2","02419","0","","1.0","","1","N","N","","0","","0","0","1","","3","N","","2","0","0","0","0","0","0","2","0","2","","","","N","","","","","","","","","",""
"2014084746","","0","0","0","0","0","0","0","0","0","7","0","","02","8","2014","1","40.419735","-79.957684","","11","0","0","0","0","0","0","0","0","","0","0","0","","","0","","0","","40 25:11.045","","0","79 57:27.662","9","0","0","0","2301","0","0","0","N","0","0","0","2","02301","0","","4.0","","1","N","N","","1","","0","0","0","","0","","","1","0","0","0","0","0","2","2","0","1","","","","N","","","","","","","","","",""
"2014084811","","1","0","0","0","0","0","0","0","0","5","0","","02","8","2014","7","40.19812","-79.905078","","11","0","0","0","0","0","0","0","0","3","0","0","0","","","0","","0","","40 11:53.232","3","0","79 54:18.281","0","0","0","0","2204","0","0","0","N","0","0","0","1","02204","0","","2.0","","1","N","N","","0","","0","0","0","","0","N","","2","0","0","0","0","0","0","1","1","2","","","","N","","","","","","","","","",""
"2014086432","","2","0","0","0","0","0","0","0","0","4","0","","02","9","2014","4","40.321391","-80.058132","","11","0","0","0","0","0","1","1","0","","0","0","0","","","0","","2","","40 19:17.006","","0","80 03:29.274","0","0","0","0","2407","0","0","0","N","0","0","0","3","02407","0","","1.0","","1","N","N","","0","","0","0","0","","3","","","2","0","0","0","0","0","0","2","0","2","","","","N","","","","","","","","","",""
"2014087254","","0","0","0","0","0","0","0","0","0","4","0","","02","9","2014","2","40.438046","-79.92768","","11","0","0","0","0","0","0","0","0","1","0","0","0","","","1","","1","","40 26:16.965","3","0","79 55:39.648","4","0","0","0","2301","0","0","0","N","0","0","0","5","02301","1","","1.0","","1","N","N","","0","","0","0","1","","2","N","","2","1","0","0","0","0","0","2","0","2","","","","N","","","","","","","","","",""
"2014084969","","0","0","0","0","0","0","0","0","0","0","0","","02","8","2014","1","40.455095","-79.88596","","11","0","0","0","0","0","1","0","0","","0","0","0","","","1","","2","","40 27:18.342","","0","79 53:09.456","3","0","0","1","2301","0","0","0","N","0","0","0","1","02301","0","","1.0","","9","N","N","","0","","1","0","0","","0","","","1","1","0","0","0","0","0","2","0","1","","","","N","","","","","","","","","",""
"2014086645","","1","0","0","0","0","0","0","0","0","7","0","","02","9","2014","7","40.494254","-79.746956","","11","0","0","1","0","0","0","0","0","","0","0","0","","","0","","0","","40 29:39.313","","0","79 44:49.040","0","0","0","0","2466","0","0","0","N","0","0","0","1","02466","0","","4.0","","1","N","N","","0","","0","0","0","","0","","","1","0","0","0","0","0","0","2","0","1","","","","N","","","","","","","","","",""
"2014084685","","1","0","0","0","0","0","0","0","0","1","0","","02","8","2014","7","40.421274","-80.046444","","11","0","0","0","0","0","0","1","0","","0","0","0","","","1","","7","","40 25:16.587","","2","80 02:47.199","8","0","0","0","2435","0","0","0","N","0","0","0","4","02435","0","","1.0","","1","N","N","","0","","0","0","1","","3","","","2","1","0","0","0","1","0","2","0","2","","","","N","","","","","","","","","",""
"2014084752","","2","0","0","0","0","0","0","0","0","1","0","","02","8","2014","1","40.456421","-79.891913","","11","0","0","0","0","0","1","0","0","","0","0","0","","","2","","1","","40 27:23.115","","0","79 53:30.886","4","0","0","0","2301","0","0","0","N","0","0","0","3","02301","2","","1.0","","1","N","N","","0","","0","0","0","","9","","","2","2","0","0","0","0","0","2","0","2","","","","N","","","","","","","","","",""
"2014084832","","0","0","0","0","0","0","0","0","0","7","0","","02","8","2014","1","40.510495","-79.914078","","11","1","0","0","0","0","0","0","0","","0","0","0","","","2","","0","","40 30:37.783","","0","79 54:50.680","8","0","0","0","2432","0","0","0","N","0","0","0","2","02432","0","","4.0","","9","N","N","","0","","0","0","1","","0","","","1","2","0","0","0","2","0","2","0","1","","","","N","","","","","","","","","",""
"2014087192","","3","0","0","0","0","0","0","0","0","1","0","","02","9","2014","2","40.435652","-79.982732","","11","0","0","0","0","0","0","0","0","","0","0","0","","","0","","0","","40 26:08.348","","0","79 58:57.836","0","0","0","0","2301","0","0","0","N","0","0","0","2","02301","0","","1.0","","1","N","N","","0","","0","0","0","","0","","","3","0","1","0","0","0","0","2","0","3","","","","N","","","","","","","","","",""
"2014086293","","1","0","0","0","0","0","0","0","0","1","0","","02","9","2014","3","40.404722","-79.838555","","11","0","0","0","0","0","0","0","0","1","0","0","0","","","0","","0","","40 24:16.998","2","0","79 50:18.798","0","0","0","0","2449","0","0","0","N","0","0","0","2","02449","0","","1.0","","1","N","N","","1","","0","0","0","","0","N","","2","0","2","0","0","0","0","2","0","2","","","","N","","","","","","","","","",""
"2014085542","","2","0","0","0","0","0","0","0","0","4","0","","02","9","2014","3","40.399812","-80.044901","","11","0","0","0","0","0","1","0","0","1","0","0","0","","","1","","0","","40 23:59.323","3","0","80 02:41.643","4","0","0","0","2301","0","0","0","N","0","0","0","3","02301","1","","1.0","","1","N","N","","0","","0","0","0","","0","N","","2","1","0","0","0","0","0","2","0","2","","","","N","","","","","","","","","",""
"2014087193","","1","0","0","0","0","0","0","0","0","7","0","","02","9","2014","2","40.464784","-79.830676","","11","0","0","0","0","0","0","0","0","2","0","0","0","","","1","","0","","40 27:53.222","6","0","79 49:50.433","3","0","0","0","2113","0","0","0","N","0","0","0","3","02113","0","","4.0","","1","N","N","","0","","1","0","0","","0","Y","","2","1","0","0","0","0","0","2","1","2","","","","N","","","","","","","","","",""
"2014085758","","1","0","0","0","0","0","0","0","0","4","0","","02","8","2014","3","40.391914","-80.068805","","11","0","0","0","0","0","0","0","0","1","0","0","0","","","0","","0","","40 23:30.889","3","7","80 04:07.698","0","0","0","0","2117","0","0","0","N","0","0","0","2","02117","0","","1.0","","1","N","N","","1","","0","0","0","","3","N","","2","0","0","0","0","0","0","2","0","2","","","","N","","","","","","","","","",""
"2014085831","","2","0","0","0","0","0","0","0","0","1","0","","02","8","2014","5","40.597151","-80.047611","","11","1","2","0","0","0","0","0","0","2","0","0","0","","","0","","2","","40 35:49.743","2","0","80 02:51.400","0","0","0","0","2108","0","0","0","N","0","0","0","5","02108","0","","1.0","","1","N","N","","0","","0","0","1","","0","N","","3","0","0","0","0","0","0","2","0","3","","","","N","","","","","","","","","",""
"2014087135","","1","0","0","0","0","0","0","0","0","7","0","","02","8","2014","4","40.540503","-80.080442","","11","0","0","0","0","0","0","0","0","","0","0","0","","","1","","0","","40 32:25.809","","0","80 04:49.592","8","0","0","0","2215","0","0","0","N","0","0","0","1","68B03","0","","2.0","","1","N","N","","0","","0","0","0","","0","","","1","1","0","0","0","1","0","2","0","1","","","","N","","","","","","","","","",""