"CRN","ARRIVAL_TM","AUTOMOBILE_COUNT","BELTED_DEATH_COUNT","BELTED_SUSP_SERIOUS_INJ_COUNT","BICYCLE_COUNT","BICYCLE_DEATH_COUNT","BICYCLE_SUSP_SERIOUS_INJ_COUNT","BUS_COUNT","CHLDPAS_DEATH_COUNT","CHLDPAS_SUSP_SERIOUS_INJ_COUNT","COLLISION_TYPE","COMM_VEH_COUNT","CONS_ZONE_SPD_LIM","COUNTY","CRASH_MONTH","CRASH_YEAR","DAY_OF_WEEK","DEC_LATITUDE","DEC_LONGITUDE","DISPATCH_TM","DISTRICT","DRIVER_COUNT_16YR","DRIVER_COUNT_17YR","DRIVER_COUNT_18YR","DRIVER_COUNT_19YR","DRIVER_COUNT_20YR","DRIVER_COUNT_50_64YR","DRIVER_COUNT_65_74YR","DRIVER_COUNT_75PLUS","EST_HRS_CLOSED","FATAL_COUNT","HEAVY_TRUCK_COUNT","HORSE_BUGGY_COUNT","HOUR_OF_DAY","ILLUMINATION","INJURY_COUNT","INTERSECTION_RELATED","INTERSECT_TYPE","LANE_CLOSED","LATITUDE","LN_CLOSE_DIR","LOCATION_TYPE","LONGITUDE","MAX_SEVERITY_LEVEL","MCYCLE_DEATH_COUNT","MCYCLE_SUSP_SERIOUS_INJ_COUNT","MOTORCYCLE_COUNT","MUNICIPALITY","NONMOTR_COUNT","NONMOTR_DEATH_COUNT","NONMOTR_SUSP_SERIOUS_INJ_COUNT","NTFY_HIWY_MAINT","PED_COUNT","PED_DEATH_COUNT","PED_SUSP_SERIOUS_INJ_COUNT","PERSON_COUNT","POLICE_AGCY","POSSIBLE_INJ_COUNT","RDWY_SURF_TYPE_CD","RELATION_TO_ROAD","ROADWAY_CLEARED","ROAD_CONDITION","SCH_BUS_IND","SCH_ZONE_IND","SECONDARY_CRASH","SMALL_TRUCK_COUNT","SPEC_JURIS_CD","SUSP_MINOR_INJ_COUNT","SUSP_SERIOUS_INJ_COUNT","SUV_COUNT","TCD_FUNC_CD","TCD_TYPE","TFC_DETOUR_IND","TIME_OF_DAY","TOTAL_UNITS","TOT_INJ_COUNT","UNBELTED_OCC_COUNT","UNB_DEATH_COUNT","UNB_SUSP_SERIOUS_INJ_COUNT","UNK_INJ_DEG_COUNT","UNK_INJ_PER_COUNT","URBAN_RURAL","VAN_COUNT","VEHICLE_COUNT","WEATHER1","WEATHER2","WORKERS_PRES","WORK_ZONE_IND","WORK_ZONE_LOC","WORK_ZONE_TYPE","WZ_CLOSE_DETOUR","WZ_FLAGGER","WZ_LAW_OFFCR_IND","WZ_LN_CLOSURE","WZ_MOVING","WZ_OTHER","WZ_SHLDER_MDN","WZ_WORKERS_INJ_KILLED"
"2014086908","","1","0","0","0","0","0","0","0","0","1","0","","02","9","2014","7","40.345894","-80.057049","","11","0","0","1","0","0","0","0","0","1","0","0","0","","","0","","0","","40 20:45.219","1","7","80 03:25.378","0","0","0","0","2123","0","0","0","N","0","0","0","2","02123","0","","1.0","","1","N","N","","0","","0","0","0","","2","N","","2","0","0","0","0","0","0","2","1","2","","","","N","","","","","","","","","",""
"2014086154","","1","0","0","0","0","0","0","0","0","1","0","","02","9","2014","4","40.410135","-80.082507","","11","0","0","0","0","0","1","0","0","1","0","0","0","","","1","","1","","40 24:36.487","3","0","80 04:57.026","8","0","0","0","2415","0","0","0","N","0","0","0","2","02415","0","","1.0","","1","N","N","","1","","0","0","0","","2","Y","","2","1","0","0","0","1","0","2","0","2","","","","N","","","","","","","","","",""
"2014082397","","2","0","0","0","0","0","0","0","0","1","0","","02","8","2014","7","40.479764","-79.972936","","11","0","0","0","0","0","0","0","0","1","0","0","0","","","0","","0","","40 28:47.150","3","0","79 58:22.570","0","0","0","0","2445","0","0","0","","0","0","0","1","02445","0","","6.0","","1","N","","","0","","0","0","0","","0","N","","2","0","0","0","0","0","0","2","0","2","","","","N","","","","","","","","","",""
"2014084511","","2","0","0","0","0","0","0","0","0","4","0","","02","8","2014","4","","","","11","0","0","0","0","0","2","0","0","","0","0","0","","","0","","1","","","","0","","0","0","0","0","2473","0","0","0","N","0","0","0","2","02473","0","","1.0","","1","N","N","","0","","0","0","0","","3","","","2","0","0","0","0","0","0","1","0","2","","","","N","","","","","","","","","",""
"2014083915","","1","0","0","0","0","0","0","0","0","1","0","","02","7","2014","6","40.40889","-79.905493","","11","0","0","0","0","0","0","0","0","","0","0","0","","","1","","1","","40 24:32.003","","0","79 54:19.776","8","0","0","0","2438","0","0","0","N","0","0","0","3","02438","0","","1.0","","1","N","N","","0","","0","0","0","","2","","","2","1","0","0","0","1","1","2","1","2","","","","N","","","","","","","","","",""
"2014083916","","0","0","0","0","0","0","0","0","0","1","0","","02","8","2014","5","40.421181","-80.049849","","11","0","0","0","0","0","0","0","0","","0","0","0","","","0","","1","","40 25:16.251","","0","80 02:59.456","0","0","0","0","2435","0","0","0","N","0","0","0","2","02435","0","","1.0","","1","N","N","","1","","0","0","1","","0","","","2","0","0","0","0","0","0","2","0","2","","","","N","","","","","","","","","",""
"2014085946","","1","0","0","0","0","0","0","0","0","4","1","","02","9","2014","4","40.399303","-80.14498","","11","0","0","0","0","0","0","0","0","2","0","1","0","","","0","","0","","40 23:57.490","4","0","80 08:41.929","0","0","0","0","2102","0","0","0","N","0","0","0","3","02102","0","","1.0","","1","N","N","","0","","0","0","0","","0","N","","2","0","0","0","0","0","0","2","0","2","","","","N","","","","","","","","","",""
"2014085095","","0","0","0","0","0","0","0","0","0","1","1","","02","8","2014","4","40.411014","-80.005933","","11","0","0","0","0","0","0","1","0","1","0","1","0","","","0","","1","","40 24:39.651","1","0","80 00:21.360","0","0","0","0","2301","0","0","0","N","0","0","0","3","02301","0","","1.0","","1","N","N","","0","","0","0","0","","2","N","","2","0","0","0","0","0","0","2","1","2","","","","N","","","","","","","","","",""
"2014085096","","2","0","0","0","0","0","0","0","0","4","0","","02","8","2014","1","40.445799","-79.948862","","11","0","0","0","1","0","0","0","0","2","0","0","0","","","1","","1","","40 26:44.876","5","0","79 56:55.903","3","0","0","0","2301","0","0","0","N","0","0","0","6","02301","0","","1.0","","1","N","N","","0","","1","0","1","","3","Y","","3","1","0","0","0","0","0","2","0","3","","","","N","","","","","","","","","",""
"2014085332","","1","0","0","0","0","0","0","0","0","4","0","","02","9","2014","3","40.459193","-79.970767","","11","0","0","0","0","1","0","0","0","","0","0","0","","","0","","1","","40 27:33.094","","0","79 58:14.761","9","0","0","0","2301","0","0","0","N","0","0","0","2","02301","0","","1.0","","1","N","N","","0","","0","0","0","","2","","","2","0","0","0","0","0","1","2","1","2","","","","N","","","","","","","","","",""
"2014086841","","1","0","0","0","0","0","0","0","0","4","0","","02","9","2014","7","40.489479","-79.819853","","11","0","0","0","0","0","1","0","0","1","0","0","0","","","0","","1","","40 29:22.124","4","0","79 49:11.470","0","0","0","0","2113","0","0","0","N","0","0","0","2","02113","0","","1.0","","1","N","N","","0","","0","0","1","","0","N","","2","0","0","0","0","0","0","2","0","2","","","","N","","","","","","","","","",""
"2014085334","","1","0","0","0","0","0","0","0","0","7","0","","02","9","2014","2","40.501645","-79.851833","","11","0","0","0","0","0","1","0","0","1","0","0","0","","","0","","0","","40 30:05.922","2","0","79 51:06.599","0","0","0","0","2112","0","0","0","N","0","0","0","1","02112","0","","1.0","","1","N","N","","0","","0","0","0","","0","N","","1","0","0","0","0","0","0","2","0","1","","","","N","","","","","","","","","",""
"2014086697","","0","0","0","0","0","0","0","0","0","7","0","","02","9","2014","7","40.452403","-80.100239","","11","0","0","0","0","1","0","0","0","2","0","0","0","","","1","","0","","40 27:08.650","6","0","80 06:00.860","8","0","0","0","2126","0","0","0","N","0","0","0","1","02126","0","","5.0","","9","N","N","","0","","0","0","1","","0","Y","","1","1","0","0","0","1","0","2","0","1","","","","N","","","","","","","","","",""
"2014086780","","0","0","0","0","0","0","0","0","0","1","0","","02","9","2014","7","40.403604","-80.040431","","11","0","0","0","0","0","1","0","0","","0","0","0","","","1","","1","","40 24:12.974","","0","80 02:25.552","8","0","0","0","2301","0","0","0","N","0","0","0","2","02301","0","","1.0","","1","N","N","","0","","0","0","2","","2","","","2","1","0","0","0","1","1","2","0","2","","","","N","","","","","","","","","",""
"2014085253","","2","0","0","0","0","0","0","0","0","4","0","","02","8","2014","1","40.438568","-79.985087","","11","0","0","0","0","0","1","0","0","","0","0","0","","","0","","1","","40 26:18.844","","0","79 59:06.313","0","0","0","0","2301","0","0","0","N","0","0","0","2","02301","0","","1.0","","1","N","N","","0","","0","0","0","","1","","","2","0","0","0","0","0","0","2","0","2","","","","N","","","","","","","","","",""
"2014085335","","2","0","0","0","0","0","0","0","0","2","0","","02","9","2014","2","40.388263","-79.77344","","11","0","0","0","0","0","1","0","0","","0","0","0","","","2","","0","","40 23:17.748","","0","79 46:24.384","4","0","0","0","2470","0","0","0","N","0","0","0","3","02424","1","","1.0","","1","N","N","","1","","0","0","0","","0","","","3","2","0","0","0","1","0","2","0","3","","","","N","","","","","","","","","",""
"2014086915","","0","0","0","0","0","0","0","0","0","0","0","","02","9","2014","5","40.396218","-79.998194","","11","0","0","0","0","0","1","0","0","","0","0","0","","","1","","1","","40 23:46.384","","0","79 59:53.499","8","0","0","1","2301","0","0","0","N","0","0","0","1","02301","0","","1.0","","1","N","N","","0","","0","0","0","","2","","","2","1","0","0","0","1","0","2","0","1","","","","N","","","","","","","","","",""
"2014086628","","1","0","0","0","0","0","0","0","0","7","0","","02","7","2014","1","40.490178","-80.079817","","11","0","0","0","0","0","0","0","0","2","0","0","0","","","1","","0","","40 29:24.640","4","3","80 04:47.340","3","0","0","0","2215","0","0","0","N","0","0","0","1","02215","0","","2.0","","1","N","N","","0","","1","0","0","","2","Y","","1","1","0","0","0","0","0","2","0","1","","","","N","","","","","","","","","",""
"2014084594","","1","0","0","0","0","0","0","0","0","7","0","","02","8","2014","7","40.423642","-79.973555","","11","0","0","0","0","0","0","0","0","","0","0","0","","","0","","0","","40 25:25.111","","0","79 58:24.798","0","0","0","0","2301","0","0","0","N","0","0","0","2","02301","0","","3.0","","1","N","N","","0","","0","0","0","","0","","","1","0","0","0","0","0","0","2","0","1","","","","N","","","","","","","","","",""
"2014086629","","2","0","0","0","0","0","0","0","0","1","0","","02","9","2014","6","40.452888","-79.879456","","11","0","0","0","0","0","0","0","0","","0","0","0","","","0","","0","","40 27:10.396","","0","79 52:46.041","0","0","0","0","2301","0","0","0","N","0","0","0","0","02301","0","","1.0","","1","N","N","","0","","0","0","0","","0","","","2","0","0","0","0","0","0","2","0","2","","","","N","","","","","","","","","",""
"2014085953","","1","0","0","0","0","0","0","0","0","0","0","","02","8","2014","7","40.456391","-79.87284","","11","0","0","0","0","0","1","0","0","","0","0","0","","","0","","0","","40 27:23.007","","0","79 52:22.224","0","0","0","0","2301","0","0","0","N","0","0","0","1","02301","0","","1.0","","1","N","N","","0","","0","0","0","","0","","","1","0","0","0","0","0","0","2","0","1","","","","N","","","","","","","","","",""
"2014086782","","1","0","0","0","0","0","0","0","0","7","0","","02","8","2014","1","40.594817","-79.830389","","11","0","0","0","0","0","0","0","0","","0","0","0","","","0","","0","","40 35:41.341","","0","79 49:49.402","9","0","0","0","2209","0","0","0","N","0","0","0","1","02209","0","","5.0","","1","N","N","","0","","0","0","0","","0","","","1","0","0","0","0","0","1","1","0","1","","","","N","","","","","","","","","",""
"2014084533","","1","0","0","0","0","0","0","0","0","7","0","","02","8","2014","6","40.448914","-79.976553","","11","0","0","0","0","0","1","0","0","1","0","0","0","","","1","","0","","40 26:56.090","6","0","79 58:35.590","4","0","0","0","2301","0","0","0","N","0","0","0","1","02301","1","","4.0","","1","N","N","","0","","0","0","0","","0","N","","1","1","0","0","0","0","0","2","0","1","","","","N","","","","","","","","","",""
"2014085269","","1","0","0","0","0","0","0","0","0","5","0","","02","9","2014","3","40.431271","-80.002288","","11","0","0","0","0","0","1","0","0","1","0","0","0","","","1","","0","","40 25:52.574","3","0","80 00:08.236","8","0","0","0","2301","0","0","0","N","0","0","0","3","02301","0","","1.0","","1","N","N","","0","","0","0","0","","0","N","","2","1","0","0","0","1","1","2","1","2","","","","N","","","","","","","","","",""
"2014085104","","1","0","0","0","0","0","1","0","0","5","1","","02","9","2014","2","40.441913","-79.991892","","11","0","0","0","0","0","1","1","0","","0","0","0","","","0","","1","","40 26:30.888","","0","79 59:30.810","0","0","0","0","2301","0","0","0","N","0","0","0","12","02301","0","","1.0","","1","Y","N","","0","","0","0","0","","2","","","2","0","0","0","0","0","0","2","0","2","","","","N","","","","","","","","","",""
"2014085105","","1","0","0","0","0","0","0","0","0","4","0","90","02","9","2014","2","40.291202","-79.913967","","11","0","0","0","0","0","1","1","0","1","0","0","0","","","1","","2","","40 17:28.326","1","0","79 54:50.281","8","0","0","0","2440","0","0","0","N","0","0","0","3","02440","0","","1.0","","1","N","N","","1","","0","0","0","","3","Y","","2","1","0","0","0","1","0","2","0","2","","","N","Y","5","2","","","N","Y","","","",""
"2014086716","","0","0","0","0","0","0","0","0","0","4","0","","02","9","2014","7","40.392852","-79.986532","","11","0","0","0","0","0","1","0","0","","0","0","0","","","1","","0","","40 23:34.267","","7","79 59:11.515","3","0","0","1","2301","0","0","0","N","0","0","0","2","02301","0","","1.0","","1","N","N","","0","","1","0","0","","0","","","2","1","0","0","0","0","0","2","1","2","","","","N","","","","","","","","","",""
"2014086920","","1","0","0","0","0","0","0","0","0","4","0","","02","9","2014","6","40.510237","-80.094597","","11","0","0","0","0","0","0","0","0","","0","0","0","","","1","","1","","40 30:36.852","","0","80 05:40.550","4","0","0","1","2429","0","0","0","N","0","0","0","2","02215","1","","1.0","","1","N","N","","0","","0","0","0","","2","","","2","1","0","0","0","0","0","2","0","2","","","","N","","","","","","","","","",""
"2014086636","","2","0","0","0","0","0","0","0","0","5","0","","02","9","2014","7","40.451179","-79.92024","","11","0","0","0","0","0","0","0","0","1","0","0","0","","","0","","0","","40 27:04.245","1","0","79 55:12.864","0","0","0","0","2301","0","0","0","N","0","0","0","1","02301","0","","6.0","","1","N","N","","0","","0","0","0","","0","N","","2","0","0","0","0","0","0","2","0","2","","","","N","","","","","","","","","",""
"2014085272","","0","0","0","0","0","0","0","0","0","1","1","","02","9","2014","3","40.463186","-79.955134","","11","0","0","0","0","0","0","0","0","","0","1","0","","","0","","2","","40 27:47.469","","0","79 57:18.482","0","0","0","0","2301","0","0","0","N","0","0","0","2","02301","0","","1.0","","1","N","N","","1","","0","0","0","","0","","","2","0","0","0","0","0","0","2","0","2","","","","N","","","","","","","","","",""
"2014086860","","1","0","0","0","0","0","0","0","0","1","0","","02","9","2014","7","40.393757","-80.036002","","11","1","0","0","0","0","0","1","1","","0","0","0","","","0","","0","","40 23:37.526","","0","80 02:09.607","0","0","0","0","2422","0","0","0","N","0","0","0","6","02422","0","","1.0","","1","N","N","","0","","0","0","1","","0","","","3","0","0","0","0","0","0","2","1","3","","","","N","","","","","","","","","",""
"2014085273","","0","0","0","0","0","0","0","0","0","4","0","","02","9","2014","3","40.481555","-79.829161","","11","0","0","0","0","0","0","0","0","1","0","0","0","","","2","","2","","40 28:53.598","1","0","79 49:44.981","4","0","0","0","2113","0","0","0","N","0","0","0","4","02113","1","","1.0","","1","N","N","","1","","0","0","0","","3","N","","2","2","0","0","0","1","0","2","1","2","","","","N","","","","","","","","","",""
"2014084340","","1","0","0","0","0","0","0","0","0","99","0","","02","8","2014","6","40.416481","-79.995157","","11","0","0","0","0","0","0","0","0","","0","0","0","","","0","","1","","40 24:59.331","","0","79 59:42.565","0","0","0","0","2301","0","0","0","N","0","0","0","3","02301","0","","1.0","","1","N","N","","0","","0","0","1","","3","","","2","0","2","0","0","0","0","2","0","2","","","","N","","","","","","","","","",""
"2014084539","","1","0","0","0","0","0","0","0","0","7","0","","02","8","2014","7","40.475581","-79.871983","","11","0","0","0","0","0","1","0","0","2","0","0","0","","","3","","0","","40 28:32.090","5","0","79 52:19.140","4","0","0","0","2113","0","0","0","N","0","0","0","3","02113","2","","4.0","","1","N","N","","0","","0","0","0","","0","Y","","1","3","0","0","0","1","0","2","0","1","","","","N","","","","","","","","","",""
"2014086924","","1","0","0","0","0","0","0","0","0","7","0","","02","9","2014","1","40.477068","-79.999541","","11","0","0","0","0","0","0","0","0","","0","0","0","","","1","","2","","40 28:37.444","","0","79 59:58.347","4","0","0","0","2301","0","0","0","N","0","0","0","1","02301","1","","4.0","","1","N","N","","0","","0","0","0","","3","","","1","1","0","0","0","0","0","2","0","1","","","","N","","","","","","","","","",""
"2014086640","","1","0","0","0","0","0","0","0","0","7","0","","02","9","2014","2","40.361401","-80.110985","","11","0","0","0","0","0","0","0","0","3","0","0","0","","","1","","0","","40 21:41.042","2","0","80 06:39.545","3","0","0","0","2102","0","0","0","N","0","0","0","1","02102","0","","4.0","","9","N","N","","0","","1","0","0","","0","Y","","1","1","0","0","0","0","0","2","0","1","","","","N","","","","","","","","","",""
"2014084540","","1","0","0","0","0","0","0","0","0","4","0","","02","8","2014","6","40.28809","-79.996666","","11","0","0","0","0","0","1","0","0","3","0","0","0","","","2","","1","","40 17:17.124","7","0","79 59:47.997","2","0","1","1","2219","0","0","0","N","0","0","0","3","02219","1","","1.0","","1","N","N","","0","","0","1","0","","3","Y","","2","2","0","0","0","0","0","2","0","2","","","","N","","","","","","","","","",""
"2014084602","","1","0","0","0","0","0","0","0","0","7","0","","02","8","2014","7","40.482866","-79.820001","","11","0","0","0","0","0","0","0","0","","0","0","0","","","0","","0","","40 28:58.316","","0","79 49:12.004","0","0","0","0","2113","0","0","0","N","0","0","0","1","02113","0","","5.0","","1","N","N","","0","","0","0","0","","0","","","1","0","0","0","0","0","0","2","0","1","","","","N","","","","","","","","","",""
"2014084329","","2","0","0","0","0","0","0","0","0","1","0","","02","8","2014","6","40.46643","-80.034462","","11","0","0","0","0","0","0","0","0","","0","0","0","","","0","","0","","40 27:59.149","","0","80 02:04.063","0","0","0","0","2301","0","0","0","N","0","0","0","2","02301","0","","1.0","","1","N","N","","0","","0","0","0","","0","","","2","0","0","0","0","0","0","2","0","2","","","","N","","","","","","","","","",""
"2014085962","","1","0","0","1","0","0","0","0","0","4","0","","02","8","2014","1","","","","11","0","0","0","0","0","0","0","0","","0","0","0","","","1","","1","","","","0","","3","0","0","0","2467","1","0","0","N","0","0","0","3","02467","0","","1.0","","1","N","N","","0","","1","0","0","","0","","","2","1","0","0","0","0","0","1","0","1","","","","N","","","","","","","","","",""
"2014085278","","0","0","0","0","0","0","0","0","0","1","0","","02","8","2014","1","40.330054","-79.987351","","11","0","0","0","0","0","0","0","0","","0","0","0","","","1","","1","","40 19:48.194","","0","79 59:14.462","4","0","0","0","2219","0","0","0","N","0","0","0","5","02219","1","","1.0","","1","N","N","","0","","0","0","2","","2","","","2","1","0","0","0","0","0","2","0","2","","","","N","","","","","","","","","",""
"2014084543","","2","0","0","0","0","0","0","0","0","5","0","","02","8","2014","6","40.439322","-79.952813","","11","0","0","0","0","0","0","0","0","","0","0","0","","","0","","0","","40 26:21.559","","0","79 57:10.126","0","0","0","0","2301","0","0","0","N","0","0","0","1","02301","0","","1.0","","1","N","N","","1","","0","0","0","","0","","","3","0","1","0","0","0","0","2","0","3","","","","N","","","","","","","","","",""
"2014084345","","1","0","0","0","0","0","0","0","0","4","0","","02","8","2014","5","40.364736","-80.048104","","11","0","1","0","0","0","0","0","0","1","0","0","0","","","5","","1","","40 21:53.048","5","0","80 02:53.175","3","0","0","0","2109","0","0","0","N","0","0","0","5","02109","4","","1.0","","1","N","N","","0","","1","0","1","","2","N","","2","5","0","0","0","0","0","2","0","2","","","","N","","","","","","","","","",""
"2014086723","","1","0","0","0","0","0","0","0","0","7","0","","02","8","2014","7","40.366746","-79.885588","","11","0","0","0","0","0","0","0","0","2","0","0","0","","","3","","0","","40 22:00.285","6","0","79 53:08.116","2","0","0","0","2473","0","0","0","N","0","0","0","3","02473","1","","4.0","","1","N","N","","0","","1","1","0","","0","Y","","1","3","1","0","1","0","0","2","0","1","","","","N","","","","","","","","","",""
"2014085266","","2","0","0","0","0","0","0","0","0","1","0","","02","8","2014","2","40.46206","-79.767226","","11","0","0","0","0","0","1","0","0","","0","0","0","","","2","","0","","40 27:43.416","","0","79 46:02.013","8","0","0","0","2446","0","0","0","N","0","0","0","3","02446","0","","1.0","","1","N","N","","0","","0","0","0","","0","","","2","2","1","0","0","2","0","2","0","2","","","","N","","","","","","","","","",""
"2014085279","","0","0","0","0","0","0","0","0","0","8","0","","02","9","2014","2","40.362111","-79.861251","","11","0","0","0","0","0","0","0","0","","0","0","0","","","1","","0","","40 21:43.599","","0","79 51:40.504","4","0","0","0","2473","1","0","0","N","1","0","0","2","02473","1","","2.0","","1","N","N","","0","","0","0","0","","0","","","2","1","0","0","0","0","1","2","0","1","","","","N","","","","","","","","","",""
"2014086106","","1","0","0","0","0","0","0","0","0","1","0","","02","8","2014","5","40.522975","-80.005315","","11","0","0","0","0","0","0","0","0","","0","0","0","","","2","","0","","40 31:22.711","","0","80 00:19.134","4","0","0","0","2116","0","0","0","N","0","0","0","2","02116","2","","1.0","","1","N","N","","0","","0","0","1","","0","","","2","2","0","0","0","0","0","2","0","2","","","","N","","","","","","","","","",""
"2014084605","","1","0","0","0","0","0","0","0","0","5","0","","02","8","2014","6","40.477013","-80.012285","","11","0","0","0","0","0","0","0","0","1","0","0","0","","","1","","0","","40 28:37.247","5","0","80 00:44.226","4","0","0","0","2301","0","0","0","N","0","0","0","1","02301","1","","6.0","","1","N","N","","1","","0","0","1","","0","N","","3","1","0","0","0","0","0","2","0","3","","","","N","","","","","","","","","",""
"2014086646","","1","0","0","0","0","0","0","0","0","7","0","","02","9","2014","7","40.391476","-79.933917","","11","0","0","0","0","0","0","0","0","2","0","0","0","","","0","","0","","40 23:29.313","1","2","79 56:02.100","0","0","0","0","2301","0","0","0","N","0","0","0","3","02301","0","","5.0","","1","N","N","","0","","0","0","0","","0","N","","1","0","0","0","0","0","0","2","0","1","","","","N","","","","","","","","","",""
"2014086659","","3","0","0","0","0","0","0","0","0","1","0","","02","9","2014","5","40.526526","-80.159078","","11","0","0","1","0","0","0","0","0","1","0","0","0","","","0","","1","","40 31:35.492","1","0","80 09:32.680","0","0","0","0","2436","0","0","0","N","0","0","0","4","68B03","0","","1.0","","1","N","N","","1","","0","0","0","","2","N","","4","0","0","0","0","0","0","2","0","4","","","","N","","","","","","","","","",""
"2014085267","","1","0","0","1","0","0","0","0","0","4","0","","02","9","2014","3","40.454758","-79.925409","","11","0","0","0","0","0","1","0","0","","0","0","0","","","1","","0","","40 27:17.128","","7","79 55:31.472","8","0","0","0","2301","1","0","0","N","0","0","0","2","02301","0","","1.0","","1","N","N","","0","","0","0","0","","0","","","2","1","0","0","0","1","0","2","0","1","","","","N","","","","","","","","","",""
"2014084545","","1","0","0","0","0","0","0","0","0","4","0","","02","8","2014","7","40.467027","-80.024868","","11","0","0","0","0","0","0","0","0","","0","0","0","","","0","","1","","40 28:01.298","","0","80 01:29.526","0","0","0","0","2301","0","0","0","N","0","0","0","2","02301","0","","1.0","","1","N","N","","0","","0","0","1","","2","","","2","0","0","0","0","0","0","2","0","2","","","","N","","","","","","","","","",""
"2014086725","","1","0","0","0","0","0","0","0","0","4","0","","02","9","2014","7","40.448652","-80.002304","","11","0","0","0","0","0","1","0","0","1","0","0","0","","","1","","1","","40 26:55.147","3","0","80 00:08.294","8","0","0","0","2301","0","0","0","N","0","0","0","2","02301","0","","1.0","","1","N","N","","1","","0","0","0","","2","Y","","2","1","0","0","0","1","0","2","0","2","","","","N","","","","","","","","","",""
"2014086726","","1","0","0","0","0","0","0","0","0","7","0","","02","8","2014","5","40.497983","-80.070113","","11","0","0","0","0","0","0","0","0","2","0","0","0","","","2","","0","","40 29:52.740","5","7","80 04:12.407","4","0","0","0","2402","0","0","0","N","0","0","0","2","02402","1","","2.0","","1","N","N","","0","","0","0","0","","0","N","","1","2","1","0","0","1","0","2","0","1","","","","N","","","","","","","","","",""
"2014085966","","2","0","0","0","0","0","0","0","0","4","0","","02","8","2014","1","40.438869","-79.760496","","11","0","0","0","0","0","0","0","0","","0","0","0","","","0","","1","","40 26:19.929","","0","79 45:37.786","0","0","0","0","2446","0","0","0","N","0","0","0","2","02446","0","","1.0","","1","N","N","","0","","0","0","0","","2","","","2","0","1","0","0","0","0","2","0","2","","","","N","","","","","","","","","",""
"2014085282","","1","0","0","0","0","0","0","0","0","7","0","","02","7","2014","2","40.51332","-80.154909","","11","0","0","0","0","0","0","0","0","2","0","0","0","","","1","","2","","40 30:47.953","3","0","80 09:17.671","4","0","0","0","2420","0","0","0","","0","0","0","1","02420","1","","5.0","","1","","","","0","","0","0","0","","3","N","","1","1","0","0","0","0","0","2","0","1","","","","N","","","","","","","","","",""
"2014083107","","1","0","0","0","0","0","0","0","0","1","0","","02","8","2014","3","40.511113","-80.248211","","11","0","0","0","0","0","0","0","0","2","0","0","0","","","2","","0","","40 30:40.005","3","0","80 14:53.559","8","0","0","0","2213","0","0","0","N","0","0","0","4","02213","0","","1.0","","1","N","N","","1","","0","0","0","","0","N","","2","2","0","0","0","2","0","2","0","2","","","","N","","","","","","","","","",""
"2014085967","","4","0","0","0","0","0","0","0","0","5","0","","02","8","2014","7","40.425543","-79.966583","","11","0","0","0","0","0","0","0","0","","0","0","0","","","0","","0","","40 25:31.955","","0","79 57:59.700","0","0","0","0","2301","0","0","0","N","0","0","0","1","02301","0","","1.0","","1","N","N","","0","","0","0","0","","0","","","4","0","0","0","0","0","0","2","0","4","","","","N","","","","","","","","","",""
"2014086043","","0","0","0","0","0","0","0","0","0","7","0","","02","9","2014","3","40.664614","-80.096618","","11","0","0","0","0","0","0","0","0","","0","0","0","","","0","","0","","40 39:52.609","","0","80 05:47.826","0","0","0","0","2212","0","0","0","N","0","0","0","2","68T02","0","","3.0","","9","N","N","","0","","0","0","0","","0","","","1","0","0","0","0","0","0","2","1","1","","","","N","","","","","","","","","",""
"2014084612","","3","0","0","0","0","0","0","0","0","1","0","","02","8","2014","6","40.619681","-80.080719","","11","0","0","0","0","0","2","0","0","1","0","0","0","","","1","","2","","40 37:10.852","3","0","80 04:50.589","4","0","0","0","2212","0","0","0","N","0","0","0","3","02505","1","","1.0","","1","N","N","","0","","0","0","0","","3","Y","","3","1","0","0","0","0","0","2","0","3","","","","N","","","","","","","","","",""
"2014086663","","1","0","0","0","0","0","0","0","0","1","0","","02","9","2014","5","40.509973","-79.854908","","11","0","0","0","1","0","0","0","0","","0","0","0","","","1","","0","","40 30:35.904","","0","79 51:17.670","4","0","0","0","2112","0","0","0","N","0","0","0","2","68D02","1","","1.0","","1","N","N","","0","","0","0","1","","0","","","2","1","0","0","0","0","0","2","0","2","","","","N","","","","","","","","","",""
"2014081575","","2","0","0","0","0","0","0","0","0","4","0","","02","8","2014","5","40.398928","-80.025421","","11","0","0","0","0","0","1","0","0","","0","0","0","","","0","","0","","40 23:56.142","","7","80 01:31.514","0","0","0","0","2301","0","0","0","N","0","0","0","2","02301","0","","1.0","","1","N","N","","0","","0","0","0","","0","","","2","0","0","0","0","0","0","2","0","2","","","","N","","","","","","","","","",""
"2014085969","","3","0","0","0","0","0","0","0","0","1","0","","02","9","2014","4","40.477553","-80.046993","","11","0","0","0","0","0","0","0","0","2","0","0","0","","","2","","0","","40 28:39.189","1","3","80 02:49.176","4","0","0","0","2301","0","0","0","N","0","0","0","2","02301","1","","1.0","","1","N","N","","0","","0","0","0","","0","Y","","3","2","1","0","0","1","0","2","0","3","","","","N","","","","","","","","","",""
"2014086112","","2","0","0","0","0","0","0","0","0","2","0","","02","8","2014","5","40.591088","-80.016322","","11","0","0","0","0","0","1","0","1","1","0","0","0","","","0","","2","","40 35:27.918","3","0","80 00:58.759","0","0","0","0","2108","0","0","0","N","0","0","0","2","02108","0","","1.0","","1","N","N","","0","","0","0","0","","3","N","","2","0","0","0","0","0","0","2","0","2","","","","N","","","","","","","","","",""