"CRN","ARRIVAL_TM","AUTOMOBILE_COUNT","BELTED_DEATH_COUNT","BELTED_SUSP_SERIOUS_INJ_COUNT","BICYCLE_COUNT","BICYCLE_DEATH_COUNT","BICYCLE_SUSP_SERIOUS_INJ_COUNT","BUS_COUNT","CHLDPAS_DEATH_COUNT","CHLDPAS_SUSP_SERIOUS_INJ_COUNT","COLLISION_TYPE","COMM_VEH_COUNT","CONS_ZONE_SPD_LIM","COUNTY","CRASH_MONTH","CRASH_YEAR","DAY_OF_WEEK","DEC_LATITUDE","DEC_LONGITUDE","DISPATCH_TM","DISTRICT","DRIVER_COUNT_16YR","DRIVER_COUNT_17YR","DRIVER_COUNT_18YR","DRIVER_COUNT_19YR","DRIVER_COUNT_20YR","DRIVER_COUNT_50_64YR","DRIVER_COUNT_65_74YR","DRIVER_COUNT_75PLUS","EST_HRS_CLOSED","FATAL_COUNT","HEAVY_TRUCK_COUNT","HORSE_BUGGY_COUNT","HOUR_OF_DAY","ILLUMINATION","INJURY_COUNT","INTERSECTION_RELATED","INTERSECT_TYPE","LANE_CLOSED","LATITUDE","LN_CLOSE_DIR","LOCATION_TYPE","LONGITUDE","MAX_SEVERITY_LEVEL","MCYCLE_DEATH_COUNT","MCYCLE_SUSP_SERIOUS_INJ_COUNT","MOTORCYCLE_COUNT","MUNICIPALITY","NONMOTR_COUNT","NONMOTR_DEATH_COUNT","NONMOTR_SUSP_SERIOUS_INJ_COUNT","NTFY_HIWY_MAINT","PED_COUNT","PED_DEATH_COUNT","PED_SUSP_SERIOUS_INJ_COUNT","PERSON_COUNT","POLICE_AGCY","POSSIBLE_INJ_COUNT","RDWY_SURF_TYPE_CD","RELATION_TO_ROAD","ROADWAY_CLEARED","ROAD_CONDITION","SCH_BUS_IND","SCH_ZONE_IND","SECONDARY_CRASH","SMALL_TRUCK_COUNT","SPEC_JURIS_CD","SUSP_MINOR_INJ_COUNT","SUSP_SERIOUS_INJ_COUNT","SUV_COUNT","TCD_FUNC_CD","TCD_TYPE","TFC_DETOUR_IND","TIME_OF_DAY","TOTAL_UNITS","TOT_INJ_COUNT","UNBELTED_OCC_COUNT","UNB_DEATH_COUNT","UNB_SUSP_SERIOUS_INJ_COUNT","UNK_INJ_DEG_COUNT","UNK_INJ_PER_COUNT","URBAN_RURAL","VAN_COUNT","VEHICLE_COUNT","WEATHER1","WEATHER2","WORKERS_PRES","WORK_ZONE_IND","WORK_ZONE_LOC","WORK_ZONE_TYPE","WZ_CLOSE_DETOUR","WZ_FLAGGER","WZ_LAW_OFFCR_IND","WZ_LN_CLOSURE","WZ_MOVING","WZ_OTHER","WZ_SHLDER_MDN","WZ_WORKERS_INJ_KILLED"
"2014081576","","1","0","0","0","0","0","0","0","0","7","0","","02","8","2014","2","40.53866","-79.760871","","11","0","0","0","0","0","0","0","0","","0","0","0","","","1","","0","","40 32:19.177","","0","79 45:39.134","8","0","0","0","2466","0","0","0","N","0","0","0","1","02466","0","","5.0","","1","N","N","","0","","0","0","0","","0","","","1","1","0","0","0","1","0","2","0","1","","","","N","","","","","","","","","",""
"2014085970","","1","0","0","0","0","0","0","0","0","7","0","","02","9","2014","4","40.421717","-80.201075","","11","0","0","0","0","0","0","0","0","2","0","0","0","","","1","","2","","40 25:18.181","2","0","80 12:03.869","4","0","0","0","2214","0","0","0","Y","0","0","0","1","02214","1","","2.0","","1","N","N","","0","","0","0","0","","3","N","","1","1","1","0","0","0","0","1","0","1","","","","N","","","","","","","","","",""
"2014086113","","0","0","0","0","0","0","0","0","0","4","0","","02","8","2014","4","40.342719","-80.036277","","11","0","0","0","0","0","0","0","0","","0","0","0","","","2","","2","","40 20:33.788","","0","80 02:10.597","8","0","0","0","2407","0","0","0","N","0","0","0","5","02407","0","","1.0","","1","N","N","","0","","0","0","2","","2","","","2","2","0","0","0","2","0","2","0","2","","","","N","","","","","","","","","",""
"2014085972","","4","0","0","0","0","0","0","0","0","4","0","","02","9","2014","5","40.465851","-80.024846","","11","0","0","0","0","0","0","0","0","3","0","0","0","","","1","","0","","40 27:57.063","7","0","80 01:29.445","3","0","0","0","2301","0","0","0","N","0","0","0","1","02301","0","","2.0","","1","N","N","","0","","1","0","0","","0","Y","","4","1","0","0","0","0","0","2","0","4","","","","N","","","","","","","","","",""
"2014086941","","1","0","0","0","0","0","0","0","0","7","0","","02","8","2014","7","40.585215","-80.170982","","11","0","0","0","0","0","0","0","0","3","0","0","0","","","0","","0","","40 35:06.774","5","0","80 10:15.535","0","0","0","0","2480","0","0","0","N","0","0","0","1","02480","0","","4.0","","1","N","N","","0","","0","0","0","","0","Y","","1","0","0","0","0","0","0","1","0","1","","","","N","","","","","","","","","",""
"2014086942","","0","0","0","0","0","0","0","0","0","1","0","","02","9","2014","1","40.462542","-79.958589","","11","0","0","0","0","0","0","0","0","","0","0","0","","","1","","0","","40 27:45.151","","0","79 57:30.920","4","0","0","0","2301","0","0","0","N","0","0","0","1","02301","1","","1.0","","1","N","N","","1","","0","0","1","","0","","","2","1","0","0","0","0","0","2","0","2","","","","N","","","","","","","","","",""
"2014085205","","2","0","0","0","0","0","0","0","0","4","0","","02","8","2014","6","40.431141","-80.135576","","11","0","0","0","0","0","1","0","0","","0","0","0","","","0","","0","","40 25:52.107","","7","80 08:08.073","0","0","0","0","2102","0","0","0","N","0","0","0","2","02102","0","","1.0","","1","N","N","","0","","0","0","0","","0","","","2","0","0","0","0","0","0","2","0","2","","","","N","","","","","","","","","",""
"2014084556","","0","0","0","0","0","0","0","0","0","7","0","","02","8","2014","2","40.452326","-79.996586","","11","0","0","0","0","0","0","0","0","","0","0","0","","","1","","0","","40 27:08.374","","2","79 59:47.710","8","0","0","1","2301","0","0","0","N","0","0","0","1","02301","0","","1.0","","1","N","N","","0","","0","0","0","","0","","","1","1","0","0","0","1","0","2","0","1","","","","N","","","","","","","","","",""
"2014083964","","1","0","0","0","0","0","0","0","0","7","0","","02","8","2014","7","40.287333","-79.86723","","11","0","0","0","0","0","0","0","0","5","0","0","0","","","1","","0","","40 17:14.400","2","0","79 52:02.028","8","0","0","0","2443","0","0","0","Y","0","0","0","1","02443","0","","2.0","","1","N","N","","1","","0","0","0","","0","Y","","2","1","0","0","0","1","0","1","0","2","","","","N","","","","","","","","","",""
"2014084031","","1","0","0","0","0","0","0","0","0","1","0","","02","8","2014","5","40.426418","-80.057673","","11","0","0","0","0","0","0","0","0","1","0","0","0","","","1","","0","","40 25:35.105","3","0","80 03:27.621","4","0","0","0","2435","0","0","0","N","0","0","0","2","02435","1","","1.0","","1","N","N","","1","","0","0","0","","2","N","","2","1","1","0","0","0","0","2","0","2","","","","N","","","","","","","","","",""
"2014081732","","1","0","0","0","0","0","0","0","0","1","0","","02","8","2014","5","40.544583","-80.035882","","11","0","0","0","0","0","1","0","0","","0","0","0","","","1","","1","","40 32:40.497","","0","80 02:09.174","3","0","0","0","2116","0","0","0","N","0","0","0","3","02116","0","","1.0","","1","N","N","","1","","1","0","1","","2","","","3","1","0","0","0","0","0","2","0","3","","","","N","","","","","","","","","",""
"2014084094","","1","0","0","0","0","0","0","0","0","4","0","","02","8","2014","6","40.361506","-80.081214","","11","0","0","0","0","0","1","0","0","2","0","0","0","","","1","","0","","40 21:41.420","4","0","80 04:52.370","8","0","0","0","2123","0","0","0","N","0","0","0","2","02123","0","","1.0","","1","N","N","","0","","0","0","1","","0","N","","2","1","0","0","0","1","0","2","0","2","","","","N","","","","","","","","","",""
"2014083397","","1","0","0","0","0","0","0","0","0","1","0","","02","8","2014","4","40.416457","-80.008133","","11","0","0","0","0","0","1","1","0","1","0","0","0","","","2","","0","","40 24:59.245","4","4","80 00:29.277","8","0","0","0","2301","0","0","0","Y","0","0","0","3","02301","0","","1.0","","1","N","N","","0","","0","0","0","","2","N","","2","2","0","0","0","2","0","2","1","2","","","","N","","","","","","","","","",""
"2014081819","","1","0","0","0","0","0","0","0","0","4","0","","02","8","2014","7","40.542707","-80.010032","","11","1","0","1","0","0","0","0","0","1","0","0","0","","","2","","0","","40 32:33.744","1","7","80 00:36.114","4","0","0","0","2116","0","0","0","N","0","0","0","4","02116","2","","1.0","","1","N","N","","0","","0","0","1","","0","Y","","2","2","0","0","0","0","0","2","0","2","","","","N","","","","","","","","","",""
"2014081735","","1","0","0","0","0","0","0","0","0","4","0","","02","8","2014","2","40.525754","-80.035576","","11","0","0","0","0","0","1","1","0","1","0","0","0","","","0","","1","","40 31:32.714","3","0","80 02:08.075","0","0","0","0","2116","0","0","0","N","0","0","0","2","02116","0","","1.0","","1","N","N","","0","","0","0","1","","2","N","","2","0","0","0","0","0","0","2","0","2","","","","N","","","","","","","","","",""
"2014082660","","0","0","0","0","0","0","0","0","0","4","0","","02","8","2014","7","40.562904","-80.041248","","11","0","0","0","0","0","1","0","0","1","0","0","0","","","1","","2","","40 33:46.454","5","0","80 02:28.492","8","0","0","0","2108","0","0","0","N","0","0","0","2","02108","0","","1.0","","1","N","N","","1","","0","0","1","","3","Y","","2","1","0","0","0","1","0","2","0","2","","","","N","","","","","","","","","",""
"2014082513","","1","0","0","0","0","0","0","0","0","1","0","","02","8","2014","5","40.382986","-79.857411","","11","0","0","0","0","0","1","0","0","1","0","0","0","","","0","","2","","40 22:58.749","1","7","79 51:26.678","0","0","0","0","2303","0","0","0","N","0","0","0","3","02303","0","","1.0","","1","N","N","","0","","0","0","1","","2","N","","2","0","0","0","0","0","0","2","0","2","","","","N","","","","","","","","","",""
"2014083401","","0","0","0","0","0","0","0","0","0","1","0","","02","8","2014","4","40.445067","-79.766508","","11","0","0","0","0","0","1","0","1","","0","0","0","","","2","","0","","40 26:42.240","","0","79 45:59.430","4","0","0","0","2446","0","0","0","N","0","0","0","2","02446","1","","1.0","","1","N","N","","1","","0","0","0","","0","","","2","2","2","0","0","1","0","2","1","2","","","","N","","","","","","","","","",""
"2014082661","","2","0","0","0","0","0","0","0","0","1","0","","02","8","2014","5","40.457812","-80.174689","","11","0","0","0","1","0","0","0","0","2","0","0","0","","","4","","0","","40 27:28.122","1","0","80 10:28.880","3","0","0","0","2213","0","0","0","N","0","0","0","5","02213","2","","1.0","","1","N","N","","0","","2","0","2","","0","N","","4","4","1","0","0","0","0","2","0","4","","","","N","","","","","","","","","",""
"2014081824","","1","0","0","0","0","0","0","0","0","1","0","","02","8","2014","6","40.46042","-79.932549","","11","0","0","0","0","0","1","0","0","","0","0","0","","","1","","0","","40 27:37.512","","0","79 55:57.175","8","0","0","0","2301","0","0","0","N","0","0","0","2","02301","0","","1.0","","1","N","N","","0","","0","0","1","","0","","","2","1","0","0","0","1","0","2","0","2","","","","N","","","","","","","","","",""
"2014082662","","0","0","0","0","0","0","0","0","0","4","0","","02","8","2014","6","40.501551","-80.221983","","11","0","1","0","0","0","1","0","0","1","0","0","0","","","2","","0","","40 30:05.582","5","7","80 13:19.140","8","0","0","0","2213","0","0","0","N","0","0","0","2","02213","0","","1.0","","1","N","N","","0","","0","0","2","","0","N","","2","2","0","0","0","2","0","2","0","2","","","","N","","","","","","","","","",""
"2014083403","","2","0","0","0","0","0","0","0","0","2","0","","02","8","2014","1","40.449706","-80.025099","","11","0","0","0","0","0","0","0","0","1","0","0","0","","","1","","10","","40 26:58.940","4","0","80 01:30.356","3","0","0","0","2301","0","0","0","N","0","0","0","4","02301","0","","1.0","","1","N","N","","0","","1","0","0","","2","Y","","2","1","0","0","0","0","0","2","0","2","","","","N","","","","","","","","","",""
"2014082663","","2","0","0","0","0","0","0","0","0","2","0","","02","8","2014","1","40.544608","-80.2411","","11","0","0","0","0","0","0","0","0","2","0","0","0","","","2","","0","","40 32:40.590","3","0","80 14:27.960","8","0","0","0","2213","0","0","0","N","0","0","0","2","02213","0","","1.0","","1","N","N","","0","","0","0","0","","0","N","","2","2","0","0","0","2","0","2","0","2","","","","N","","","","","","","","","",""
"2014083264","","1","0","0","0","0","0","0","0","0","7","0","","02","8","2014","4","40.412919","-79.997456","","11","0","0","0","0","0","0","0","0","4","0","0","0","","","1","","0","","40 24:46.510","5","0","79 59:50.840","2","0","0","0","2301","0","0","0","N","0","0","0","1","02301","0","","2.0","","1","N","N","","0","","0","1","0","","0","Y","","1","1","1","0","1","0","0","2","0","1","","","","N","","","","","","","","","",""
"2014081739","","1","0","0","0","0","0","0","0","0","4","0","","02","8","2014","6","40.517618","-79.843872","","11","0","0","0","0","0","2","0","0","","0","0","0","","","2","","1","","40 31:03.424","","0","79 50:37.939","4","0","0","0","2451","0","0","0","N","0","0","0","3","02451","1","","1.0","","1","N","N","","0","","0","0","1","","3","","","2","2","1","0","0","1","0","2","0","2","","","","N","","","","","","","","","",""
"2014081826","","1","0","0","0","0","0","1","0","0","4","1","","02","8","2014","5","40.365503","-80.108196","","11","0","0","0","0","0","1","0","0","","0","0","0","","","1","","0","","40 21:55.811","","7","80 06:29.504","4","0","0","0","2102","0","0","0","N","0","0","0","3","02503","1","","1.0","","1","N","N","","0","","0","0","0","","2","","","2","1","0","0","0","0","0","2","0","2","","","","N","","","","","","","","","",""
"2014083958","","2","0","0","0","0","0","0","0","0","1","0","","02","8","2014","6","40.351773","-79.862411","","11","0","0","0","0","0","1","0","0","","0","0","0","","","0","","0","","40 21:06.384","","0","79 51:44.681","0","0","0","0","2304","0","0","0","N","0","0","0","4","02304","0","","1.0","","1","N","N","","0","","0","0","0","","2","","","2","0","0","0","0","0","0","2","0","2","","","","N","","","","","","","","","",""
"2014083265","","1","0","0","0","0","0","0","0","0","4","0","","02","8","2014","3","40.545819","-79.962152","","11","0","0","0","0","0","0","0","0","2","0","0","0","","","2","","2","","40 32:44.950","1","0","79 57:43.746","3","0","0","0","2118","0","0","0","N","0","0","0","2","02118","1","","1.0","","1","N","N","","1","","1","0","0","","2","Y","","2","2","0","0","0","0","0","2","0","2","","","","N","","","","","","","","","",""
"2014081827","","1","0","0","0","0","0","0","0","0","4","0","","02","8","2014","6","40.499783","-79.866586","","11","0","0","0","0","0","0","0","0","","0","0","0","","","0","","0","","40 29:59.220","","7","79 51:59.710","0","0","0","0","2112","0","0","0","N","0","0","0","2","02112","0","","1.0","","1","N","N","","1","","0","0","0","","0","","","2","0","0","0","0","0","0","2","0","2","","","","N","","","","","","","","","",""
"2014083485","","1","0","0","0","0","0","0","0","0","7","0","","02","8","2014","4","40.277046","-79.8374","","11","0","0","0","0","0","1","0","0","2","0","0","0","","","1","","0","","40 16:37.366","1","0","79 50:14.641","4","0","0","0","2105","0","0","0","N","0","0","0","1","02105","1","","4.0","","1","N","N","","0","","0","0","0","","0","N","","1","1","0","0","0","0","0","2","0","1","","","","N","","","","","","","","","",""
"2014083974","","2","0","0","0","0","0","0","0","0","1","0","","02","8","2014","4","40.368003","-79.779929","","11","0","0","0","0","1","1","0","0","","0","0","0","","","0","","0","","40 22:04.809","","0","79 46:47.744","0","0","0","0","2111","0","0","0","N","0","0","0","2","02111","0","","1.0","","1","N","N","","0","","0","0","0","","0","","","2","0","0","0","0","0","0","2","0","2","","","","N","","","","","","","","","",""
"2014082534","","1","0","0","0","0","0","0","0","0","3","1","","02","8","2014","2","40.44643","-79.895939","","11","0","0","0","0","0","0","0","0","","0","1","0","","","0","","0","","40 26:47.148","","0","79 53:45.380","0","0","0","0","2301","0","0","0","N","0","0","0","1","02301","0","","6.0","","1","N","N","","0","","0","0","0","","0","","","2","0","0","0","0","0","0","2","0","2","","","","N","","","","","","","","","",""
"2014081829","","2","0","0","0","0","0","0","0","0","1","0","","02","8","2014","6","40.382938","-79.857483","","11","0","0","0","0","0","0","1","0","","0","0","0","","","0","","2","","40 22:58.576","","7","79 51:26.939","0","0","0","0","2303","0","0","0","N","0","0","0","2","02303","0","","1.0","","1","N","N","","0","","0","0","0","","2","","","2","0","0","0","0","0","0","2","0","2","","","","N","","","","","","","","","",""
"2014083486","","2","0","0","0","0","0","0","0","0","4","0","","02","8","2014","4","40.481221","-80.040661","","11","0","0","0","0","0","0","0","0","","0","0","0","","","1","","1","","40 28:52.395","","0","80 02:26.379","8","0","0","0","2301","0","0","0","N","0","0","0","2","02301","0","","1.0","","1","N","N","","0","","0","0","0","","3","","","2","1","0","0","0","1","0","2","0","2","","","","N","","","","","","","","","",""
"2014081594","","1","0","0","0","0","0","0","0","0","7","0","","02","8","2014","5","40.305742","-80.08425","","11","0","0","0","0","0","0","0","0","1","0","0","0","","","0","","2","","40 18:20.671","4","0","80 05:03.300","0","0","0","0","2123","0","0","0","N","0","0","0","1","02123","0","","5.0","","1","N","N","","0","","0","0","0","","3","N","","1","0","0","0","0","0","0","2","0","1","","","","N","","","","","","","","","",""
"2014082519","","0","0","0","0","0","0","0","0","0","7","0","","02","8","2014","2","40.439069","-80.263156","","11","0","0","0","0","0","0","0","0","","0","0","0","","","1","","0","","40 26:20.650","","0","80 15:47.360","4","0","0","0","2214","0","0","0","N","0","0","0","1","02214","1","","2.0","","1","N","N","","0","","0","0","0","","0","","","1","1","0","0","0","0","0","1","1","1","","","","N","","","","","","","","","",""
"2014081830","","0","0","0","0","0","0","0","0","0","8","0","","02","8","2014","6","40.459214","-79.927463","","11","0","0","0","0","0","0","1","0","1","0","0","0","","","1","","1","","40 27:33.170","1","0","79 55:38.866","8","0","0","0","2301","1","0","0","N","1","0","0","2","02301","0","","1.0","","1","N","N","","0","","0","0","1","","3","N","","2","1","0","0","0","1","0","2","0","1","","","","N","","","","","","","","","",""
"2014082602","","1","0","0","0","0","0","0","0","0","4","0","","02","8","2014","2","40.437428","-79.979527","","11","0","0","0","0","0","0","0","0","1","0","0","0","","","1","","2","","40 26:14.740","3","0","79 58:46.297","8","0","0","0","2301","0","0","0","N","0","0","0","3","02301","0","","1.0","","1","N","N","","0","","0","0","0","","3","N","","2","1","0","0","0","1","0","2","0","2","","","","N","","","","","","","","","",""
"2014083487","","1","0","0","0","0","0","0","0","0","1","0","","02","8","2014","4","40.433764","-79.937985","","11","0","0","0","0","1","0","0","0","1","0","0","0","","","0","","0","","40 26:01.550","3","0","79 56:16.747","0","0","0","0","2301","0","0","0","N","0","0","0","2","02301","0","","1.0","","1","N","N","","0","","0","0","0","","0","N","","2","0","0","0","0","0","0","2","1","2","","","","N","","","","","","","","","",""
"2014081743","","1","0","0","0","0","0","0","0","0","1","0","","02","8","2014","4","40.393024","-80.063374","","11","0","0","0","0","0","0","0","0","","0","0","0","","","0","","0","","40 23:34.886","","0","80 03:48.148","0","0","0","0","2117","0","0","0","N","0","0","0","4","02117","0","","1.0","","1","N","N","","1","","0","0","0","","0","","","2","0","0","0","0","0","0","2","0","2","","","","N","","","","","","","","","",""
"2014081831","","1","0","0","0","0","0","0","0","0","4","0","","02","8","2014","6","40.477664","-79.785484","","11","0","0","0","0","0","1","1","0","","0","0","0","","","2","","1","","40 28:39.592","","0","79 47:07.743","4","0","0","0","2113","0","0","0","N","0","0","0","6","02113","2","","1.0","","1","N","N","","1","","0","0","2","","2","","","4","2","0","0","0","0","0","2","0","4","","","","N","","","","","","","","","",""
"2014082603","","0","0","0","0","0","0","0","0","0","1","0","","02","8","2014","2","40.542142","-79.964095","","11","0","0","0","0","0","1","0","0","1","0","0","0","","","1","","2","","40 32:31.711","2","0","79 57:50.742","8","0","0","0","2118","0","0","0","N","0","0","0","3","02118","0","","1.0","","1","N","N","","0","","0","0","1","","2","N","","2","1","0","0","0","1","0","2","1","2","","","","N","","","","","","","","","",""
"2014083474","","2","0","0","0","0","0","0","0","0","4","0","","02","8","2014","4","40.416029","-80.030001","","11","0","0","0","0","0","2","0","0","","0","0","0","","","1","","1","","40 24:57.705","","0","80 01:48.002","8","0","0","0","2301","0","0","0","N","0","0","0","2","02301","0","","1.0","","1","N","N","","0","","0","0","0","","2","","","2","1","0","0","0","1","0","2","0","2","","","","N","","","","","","","","","",""
"2014083488","","1","0","0","0","0","0","0","0","0","4","0","","02","8","2014","2","40.534777","-79.990405","","11","0","0","0","0","0","0","1","0","","0","0","0","","","0","","2","","40 32:05.197","","0","79 59:25.458","0","0","0","0","2116","0","0","0","N","0","0","0","3","02116","0","","1.0","","1","N","N","","0","","0","0","1","","3","","","2","0","0","0","0","0","0","2","0","2","","","","N","","","","","","","","","",""
"2014083270","","1","0","0","0","0","0","0","0","0","5","0","","02","8","2014","1","40.418447","-80.013804","","11","0","0","0","0","0","0","0","0","","0","0","0","","","0","","0","","40 25:06.409","","0","80 00:49.694","0","0","0","0","2301","0","0","0","N","0","0","0","1","02301","0","","2.0","","1","N","N","","1","","0","0","0","","0","","","2","0","1","0","0","0","0","2","0","2","","","","N","","","","","","","","","",""
"2014082521","","1","0","0","1","0","0","0","0","0","8","0","","02","8","2014","1","40.25531","-79.852365","","11","0","0","0","0","0","0","0","1","","0","0","0","","","1","","2","","40 15:19.115","","0","79 51:08.514","4","0","0","0","2105","1","0","0","N","0","0","0","3","02105","1","","1.0","","1","N","N","","0","","0","0","0","","0","","","2","1","0","0","0","0","0","1","0","1","","","","N","","","","","","","","","",""
"2014081832","","1","0","0","0","0","0","0","0","0","7","0","","02","8","2014","6","40.415588","-79.998146","","11","0","0","0","0","0","0","0","0","1","0","0","0","","","1","","2","","40 24:56.116","3","0","79 59:53.325","4","0","0","0","2301","0","0","0","N","0","0","0","1","02301","1","","4.0","","1","N","N","","0","","0","0","0","","0","N","","1","1","0","0","0","0","0","2","0","1","","","","N","","","","","","","","","",""
"2014084044","","1","0","0","0","0","0","0","0","0","4","0","","02","8","2014","6","40.420854","-79.884244","","11","0","0","0","0","0","2","0","0","","0","0","0","","","1","","1","","40 25:15.074","","0","79 53:03.278","4","0","0","0","2463","0","0","0","N","0","0","0","2","02463","1","","1.0","","1","N","N","","1","","0","0","0","","2","","","2","1","2","0","0","0","0","2","0","2","","","","N","","","","","","","","","",""
"2014081746","","1","0","0","0","0","0","0","0","0","4","0","","02","8","2014","4","40.529849","-80.035025","","11","0","0","0","0","0","0","0","0","1","0","0","0","","","2","","1","","40 31:47.456","7","0","80 02:06.091","3","0","0","0","2116","0","0","0","N","0","0","0","3","02116","0","","1.0","","9","N","N","","1","","2","0","0","","2","Y","","2","2","0","0","0","0","0","2","0","2","","","","N","","","","","","","","","",""
"2014083411","","1","0","0","0","0","0","0","0","0","0","0","","02","8","2014","5","40.402896","-79.97804","","11","0","0","0","0","0","0","0","0","1","0","0","0","","","0","","0","","40 24:10.427","1","0","79 58:40.943","0","0","0","0","2301","0","0","0","N","0","0","0","2","02301","0","","1.0","","1","N","N","","0","","0","0","0","","0","N","","1","0","0","0","0","0","0","2","0","1","","","","N","","","","","","","","","",""
"2014081910","","2","0","0","0","0","0","0","0","0","1","0","","02","8","2014","6","40.32775","-79.839056","","11","0","0","0","0","0","0","1","0","","0","0","0","","","1","","0","","40 19:39.900","","7","79 50:20.600","8","0","0","0","2304","0","0","0","N","0","0","0","4","02304","0","","1.0","","9","N","N","","0","","0","0","0","","0","","","2","1","0","0","0","1","0","2","0","2","","","","N","","","","","","","","","",""
"2014082460","","1","0","0","0","0","0","0","0","0","1","0","","02","8","2014","3","40.372857","-80.048989","","11","1","0","0","0","0","0","0","0","1","0","0","0","","","2","","2","","40 22:22.285","1","0","80 02:56.360","4","0","0","0","2109","0","0","0","N","0","0","0","5","02109","1","","1.0","","1","N","N","","0","","0","0","2","","2","N","","3","2","0","0","0","1","0","2","0","3","","","","N","","","","","","","","","",""
"2014082539","","1","0","0","0","0","0","0","0","0","1","1","","02","8","2014","2","40.391728","-79.934514","","11","0","0","0","0","0","2","0","0","","0","0","0","","","0","","6","","40 23:30.221","","8","79 56:04.249","0","0","0","0","2301","0","0","0","N","0","0","0","6","02301","0","","1.0","","1","Y","N","","0","","0","0","0","","4","","","2","0","0","0","0","0","0","2","1","2","","","","N","","","","","","","","","",""
"2014083412","","1","0","0","0","0","0","0","0","0","7","0","","02","8","2014","5","40.507183","-80.166647","","11","0","0","0","0","0","0","0","0","","0","0","0","","","0","","0","","40 30:25.860","","0","80 09:59.930","0","0","0","0","2213","0","0","0","N","0","0","0","1","02213","0","","4.0","","1","N","N","","0","","0","0","0","","0","","","1","0","0","0","0","0","0","2","0","1","","","","N","","","","","","","","","",""
"2014083413","","3","0","0","0","0","0","0","0","0","1","0","","02","8","2014","3","40.344491","-80.03157","","11","0","0","0","0","0","1","0","1","","0","0","0","","","2","","2","","40 20:40.167","","0","80 01:53.652","4","0","0","0","2407","0","0","0","N","0","0","0","5","02407","2","","1.0","","1","N","N","","0","","0","0","0","","3","","","3","2","1","0","0","0","0","2","0","3","","","","N","","","","","","","","","",""
"2014081912","","2","0","0","0","0","0","0","0","0","1","0","","02","8","2014","6","40.429648","-79.718998","","11","0","0","0","0","0","1","0","0","","0","0","0","","","1","","0","","40 25:46.731","","7","79 43:08.392","4","0","0","0","2446","0","0","0","N","0","0","0","8","02446","1","","1.0","","1","N","N","","0","","0","0","1","","2","","","3","1","0","0","0","0","0","2","0","3","","","","N","","","","","","","","","",""
"2014081193","","0","0","0","0","0","0","0","0","0","7","0","","02","8","2014","4","40.551197","-80.071684","","11","0","1","0","0","0","0","0","0","","0","0","0","","","0","","0","","40 33:04.308","","0","80 04:18.062","0","0","0","0","2481","0","0","0","N","0","0","0","1","02481","0","","5.0","","1","N","N","","0","","0","0","1","","0","","","1","0","0","0","0","0","0","2","0","1","","","","N","","","","","","","","","",""
"2014081974","","1","0","0","0","0","0","0","0","0","5","1","","02","8","2014","5","40.433184","-79.747134","","11","0","0","0","0","0","0","0","0","","0","1","0","","","1","","0","","40 25:59.461","","0","79 44:49.681","3","0","0","0","2446","0","0","0","N","0","0","0","1","68T09","0","","2.0","","1","N","N","","0","","1","0","0","","4","","","2","1","0","0","0","0","0","2","0","2","","","","N","","","","","","","","","",""
"2014081749","","1","0","1","0","0","0","0","0","0","4","0","","02","8","2014","5","40.523084","-80.177503","","11","0","0","0","0","0","2","0","0","3","0","0","0","","","2","","1","","40 31:23.102","3","0","80 10:39.011","2","0","0","0","2213","0","0","0","N","0","0","0","4","02213","0","","1.0","","1","N","N","","0","","0","2","2","","2","N","","3","2","1","0","1","0","0","2","0","3","","","","N","","","","","","","","","",""
"2014081837","","1","0","0","0","0","0","0","0","0","4","0","","02","8","2014","6","40.346311","-79.973481","","11","0","0","0","0","0","1","0","1","1","0","0","0","","","1","","1","","40 20:46.719","2","0","79 58:24.531","8","0","0","0","2476","0","0","0","N","0","0","0","2","02476","0","","1.0","","1","N","N","","0","","0","0","1","","2","Y","","2","1","0","0","0","1","0","2","0","2","","","","N","","","","","","","","","",""
"2014083414","","1","0","0","0","0","0","0","0","0","7","0","","02","8","2014","3","40.335841","-80.031319","","11","0","0","0","1","0","0","0","0","2","0","0","0","","","1","","2","","40 20:09.027","3","0","80 01:52.748","3","0","0","0","2407","0","0","0","N","0","0","0","2","02407","0","","5.0","","1","N","N","","0","","1","0","0","","3","N","","1","1","0","0","0","0","0","2","0","1","","","","N","","","","","","","","","",""
"2014081900","","1","0","0","0","0","0","0","0","0","2","0","","02","8","2014","5","40.390815","-79.949829","","11","0","0","0","0","0","0","0","0","2","0","0","0","","","2","","0","","40 23:26.935","6","0","79 56:59.384","3","0","0","0","2403","0","0","0","N","0","0","0","2","02403","0","","1.0","","1","N","N","","0","","2","0","0","","0","Y","","2","2","0","0","0","0","0","2","1","2","","","","N","","","","","","","","","",""
"2014081194","","1","0","0","0","0","0","0","0","0","99","0","","02","8","2014","4","40.502638","-79.883331","","11","0","0","0","0","0","1","0","0","","0","0","0","","","0","","0","","40 30:09.498","","0","79 52:59.990","0","0","0","0","2432","0","0","0","N","0","0","0","1","02432","0","","1.0","","1","N","N","","0","","0","0","0","","3","","","1","0","0","0","0","0","0","2","0","1","","","","N","","","","","","","","","",""