"CRN","ARRIVAL_TM","AUTOMOBILE_COUNT","BELTED_DEATH_COUNT","BELTED_SUSP_SERIOUS_INJ_COUNT","BICYCLE_COUNT","BICYCLE_DEATH_COUNT","BICYCLE_SUSP_SERIOUS_INJ_COUNT","BUS_COUNT","CHLDPAS_DEATH_COUNT","CHLDPAS_SUSP_SERIOUS_INJ_COUNT","COLLISION_TYPE","COMM_VEH_COUNT","CONS_ZONE_SPD_LIM","COUNTY","CRASH_MONTH","CRASH_YEAR","DAY_OF_WEEK","DEC_LATITUDE","DEC_LONGITUDE","DISPATCH_TM","DISTRICT","DRIVER_COUNT_16YR","DRIVER_COUNT_17YR","DRIVER_COUNT_18YR","DRIVER_COUNT_19YR","DRIVER_COUNT_20YR","DRIVER_COUNT_50_64YR","DRIVER_COUNT_65_74YR","DRIVER_COUNT_75PLUS","EST_HRS_CLOSED","FATAL_COUNT","HEAVY_TRUCK_COUNT","HORSE_BUGGY_COUNT","HOUR_OF_DAY","ILLUMINATION","INJURY_COUNT","INTERSECTION_RELATED","INTERSECT_TYPE","LANE_CLOSED","LATITUDE","LN_CLOSE_DIR","LOCATION_TYPE","LONGITUDE","MAX_SEVERITY_LEVEL","MCYCLE_DEATH_COUNT","MCYCLE_SUSP_SERIOUS_INJ_COUNT","MOTORCYCLE_COUNT","MUNICIPALITY","NONMOTR_COUNT","NONMOTR_DEATH_COUNT","NONMOTR_SUSP_SERIOUS_INJ_COUNT","NTFY_HIWY_MAINT","PED_COUNT","PED_DEATH_COUNT","PED_SUSP_SERIOUS_INJ_COUNT","PERSON_COUNT","POLICE_AGCY","POSSIBLE_INJ_COUNT","RDWY_SURF_TYPE_CD","RELATION_TO_ROAD","ROADWAY_CLEARED","ROAD_CONDITION","SCH_BUS_IND","SCH_ZONE_IND","SECONDARY_CRASH","SMALL_TRUCK_COUNT","SPEC_JURIS_CD","SUSP_MINOR_INJ_COUNT","SUSP_SERIOUS_INJ_COUNT","SUV_COUNT","TCD_FUNC_CD","TCD_TYPE","TFC_DETOUR_IND","TIME_OF_DAY","TOTAL_UNITS","TOT_INJ_COUNT","UNBELTED_OCC_COUNT","UNB_DEATH_COUNT","UNB_SUSP_SERIOUS_INJ_COUNT","UNK_INJ_DEG_COUNT","UNK_INJ_PER_COUNT","URBAN_RURAL","VAN_COUNT","VEHICLE_COUNT","WEATHER1","WEATHER2","WORKERS_PRES","WORK_ZONE_IND","WORK_ZONE_LOC","WORK_ZONE_TYPE","WZ_CLOSE_DETOUR","WZ_FLAGGER","WZ_LAW_OFFCR_IND","WZ_LN_CLOSURE","WZ_MOVING","WZ_OTHER","WZ_SHLDER_MDN","WZ_WORKERS_INJ_KILLED"
"2014081369","","2","0","0","0","0","0","0","0","0","4","0","","02","8","2014","5","40.449472","-80.002558","","11","0","0","0","0","0","1","0","0","1","0","0","0","","","0","","1","","40 26:58.099","4","1","80 00:09.210","0","0","0","0","2301","0","0","0","N","0","0","0","2","02301","0","","1.0","","1","N","N","","0","","0","0","0","","2","Y","","2","0","1","0","0","0","0","2","0","2","","","","N","","","","","","","","","",""
"2014081237","","1","0","0","0","0","0","0","0","0","4","0","","02","8","2014","4","40.436887","-79.852014","","11","0","0","0","0","0","0","0","0","2","0","0","0","","","3","","2","","40 26:12.793","4","0","79 51:07.250","8","0","0","0","2419","0","0","0","N","0","0","0","3","02419","0","","1.0","","9","N","N","","0","","0","0","0","","3","N","","2","3","1","0","0","3","0","2","1","2","","","","N","","","","","","","","","",""
"2014081303","","1","0","0","0","0","0","0","0","0","4","0","","02","8","2014","4","40.46091","-79.867038","","11","0","0","0","1","0","0","0","0","","0","0","0","","","0","","0","","40 27:39.275","","7","79 52:01.337","0","0","0","0","2113","0","0","0","N","0","0","0","2","02113","0","","1.0","","1","N","N","","0","","0","0","1","","0","","","2","0","0","0","0","0","0","2","0","2","","","","N","","","","","","","","","",""
"2014081382","","3","0","0","0","0","0","0","0","0","1","0","","02","8","2014","5","40.398818","-80.02543","","11","0","0","1","0","0","0","0","0","1","0","0","0","","","1","","0","","40 23:55.743","1","7","80 01:31.549","8","0","0","0","2301","0","0","0","N","0","0","0","5","02301","0","","1.0","","1","N","N","","0","","0","0","0","","0","N","","3","1","0","0","0","1","0","2","0","3","","","","N","","","","","","","","","",""
"2014082168","","2","0","0","0","0","0","0","0","0","5","0","","02","8","2014","7","40.424858","-80.005151","","11","0","0","0","0","0","0","0","0","","0","0","0","","","0","","0","","40 25:29.488","","0","80 00:18.543","0","0","0","0","2301","0","0","0","N","0","0","0","1","02301","0","","6.0","","1","N","N","","0","","0","0","0","","0","","","2","0","0","0","0","0","0","2","0","2","","","","N","","","","","","","","","",""
"2014082792","","2","0","0","0","0","0","0","0","0","1","0","","02","8","2014","3","40.298331","-79.99445","","11","0","0","1","0","0","0","0","0","1","0","0","0","","","1","","0","","40 17:53.992","1","0","79 59:40.019","3","0","0","0","2219","0","0","0","N","0","0","0","3","02219","0","","1.0","","1","N","N","","0","","1","0","0","","0","N","","2","1","0","0","0","0","0","2","0","2","","","","N","","","","","","","","","",""
"2014081304","","1","0","0","0","0","0","0","0","0","4","0","","02","8","2014","5","40.439164","-79.960261","","11","0","0","0","0","0","1","0","0","","0","0","0","","","0","","2","","40 26:20.992","","0","79 57:36.941","0","0","0","0","2301","0","0","0","N","0","0","0","2","02506","0","","1.0","","1","N","N","","1","","0","0","0","","3","","","2","0","0","0","0","0","0","2","0","2","","","","N","","","","","","","","","",""
"2014082088","","1","0","0","0","0","0","0","0","0","7","0","","02","8","2014","7","40.459269","-80.030424","","11","0","0","0","0","0","0","0","0","1","0","0","0","","","0","","0","","40 27:33.367","1","3","80 01:49.527","0","0","0","0","2301","0","0","0","N","0","0","0","1","02301","0","","2.0","","1","N","N","","0","","0","0","0","","0","N","","1","0","0","0","0","0","0","2","0","1","","","","N","","","","","","","","","",""
"2014082793","","3","0","0","0","0","0","0","0","0","7","0","","02","8","2014","2","40.466443","-80.10685","","11","0","0","0","0","0","0","0","0","","0","0","0","","","0","","0","","40 27:59.195","","0","80 06:24.661","0","0","0","0","2126","0","0","0","N","0","0","0","4","02126","0","","5.0","","1","N","N","","0","","0","0","1","","0","","","4","0","0","0","0","0","0","2","0","4","","","","N","","","","","","","","","",""
"2014081240","","1","0","0","0","0","0","0","0","0","6","0","","02","8","2014","1","40.405083","-79.944977","","11","0","0","0","0","0","2","0","0","","0","0","0","","","0","","0","","40 24:18.300","","0","79 56:41.917","0","0","0","0","2301","0","0","0","N","0","0","0","2","02301","0","","1.0","","1","N","N","","0","","0","0","1","","0","","","2","0","0","0","0","0","0","2","0","2","","","","N","","","","","","","","","",""
"2014081386","","0","0","0","0","0","0","0","0","0","7","0","","02","8","2014","1","40.605074","-79.909803","","11","0","0","0","0","0","0","0","0","2","0","0","0","","","1","","0","","40 36:18.268","6","0","79 54:35.289","4","0","0","0","2220","0","0","0","N","0","0","0","2","02220","1","","4.0","","1","N","N","","0","","0","0","1","","0","Y","","1","1","1","0","0","0","0","2","0","1","","","","N","","","","","","","","","",""
"2014082232","","2","0","0","0","0","0","0","0","0","4","0","","02","8","2014","7","40.454321","-79.73318","","11","0","0","0","0","0","1","0","1","1","0","0","0","","","0","","3","","40 27:15.555","3","0","79 43:59.447","0","0","0","0","2466","0","0","0","N","0","0","0","2","02466","0","","1.0","","1","N","N","","0","","0","0","0","","3","N","","2","0","0","0","0","0","0","2","0","2","","","","N","","","","","","","","","",""
"2014082020","","1","0","0","0","0","0","0","0","0","8","0","","02","8","2014","7","40.457485","-79.917474","","11","0","0","0","0","0","0","0","0","","0","0","0","","","1","","2","","40 27:26.946","","0","79 55:02.907","3","0","0","0","2301","1","0","0","N","1","0","0","2","02301","0","","1.0","","1","N","N","","0","","1","0","0","","2","","","2","1","0","0","0","0","0","2","0","1","","","","N","","","","","","","","","",""
"2014083599","","1","0","0","0","0","0","0","0","0","1","0","","02","8","2014","4","40.422155","-79.959668","","11","0","0","0","0","0","0","0","0","2","0","0","0","","","0","","0","","40 25:19.759","3","0","79 57:34.805","0","0","0","0","2301","0","0","0","","0","0","0","5","02301","0","","1.0","","1","","","","0","","0","0","1","","0","N","","3","0","0","0","0","0","0","2","0","3","","","","N","","","","","","","","","",""
"2014083810","","1","0","0","0","0","0","0","0","0","8","0","","02","8","2014","5","40.41143","-79.995811","","11","0","0","0","0","0","0","0","0","","0","0","0","","","1","","2","","40 24:41.148","","0","79 59:44.919","4","0","0","0","2301","1","0","0","N","1","0","0","3","02301","1","","1.0","","1","N","N","","0","","0","0","0","","0","","","2","1","1","0","0","0","0","2","0","1","","","","N","","","","","","","","","",""
"2014082937","","2","0","0","0","0","0","0","0","0","4","0","","02","8","2014","2","40.269451","-79.887351","","11","0","0","0","0","0","0","1","0","","0","0","0","","","2","","2","","40 16:10.024","","0","79 53:14.462","3","0","0","0","2428","0","0","0","N","0","0","0","2","02428","1","","1.0","","1","N","N","","0","","1","0","0","","3","","","2","2","0","0","0","0","0","2","0","2","","","","N","","","","","","","","","",""
"2014082234","","1","0","0","0","0","0","0","0","0","1","0","","02","8","2014","6","40.620501","-79.944081","","11","0","0","0","0","0","0","1","0","1","0","0","0","","","0","","0","","40 37:13.802","1","0","79 56:38.691","0","0","0","0","2217","0","0","0","N","0","0","0","4","02505","0","","1.0","","1","N","N","","0","","0","0","1","","0","N","","2","0","0","0","0","0","0","2","0","2","","","","N","","","","","","","","","",""
"2014083744","","1","0","0","0","0","0","0","0","0","1","0","","02","8","2014","5","40.449769","-79.827029","","11","0","0","0","0","0","2","0","0","","0","0","0","","","2","","0","","40 26:59.168","","0","79 49:37.306","8","0","0","0","2113","0","0","0","N","0","0","0","8","02113","0","","1.0","","1","N","N","","1","","0","0","0","","0","","","4","2","0","0","0","2","0","2","2","4","","","","N","","","","","","","","","",""
"2014083013","","2","0","0","0","0","0","0","0","0","1","0","","02","8","2014","2","40.452816","-79.825994","","11","0","0","0","0","0","0","1","0","2","0","0","0","","","0","","2","","40 27:10.139","1","0","79 49:33.579","0","0","0","0","2113","0","0","0","N","0","0","0","3","02113","0","","1.0","","1","N","N","","0","","0","0","0","","0","N","","2","0","0","0","0","0","0","2","0","2","","","","N","","","","","","","","","",""
"2014090077","","1","0","0","0","0","0","0","0","0","1","1","","02","9","2014","2","40.431839","-79.997377","","11","0","0","0","0","0","1","0","0","1","0","1","0","","","1","","0","","40 25:54.620","2","3","79 59:50.557","8","0","0","0","2301","0","0","0","N","0","0","0","4","02301","0","","1.0","","9","N","N","","0","","0","0","0","","0","N","","2","1","1","0","0","1","0","2","0","2","","","","N","","","","","","","","","",""
"2014090078","","1","0","0","0","0","0","0","0","0","4","0","","02","9","2014","5","40.337096","-79.809323","","11","0","0","0","0","0","0","0","0","","0","0","0","","","1","","0","","40 20:13.546","","0","79 48:33.563","8","0","0","0","2477","0","0","0","N","0","0","0","7","02477","0","","1.0","","1","N","N","","0","","0","0","0","","0","","","2","1","0","0","0","1","0","2","1","2","","","","N","","","","","","","","","",""
"2014090272","","1","0","0","0","0","0","0","0","0","4","0","","02","9","2014","1","40.465156","-79.980089","","11","0","0","0","0","0","0","0","0","1","0","0","0","","","1","","0","","40 27:54.560","1","0","79 58:48.320","8","0","0","0","2301","0","0","0","N","0","0","0","2","02301","0","","1.0","","1","N","N","","1","","0","0","0","","0","N","","2","1","0","0","0","1","0","2","0","2","","","","N","","","","","","","","","",""
"2014090158","","3","0","0","0","0","0","0","0","0","6","0","","02","9","2014","2","40.542031","-80.012994","","11","0","0","0","0","0","0","1","1","2","0","0","0","","","2","","1","","40 32:31.310","1","0","80 00:46.779","4","0","0","0","2116","0","0","0","N","0","0","0","3","02116","2","","1.0","","1","N","N","","0","","0","0","0","","2","N","","3","2","0","0","0","0","0","2","0","3","","","","N","","","","","","","","","",""
"2014089230","","1","0","0","0","0","0","0","0","0","7","0","","02","7","2014","1","40.585021","-80.101939","","11","0","0","0","0","1","0","0","0","","0","0","0","","","2","","0","","40 35:06.076","","0","80 06:06.979","4","0","0","0","2481","0","0","0","Y","0","0","0","2","68B03","2","","2.0","","1","N","N","","0","","0","0","0","","0","","","1","2","0","0","0","0","0","2","0","1","","","","N","","","","","","","","","",""
"2014089231","","2","0","0","0","0","0","0","0","0","1","0","45","02","8","2014","2","40.436962","-80.206825","","11","0","0","2","0","0","0","0","0","2","0","0","0","","","1","","0","","40 26:13.063","3","0","80 12:24.571","4","0","0","0","2214","0","0","0","N","0","0","0","6","68B03","1","","1.0","","1","N","N","","0","","0","0","0","","8","N","","2","1","0","0","0","0","0","2","0","2","","","N","Y","2","1","N","N","N","Y","N","N","N",""
"2014090021","","2","0","0","0","0","0","0","0","0","1","0","45","02","9","2014","5","40.425443","-79.909379","","11","0","0","0","0","0","1","0","0","","0","0","0","","","0","","0","","40 25:31.593","","4","79 54:33.763","0","0","0","0","2301","0","0","0","N","0","0","0","3","68B03","0","","1.0","","1","N","N","","0","","0","0","1","","0","","","3","0","0","0","0","0","0","2","0","3","","","Y","Y","5","1","N","N","N","Y","N","N","N",""
"2014089232","","1","0","0","0","0","0","0","0","0","1","0","45","02","8","2014","2","40.428519","-79.955614","","11","0","0","0","0","0","1","0","0","","0","0","0","","","1","","0","","40 25:42.669","","0","79 57:20.212","4","0","0","0","2301","0","0","0","N","0","0","0","4","68B03","1","","1.0","","1","N","N","","1","","0","0","0","","0","","","2","1","0","0","0","0","0","2","0","2","","","N","Y","8","2","N","N","N","Y","N","N","N",""
"2014090082","","1","0","0","0","0","0","0","0","0","7","0","","02","9","2014","7","40.506417","-79.793095","","11","0","0","0","0","0","0","1","0","1","0","0","0","","","0","","0","","40 30:23.102","1","0","79 47:35.143","9","0","0","0","2113","0","0","0","N","0","0","0","1","02113","0","","5.0","","1","N","N","","0","","0","0","0","","0","N","","1","0","0","0","0","0","1","2","0","1","","","","N","","","","","","","","","",""
"2014088580","","0","0","0","0","0","0","0","0","0","4","0","","02","9","2014","3","40.451464","-79.9329","","11","0","0","0","0","0","0","0","0","","0","0","0","","","0","","0","","40 27:05.270","","0","79 55:58.440","0","0","0","0","2301","0","0","0","N","0","0","0","3","02301","0","","1.0","","1","N","N","","0","","0","0","1","","0","","","2","0","0","0","0","0","0","2","1","2","","","","N","","","","","","","","","",""
"2014089382","","1","0","0","0","0","0","0","0","0","7","0","","02","8","2014","4","40.440526","-80.186821","","11","0","0","0","0","0","1","0","0","","0","0","0","","","1","","0","","40 26:25.894","","0","80 11:12.554","4","0","0","0","2214","0","0","0","N","0","0","0","1","68B03","1","","2.0","","9","N","N","","0","","0","0","0","","0","","","1","1","0","0","0","0","0","1","0","1","","","","N","","","","","","","","","",""
"2014090277","","1","0","0","0","0","0","0","0","0","7","0","","02","9","2014","1","40.489661","-80.018379","","11","0","0","0","0","0","0","0","0","","0","0","0","","","2","","5","","40 29:22.778","","0","80 01:06.165","8","0","0","0","2301","0","0","0","N","0","0","0","2","02301","0","","5.0","","1","N","N","","0","","0","0","0","","2","","","1","2","0","0","0","2","0","2","0","1","","","","N","","","","","","","","","",""
"2014089535","","2","0","0","0","0","0","0","0","0","5","0","","02","9","2014","4","40.595076","-79.753677","","11","0","0","0","0","0","0","0","0","1","0","0","0","","","1","","0","","40 35:42.272","2","3","79 45:13.237","8","0","0","0","2464","0","0","0","N","0","0","0","2","64305","0","","1.0","","1","N","N","","0","","0","0","0","","0","N","","3","1","0","0","0","1","0","2","0","2","","","","N","","","","","","","","","",""
"2014090215","","1","0","0","0","0","0","0","0","0","4","0","","02","9","2014","1","40.427607","-79.976343","","11","0","0","0","0","0","0","0","0","","0","0","0","","","0","","1","","40 25:39.385","","0","79 58:34.834","9","0","0","0","2301","0","0","0","N","0","0","0","2","02301","0","","1.0","","1","N","N","","0","","0","0","1","","3","","","2","0","0","0","0","0","1","2","0","2","","","","N","","","","","","","","","",""
"2014089383","","1","0","0","0","0","0","0","0","0","5","1","","02","8","2014","2","40.429283","-80.274148","","11","0","0","0","0","0","0","0","0","","0","0","0","","","0","","0","","40 25:45.417","","0","80 16:26.933","0","0","0","0","2214","0","0","0","N","0","0","0","1","68B03","0","","1.0","","1","N","N","","0","","0","0","0","","0","","","2","0","0","0","0","0","0","1","0","2","","","","N","","","","","","","","","",""
"2014089234","","2","0","0","0","0","0","0","0","0","4","0","","02","9","2014","4","40.336034","-80.074544","","11","0","0","0","0","0","1","0","0","1","0","0","0","","","1","","2","","40 20:09.721","6","0","80 04:28.358","4","0","0","0","2123","0","0","0","N","0","0","0","2","02123","1","","1.0","","1","N","N","","0","","0","0","0","","3","N","","2","1","0","0","0","0","0","2","0","2","","","","N","","","","","","","","","",""
"2014089246","","1","0","0","0","0","0","0","0","0","1","0","","02","9","2014","5","40.446299","-80.030846","","11","0","0","0","1","0","1","0","0","","0","0","0","","","1","","0","","40 26:46.677","","0","80 01:51.045","8","0","0","0","2301","0","0","0","N","0","0","0","3","02301","0","","1.0","","9","N","N","","0","","0","0","1","","0","","","2","1","0","0","0","1","0","2","0","2","","","","N","","","","","","","","","",""
"2014089320","","0","0","0","0","0","0","0","0","0","7","0","","02","9","2014","1","40.399822","-79.904906","","11","0","0","0","0","0","0","0","0","2","0","0","0","","","1","","0","","40 23:59.360","5","0","79 54:17.660","3","0","0","0","2448","0","0","0","N","0","0","0","1","02448","0","","2.0","","1","N","N","","0","","1","0","1","","0","Y","","1","1","1","0","0","0","0","2","0","1","","","","N","","","","","","","","","",""
"2014090084","","1","0","0","0","0","0","0","0","0","8","0","","02","9","2014","1","40.448271","-80.004288","","11","0","0","0","0","0","1","0","0","2","0","0","0","","","2","","5","","40 26:53.775","4","0","80 00:15.436","4","0","0","0","2301","2","0","0","N","2","0","0","3","02301","2","","1.0","","1","N","N","","0","","0","0","0","","2","N","","3","2","0","0","0","0","0","2","0","1","","","","N","","","","","","","","","",""
"2014089384","","0","0","0","0","0","0","0","0","0","1","0","","02","8","2014","3","40.438605","-80.011871","","11","0","0","0","0","0","0","0","0","1","0","0","0","","","0","","0","","40 26:18.977","4","0","80 00:42.737","0","0","0","0","2301","0","0","0","N","0","0","0","2","68B03","0","","1.0","","1","N","N","","0","","0","0","2","","0","N","","2","0","0","0","0","0","0","2","0","2","","","","N","","","","","","","","","",""
"2014089321","","2","0","0","0","0","0","0","0","0","2","0","","02","9","2014","7","40.430656","-79.751413","","11","0","0","0","0","0","0","0","0","","0","0","0","","","3","","0","","40 25:50.363","","0","79 45:05.088","2","0","0","0","2446","0","0","0","N","0","0","0","3","02446","1","","1.0","","1","N","N","","0","","1","1","0","","0","","","2","3","0","0","0","0","0","2","0","2","","","","N","","","","","","","","","",""
"2014089385","","1","0","0","0","0","0","0","0","0","7","0","","02","8","2014","7","40.423318","-80.105144","","11","0","0","0","0","0","0","0","0","","0","0","0","","","0","","6","","40 25:23.946","","0","80 06:18.518","0","0","0","0","2115","0","0","0","N","0","0","0","2","68B03","0","","5.0","","1","N","N","","0","","0","0","0","","0","","","1","0","0","0","0","0","0","2","0","1","","","","N","","","","","","","","","",""
"2014090282","","1","0","0","0","0","0","0","0","0","1","0","","02","9","2014","1","40.343102","-79.963944","","11","0","0","1","0","0","0","1","0","2","0","0","0","","","0","","0","","40 20:35.168","3","0","79 57:50.200","0","0","0","0","2454","0","0","0","N","0","0","0","3","02454","0","","1.0","","1","N","N","","1","","0","0","1","","0","N","","3","0","0","0","0","0","0","2","0","3","","","","N","","","","","","","","","",""
"2014089526","","1","0","0","1","0","0","0","0","0","8","0","","02","9","2014","5","40.459661","-79.929386","","11","0","0","0","0","0","1","0","0","","0","0","0","","","1","","1","","40 27:34.781","","0","79 55:45.791","8","0","0","0","2301","1","0","0","N","0","0","0","2","02301","0","","1.0","","1","N","N","","0","","0","0","0","","2","","","2","1","0","0","0","1","0","2","0","1","","","","N","","","","","","","","","",""
"2014090218","","2","0","0","0","0","0","0","0","0","4","0","","02","9","2014","1","40.457215","-79.997827","","11","0","0","0","0","0","0","0","0","","0","0","0","","","1","","1","","40 27:25.975","","0","79 59:52.178","4","0","0","0","2301","0","0","0","N","0","0","0","3","02301","1","","1.0","","1","N","N","","0","","0","0","0","","2","","","3","1","0","0","0","0","0","2","0","3","","","","N","","","","","","","","","",""
"2014088518","","1","0","0","0","0","0","0","0","0","7","0","","02","9","2014","7","40.502001","-80.002899","","11","0","0","0","1","0","0","0","0","5","0","0","0","","","4","","0","","40 30:07.204","7","0","80 00:10.437","2","0","0","0","2116","0","0","0","N","0","0","0","4","02116","0","","5.0","","1","N","N","","0","","1","3","0","","0","Y","","1","4","4","0","3","0","0","2","0","1","","","","N","","","","","","","","","",""
"2014089386","","0","0","0","0","0","0","0","0","0","7","0","","02","8","2014","1","40.440871","-80.008827","","11","0","0","0","0","0","0","0","0","","0","0","0","","","1","","0","","40 26:27.137","","0","80 00:31.777","4","0","0","0","2301","0","0","0","N","0","0","0","1","68B03","1","","2.0","","8","N","N","","0","","0","0","1","","0","","","1","1","0","0","0","0","0","2","0","1","","","","N","","","","","","","","","",""
"2014088598","","0","0","0","0","0","0","0","0","0","1","2","","02","9","2014","2","40.4888","-80.079841","","11","0","0","0","0","0","1","0","0","","0","2","0","","","1","","0","","40 29:19.680","","0","80 04:47.426","4","0","0","0","2122","0","0","0","N","0","0","0","2","02122","1","","1.0","","1","N","N","","0","","0","0","0","","0","","","2","1","0","0","0","0","0","2","0","2","","","","N","","","","","","","","","",""
"2014089251","","2","0","0","0","0","0","0","0","0","4","0","","02","9","2014","5","40.355168","-80.116095","","11","0","0","0","0","0","0","0","0","","0","0","0","","","0","","2","","40 21:18.604","","2","80 06:57.943","0","0","0","0","2119","0","0","0","N","0","0","0","3","02119","0","","7.0","","9","N","N","","0","","0","0","1","","2","","","3","0","0","0","0","0","0","2","0","3","","","","N","","","","","","","","","",""
"2014089387","","0","0","0","1","0","1","0","0","0","8","0","","02","9","2014","3","40.523084","-80.177503","","11","0","0","0","0","0","0","1","0","3","0","0","0","","","1","","5","","40 31:23.102","4","0","80 10:39.011","2","0","0","0","2213","1","0","1","N","0","0","0","3","68B03","0","","1.0","","1","N","N","","0","","0","1","1","","0","N","","2","1","0","0","0","0","0","2","0","1","","","","N","","","","","","","","","",""
"2014089252","","0","0","0","0","0","0","0","0","0","7","0","","02","9","2014","4","40.471863","-80.027141","","11","0","0","0","0","0","1","0","0","2","0","0","0","","","1","","0","","40 28:18.705","5","0","80 01:37.706","4","0","0","0","2301","0","0","0","N","0","0","0","1","02301","1","","4.0","","1","N","N","","1","","0","0","0","","0","Y","","1","1","1","0","0","0","0","2","0","1","","","","N","","","","","","","","","",""
"2014088586","","2","0","0","0","0","0","0","0","0","4","0","","02","9","2014","4","40.422385","-79.885853","","11","0","0","0","0","0","0","0","0","","0","0","0","","","1","","0","","40 25:20.587","","7","79 53:09.070","4","0","0","0","2463","0","0","0","N","0","0","0","2","02463","1","","1.0","","1","N","N","","0","","0","0","0","","0","","","2","1","0","0","0","0","0","2","0","2","","","","N","","","","","","","","","",""
"2014088600","","2","0","0","0","0","0","0","0","0","4","0","","02","9","2014","4","40.43066","-79.919585","","11","0","0","0","0","0","1","0","1","1","0","0","0","","","2","","2","","40 25:50.376","2","0","79 55:10.506","8","0","0","0","2301","0","0","0","N","0","0","0","3","02301","0","","1.0","","1","N","N","","0","","0","0","0","","3","Y","","2","2","0","0","0","2","1","2","0","2","","","","N","","","","","","","","","",""
"2014089239","","1","0","0","0","0","0","0","0","0","4","0","","02","9","2014","4","40.397668","-79.769328","","11","0","0","0","0","1","1","0","0","","0","0","0","","","1","","0","","40 23:51.606","","7","79 46:09.579","4","0","0","0","2446","0","0","0","N","0","0","0","2","02446","1","","1.0","","1","N","N","","0","","0","0","0","","0","","","2","1","0","0","0","0","0","2","0","2","","","","N","","","","","","","","","",""
"2014088587","","0","0","0","0","0","0","0","0","0","7","0","","02","9","2014","4","40.461958","-79.973926","","11","0","0","0","0","0","0","0","0","","0","0","0","","","1","","0","","40 27:43.047","","3","79 58:26.135","8","0","0","0","2301","0","0","0","N","0","0","0","1","02301","0","","1.0","","1","N","N","","1","","0","0","0","","0","","","1","1","0","0","0","1","0","2","0","1","","","","N","","","","","","","","","",""
"2014089389","","1","0","0","0","0","0","0","0","0","1","1","","02","9","2014","2","40.447429","-80.165583","","11","0","0","0","0","1","0","0","0","","0","1","0","","","1","","7","","40 26:50.743","","2","80 09:56.097","8","0","0","0","2115","0","0","0","N","0","0","0","2","68B03","0","","1.0","","1","N","N","","0","","0","0","0","","0","","","2","1","0","0","0","1","0","2","0","2","","","","N","","","","","","","","","",""
"2014088460","","1","0","0","0","0","0","0","0","0","7","0","","02","9","2014","4","40.334861","-79.842639","","11","0","0","0","0","0","0","0","0","","0","0","0","","","1","","0","","40 20:05.500","","0","79 50:33.500","3","0","0","0","2304","0","0","0","N","0","0","0","1","02304","0","","5.0","","1","N","N","","0","","1","0","0","","3","","","1","1","1","0","0","0","0","2","0","1","","","","N","","","","","","","","","",""
"2014090289","","0","0","0","0","0","0","0","0","0","7","0","","02","9","2014","4","40.651511","-79.939925","","11","0","0","0","0","0","0","1","0","1","0","0","0","","","1","","0","","40 39:05.438","4","0","79 56:23.731","2","0","1","1","2217","0","0","0","N","0","0","0","1","02505","0","","4.0","","1","N","N","","0","","0","1","0","","0","N","","1","1","0","0","0","0","0","2","0","1","","","","N","","","","","","","","","",""
"2014088195","","2","0","0","0","0","0","0","0","0","2","0","","02","9","2014","7","40.356619","-80.053138","","11","0","0","0","0","1","0","0","0","1","0","0","0","","","3","","2","","40 21:23.828","4","0","80 03:11.296","8","0","0","0","2109","0","0","0","N","0","0","0","3","02109","0","","1.0","","9","N","N","","0","","0","0","0","","2","N","","2","3","0","0","0","3","0","2","0","2","","","","N","","","","","","","","","",""
"2014090104","","0","0","0","0","0","0","0","0","0","5","0","","02","9","2014","4","40.507049","-80.037924","","11","0","0","0","0","0","0","0","1","","0","0","0","","","0","","0","","40 30:25.375","","0","80 02:16.526","0","0","0","0","2116","0","0","0","N","0","0","0","3","68B03","0","","1.0","","1","N","N","","1","","0","0","1","","0","","","2","0","0","0","0","0","0","2","0","2","","","","N","","","","","","","","","",""
"2014090307","","0","0","0","0","0","0","0","0","0","7","0","","02","9","2014","6","40.41951","-79.746174","","11","0","0","0","0","0","0","0","0","","0","0","0","","","0","","0","","40 25:10.236","","0","79 44:46.226","0","0","0","0","2446","0","0","0","N","0","0","0","1","02446","0","","5.0","","1","N","N","","1","","0","0","0","","0","","","1","0","0","0","0","0","0","2","0","1","","","","N","","","","","","","","","",""
"2014088607","","1","0","0","0","0","0","0","0","0","5","0","","02","9","2014","4","40.322607","-79.92636","","11","0","0","0","0","0","1","0","1","1","0","0","0","","","1","","2","","40 19:21.384","1","0","79 55:34.897","8","0","0","0","2440","0","0","0","N","0","0","0","2","02440","0","","1.0","","1","N","N","","0","","0","0","0","","0","Y","","2","1","0","0","0","1","0","2","1","2","","","","N","","","","","","","","","",""
"2014090293","","1","0","0","0","0","0","0","0","0","5","0","","02","9","2014","1","40.448561","-79.973058","","11","0","0","0","0","0","1","0","0","","0","0","0","","","0","","0","","40 26:54.819","","0","79 58:23.008","0","0","0","0","2301","0","0","0","N","0","0","0","1","02301","0","","6.0","","1","N","N","","0","","0","0","0","","0","","","2","0","0","0","0","0","0","2","1","2","","","","N","","","","","","","","","",""
"2014088595","","0","0","0","0","0","0","0","0","0","0","0","","02","9","2014","4","40.489157","-79.929968","","11","0","0","0","0","0","1","0","0","","0","0","0","","","0","","0","","40 29:20.966","","0","79 55:47.886","0","0","0","0","2301","0","0","0","N","0","0","0","1","02301","0","","1.0","","1","N","N","","1","","0","0","0","","0","","","1","0","0","0","0","0","0","2","0","1","","","","N","","","","","","","","","",""