"CRN","ARRIVAL_TM","AUTOMOBILE_COUNT","BELTED_DEATH_COUNT","BELTED_SUSP_SERIOUS_INJ_COUNT","BICYCLE_COUNT","BICYCLE_DEATH_COUNT","BICYCLE_SUSP_SERIOUS_INJ_COUNT","BUS_COUNT","CHLDPAS_DEATH_COUNT","CHLDPAS_SUSP_SERIOUS_INJ_COUNT","COLLISION_TYPE","COMM_VEH_COUNT","CONS_ZONE_SPD_LIM","COUNTY","CRASH_MONTH","CRASH_YEAR","DAY_OF_WEEK","DEC_LATITUDE","DEC_LONGITUDE","DISPATCH_TM","DISTRICT","DRIVER_COUNT_16YR","DRIVER_COUNT_17YR","DRIVER_COUNT_18YR","DRIVER_COUNT_19YR","DRIVER_COUNT_20YR","DRIVER_COUNT_50_64YR","DRIVER_COUNT_65_74YR","DRIVER_COUNT_75PLUS","EST_HRS_CLOSED","FATAL_COUNT","HEAVY_TRUCK_COUNT","HORSE_BUGGY_COUNT","HOUR_OF_DAY","ILLUMINATION","INJURY_COUNT","INTERSECTION_RELATED","INTERSECT_TYPE","LANE_CLOSED","LATITUDE","LN_CLOSE_DIR","LOCATION_TYPE","LONGITUDE","MAX_SEVERITY_LEVEL","MCYCLE_DEATH_COUNT","MCYCLE_SUSP_SERIOUS_INJ_COUNT","MOTORCYCLE_COUNT","MUNICIPALITY","NONMOTR_COUNT","NONMOTR_DEATH_COUNT","NONMOTR_SUSP_SERIOUS_INJ_COUNT","NTFY_HIWY_MAINT","PED_COUNT","PED_DEATH_COUNT","PED_SUSP_SERIOUS_INJ_COUNT","PERSON_COUNT","POLICE_AGCY","POSSIBLE_INJ_COUNT","RDWY_SURF_TYPE_CD","RELATION_TO_ROAD","ROADWAY_CLEARED","ROAD_CONDITION","SCH_BUS_IND","SCH_ZONE_IND","SECONDARY_CRASH","SMALL_TRUCK_COUNT","SPEC_JURIS_CD","SUSP_MINOR_INJ_COUNT","SUSP_SERIOUS_INJ_COUNT","SUV_COUNT","TCD_FUNC_CD","TCD_TYPE","TFC_DETOUR_IND","TIME_OF_DAY","TOTAL_UNITS","TOT_INJ_COUNT","UNBELTED_OCC_COUNT","UNB_DEATH_COUNT","UNB_SUSP_SERIOUS_INJ_COUNT","UNK_INJ_DEG_COUNT","UNK_INJ_PER_COUNT","URBAN_RURAL","VAN_COUNT","VEHICLE_COUNT","WEATHER1","WEATHER2","WORKERS_PRES","WORK_ZONE_IND","WORK_ZONE_LOC","WORK_ZONE_TYPE","WZ_CLOSE_DETOUR","WZ_FLAGGER","WZ_LAW_OFFCR_IND","WZ_LN_CLOSURE","WZ_MOVING","WZ_OTHER","WZ_SHLDER_MDN","WZ_WORKERS_INJ_KILLED"
"2014089600","","2","0","0","0","0","0","0","0","0","6","0","","02","9","2014","2","40.545879","-80.035992","","11","0","0","0","1","0","1","1","0","","0","0","0","","","0","","2","","40 32:45.165","","0","80 02:09.570","0","0","0","0","2116","0","0","0","N","0","0","0","3","02116","0","","1.0","","1","N","N","","0","","0","0","1","","0","","","3","0","0","0","0","0","0","2","0","3","","","","N","","","","","","","","","",""
"2014089750","","1","0","0","0","0","0","0","0","0","1","0","","02","9","2014","6","40.601181","-79.757004","","11","0","0","0","0","0","0","1","0","","0","0","0","","","3","","1","","40 36:04.250","","3","79 45:25.215","3","0","0","0","2464","0","0","0","N","0","0","0","3","02464","1","","1.0","","1","N","N","","0","","2","0","1","","2","","","2","3","0","0","0","0","0","2","0","2","","","","N","","","","","","","","","",""
"2014089830","","1","0","0","0","0","0","0","0","0","4","0","","02","9","2014","6","40.485363","-80.009545","","11","0","0","0","0","0","0","0","0","2","0","0","0","","","1","","1","","40 29:07.307","1","0","80 00:34.363","8","0","0","0","2301","0","0","0","N","0","0","0","2","02301","0","","1.0","","1","N","N","","0","","0","0","1","","2","N","","2","1","0","0","0","1","1","2","0","2","","","","N","","","","","","","","","",""
"2014089080","","1","0","0","0","0","0","0","0","0","7","0","","02","9","2014","4","40.48778","-80.011777","","11","0","0","0","0","0","1","0","0","2","0","0","0","","","1","","0","","40 29:16.009","4","0","80 00:42.397","4","0","0","0","2301","0","0","0","N","0","0","0","1","02301","1","","4.0","","1","N","N","","0","","0","0","0","","0","Y","","1","1","0","0","0","0","0","2","0","1","","","","N","","","","","","","","","",""
"2014089961","","2","0","0","0","0","0","0","0","0","7","0","","02","9","2014","7","40.622834","-79.924899","","11","0","0","0","0","0","1","0","0","2","0","0","0","","","0","","0","","40 37:22.202","5","0","79 55:29.636","0","0","0","0","2217","0","0","0","N","0","0","0","3","02505","0","","2.0","","9","N","N","","0","","0","0","0","","2","Y","","2","0","0","0","0","0","0","2","0","2","","","","N","","","","","","","","","",""
"2014089081","","1","0","0","0","0","0","0","0","0","1","0","","02","9","2014","2","40.55453","-80.02124","","11","0","0","0","0","0","0","0","0","","0","0","0","","","1","","1","","40 33:16.307","","0","80 01:16.463","3","0","0","0","2108","0","0","0","N","0","0","0","5","02108","0","","1.0","","1","N","N","","1","","1","0","0","","2","","","2","1","0","0","0","0","0","2","0","2","","","","N","","","","","","","","","",""
"2014088192","","2","0","0","0","0","0","0","0","0","4","0","","02","9","2014","3","40.42769","-79.977734","","11","0","0","0","0","0","0","0","0","2","0","0","0","","","0","","1","","40 25:39.684","7","0","79 58:39.842","0","0","0","0","2301","0","0","0","N","0","0","0","3","02301","0","","1.0","","1","N","N","","0","","0","0","0","","2","Y","","2","0","0","0","0","0","0","2","0","2","","","","N","","","","","","","","","",""
"2014089082","","2","0","0","0","0","0","0","0","0","4","0","","02","9","2014","3","40.572138","-80.022267","","11","0","0","0","0","0","0","1","0","1","0","0","0","","","0","","2","","40 34:19.695","3","7","80 01:20.160","0","0","0","0","2108","0","0","0","N","0","0","0","2","02108","0","","1.0","","1","N","N","","0","","0","0","0","","2","N","","2","0","0","0","0","0","0","2","0","2","","","","N","","","","","","","","","",""
"2014089833","","2","0","0","0","0","0","0","0","0","1","0","","02","9","2014","2","40.355222","-79.825151","","11","0","0","0","0","0","0","0","1","1","0","0","0","","","1","","0","","40 21:18.800","1","0","79 49:30.544","4","0","0","0","2477","0","0","0","N","0","0","0","2","02477","1","","1.0","","1","N","N","","0","","0","0","0","","0","Y","","2","1","0","0","0","0","0","2","0","2","","","","N","","","","","","","","","",""
"2014088194","","2","0","0","0","0","0","0","0","0","1","0","","02","9","2014","5","40.595937","-80.047686","","11","0","2","0","0","0","0","0","0","","0","0","0","","","1","","0","","40 35:45.372","","0","80 02:51.668","8","0","0","0","2108","0","0","0","N","0","0","0","3","02108","0","","1.0","","1","N","N","","0","","0","0","0","","0","","","2","1","0","0","0","1","0","2","0","2","","","","N","","","","","","","","","",""
"2014090833","","1","0","0","0","0","0","0","0","0","4","0","","02","9","2014","2","40.355084","-80.116178","","11","0","0","0","0","0","1","0","0","2","0","0","0","","","0","","2","","40 21:18.304","3","2","80 06:58.240","0","0","0","0","2119","0","0","0","N","0","0","0","2","02119","0","","1.0","","1","N","N","","1","","0","0","0","","2","N","","2","0","1","0","0","0","0","2","0","2","","","","N","","","","","","","","","",""
"2014091599","","1","0","0","0","0","0","0","0","0","7","0","","02","9","2014","5","40.582681","-79.955399","","11","0","0","1","0","0","0","0","0","","0","0","0","","","0","","0","","40 34:57.651","","0","79 57:19.438","0","0","0","0","2207","0","0","0","N","0","0","0","1","02207","0","","5.0","","1","N","N","","0","","0","0","0","","0","","","1","0","0","0","0","0","0","2","0","1","","","","N","","","","","","","","","",""
"2014087519","","0","0","0","0","0","0","0","0","0","7","0","","02","9","2014","3","40.396722","-79.986056","","11","0","0","0","0","0","0","0","0","2","0","0","0","","","0","","0","","40 23:48.199","7","0","79 59:09.801","0","0","0","0","2301","0","0","0","N","0","0","0","1","02301","0","","4.0","","1","N","N","","2","","0","0","1","","0","N","","3","0","0","0","0","0","0","2","0","3","","","","N","","","","","","","","","",""
"2014087507","","3","0","0","0","0","0","0","0","0","1","0","","02","9","2014","2","40.456824","-79.963112","","11","0","0","0","0","0","0","1","0","1","0","0","0","","","0","","5","","40 27:24.566","3","0","79 57:47.204","0","0","0","0","2301","0","0","0","N","0","0","0","3","02301","0","","1.0","","1","N","N","","0","","0","0","0","","2","N","","3","0","0","0","0","0","0","2","0","3","","","","N","","","","","","","","","",""
"2014092294","","2","0","0","0","0","0","0","0","0","5","0","","02","9","2014","7","40.380042","-79.994163","","11","0","0","0","0","0","1","0","0","2","0","0","0","","","1","","0","","40 22:48.152","1","0","79 59:38.988","4","0","0","0","2301","0","0","0","N","0","0","0","3","02301","1","","1.0","","1","N","N","","0","","0","0","0","","0","N","","2","1","0","0","0","0","0","2","0","2","","","","N","","","","","","","","","",""
"2014089626","","2","0","0","0","0","0","0","0","0","1","0","","02","9","2014","7","40.449489","-79.844433","","11","0","0","0","0","0","1","0","0","","0","0","0","","","1","","0","","40 26:58.159","","0","79 50:39.958","4","0","0","0","2419","0","0","0","N","0","0","0","2","02419","1","","1.0","","1","N","N","","0","","0","0","0","","0","","","2","1","0","0","0","0","0","2","0","2","","","","N","","","","","","","","","",""
"2014089164","","2","0","0","0","0","0","0","0","0","4","0","","02","9","2014","4","40.488623","-79.936555","","11","0","0","0","0","0","0","0","0","1","0","0","0","","","1","","0","","40 29:19.043","4","0","79 56:11.598","8","0","0","0","2301","0","0","0","N","0","0","0","4","02301","0","","1.0","","1","N","N","","0","","0","0","0","","2","Y","","2","1","2","0","0","1","0","2","0","2","","","","N","","","","","","","","","",""
"2014089776","","0","0","0","0","0","0","0","0","0","1","0","","02","9","2014","5","40.386949","-80.054618","","11","0","0","0","0","0","0","0","0","2","0","0","0","","","1","","0","","40 23:13.018","1","0","80 03:16.625","8","0","0","0","2109","0","0","0","N","0","0","0","2","02109","0","","1.0","","9","N","N","","1","","0","0","1","","0","N","","2","1","1","0","0","1","0","2","0","2","","","","N","","","","","","","","","",""
"2014089843","","1","0","0","0","0","0","0","0","0","4","0","","02","9","2014","6","40.435548","-79.983741","","11","0","0","0","0","0","0","0","0","4","0","0","0","","","2","","0","","40 26:07.973","4","6","79 59:01.466","8","0","0","0","2301","0","0","0","N","0","0","0","4","02301","0","","1.0","","1","N","N","","0","","0","0","1","","0","Y","","2","2","1","0","0","2","0","2","0","2","","","","N","","","","","","","","","",""
"2014089765","","3","0","0","0","0","0","0","0","0","1","0","","02","9","2014","6","40.356033","-79.898448","","11","0","0","0","0","0","0","1","0","1","0","0","0","","","0","","0","","40 21:21.717","2","0","79 53:54.412","0","0","0","0","2423","0","0","0","N","0","0","0","3","02304","0","","1.0","","1","N","N","","0","","0","0","0","","2","N","","3","0","0","0","0","0","0","2","0","3","","","","N","","","","","","","","","",""
"2014089909","","1","0","0","0","0","0","0","0","0","4","0","","02","8","2014","5","40.385414","-79.821847","","11","0","0","0","0","0","1","0","0","1","0","0","0","","","0","","0","","40 23:07.490","1","7","79 49:18.650","0","0","0","0","2111","0","0","0","N","0","0","0","2","02111","0","","1.0","","1","N","N","","0","","0","0","1","","0","N","","2","0","0","0","0","0","0","2","0","2","","","","N","","","","","","","","","",""
"2014089106","","1","0","0","0","0","0","0","0","0","7","0","","02","9","2014","5","40.632851","-79.730817","","11","0","0","0","0","0","0","0","0","2","0","0","0","","","1","","0","","40 37:58.263","2","0","79 43:50.942","4","0","0","0","2106","0","0","0","Y","0","0","0","1","68D02","1","","3.0","","1","N","N","","0","","0","0","0","","0","N","","1","1","0","0","0","0","0","2","0","1","","","","N","","","","","","","","","",""
"2014089845","","1","0","0","0","0","0","0","0","0","4","0","","02","8","2014","7","40.459997","-79.945927","","11","0","0","0","0","0","0","0","0","","0","0","0","","","0","","1","","40 27:35.989","","0","79 56:45.337","0","0","0","0","2301","0","0","0","N","0","0","0","3","02301","0","","1.0","","1","N","N","","0","","0","0","1","","2","","","2","0","0","0","0","0","0","2","0","2","","","","N","","","","","","","","","",""
"2014089109","","1","0","0","0","0","0","0","0","0","5","0","","02","9","2014","3","40.497153","-79.9206","","11","0","0","0","0","0","0","0","0","2","0","0","0","","","1","","0","","40 29:49.752","2","0","79 55:14.159","3","0","0","0","2112","0","0","0","N","0","0","0","2","68D02","0","","1.0","","1","N","N","","0","","1","0","0","","0","Y","","2","1","0","0","0","0","0","2","1","2","","","","N","","","","","","","","","",""
"2014089926","","0","0","0","0","0","0","0","0","0","4","0","","02","9","2014","7","40.459436","-79.844022","","11","0","0","0","0","1","1","0","0","1","0","0","0","","","0","","1","","40 27:33.969","3","0","79 50:38.479","9","0","0","0","2113","0","0","0","N","0","0","0","2","02113","0","","1.0","","9","N","N","","1","","0","0","1","","0","Y","","2","0","0","0","0","0","1","2","0","2","","","","N","","","","","","","","","",""
"2014087452","","1","0","0","0","0","0","0","0","0","7","0","","02","9","2014","5","40.296236","-79.912556","","11","0","0","0","0","0","0","0","0","","0","0","0","","","1","","0","","40 17:46.450","","2","79 54:45.200","3","0","0","0","2440","0","0","0","N","0","0","0","1","68T09","0","","4.0","","1","N","N","","0","","1","0","0","","0","","","1","1","0","0","0","0","0","2","0","1","","","","N","","","","","","","","","",""
"2014089851","","1","0","0","0","0","0","0","0","0","7","0","","02","9","2014","7","40.434153","-79.995768","","11","0","0","0","0","1","0","0","0","","0","0","0","","","0","","7","","40 26:02.952","","8","79 59:44.766","0","0","0","0","2301","0","0","0","N","0","0","0","1","02301","0","","7.0","","1","N","N","","0","","0","0","0","","0","","","1","0","0","0","0","0","0","2","0","1","","","","N","","","","","","","","","",""
"2014087330","","0","0","0","0","0","0","0","0","0","7","0","","02","7","2014","6","40.338226","-80.0167","","11","0","0","0","0","0","0","0","0","4","1","0","0","","","0","","0","","40 20:17.614","6","0","80 01:00.121","1","1","0","1","2407","0","0","0","N","0","0","0","1","02407","0","2","4.0","","1","N","N","","0","0","0","0","0","","0","Y","","1","0","0","0","0","0","0","2","0","1","","","","N","","","","","","","","","",""
"2014087331","","2","0","0","0","0","0","0","0","0","4","0","","02","8","2014","6","40.333256","-80.030859","","11","0","0","0","0","0","2","0","0","3","1","0","0","","","0","","2","","40 19:59.721","7","0","80 01:51.092","1","1","0","1","2407","0","0","0","N","0","0","0","4","02407","0","2","1.0","","1","N","N","","0","0","0","0","0","","3","Y","","3","0","0","0","0","0","0","2","0","3","","","","N","","","","","","","","","",""
"2014087538","","1","0","0","0","0","0","0","0","0","7","0","","02","8","2014","3","40.425772","-79.911718","","11","0","0","0","0","0","0","0","0","","0","0","0","","","1","","0","","40 25:32.778","","0","79 54:42.184","4","0","0","0","2301","0","0","0","N","0","0","0","1","68B03","1","","4.0","","1","N","N","","0","","0","0","0","","0","","","1","1","0","0","0","0","0","2","0","1","","","","N","","","","","","","","","",""
"2014087539","","1","0","0","0","0","0","0","0","0","7","0","","02","8","2014","7","40.508934","-80.046541","","11","0","0","0","0","0","1","0","0","","0","0","0","","","0","","0","","40 30:32.164","","0","80 02:47.548","0","0","0","0","2116","0","0","0","N","0","0","0","2","68B03","0","","3.0","","1","N","N","","0","","0","0","0","","0","","","1","0","0","0","0","0","0","2","0","1","","","","N","","","","","","","","","",""
"2014087540","","2","0","0","0","0","0","0","0","0","1","0","","02","8","2014","5","40.438261","-80.012369","","11","0","0","0","0","0","0","0","0","","0","0","0","","","0","","0","","40 26:17.740","","3","80 00:44.530","0","0","0","0","2301","0","0","0","N","0","0","0","2","68B03","0","","1.0","","1","N","N","","0","","0","0","0","","0","","","2","0","0","0","0","0","0","2","0","2","","","","N","","","","","","","","","",""
"2014089856","","0","0","0","0","0","0","0","0","0","7","1","","02","9","2014","6","40.385961","-79.93203","","11","0","0","0","0","0","1","0","0","4","0","1","0","","","0","","0","","40 23:09.461","6","1","79 55:55.309","0","0","0","0","2301","0","0","0","N","0","0","0","1","02301","0","","1.0","","1","N","N","","0","","0","0","0","","0","N","","1","0","0","0","0","0","0","2","0","1","","","","N","","","","","","","","","",""
"2014089105","","0","0","0","0","0","0","0","0","0","0","0","","02","8","2014","3","40.496085","-79.868023","","11","0","0","0","0","0","0","0","0","1","0","0","0","","","1","","0","","40 29:45.906","1","0","79 52:04.881","2","0","1","1","2112","0","0","0","N","0","0","0","1","68D02","0","","1.0","","1","N","N","","0","","0","1","0","","0","N","","2","1","0","0","0","0","0","2","0","1","","","","N","","","","","","","","","",""
"2014089646","","1","0","0","0","0","0","0","0","0","1","0","","02","9","2014","6","40.435752","-79.927668","","11","0","0","0","0","0","1","0","0","2","0","0","0","","","1","","1","","40 26:08.707","5","0","79 55:39.604","4","0","0","0","2301","0","0","0","N","0","0","0","2","02301","1","","1.0","","1","N","N","","0","","0","0","0","","0","N","","2","1","0","0","0","0","0","2","1","2","","","","N","","","","","","","","","",""
"2014087459","","2","0","0","0","0","0","0","0","0","5","0","","02","9","2014","2","40.414948","-80.045026","","11","0","0","0","0","0","0","0","0","2","0","0","0","","","1","","0","","40 24:53.813","2","0","80 02:42.092","8","0","0","0","2435","0","0","0","N","0","0","0","2","02435","0","","1.0","","1","N","N","","0","","0","0","0","","0","Y","","2","1","0","0","0","1","0","2","0","2","","","","N","","","","","","","","","",""
"2014087472","","1","0","0","0","0","0","0","0","0","7","0","","02","9","2014","6","40.421983","-79.983953","","11","0","0","0","0","0","0","0","0","","0","0","0","","","0","","0","","40 25:19.138","","0","79 59:02.230","9","0","0","0","2301","0","0","0","N","0","0","0","1","02301","0","","4.0","","1","N","N","","0","","0","0","1","","0","","","2","0","0","0","0","0","1","2","0","2","","","","N","","","","","","","","","",""
"2014087541","","2","0","0","0","0","0","0","0","0","1","0","","02","8","2014","5","40.410941","-80.074313","","11","0","1","0","0","0","0","0","0","","0","0","0","","","0","","0","","40 24:39.386","","0","80 04:27.525","0","0","0","0","2117","0","0","0","N","0","0","0","6","68B03","0","","1.0","","1","N","N","","0","","0","0","1","","0","","","3","0","0","0","0","0","0","2","0","3","","","","N","","","","","","","","","",""
"2014087605","","1","0","0","0","0","0","0","0","0","1","0","","02","7","2014","4","40.587431","-79.776288","","11","0","0","0","0","0","1","0","0","","0","0","0","","","0","","1","","40 35:14.751","","0","79 46:34.635","0","0","0","0","2104","0","0","0","N","0","0","0","2","02104","0","","1.0","","1","N","N","","1","","0","0","0","","2","","","2","0","0","0","0","0","0","2","0","2","","","","N","","","","","","","","","",""
"2014089870","","0","0","0","0","0","0","0","0","0","7","0","","02","7","2014","1","40.434028","-79.992598","","11","0","0","0","0","0","0","0","0","1","0","0","0","","","0","","0","","40 26:02.500","4","0","79 59:33.354","0","0","0","0","2301","0","0","0","N","0","0","0","1","68B03","0","","2.0","","9","N","N","","0","","0","0","1","","0","N","","1","0","1","0","0","0","0","2","0","1","","","","N","","","","","","","","","",""
"2014087542","","1","0","0","0","0","0","0","0","0","1","0","","02","8","2014","5","40.411014","-80.07427","","11","0","0","0","0","0","0","0","0","","0","0","0","","","0","","0","","40 24:39.649","","0","80 04:27.372","0","0","0","0","2117","0","0","0","N","0","0","0","1","68B03","0","","1.0","","1","N","N","","0","","0","0","1","","0","","","2","0","0","0","0","0","0","2","0","2","","","","N","","","","","","","","","",""
"2014089871","","0","0","0","0","0","0","0","0","0","0","0","","02","8","2014","6","40.420102","-80.035034","","11","0","0","0","0","0","0","0","0","","0","0","0","","","1","","0","","40 25:12.368","","2","80 02:06.121","3","0","0","1","2301","0","0","0","N","0","0","0","1","68B03","0","","2.0","","1","N","N","","0","","1","0","0","","0","","","1","1","0","0","0","0","0","2","0","1","","","","N","","","","","","","","","",""
"2014089937","","1","0","0","0","0","0","0","0","0","7","0","","02","9","2014","7","40.395883","-79.94804","","11","0","0","0","0","0","0","0","0","2","0","0","0","","","2","","0","","40 23:45.178","3","0","79 56:52.944","4","0","0","0","2301","0","0","0","N","0","0","0","2","02301","1","","4.0","","9","N","N","","0","","0","0","0","","0","N","","1","2","0","0","0","1","0","2","0","1","","","","N","","","","","","","","","",""
"2014088218","","4","0","0","0","0","0","0","0","0","4","0","","02","9","2014","3","40.396132","-79.767989","","11","0","0","0","0","0","4","0","0","1","0","0","0","","","1","","0","","40 23:46.074","6","0","79 46:04.760","4","0","0","0","2446","0","0","0","N","0","0","0","4","02446","1","","1.0","","1","N","N","","0","","0","0","0","","0","N","","4","1","0","0","0","0","0","2","0","4","","","","N","","","","","","","","","",""
"2014087543","","3","0","0","0","0","0","0","0","0","1","0","","02","9","2014","3","40.438205","-80.012468","","11","0","0","0","0","1","0","1","0","","0","0","0","","","1","","0","","40 26:17.539","","4","80 00:44.885","8","0","0","0","2301","0","0","0","N","0","0","0","6","68B03","0","","1.0","","1","N","N","","0","","0","0","0","","0","","","3","1","0","0","0","1","0","2","0","3","","","","N","","","","","","","","","",""
"2014089872","","1","0","0","0","0","0","0","0","0","1","0","55","02","9","2014","5","40.412042","-80.106753","","11","0","0","0","1","0","0","0","0","","0","0","0","","","0","","0","","40 24:43.350","","0","80 06:24.311","0","0","0","0","2102","0","0","0","N","0","0","0","4","68B03","0","","1.0","","1","N","N","","0","","0","0","1","","0","","","2","0","0","0","0","0","0","2","0","2","","","N","Y","2","1","Y","N","Y","Y","N","N","N",""
"2014087619","","1","0","0","0","0","0","0","0","0","4","0","","02","9","2014","3","40.422029","-80.048328","","11","0","0","0","0","0","1","0","0","1","0","0","0","","","1","","2","","40 25:19.306","3","0","80 02:53.980","8","0","0","0","2435","0","0","0","N","0","0","0","3","02435","0","","1.0","","1","N","N","","0","","0","0","1","","3","N","","2","1","0","0","0","1","0","2","0","2","","","","N","","","","","","","","","",""
"2014087462","","1","0","0","0","0","0","0","0","0","4","0","","02","9","2014","2","40.589526","-79.948771","","11","0","0","0","0","0","0","0","0","1","0","0","0","","","0","","0","","40 35:22.293","1","6","79 56:55.575","0","0","0","0","2207","0","0","0","N","0","0","0","4","02207","0","","1.0","","1","N","N","","0","","0","0","1","","0","N","","2","0","0","0","0","0","0","2","0","2","","","","N","","","","","","","","","",""
"2014089873","","2","0","0","0","0","0","0","0","0","1","0","","02","9","2014","2","40.515699","-80.13373","","11","0","0","0","0","0","1","0","0","1","0","0","0","","","0","","0","","40 30:56.515","1","3","80 08:01.427","0","0","0","0","2434","0","0","0","N","0","0","0","4","68B03","0","","1.0","","1","N","N","","0","","0","0","1","","0","N","","3","0","0","0","0","0","0","2","0","3","","","","N","","","","","","","","","",""
"2014087687","","0","0","0","0","0","0","0","0","0","8","0","","02","9","2014","3","40.437823","-80.000175","","11","0","0","0","0","0","0","0","0","","0","0","0","","","1","","1","","40 26:16.163","","0","80 00:00.630","4","0","0","0","2301","1","0","0","N","1","0","0","2","02301","1","","1.0","","1","N","N","","1","","0","0","0","","2","","","2","1","0","0","0","0","0","2","0","1","","","","N","","","","","","","","","",""
"2014087476","","0","0","0","0","0","0","0","0","0","7","0","","02","9","2014","6","40.391241","-80.103027","","11","0","0","0","0","0","0","0","0","1","0","0","0","","","1","","0","","40 23:28.466","1","0","80 06:10.898","3","0","0","1","2102","0","0","0","N","0","0","0","1","02102","0","","1.0","","1","N","N","","0","","1","0","0","","0","Y","","1","1","0","0","0","0","0","2","0","1","","","","N","","","","","","","","","",""
"2014089861","","1","0","0","0","0","0","0","0","0","7","0","","02","9","2014","7","40.448657","-80.023926","","11","0","0","0","0","0","0","0","0","3","0","0","0","","","1","","1","","40 26:55.164","4","0","80 01:26.133","2","0","0","0","2301","0","0","0","N","0","0","0","1","02301","0","","5.0","","1","N","N","","0","","0","1","0","","2","N","","1","1","1","0","1","0","0","2","0","1","","","","N","","","","","","","","","",""
"2014089940","","2","0","0","0","0","0","0","0","0","4","0","","02","9","2014","6","40.390661","-79.815261","","11","0","0","0","0","0","0","0","0","","0","0","0","","","0","","0","","40 23:26.380","","0","79 48:54.940","0","0","0","0","2111","0","0","0","N","0","0","0","1","02111","0","","4.0","","1","N","N","","0","","0","0","0","","0","","","2","0","0","0","0","0","0","2","0","2","","","","N","","","","","","","","","",""
"2014087477","","0","0","0","0","0","0","0","0","0","7","0","","02","9","2014","2","","","","11","0","0","0","0","0","0","0","0","","0","0","0","","","0","","0","","","","0","","0","0","0","0","2301","0","0","0","N","0","0","0","1","02301","0","","4.0","","1","N","N","","0","","0","0","1","","0","","","1","0","0","0","0","0","0","1","0","1","","","","N","","","","","","","","","",""
"2014089941","","2","0","0","0","0","0","0","0","0","4","0","","02","9","2014","7","40.454844","-79.945606","","11","0","0","0","0","0","0","0","0","","0","0","0","","","0","","0","","40 27:17.440","","7","79 56:44.181","0","0","0","0","2301","0","0","0","N","0","0","0","2","02301","0","","1.0","","1","N","N","","0","","0","0","0","","0","","","2","0","0","0","0","0","0","2","0","2","","","","N","","","","","","","","","",""
"2014087478","","0","0","0","0","0","0","0","0","0","7","0","","02","9","2014","2","40.529325","-80.129852","","11","0","0","0","0","0","0","0","1","","0","0","0","","","0","","2","","40 31:45.569","","0","80 07:47.466","0","0","0","0","2125","0","0","0","N","0","0","0","1","02215","0","","2.0","","1","N","N","","0","","0","0","1","","0","","","1","0","0","0","0","0","0","2","0","1","","","","N","","","","","","","","","",""
"2014087481","","1","0","0","0","0","0","0","0","0","1","1","","02","9","2014","2","40.476459","-80.041228","","11","0","0","0","0","0","1","0","0","2","0","1","0","","","1","","0","","40 28:35.252","2","0","80 02:28.421","4","0","0","0","2301","0","0","0","N","0","0","0","2","02301","1","","1.0","","1","N","N","","0","","0","0","0","","0","Y","","2","1","0","0","0","0","0","2","0","2","","","","N","","","","","","","","","",""
"2014089866","","1","0","0","0","0","0","0","0","0","6","0","","02","9","2014","6","40.345622","-80.171396","","11","0","0","0","0","0","1","0","0","1","0","0","0","","","0","","0","","40 20:44.239","3","0","80 10:17.026","0","0","0","0","2119","0","0","0","N","0","0","0","4","02119","0","","1.0","","1","N","N","","0","","0","0","1","","0","N","","2","0","0","0","0","0","0","2","0","2","","","","N","","","","","","","","","",""
"2014089948","","0","0","0","0","0","0","0","0","0","1","0","","02","9","2014","4","40.369787","-79.784139","","11","0","0","0","0","0","1","1","0","2","0","0","0","","","1","","0","","40 22:11.234","4","0","79 47:02.901","8","0","0","0","2111","0","0","0","N","0","0","0","3","02111","0","","1.0","","1","N","N","","1","","0","0","2","","0","N","","3","1","0","0","0","1","0","2","0","3","","","","N","","","","","","","","","",""
"2014087552","","1","0","0","0","0","0","0","0","0","1","0","","02","8","2014","6","40.495411","-79.907885","","11","0","0","0","0","0","2","0","0","","0","0","0","","","1","","3","","40 29:43.479","","8","79 54:28.387","4","0","0","0","2401","0","0","0","N","0","0","0","2","68D02","1","","1.0","","1","N","N","","0","","0","0","1","","0","","","2","1","0","0","0","0","0","2","0","2","","","","N","","","","","","","","","",""
"2014087553","","3","0","0","0","0","0","0","0","0","1","0","","02","8","2014","7","40.496241","-79.912862","","11","0","0","0","0","0","2","0","0","3","0","0","0","","","2","","0","","40 29:46.467","2","0","79 54:46.302","4","0","0","0","2112","0","0","0","N","0","0","0","5","68D02","2","","1.0","","1","N","N","","0","","0","0","0","","0","N","","3","2","0","0","0","0","0","2","0","3","","","","N","","","","","","","","","",""
"2014089194","","0","0","0","0","0","0","0","0","0","6","1","","02","9","2014","4","40.493049","-80.308425","","11","0","0","0","0","0","0","0","0","1","0","1","0","","","1","","2","","40 29:34.977","6","0","80 18:30.330","8","0","0","0","2203","0","0","0","N","0","0","0","2","02203","0","","1.0","","1","N","N","","1","","0","0","0","","0","N","","2","1","0","0","0","1","0","2","0","2","","","","N","","","","","","","","","",""
"2014090819","","0","0","0","0","0","0","0","0","0","4","0","","02","9","2014","3","40.448676","-79.899727","","11","0","0","0","0","0","0","0","0","2","0","0","0","","","0","","2","","40 26:55.234","4","0","79 53:59.017","0","0","0","0","2301","0","0","0","N","0","0","0","2","02301","0","","1.0","","1","N","N","","2","","0","0","0","","3","N","","2","0","0","0","0","0","0","2","0","2","","","","N","","","","","","","","","",""