"CRN","ARRIVAL_TM","AUTOMOBILE_COUNT","BELTED_DEATH_COUNT","BELTED_SUSP_SERIOUS_INJ_COUNT","BICYCLE_COUNT","BICYCLE_DEATH_COUNT","BICYCLE_SUSP_SERIOUS_INJ_COUNT","BUS_COUNT","CHLDPAS_DEATH_COUNT","CHLDPAS_SUSP_SERIOUS_INJ_COUNT","COLLISION_TYPE","COMM_VEH_COUNT","CONS_ZONE_SPD_LIM","COUNTY","CRASH_MONTH","CRASH_YEAR","DAY_OF_WEEK","DEC_LATITUDE","DEC_LONGITUDE","DISPATCH_TM","DISTRICT","DRIVER_COUNT_16YR","DRIVER_COUNT_17YR","DRIVER_COUNT_18YR","DRIVER_COUNT_19YR","DRIVER_COUNT_20YR","DRIVER_COUNT_50_64YR","DRIVER_COUNT_65_74YR","DRIVER_COUNT_75PLUS","EST_HRS_CLOSED","FATAL_COUNT","HEAVY_TRUCK_COUNT","HORSE_BUGGY_COUNT","HOUR_OF_DAY","ILLUMINATION","INJURY_COUNT","INTERSECTION_RELATED","INTERSECT_TYPE","LANE_CLOSED","LATITUDE","LN_CLOSE_DIR","LOCATION_TYPE","LONGITUDE","MAX_SEVERITY_LEVEL","MCYCLE_DEATH_COUNT","MCYCLE_SUSP_SERIOUS_INJ_COUNT","MOTORCYCLE_COUNT","MUNICIPALITY","NONMOTR_COUNT","NONMOTR_DEATH_COUNT","NONMOTR_SUSP_SERIOUS_INJ_COUNT","NTFY_HIWY_MAINT","PED_COUNT","PED_DEATH_COUNT","PED_SUSP_SERIOUS_INJ_COUNT","PERSON_COUNT","POLICE_AGCY","POSSIBLE_INJ_COUNT","RDWY_SURF_TYPE_CD","RELATION_TO_ROAD","ROADWAY_CLEARED","ROAD_CONDITION","SCH_BUS_IND","SCH_ZONE_IND","SECONDARY_CRASH","SMALL_TRUCK_COUNT","SPEC_JURIS_CD","SUSP_MINOR_INJ_COUNT","SUSP_SERIOUS_INJ_COUNT","SUV_COUNT","TCD_FUNC_CD","TCD_TYPE","TFC_DETOUR_IND","TIME_OF_DAY","TOTAL_UNITS","TOT_INJ_COUNT","UNBELTED_OCC_COUNT","UNB_DEATH_COUNT","UNB_SUSP_SERIOUS_INJ_COUNT","UNK_INJ_DEG_COUNT","UNK_INJ_PER_COUNT","URBAN_RURAL","VAN_COUNT","VEHICLE_COUNT","WEATHER1","WEATHER2","WORKERS_PRES","WORK_ZONE_IND","WORK_ZONE_LOC","WORK_ZONE_TYPE","WZ_CLOSE_DETOUR","WZ_FLAGGER","WZ_LAW_OFFCR_IND","WZ_LN_CLOSURE","WZ_MOVING","WZ_OTHER","WZ_SHLDER_MDN","WZ_WORKERS_INJ_KILLED"
"2014091584","","1","0","0","0","0","0","0","0","0","4","0","","02","9","2014","4","40.481793","-79.949788","","11","0","0","0","0","0","2","0","0","1","0","0","0","","","1","","1","","40 28:54.454","7","0","79 56:59.236","4","0","0","1","2301","0","0","0","N","0","0","0","2","02301","1","","1.0","","1","N","N","","0","","0","0","0","","0","Y","","2","1","0","0","0","0","0","2","0","2","","","","N","","","","","","","","","",""
"2014090896","","1","0","0","0","0","0","0","0","0","2","0","","02","9","2014","3","40.398801","-80.096253","","11","0","0","0","0","0","0","0","1","","0","0","0","","","0","","0","","40 23:55.683","","7","80 05:46.510","0","0","0","0","2117","0","0","0","N","0","0","0","2","02117","0","","1.0","","1","N","N","","0","","0","0","0","","0","","","2","0","0","0","0","0","0","2","1","2","","","","N","","","","","","","","","",""
"2014092486","","1","0","0","0","0","0","0","0","0","2","0","","02","9","2014","1","40.50987","-79.956269","","11","0","0","0","0","1","0","0","0","2","0","0","0","","","2","","0","","40 30:35.532","5","0","79 57:22.568","8","0","0","0","2118","0","0","0","N","0","0","0","3","02118","0","","1.0","","1","N","N","","0","","0","0","1","","0","Y","","2","2","1","0","0","2","0","2","0","2","","","","N","","","","","","","","","",""
"2014093119","","2","0","0","0","0","0","0","0","0","1","0","","02","9","2014","3","40.448785","-79.9101","","11","0","0","0","0","0","1","0","0","","0","0","0","","","0","","1","","40 26:55.627","","0","79 54:36.360","0","0","0","0","2301","0","0","0","N","0","0","0","4","02301","0","","1.0","","1","N","N","","0","","0","0","1","","2","","","3","0","0","0","0","0","0","2","0","3","","","","N","","","","","","","","","",""
"2014087703","","1","0","0","0","0","0","0","0","0","1","0","","02","9","2014","7","40.438777","-80.011551","","11","0","0","0","0","0","0","0","0","1","0","0","0","","","0","","0","","40 26:19.597","2","3","80 00:41.584","0","0","0","0","2301","0","0","0","N","0","0","0","4","02301","0","","1.0","","1","N","N","","1","","0","0","0","","0","N","","2","0","0","0","0","0","0","2","0","2","","","","N","","","","","","","","","",""
"2014092409","","1","0","0","0","0","0","0","0","0","5","0","","02","9","2014","7","40.450983","-79.88455","","11","0","0","0","0","0","1","0","0","","0","0","0","","","0","","2","","40 27:03.538","","0","79 53:04.380","9","0","0","0","2301","0","0","0","N","0","0","0","1","02301","0","","4.0","","1","N","N","","0","","0","0","1","","0","","","2","0","0","0","0","0","1","2","0","2","","","","N","","","","","","","","","",""
"2014093185","","1","0","0","0","0","0","0","0","0","4","1","","02","9","2014","4","40.384678","-79.824355","","11","0","0","0","0","0","1","0","0","2","0","1","0","","","0","","1","","40 23:04.839","3","0","79 49:27.678","0","0","0","0","2111","0","0","0","N","0","0","0","2","02111","0","","1.0","","1","N","N","","0","","0","0","0","","2","N","","2","0","0","0","0","0","0","2","0","2","","","","N","","","","","","","","","",""
"2014090886","","1","0","0","0","0","0","0","0","0","4","0","","02","9","2014","3","40.497387","-79.870038","","11","0","0","0","0","0","0","1","0","","0","0","0","","","2","","1","","40 29:50.593","","0","79 52:12.136","8","0","0","0","2112","0","0","0","N","0","0","0","2","02112","0","","1.0","","1","N","N","","1","","0","0","0","","2","","","2","2","0","0","0","2","0","2","0","2","","","","N","","","","","","","","","",""
"2014092488","","0","0","0","0","0","0","0","0","0","7","0","","02","9","2014","1","40.484334","-80.035812","","11","0","0","0","0","0","0","0","0","","0","0","0","","","0","","1","","40 29:03.602","","0","80 02:08.923","9","0","0","0","2301","0","0","0","N","0","0","0","1","02301","0","","5.0","","1","N","N","","0","","0","0","0","","2","","","1","0","0","0","0","0","1","2","1","1","","","","N","","","","","","","","","",""
"2014092553","","3","0","0","0","0","0","0","0","0","4","0","","02","9","2014","1","40.398327","-80.026313","","11","0","1","0","0","0","0","0","0","","0","0","0","","","0","","1","","40 23:53.978","","0","80 01:34.725","0","0","0","0","2301","0","0","0","N","0","0","0","4","02301","0","","1.0","","1","N","N","","0","","0","0","0","","0","","","3","0","0","0","0","0","0","2","0","3","","","","N","","","","","","","","","",""
"2014088448","","2","0","0","0","0","0","0","0","0","5","0","","02","9","2014","2","40.468033","-80.067417","","11","0","0","0","0","0","0","0","0","2","0","0","0","","","0","","0","","40 28:04.918","1","0","80 04:02.701","0","0","0","0","2444","0","0","0","N","0","0","0","1","02444","0","","6.0","","1","N","N","","0","","0","0","0","","0","N","","3","0","0","0","0","0","0","2","1","3","","","","N","","","","","","","","","",""
"2014091040","","1","0","0","0","0","0","0","0","0","7","0","","02","9","2014","7","40.494521","-79.94227","","11","0","0","0","0","0","0","0","0","1","0","0","0","","","0","","0","","40 29:40.276","2","0","79 56:32.171","0","0","0","0","2430","0","0","0","N","0","0","0","1","02430","0","","2.0","","1","N","N","","0","","0","0","0","","0","N","","1","0","0","0","0","0","0","2","0","1","","","","N","","","","","","","","","",""
"2014092348","","1","0","0","0","0","0","0","0","0","1","0","","02","9","2014","4","40.432873","-79.936537","","11","0","0","0","0","0","0","0","0","","0","0","0","","","1","","1","","40 25:58.342","","0","79 56:11.533","4","0","0","0","2301","0","0","0","N","0","0","0","2","02301","1","","1.0","","1","N","N","","0","","0","0","1","","2","","","2","1","0","0","0","0","0","2","0","2","","","","N","","","","","","","","","",""
"2014092411","","1","0","0","0","0","0","0","0","0","4","0","","02","9","2014","7","40.438334","-79.842884","","11","0","0","0","0","0","0","1","0","1","0","0","0","","","0","","2","","40 26:18.004","2","0","79 50:34.384","0","0","0","0","2419","0","0","0","N","0","0","0","2","02419","0","","1.0","","1","N","N","","0","","0","0","1","","3","N","","2","0","0","0","0","0","0","2","0","2","","","","N","","","","","","","","","",""
"2014092425","","3","0","0","0","0","0","0","0","0","1","0","","02","9","2014","7","40.407296","-80.033579","","11","0","0","0","0","1","1","0","0","2","0","0","0","","","1","","1","","40 24:26.264","1","0","80 02:00.884","3","0","0","0","2301","0","0","0","N","0","0","0","5","02301","0","","1.0","","1","N","N","","0","","1","0","0","","2","N","","3","1","1","0","0","0","0","2","0","3","","","","N","","","","","","","","","",""
"2014092492","","2","0","0","0","0","0","0","0","0","1","0","","02","9","2014","7","40.328665","-79.945014","","11","0","0","0","0","0","1","0","0","1","0","0","0","","","1","","0","","40 19:43.194","2","0","79 56:42.050","8","0","0","0","2454","0","0","0","N","0","0","0","2","02454","0","","1.0","","1","N","N","","0","","0","0","0","","2","N","","2","1","0","0","0","1","0","2","0","2","","","","N","","","","","","","","","",""
"2014091734","","1","0","0","0","0","0","0","0","0","7","0","","02","9","2014","5","40.473133","-80.038516","","11","0","0","0","0","0","0","0","0","2","0","0","0","","","0","","0","","40 28:23.279","1","0","80 02:18.659","0","0","0","0","2301","0","0","0","N","0","0","0","3","02301","0","","3.0","","1","N","N","","0","","0","0","0","","0","N","","1","0","0","0","0","0","0","2","0","1","","","","N","","","","","","","","","",""
"2014092555","","0","0","0","0","0","0","0","0","0","7","0","","02","9","2014","7","40.37306","-80.034279","","11","0","0","0","0","0","1","0","0","","0","0","0","","","1","","2","","40 22:23.016","","0","80 02:03.406","4","0","0","0","2109","0","0","0","N","0","0","0","1","02109","1","","2.0","","1","N","N","","0","","0","0","1","","0","","","1","1","0","0","0","0","0","2","0","1","","","","N","","","","","","","","","",""
"2014092283","","1","0","0","0","0","0","0","0","0","1","0","","02","9","2014","7","40.421821","-80.004246","","11","0","0","0","0","0","1","0","0","2","0","0","0","","","2","","0","","40 25:18.554","1","4","80 00:15.285","4","0","0","0","2301","0","0","0","N","0","0","0","3","02301","2","","1.0","","1","N","N","","1","","0","0","0","","0","N","","2","2","0","0","0","0","0","2","0","2","","","","N","","","","","","","","","",""
"2014091589","","2","0","0","0","0","0","0","0","0","1","0","","02","9","2014","4","40.355521","-79.8781","","11","0","0","0","0","0","1","0","0","","0","0","0","","","0","","0","","40 21:19.875","","0","79 52:41.160","0","0","0","0","2423","0","0","0","N","0","0","0","2","02304","0","","5.0","","1","N","N","","0","","0","0","0","","0","","","2","0","0","0","0","0","0","2","0","2","","","","N","","","","","","","","","",""
"2014093188","","2","0","0","0","0","0","0","0","0","6","0","","02","9","2014","7","40.413908","-79.945055","","11","0","0","0","0","0","0","0","0","","0","0","0","","","0","","0","","40 24:50.068","","0","79 56:42.198","9","0","0","0","2301","0","0","0","N","0","0","0","3","02301","0","","6.0","","1","N","N","","0","","0","0","1","","0","","","3","0","3","0","0","0","3","2","0","3","","","","N","","","","","","","","","",""
"2014087709","","0","0","0","0","0","0","0","0","0","7","0","","02","9","2014","7","40.292446","-79.881783","","11","0","0","0","0","0","0","0","0","1","0","0","0","","","0","","0","","40 17:32.804","5","0","79 52:54.418","9","0","0","0","2302","0","0","0","N","0","0","0","1","02302","0","","4.0","","1","N","N","","0","","0","0","1","","0","Y","","1","0","0","0","0","0","1","2","0","1","","","","N","","","","","","","","","",""
"2014088451","","0","0","0","0","0","0","0","0","0","0","0","30","02","9","2014","3","40.615161","-79.946968","","11","0","0","0","0","0","1","0","0","","0","0","0","","","1","","0","","40 36:54.579","","0","79 56:49.083","8","0","0","1","2207","0","0","0","N","0","0","0","1","02207","0","","1.0","","1","N","N","","0","","0","0","0","","7","","","1","1","0","0","0","1","0","2","0","1","","","Y","Y","4","1","","Y","Y","","Y","Y","",""
"2014092427","","2","0","0","0","0","0","0","0","0","4","0","","02","9","2014","7","40.407087","-80.034183","","11","0","0","0","0","0","2","0","0","2","0","0","0","","","0","","1","","40 24:25.512","2","0","80 02:03.059","0","0","0","0","2301","0","0","0","N","0","0","0","3","02301","0","","1.0","","1","N","N","","0","","0","0","0","","2","N","","2","0","0","0","0","0","0","2","0","2","","","","N","","","","","","","","","",""
"2014090902","","2","0","0","0","0","0","0","0","0","1","0","","02","9","2014","3","40.524692","-79.962089","","11","0","0","0","0","0","0","1","1","","0","0","0","","","0","","1","","40 31:28.891","","0","79 57:43.522","0","0","0","0","2118","0","0","0","N","0","0","0","5","02118","0","","1.0","","1","N","N","","1","","0","0","0","","2","","","3","0","0","0","0","0","0","2","0","3","","","","N","","","","","","","","","",""
"2014092494","","2","0","0","0","0","0","0","0","0","4","0","","02","9","2014","5","","","","11","0","0","0","0","0","0","0","0","","0","0","0","","","0","","2","","","","7","","0","0","0","0","2421","0","0","0","N","0","0","0","2","02421","0","","1.0","","1","N","N","","0","","0","0","0","","0","","","2","0","0","0","0","0","0","1","0","2","","","","N","","","","","","","","","",""
"2014087710","","0","0","0","0","0","0","0","0","0","6","0","","02","9","2014","3","40.492484","-80.299097","","11","0","0","0","0","0","1","0","0","","0","0","0","","","0","","0","","40 29:32.942","","0","80 17:56.748","0","0","0","0","2203","0","0","0","N","0","0","0","2","02203","0","","1.0","","1","N","N","","2","","0","0","0","","0","","","2","0","0","0","0","0","0","2","0","2","","","","N","","","","","","","","","",""
"2014092570","","3","0","0","0","0","0","0","0","0","1","0","","02","9","2014","1","40.429267","-79.999168","","11","0","0","0","0","0","0","0","0","1","0","0","0","","","0","","10","","40 25:45.362","1","4","79 59:57.003","0","0","0","0","2301","0","0","0","N","0","0","0","4","02301","0","","1.0","","1","N","N","","0","","0","0","0","","0","N","","3","0","1","0","0","0","0","2","0","3","","","","N","","","","","","","","","",""
"2014091046","","3","0","0","0","0","0","0","0","0","6","0","","02","9","2014","3","40.323959","-79.898822","","11","0","0","0","0","0","0","0","0","2","0","0","0","","","5","","0","","40 19:26.251","5","0","79 53:55.758","3","0","0","0","2473","0","0","0","N","0","0","0","6","02473","2","","1.0","","1","N","N","","1","","3","0","0","","0","Y","","4","5","1","0","0","0","0","2","0","4","","","","N","","","","","","","","","",""
"2014092418","","3","0","0","0","0","0","0","0","0","5","0","","02","9","2014","7","40.392278","-79.912111","","11","0","0","0","0","0","0","0","0","5","0","0","0","","","1","","0","","40 23:32.200","5","0","79 54:43.600","8","0","0","0","2472","0","0","0","N","0","0","0","1","02472","0","","5.0","","1","N","N","","0","","0","0","1","","0","Y","","4","1","0","0","0","1","0","2","0","4","","","","N","","","","","","","","","",""
"2014093206","","2","0","0","0","0","0","0","0","0","4","0","","02","9","2014","3","40.399623","-80.044441","","11","0","0","0","0","0","1","0","0","1","0","0","0","","","0","","0","","40 23:58.641","2","7","80 02:39.986","0","0","0","0","2301","0","0","0","N","0","0","0","2","02301","0","","1.0","","1","N","N","","0","","0","0","0","","0","N","","2","0","0","0","0","0","0","2","0","2","","","","N","","","","","","","","","",""
"2014090908","","1","0","0","0","0","0","0","0","0","1","0","","02","9","2014","3","40.421567","-79.927654","","11","0","0","0","0","0","0","0","0","","0","0","0","","","0","","0","","40 25:17.641","","0","79 55:39.556","0","0","0","0","2301","0","0","0","N","0","0","0","2","02301","0","","1.0","","1","N","N","","0","","0","0","1","","0","","","2","0","0","0","0","0","0","2","0","2","","","","N","","","","","","","","","",""
"2014090971","","0","0","0","0","0","0","0","0","0","8","0","","02","8","2014","2","40.569192","-80.090017","","11","0","0","0","0","0","0","0","0","3","1","0","0","","","0","","0","","40 34:09.090","1","0","80 05:24.062","1","0","0","0","2481","1","1","0","N","1","1","0","2","68B03","0","2","1.0","","1","N","N","","0","0","0","0","0","","0","Y","","2","0","0","0","0","0","0","2","1","1","","","","N","","","","","","","","","",""
"2014093393","","1","0","0","0","0","0","0","0","0","2","0","","02","9","2014","4","40.484624","-79.859286","","11","0","0","0","0","0","0","0","0","3","0","0","0","","","1","","0","","40 29:04.645","5","0","79 51:33.430","8","0","0","0","2113","0","0","0","N","0","0","0","2","02113","0","","1.0","","1","N","N","","0","","0","0","1","","0","Y","","2","1","0","0","0","1","0","2","0","2","","","","N","","","","","","","","","",""
"2014092288","","1","0","0","0","0","0","0","0","0","7","0","","02","9","2014","7","40.46255","-79.983479","","11","0","0","0","0","0","0","0","1","2","0","0","0","","","1","","2","","40 27:45.180","1","0","79 59:00.524","8","0","0","0","2301","0","0","0","N","0","0","0","1","02301","0","","4.0","","1","N","N","","0","","0","0","0","","0","N","","1","1","0","0","0","1","0","2","0","1","","","","N","","","","","","","","","",""
"2014090829","","0","0","0","0","0","0","0","0","0","1","0","","02","9","2014","3","40.424095","-79.988339","","11","0","0","0","0","0","0","0","0","","0","0","0","","","0","","0","","40 25:26.742","","0","79 59:18.020","0","0","0","0","2301","0","0","0","N","0","0","0","2","02301","0","","1.0","","1","N","N","","0","","0","0","1","","0","","","2","0","0","0","0","0","0","2","1","2","","","","N","","","","","","","","","",""
"2014091595","","0","0","0","0","0","0","0","0","0","7","0","","02","9","2014","1","40.463184","-79.968601","","11","0","0","0","0","0","0","0","0","","0","0","0","","","1","","1","","40 27:47.462","","0","79 58:06.963","3","0","0","1","2301","0","0","0","N","0","0","0","1","02301","0","","5.0","","1","N","N","","0","","1","0","0","","0","","","1","1","0","0","0","0","0","2","0","1","","","","N","","","","","","","","","",""
"2014092419","","1","0","0","0","0","0","0","0","0","2","0","","02","9","2014","7","40.379623","-79.925521","","11","0","0","0","0","0","0","1","0","4","0","0","0","","","2","","2","","40 22:46.644","7","0","79 55:31.877","2","0","0","0","2301","0","0","0","N","0","0","0","2","02301","1","","1.0","","1","N","N","","0","","0","1","1","","2","Y","","2","2","0","0","0","0","0","2","0","2","","","","N","","","","","","","","","",""
"2014090972","","0","0","0","0","0","0","0","0","0","7","0","","02","9","2014","7","40.389193","-80.098713","","11","0","0","0","0","0","0","0","0","","0","0","0","","","0","","0","","40 23:21.096","","0","80 05:55.366","9","0","0","0","2102","0","0","0","N","0","0","0","1","68B03","0","","2.0","","1","N","N","","0","","0","0","1","","0","","","1","0","0","0","0","0","1","2","0","1","","","","N","","","","","","","","","",""
"2014091753","","1","0","0","0","0","0","0","0","0","1","0","","02","9","2014","5","40.337239","-79.950112","","11","0","0","0","0","0","1","0","1","","0","0","0","","","2","N","0","","40 20:14.062","","0","79 57:00.403","8","0","0","0","2473","0","0","0","N","0","0","0","3","02454","0","","1.0","","1","N","N","","1","","0","0","0","","2","","","2","2","0","0","0","2","0","2","0","2","","","","N","","","","","","","","","",""
"2014093130","","1","0","0","0","0","0","0","0","0","4","0","","02","9","2014","3","40.456279","-79.97498","","11","0","0","0","0","0","0","0","0","","0","0","0","","","1","","1","","40 27:22.604","","0","79 58:29.928","8","0","0","0","2301","0","0","0","N","0","0","0","2","02301","0","","1.0","","1","N","N","","1","","0","0","0","","2","","","2","1","0","0","0","1","0","2","0","2","","","","N","","","","","","","","","",""
"2014092499","","1","0","0","0","0","0","0","0","0","4","0","","02","9","2014","2","40.470881","-79.927312","","11","0","0","0","0","0","0","0","0","","0","0","0","","","1","","2","","40 28:15.171","","0","79 55:38.323","8","0","0","0","2301","0","0","0","N","0","0","0","2","02301","0","","1.0","","1","N","N","","0","","0","0","1","","0","","","2","1","0","0","0","1","0","2","0","2","","","","N","","","","","","","","","",""
"2014093395","","2","0","0","0","0","0","0","0","0","2","0","","02","9","2014","4","40.399738","-80.044158","","11","0","0","0","0","0","1","0","0","","0","0","0","","","0","","2","","40 23:59.056","","0","80 02:38.970","0","0","0","0","2301","0","0","0","N","0","0","0","3","02301","0","","1.0","","1","N","N","","0","","0","0","0","","0","","","2","0","0","0","0","0","0","2","0","2","","","","N","","","","","","","","","",""
"2014091049","","1","0","0","0","0","0","0","0","0","4","0","","02","9","2014","3","40.633507","-80.003968","","11","0","0","0","0","0","0","0","0","2","0","0","0","","","0","","1","","40 38:00.625","5","0","80 00:14.283","0","0","0","0","2216","0","0","0","N","0","0","0","2","02505","0","","1.0","","1","N","N","","1","","0","0","0","","3","Y","","2","0","0","0","0","0","0","2","0","2","","","","N","","","","","","","","","",""
"2014093131","","1","0","0","0","0","0","0","0","0","2","0","","02","9","2014","3","40.396242","-79.998126","","11","0","0","0","0","0","0","0","0","2","0","0","0","","","1","","1","","40 23:46.470","1","0","79 59:53.254","3","0","0","1","2301","0","0","0","N","0","0","0","2","02301","0","","1.0","","1","N","N","","0","","1","0","0","","2","N","","2","1","1","0","0","0","0","2","0","2","","","","N","","","","","","","","","",""
"2014093397","","2","0","0","0","0","0","0","0","0","1","0","","02","9","2014","3","40.519022","-80.037392","","11","0","0","0","0","0","0","0","1","","0","0","0","","","1","","0","","40 31:08.479","","0","80 02:14.611","4","0","0","0","2474","0","0","0","N","0","0","0","1","02474","1","","6.0","","1","N","N","","0","","0","0","0","","0","","","2","1","0","0","0","0","0","2","0","2","","","","N","","","","","","","","","",""
"2014093132","","0","0","0","0","0","0","0","0","0","7","0","","02","9","2014","3","40.465995","-79.922728","","11","0","0","0","0","0","0","0","1","2","0","0","0","","","0","","1","","40 27:57.582","3","0","79 55:21.820","0","0","0","0","2301","0","0","0","N","0","0","0","1","02301","0","","3.0","","1","N","Y","","0","","0","0","0","","2","Y","","1","0","0","0","0","0","0","2","1","1","","","","N","","","","","","","","","",""
"2014092434","","2","0","0","0","0","0","0","0","0","4","0","","02","9","2014","7","40.449793","-79.950765","","11","0","0","1","0","0","0","0","0","","0","0","0","","","1","","10","","40 26:59.254","","7","79 57:02.754","4","0","0","0","2301","0","0","0","N","0","0","0","4","02506","1","","4.0","","1","N","N","","0","","0","0","0","","0","","","2","1","1","0","0","0","1","2","0","2","","","","N","","","","","","","","","",""
"2014090913","","1","0","0","0","0","0","0","0","0","7","0","","02","9","2014","2","40.338267","-79.953146","","11","0","0","0","0","0","0","0","0","","0","0","0","","","0","","0","","40 20:17.762","","7","79 57:11.326","0","0","0","0","2473","0","0","0","N","0","0","0","2","02454","0","","5.0","","1","N","N","","0","","0","0","0","","0","","","1","0","1","0","0","0","0","2","0","1","","","","N","","","","","","","","","",""
"2014093398","","2","0","0","0","0","0","0","0","0","6","0","","02","9","2014","3","40.42364","-79.891471","","11","0","0","0","0","0","0","1","0","","0","0","0","","","2","","1","","40 25:25.104","","0","79 53:29.295","4","0","0","0","2463","0","0","0","N","0","0","0","2","02463","2","","1.0","","1","N","N","","0","","0","0","0","","2","","","2","2","0","0","0","0","0","2","0","2","","","","N","","","","","","","","","",""
"2014091821","","2","0","0","0","0","0","0","0","0","1","0","","02","7","2014","1","40.429154","-79.941263","","11","0","0","0","0","0","0","0","0","","0","0","0","","","0","","0","","40 25:44.955","","0","79 56:28.545","0","0","0","0","2301","0","0","0","N","0","0","0","2","68B03","0","","1.0","","1","N","N","","0","","0","0","0","","0","","","2","0","1","0","0","0","0","2","0","2","","","","N","","","","","","","","","",""
"2014092502","","1","0","0","0","0","0","0","0","0","1","0","","02","9","2014","1","40.416029","-80.030001","","11","0","0","0","0","0","0","0","0","2","0","0","0","","","1","","1","","40 24:57.705","2","0","80 01:48.002","8","0","0","0","2301","0","0","0","N","0","0","0","2","02301","0","","1.0","","1","N","N","","0","","0","0","1","","2","N","","2","1","1","0","0","1","0","2","0","2","","","","N","","","","","","","","","",""
"2014092647","","1","0","0","0","0","0","0","0","0","4","0","","02","9","2014","1","40.401967","-80.000684","","11","0","0","0","0","0","1","0","0","2","0","0","0","","","2","","1","","40 24:07.080","2","0","80 00:02.464","4","0","0","0","2301","0","0","0","N","0","0","0","8","02301","2","","1.0","","1","N","N","","0","","0","0","0","","1","N","","2","2","0","0","0","0","0","2","1","2","","","","N","","","","","","","","","",""
"2014092790","","1","0","0","0","0","0","0","0","0","1","0","","02","9","2014","5","40.532719","-80.035844","","11","0","0","0","0","0","0","0","1","","0","0","0","","","1","","0","","40 31:57.787","","0","80 02:09.037","4","0","0","0","2116","0","0","0","N","0","0","0","2","02116","1","","1.0","","1","N","N","","1","","0","0","0","","0","","","2","1","0","0","0","0","0","2","0","2","","","","N","","","","","","","","","",""
"2014092436","","1","0","0","0","0","0","0","0","0","7","0","40","02","9","2014","1","40.291772","-79.914876","","11","0","0","1","0","0","0","0","0","","0","0","0","","","1","","0","","40 17:30.380","","0","79 54:53.552","4","0","0","0","2440","0","0","0","Y","0","0","0","4","02440","1","","3.0","","1","N","N","","0","","0","0","0","","0","","","1","1","0","0","0","0","0","2","0","1","","","N","Y","3","1","","","N","Y","","","",""
"2014091745","","0","0","0","0","0","0","0","0","0","8","0","","02","9","2014","4","40.421924","-79.890408","","11","0","0","0","0","0","1","0","0","","0","0","0","","","2","","1","","40 25:18.926","","0","79 53:25.468","8","0","0","0","2463","1","0","0","","1","0","0","2","02463","0","","1.0","","1","","","","0","","0","0","0","","2","","","2","2","0","0","0","2","0","2","1","1","","","","N","","","","","","","","","",""
"2014092578","","2","0","0","0","0","0","0","0","0","5","0","","02","9","2014","1","40.518213","-80.026833","","11","0","0","0","0","0","0","1","0","1","0","0","0","","","1","","0","","40 31:05.566","5","0","80 01:36.599","4","0","0","0","2474","0","0","0","N","0","0","0","2","02474","1","","5.0","","1","N","N","","0","","0","0","1","","0","Y","","3","1","0","0","0","0","0","2","0","3","","","","N","","","","","","","","","",""
"2014093276","","2","0","0","0","0","0","0","0","0","4","0","","02","9","2014","3","40.457576","-79.904235","","11","0","0","0","0","0","0","0","0","","0","0","0","","","0","","1","","40 27:27.274","","0","79 54:15.247","0","0","0","0","2301","0","0","0","N","0","0","0","2","02301","0","","1.0","","1","N","N","","0","","0","0","0","","2","","","2","0","0","0","0","0","0","2","0","2","","","","N","","","","","","","","","",""
"2014091759","","3","0","0","0","0","0","0","0","0","1","0","","02","9","2014","5","40.492115","-79.785718","","11","0","0","1","0","0","2","0","0","","0","0","0","","","1","","0","","40 29:31.614","","0","79 47:08.586","4","0","0","0","2113","0","0","0","N","0","0","0","4","02113","1","","1.0","","1","N","N","","0","","0","0","0","","0","","","3","1","0","0","0","0","0","2","0","3","","","","N","","","","","","","","","",""
"2014091055","","1","0","0","0","0","0","0","0","0","99","0","","02","9","2014","3","40.323407","-79.943269","","11","0","0","0","0","0","1","0","0","1","0","0","0","","","0","","0","","40 19:24.264","2","0","79 56:35.770","0","0","0","0","2473","0","0","0","N","0","0","0","1","02454","0","","1.0","","1","N","N","","0","","0","0","0","","0","N","","1","0","0","0","0","0","0","2","0","1","","","","N","","","","","","","","","",""
"2014090837","","1","0","0","0","0","0","0","0","0","7","0","","02","9","2014","7","40.419569","-79.998388","","11","0","0","0","1","0","0","0","0","","0","0","0","","","0","","2","","40 25:10.448","","0","79 59:54.196","9","0","0","0","2301","0","0","0","N","0","0","0","3","02301","0","","5.0","","1","N","N","","0","","0","0","0","","0","","","1","0","1","0","0","0","1","2","0","1","","","","N","","","","","","","","","",""
"2014092505","","1","0","0","0","0","0","0","0","0","7","0","","02","9","2014","7","40.531836","-79.978945","","11","0","0","0","1","0","0","0","0","2","0","0","0","","","2","","0","","40 31:54.609","6","0","79 58:44.202","4","0","0","0","2118","0","0","0","N","0","0","0","2","02118","1","","5.0","","1","N","N","","0","","0","0","0","","0","Y","","1","2","0","0","0","1","0","2","0","1","","","","N","","","","","","","","","",""
"2014092583","","1","0","0","0","0","0","0","0","0","5","0","","02","9","2014","1","","","","11","0","0","1","0","0","0","0","0","1","0","0","0","","","0","","0","","","1","0","","0","0","0","0","2118","0","0","0","N","0","0","0","5","02118","0","","1.0","","1","N","N","","0","","0","0","1","","0","N","","2","0","0","0","0","0","0","1","0","2","","","","N","","","","","","","","","",""
"2014090838","","0","0","0","0","0","0","0","0","0","1","0","","02","9","2014","3","40.400653","-79.766684","","11","0","0","0","0","0","1","0","0","1","0","0","0","","","0","","0","","40 24:02.352","1","0","79 46:00.064","0","0","0","0","2446","0","0","0","N","0","0","0","2","02446","0","","1.0","","1","N","N","","2","","0","0","0","","0","N","","2","0","0","0","0","0","0","2","0","2","","","","N","","","","","","","","","",""