"CRN","ARRIVAL_TM","AUTOMOBILE_COUNT","BELTED_DEATH_COUNT","BELTED_SUSP_SERIOUS_INJ_COUNT","BICYCLE_COUNT","BICYCLE_DEATH_COUNT","BICYCLE_SUSP_SERIOUS_INJ_COUNT","BUS_COUNT","CHLDPAS_DEATH_COUNT","CHLDPAS_SUSP_SERIOUS_INJ_COUNT","COLLISION_TYPE","COMM_VEH_COUNT","CONS_ZONE_SPD_LIM","COUNTY","CRASH_MONTH","CRASH_YEAR","DAY_OF_WEEK","DEC_LATITUDE","DEC_LONGITUDE","DISPATCH_TM","DISTRICT","DRIVER_COUNT_16YR","DRIVER_COUNT_17YR","DRIVER_COUNT_18YR","DRIVER_COUNT_19YR","DRIVER_COUNT_20YR","DRIVER_COUNT_50_64YR","DRIVER_COUNT_65_74YR","DRIVER_COUNT_75PLUS","EST_HRS_CLOSED","FATAL_COUNT","HEAVY_TRUCK_COUNT","HORSE_BUGGY_COUNT","HOUR_OF_DAY","ILLUMINATION","INJURY_COUNT","INTERSECTION_RELATED","INTERSECT_TYPE","LANE_CLOSED","LATITUDE","LN_CLOSE_DIR","LOCATION_TYPE","LONGITUDE","MAX_SEVERITY_LEVEL","MCYCLE_DEATH_COUNT","MCYCLE_SUSP_SERIOUS_INJ_COUNT","MOTORCYCLE_COUNT","MUNICIPALITY","NONMOTR_COUNT","NONMOTR_DEATH_COUNT","NONMOTR_SUSP_SERIOUS_INJ_COUNT","NTFY_HIWY_MAINT","PED_COUNT","PED_DEATH_COUNT","PED_SUSP_SERIOUS_INJ_COUNT","PERSON_COUNT","POLICE_AGCY","POSSIBLE_INJ_COUNT","RDWY_SURF_TYPE_CD","RELATION_TO_ROAD","ROADWAY_CLEARED","ROAD_CONDITION","SCH_BUS_IND","SCH_ZONE_IND","SECONDARY_CRASH","SMALL_TRUCK_COUNT","SPEC_JURIS_CD","SUSP_MINOR_INJ_COUNT","SUSP_SERIOUS_INJ_COUNT","SUV_COUNT","TCD_FUNC_CD","TCD_TYPE","TFC_DETOUR_IND","TIME_OF_DAY","TOTAL_UNITS","TOT_INJ_COUNT","UNBELTED_OCC_COUNT","UNB_DEATH_COUNT","UNB_SUSP_SERIOUS_INJ_COUNT","UNK_INJ_DEG_COUNT","UNK_INJ_PER_COUNT","URBAN_RURAL","VAN_COUNT","VEHICLE_COUNT","WEATHER1","WEATHER2","WORKERS_PRES","WORK_ZONE_IND","WORK_ZONE_LOC","WORK_ZONE_TYPE","WZ_CLOSE_DETOUR","WZ_FLAGGER","WZ_LAW_OFFCR_IND","WZ_LN_CLOSURE","WZ_MOVING","WZ_OTHER","WZ_SHLDER_MDN","WZ_WORKERS_INJ_KILLED"
"2014093319","","1","0","0","0","0","0","0","0","0","4","0","","02","9","2014","2","40.601674","-79.833818","","11","0","0","0","0","0","0","0","0","2","0","0","0","","","0","","0","","40 36:06.026","6","0","79 50:01.744","9","0","0","0","2220","0","0","0","N","0","0","0","1","02220","0","","1.0","","1","N","N","","0","","0","0","1","","0","N","","3","0","0","0","0","0","1","2","1","3","","","","N","","","","","","","","","",""
"2014091264","","4","0","0","0","0","0","0","0","0","1","0","","02","9","2014","3","40.429267","-79.999168","","11","0","0","0","1","0","0","0","0","1","0","0","0","","","0","","10","","40 25:45.362","1","4","79 59:57.003","0","0","0","0","2301","0","0","0","N","0","0","0","6","02301","0","","1.0","","1","N","N","","1","","0","0","0","","0","N","","5","0","0","0","0","0","0","2","0","5","","","","N","","","","","","","","","",""
"2014092873","","1","0","0","0","0","0","0","0","0","1","0","","02","9","2014","5","40.528013","-80.185819","","11","0","0","0","0","1","1","0","0","2","0","0","0","","","0","","0","","40 31:40.846","1","0","80 11:08.947","0","0","0","0","2213","0","0","0","N","0","0","0","2","02213","0","","1.0","","1","N","N","","0","","0","0","1","","0","N","","2","0","0","0","0","0","0","2","0","2","","","","N","","","","","","","","","",""
"2014093320","","0","0","0","0","0","0","0","0","0","7","0","","02","9","2014","4","40.476119","-80.034385","","11","0","0","0","0","0","0","0","0","","0","0","0","","","0","","2","","40 28:34.028","","0","80 02:03.786","0","0","0","0","2301","0","0","0","N","0","0","0","0","02301","0","","5.0","","1","N","N","","0","","0","0","1","","0","","","1","0","0","0","0","0","0","2","0","1","","","","N","","","","","","","","","",""
"2014092859","","2","0","0","0","0","0","0","0","0","4","0","","02","9","2014","2","40.526013","-79.842703","","11","0","0","0","0","0","1","0","0","","0","0","0","","","0","","1","","40 31:33.645","","0","79 50:33.731","0","0","0","0","2451","0","0","0","N","0","0","0","2","02451","0","","1.0","","1","N","N","","0","","0","0","0","","3","","","2","0","0","0","0","0","0","2","0","2","","","","N","","","","","","","","","",""
"2014092861","","1","0","0","0","0","0","0","0","0","5","1","","02","9","2014","2","40.44029","-79.960626","","11","0","0","0","0","0","1","1","0","1","0","1","0","","","0","","0","","40 26:25.044","4","0","79 57:38.253","0","0","0","0","2301","0","0","0","N","0","0","0","4","02301","0","","1.0","","1","N","N","","0","","0","0","1","","0","Y","","3","0","0","0","0","0","0","2","0","3","","","","N","","","","","","","","","",""
"2014092258","","1","0","0","0","0","0","1","0","0","4","1","","02","9","2014","5","40.346085","-79.973388","","11","0","0","0","0","0","2","0","0","","0","0","0","","","1","","0","","40 20:45.907","","7","79 58:24.196","3","0","0","0","2403","0","0","0","N","0","0","0","3","02503","0","","1.0","","1","N","N","","0","","1","0","0","","0","","","2","1","1","0","0","0","0","2","0","2","","","","N","","","","","","","","","",""
"2014077771","","1","0","0","0","0","0","0","0","0","4","0","","02","8","2014","1","40.55113","-79.899847","","11","0","0","0","0","0","1","0","0","","0","0","0","","","1","","2","","40 33:04.067","","0","79 53:59.450","4","0","0","0","2209","0","0","0","N","0","0","0","5","02209","1","","1.0","","1","N","N","","0","","0","0","1","","3","","","2","1","1","0","0","0","0","2","0","2","","","","N","","","","","","","","","",""
"2014077785","","1","0","0","0","0","0","0","0","0","7","0","","02","7","2014","3","40.616758","-79.833772","","11","0","0","0","0","0","0","0","0","","0","0","0","","","0","","2","","40 37:00.329","","0","79 50:01.580","0","0","0","0","2220","0","0","0","N","0","0","0","1","02220","0","","5.0","","1","N","N","","0","","0","0","0","","3","","","1","0","0","0","0","0","0","2","0","1","","","","N","","","","","","","","","",""
"2014091903","","0","0","0","0","0","0","0","0","0","7","0","","02","9","2014","5","40.456689","-79.811525","","11","1","0","0","0","0","0","0","0","3","0","0","0","","","1","","0","","40 27:24.080","1","0","79 48:41.490","8","0","0","0","2113","0","0","0","N","0","0","0","2","02113","0","","5.0","","1","N","N","","0","","0","0","1","","0","Y","","1","1","0","0","0","1","0","2","0","1","","","","N","","","","","","","","","",""
"2014090652","","0","0","0","0","0","0","0","0","0","4","0","","02","9","2014","5","40.644725","-79.938231","","11","0","0","0","0","0","1","0","0","1","0","0","0","","","0","","2","","40 38:41.009","4","0","79 56:17.631","0","0","0","0","2217","0","0","0","N","0","0","0","3","02505","0","","1.0","","1","N","N","","0","","0","0","1","","2","N","","2","0","0","0","0","0","0","2","1","2","","","","N","","","","","","","","","",""
"2014090422","","2","0","0","0","0","0","0","0","0","4","0","","02","9","2014","7","40.433991","-79.753167","","11","0","0","0","1","0","0","1","0","1","0","0","0","","","0","","0","","40 26:02.366","4","0","79 45:11.401","9","0","0","0","2446","0","0","0","N","0","0","0","2","02446","0","","1.0","","1","N","N","","0","","0","0","0","","0","N","","2","0","0","0","0","0","1","2","0","2","","","","N","","","","","","","","","",""
"2014091905","","1","0","0","0","0","0","0","0","0","1","0","","02","9","2014","5","40.478712","-80.042848","","11","0","0","0","0","0","0","0","0","1","0","0","0","","","1","","0","","40 28:43.362","1","0","80 02:34.253","4","0","0","0","2301","0","0","0","N","0","0","0","3","02301","1","","1.0","","1","N","N","","0","","0","0","1","","0","N","","2","1","0","0","0","0","0","2","0","2","","","","N","","","","","","","","","",""
"2014091274","","2","0","0","0","0","0","0","0","0","2","0","","02","9","2014","3","40.360302","-79.845492","","11","0","0","1","0","0","0","0","0","2","0","0","0","","","0","","0","","40 21:37.088","2","2","79 50:43.771","9","0","0","0","2303","0","0","0","N","0","0","0","2","02303","0","","1.0","","1","N","N","","0","","0","0","0","","0","Y","","2","0","1","0","0","0","1","2","0","2","","","","N","","","","","","","","","",""
"2014090511","","1","0","0","0","0","0","0","0","0","4","0","","02","9","2014","2","40.448933","-80.000739","","11","0","0","0","0","0","1","0","0","2","0","0","0","","","1","","1","","40 26:56.157","2","0","80 00:02.660","8","0","0","0","2301","0","0","0","N","0","0","0","2","02301","0","","1.0","","1","N","N","","1","","0","0","0","","2","N","","2","1","0","0","0","1","0","2","0","2","","","","N","","","","","","","","","",""
"2014090642","","1","0","0","0","0","0","0","0","0","4","0","","02","9","2014","2","40.514168","-79.879115","","11","1","0","0","0","0","0","0","0","","0","0","0","","","1","","1","","40 30:51.004","","0","79 52:44.814","4","0","0","0","2432","0","0","0","N","0","0","0","2","02432","1","","1.0","","1","N","N","","0","","0","0","1","","2","","","2","1","1","0","0","0","0","2","0","2","","","","N","","","","","","","","","",""
"2014092812","","0","0","0","0","0","0","0","0","0","7","0","","02","9","2014","6","40.560944","-79.905117","","11","0","0","0","0","0","1","0","0","","0","0","0","","","1","","0","","40 33:39.400","","0","79 54:18.420","4","0","0","1","2209","0","0","0","N","0","0","0","1","02209","1","","2.0","","1","N","N","","0","","0","0","0","","0","","","1","1","0","0","0","0","0","2","0","1","","","","N","","","","","","","","","",""
"2014090425","","1","0","0","0","0","0","0","0","0","8","0","","02","9","2014","2","","","","11","0","0","0","0","0","0","0","1","1","0","0","0","","","1","","0","","","5","7","","3","0","0","0","2446","1","0","0","N","1","0","0","2","02446","0","","1.0","","1","N","N","","0","","1","0","0","","3","N","","2","1","0","0","0","0","0","1","0","1","","","","N","","","","","","","","","",""
"2014091974","","1","0","0","0","0","0","0","0","0","7","0","","02","9","2014","6","40.450839","-80.027483","","11","0","0","0","0","0","0","0","0","1","0","0","0","","","0","","0","","40 27:03.019","1","0","80 01:38.940","0","0","0","0","2301","0","0","0","N","0","0","0","1","02301","0","","2.0","","1","N","N","","0","","0","0","0","","0","N","","1","0","0","0","0","0","0","2","0","1","","","","N","","","","","","","","","",""
"2014090645","","2","0","0","0","0","0","0","0","0","1","0","","02","9","2014","5","40.508274","-79.946101","","11","0","1","0","0","0","1","0","0","1","0","0","0","","","1","","2","","40 30:29.786","1","0","79 56:45.963","8","0","0","0","2118","0","0","0","N","0","0","0","3","02118","0","","1.0","","1","N","N","","1","","0","0","0","","0","N","","3","1","0","0","0","1","1","2","0","3","","","","N","","","","","","","","","",""
"2014092669","","1","0","0","0","0","0","0","0","0","1","0","","02","7","2014","2","40.429171","-79.956584","","11","0","0","0","0","0","0","1","0","","0","0","0","","","1","","0","","40 25:45.017","","2","79 57:23.701","4","0","0","0","2301","0","0","0","N","0","0","0","2","68B03","1","","1.0","","1","N","N","","0","","0","0","1","","4","","","2","1","0","0","0","0","0","2","0","2","","","","N","","","","","","","","","",""
"2014092670","","1","0","0","0","0","0","0","0","0","1","0","","02","9","2014","5","40.440294","-79.859928","","11","0","0","0","0","0","0","0","0","","0","0","0","","","0","","0","","40 26:25.057","","0","79 51:35.739","0","0","0","0","2419","0","0","0","N","0","0","0","2","68B03","0","","1.0","","1","N","N","","0","","0","0","0","","0","","","2","0","0","0","0","0","0","2","1","2","","","","N","","","","","","","","","",""
"2014092671","","0","0","0","0","0","0","0","0","0","0","1","","02","9","2014","5","40.583859","-80.102797","","11","0","0","0","0","0","0","0","0","","0","1","0","","","0","","0","","40 35:01.894","","0","80 06:10.069","0","0","0","0","2481","0","0","0","N","0","0","0","1","68B03","0","","1.0","","1","N","N","","0","","0","0","0","","0","","","1","0","0","0","0","0","0","2","0","1","","","","N","","","","","","","","","",""
"2014092672","","1","0","0","0","0","0","0","0","0","1","0","45","02","9","2014","1","40.41669","-80.086099","","11","0","0","1","0","0","0","0","0","1","0","0","0","","","0","","0","","40 25:00.085","3","0","80 05:09.955","0","0","0","0","2457","0","0","0","N","0","0","0","3","68B03","0","","1.0","","1","N","N","","0","","0","0","1","","2","Y","","2","0","0","0","0","0","0","2","0","2","","","N","Y","2","1","N","N","N","N","N","N","Y",""
"2014092819","","1","0","0","0","0","0","0","0","0","5","1","","02","9","2014","2","40.471453","-79.959762","","11","0","0","0","0","0","0","0","0","1","0","1","0","","","0","","2","","40 28:17.230","3","0","79 57:35.142","0","0","0","0","2301","0","0","0","N","0","0","0","1","02301","0","","1.0","","1","N","N","","0","","0","0","0","","2","Y","","2","0","0","0","0","0","0","2","0","2","","","","N","","","","","","","","","",""
"2014091082","","1","0","0","0","0","0","0","0","0","7","0","","02","9","2014","3","40.435097","-79.973067","","11","0","0","0","0","0","0","0","0","2","1","0","0","","","0","","0","","40 26:06.349","1","3","79 58:23.042","1","0","0","0","2301","0","0","0","N","0","0","0","1","02301","0","1","3.0","","9","N","N","","0","0","0","0","0","","0","Y","","1","0","1","1","0","0","0","2","0","1","","","","N","","","","","","","","","",""
"2014092673","","1","0","0","0","0","0","0","0","0","0","0","","02","9","2014","1","40.442783","-79.811142","","11","0","0","0","1","0","0","0","0","2","0","0","0","","","1","","0","","40 26:34.019","4","0","79 48:40.112","8","0","0","0","2113","0","0","0","N","0","0","0","1","68B03","0","","1.0","","1","N","N","","0","","0","0","0","","0","N","","1","1","0","0","0","1","0","2","0","1","","","","N","","","","","","","","","",""
"2014092130","","2","0","0","0","0","0","0","0","0","1","0","","02","9","2014","7","40.466845","-79.978089","","11","0","0","0","0","0","0","0","0","2","0","0","0","","","0","","0","","40 28:00.642","2","0","79 58:41.122","0","0","0","0","2301","0","0","0","N","0","0","0","1","02301","0","","1.0","","1","N","N","","0","","0","0","0","","0","N","","2","0","0","0","0","0","0","2","0","2","","","","N","","","","","","","","","",""
"2014092674","","0","0","0","0","0","0","0","0","0","1","0","","02","9","2014","1","40.522635","-80.067229","","11","0","0","0","0","0","2","0","0","2","0","0","0","","","4","","0","","40 31:21.485","1","0","80 04:02.024","4","0","0","0","2215","0","0","0","N","0","0","0","7","68B03","1","","1.0","","1","N","N","","1","","0","0","2","","0","N","","3","4","0","0","0","3","0","2","0","3","","","","N","","","","","","","","","",""
"2014092675","","1","0","0","0","0","0","0","0","0","1","0","","02","9","2014","1","40.425758","-79.911624","","11","0","0","0","0","1","0","1","0","1","0","0","0","","","0","","0","","40 25:32.728","3","4","79 54:41.845","0","0","0","0","2301","0","0","0","N","0","0","0","4","68B03","0","","1.0","","1","N","N","","0","","0","0","2","","0","N","","3","0","0","0","0","0","0","2","0","3","","","","N","","","","","","","","","",""
"2014092133","","2","0","0","0","0","0","0","0","0","6","0","","02","9","2014","7","40.444202","-80.028173","","11","0","0","0","0","0","0","0","0","","0","0","0","","","1","","5","","40 26:39.126","","0","80 01:41.424","8","0","0","0","2301","0","0","0","N","0","0","0","2","02301","0","","1.0","","1","N","N","","0","","0","0","0","","2","","","2","1","1","0","0","1","0","2","0","2","","","","N","","","","","","","","","",""
"2014092676","","1","0","0","0","0","0","0","0","0","1","0","","02","9","2014","1","40.425758","-79.911624","","11","0","0","0","0","0","0","0","0","1","0","0","0","","","4","","0","","40 25:32.728","3","4","79 54:41.845","8","0","0","0","2301","0","0","0","N","0","0","0","9","68B03","0","","1.0","","1","N","N","","1","","0","0","1","","0","N","","3","4","0","0","0","4","0","2","0","3","","","","N","","","","","","","","","",""
"2014091086","","0","0","0","0","0","0","0","0","0","4","0","","02","9","2014","4","40.50526","-80.028459","","11","0","0","0","0","0","0","0","0","2","0","0","0","","","0","","2","","40 30:18.935","2","0","80 01:42.451","0","0","0","0","2116","0","0","0","N","0","0","0","2","02116","0","","1.0","","1","N","N","","1","","0","0","1","","3","N","","2","0","0","0","0","0","0","2","0","2","","","","N","","","","","","","","","",""
"2014092677","","2","0","0","0","0","0","0","0","0","1","0","","02","9","2014","2","40.408013","-80.107555","","11","0","0","0","0","0","1","0","0","","0","0","0","","","0","","0","","40 24:28.845","","0","80 06:27.197","0","0","0","0","2102","0","0","0","N","0","0","0","2","68B03","0","","1.0","","1","N","N","","0","","0","0","0","","0","","","2","0","0","0","0","0","0","2","0","2","","","","N","","","","","","","","","",""
"2014091984","","1","0","0","0","0","0","0","0","0","1","0","","02","9","2014","6","40.424817","-80.030723","","11","0","0","0","0","0","1","0","0","","0","0","0","","","0","","6","","40 25:29.341","","2","80 01:50.602","0","0","0","0","2301","0","0","0","N","0","0","0","3","02301","0","","1.0","","1","N","N","","0","","0","0","0","","4","","","2","0","0","0","0","0","0","2","1","2","","","","N","","","","","","","","","",""
"2014091855","","1","0","0","0","0","0","0","0","0","7","0","","02","9","2014","5","40.390814","-79.949815","","11","0","0","0","0","0","0","0","0","2","0","0","0","","","1","","0","","40 23:26.930","6","0","79 56:59.333","8","0","0","0","2403","0","0","0","N","0","0","0","1","02403","0","","2.0","","1","N","N","","0","","0","0","0","","0","N","","1","1","0","0","0","1","0","2","0","1","","","","N","","","","","","","","","",""
"2014092678","","0","0","0","0","0","0","0","0","0","1","0","","02","9","2014","6","40.434842","-79.99752","","11","0","0","0","0","0","0","0","0","","0","0","0","","","0","","6","","40 26:05.430","","2","79 59:51.071","0","0","0","0","2301","0","0","0","N","0","0","0","2","68B03","0","","1.0","","1","N","N","","0","","0","0","2","","0","","","2","0","0","0","0","0","0","2","0","2","","","","N","","","","","","","","","",""
"2014092137","","2","0","0","0","0","0","0","0","0","2","0","","02","9","2014","7","40.435923","-79.980076","","11","0","0","0","0","0","1","0","0","2","0","0","0","","","3","","0","","40 26:09.324","3","0","79 58:48.272","3","0","0","0","2301","0","0","0","N","0","0","0","3","02301","2","","1.0","","1","N","N","","0","","1","0","0","","0","N","","2","3","0","0","0","0","0","2","0","2","","","","N","","","","","","","","","",""
"2014092679","","3","0","0","0","0","0","0","0","0","1","0","45","02","9","2014","7","40.411722","-80.068346","","11","0","0","0","0","0","0","0","0","1","0","1","0","","","0","","0","","40 24:42.200","4","0","80 04:06.046","0","0","0","0","2435","0","0","0","N","0","0","0","4","68B03","0","","1.0","","1","N","N","","0","","0","0","0","","0","N","","4","0","0","0","0","0","0","2","0","4","","","Y","Y","4","1","N","N","Y","Y","N","N","Y",""
"2014090529","","1","0","1","0","0","0","0","0","0","7","0","","02","9","2014","7","40.550231","-80.004456","","11","0","0","0","0","0","0","1","0","","0","0","0","","","1","","0","","40 33:00.830","","0","80 00:16.040","2","0","0","0","2116","0","0","0","N","0","0","0","3","02116","0","","1.0","","1","N","N","","0","","0","1","0","","0","","","1","1","0","0","0","0","0","2","0","1","","","","N","","","","","","","","","",""
"2014092138","","1","0","0","0","0","0","0","0","0","7","0","","02","9","2014","6","40.276378","-79.878283","","11","0","0","0","0","0","0","0","0","3","0","0","0","","","1","","2","","40 16:34.961","1","0","79 52:41.819","8","0","0","0","2105","0","0","0","Y","0","0","0","1","02105","0","","4.0","","1","N","N","","0","","0","0","0","","0","N","","1","1","0","0","0","1","0","2","0","1","","","","N","","","","","","","","","",""
"2014092680","","3","0","0","0","0","0","0","0","0","1","0","","02","9","2014","7","40.441213","-79.858538","","11","0","0","0","0","0","1","1","0","2","0","0","0","","","2","","0","","40 26:28.366","4","0","79 51:30.736","8","0","0","0","2419","0","0","0","N","0","0","0","6","68B03","0","","1.0","","1","N","N","","0","","0","0","1","","0","N","","4","2","0","0","0","2","0","2","0","4","","","","N","","","","","","","","","",""
"2014091924","","3","0","0","0","0","0","0","0","0","6","0","","02","9","2014","6","40.341467","-79.840198","","11","0","0","0","0","0","0","0","0","","0","0","0","","","0","","0","","40 20:29.281","","0","79 50:24.712","0","0","0","0","2304","0","0","0","N","0","0","0","2","02304","0","","1.0","","1","N","N","","0","","0","0","2","","0","","","5","0","2","0","0","0","0","2","0","5","","","","N","","","","","","","","","",""
"2014092741","","1","0","0","0","0","0","0","0","0","7","0","","02","9","2014","3","40.607569","-79.944609","","11","0","0","0","0","0","0","0","0","","0","0","0","","","1","","0","","40 36:27.248","","2","79 56:40.591","4","0","0","0","2207","0","0","0","N","0","0","0","1","68T02","1","","3.0","","1","N","N","","0","","0","0","0","","0","","","1","1","0","0","0","0","0","2","0","1","","","","N","","","","","","","","","",""
"2014091859","","1","0","0","0","0","0","0","0","0","1","0","","02","9","2014","2","40.378132","-79.776923","","11","0","0","0","1","0","1","0","0","2","0","0","0","","","2","","0","","40 22:41.276","5","0","79 46:36.923","4","0","0","0","2111","0","0","0","N","0","0","0","3","02111","2","","1.0","","1","N","N","","1","","0","0","1","","0","N","","3","2","0","0","0","0","0","2","0","3","","","","N","","","","","","","","","",""
"2014092681","","0","0","0","0","0","0","0","0","0","7","0","","02","9","2014","1","40.484351","-80.008327","","11","0","0","0","0","0","0","0","1","","0","0","0","","","0","","0","","40 29:03.665","","0","80 00:29.976","0","0","0","0","2301","0","0","0","N","0","0","0","1","68B03","0","","3.0","","1","N","N","","0","","0","0","1","","0","","","1","0","0","0","0","0","0","2","0","1","","","","N","","","","","","","","","",""
"2014092682","","2","0","0","0","0","0","0","0","0","1","0","","02","9","2014","1","40.448481","-80.007662","","11","0","0","0","0","0","0","0","0","1","0","0","0","","","0","","0","","40 26:54.532","2","0","80 00:27.583","0","0","0","0","2301","0","0","0","N","0","0","0","7","68B03","0","","1.0","","1","N","N","","1","","0","0","0","","0","N","","3","0","0","0","0","0","0","2","0","3","","","","N","","","","","","","","","",""
"2014092831","","0","0","0","0","0","0","0","0","0","8","0","","02","9","2014","5","40.387246","-79.911773","","11","0","0","0","0","0","1","0","0","1","0","0","0","","","1","","2","","40 23:14.085","5","0","79 54:42.382","8","0","0","0","2448","1","0","0","N","1","0","0","2","02448","0","","1.0","","1","N","N","","0","","0","0","0","","3","Y","","2","1","0","0","0","1","0","2","1","1","","","","N","","","","","","","","","",""
"2014090674","","0","0","0","0","0","0","0","0","0","1","1","","02","9","2014","1","40.477149","-80.066197","","11","0","0","0","0","0","1","0","0","1","0","1","0","","","0","","1","","40 28:37.737","5","0","80 03:58.310","0","0","0","0","2122","0","0","0","N","0","0","0","2","02122","0","","1.0","","1","N","N","","0","","0","0","1","","2","N","","2","0","0","0","0","0","0","2","0","2","","","","N","","","","","","","","","",""
"2014092618","","1","0","0","0","0","0","0","0","0","7","0","","02","9","2014","6","40.506254","-80.018154","","11","0","0","0","0","0","0","0","0","","0","0","0","","","1","","0","","40 30:22.514","","0","80 01:05.354","8","0","0","0","2116","0","0","0","N","0","0","0","1","02116","0","","2.0","","9","N","N","","0","","0","0","0","","0","","","1","1","0","0","0","1","0","2","0","1","","","","N","","","","","","","","","",""
"2014091861","","1","0","0","0","0","0","0","0","0","1","0","","02","9","2014","1","40.412443","-80.007462","","11","0","0","0","1","0","0","0","0","","0","0","0","","","1","","6","","40 24:44.794","","0","80 00:26.864","3","0","0","1","2301","0","0","0","N","0","0","0","2","02301","0","","1.0","","1","N","N","","0","","1","0","0","","4","","","2","1","0","0","0","0","0","2","0","2","","","","N","","","","","","","","","",""
"2014092683","","1","0","0","0","0","0","0","0","0","4","0","","02","9","2014","1","40.448481","-80.007662","","11","0","0","0","0","0","0","0","0","1","0","0","0","","","0","","0","","40 26:54.532","2","0","80 00:27.583","0","0","0","0","2301","0","0","0","N","0","0","0","3","68B03","0","","1.0","","1","N","N","","0","","0","0","1","","0","N","","2","0","0","0","0","0","0","2","0","2","","","","N","","","","","","","","","",""
"2014092003","","1","0","0","0","0","0","0","0","0","1","0","","02","9","2014","1","40.375534","-79.983515","","11","0","0","0","0","0","1","0","0","1","0","0","0","","","0","","1","","40 22:31.924","2","0","79 59:00.654","9","0","0","0","2413","0","0","0","N","0","0","0","5","02413","0","","1.0","","1","N","N","","0","","0","0","1","","2","N","","2","0","1","0","0","0","2","2","0","2","","","","N","","","","","","","","","",""
"2014091862","","0","0","0","0","0","0","0","0","0","1","0","","02","9","2014","5","40.642568","-80.067372","","11","0","0","0","0","0","0","0","0","1","0","1","0","","","0","","1","","40 38:33.246","1","0","80 04:02.538","0","0","0","0","2216","0","0","0","N","0","0","0","3","02505","0","","1.0","","1","N","N","","0","","0","0","1","","2","Y","","2","0","0","0","0","0","0","2","0","2","","","","N","","","","","","","","","",""
"2014092684","","0","0","0","0","0","0","0","0","0","0","0","","02","9","2014","2","40.420399","-80.037825","","11","0","0","0","0","0","1","0","0","1","0","0","0","","","1","","0","","40 25:13.435","4","0","80 02:16.170","3","0","0","1","2301","0","0","0","N","0","0","0","1","68B03","0","","1.0","","1","N","N","","0","","1","0","0","","0","N","","1","1","0","0","0","0","0","2","0","1","","","","N","","","","","","","","","",""
"2014092156","","1","0","0","0","0","0","0","0","0","7","0","","02","6","2014","3","40.43841","-80.012234","","11","0","0","0","0","0","0","0","0","","0","0","0","","","0","","7","","40 26:18.275","","3","80 00:44.043","0","0","0","0","2301","0","0","0","N","0","0","0","1","68B03","0","","4.0","","1","N","N","","0","","0","0","0","","0","","","1","0","0","0","0","0","0","2","0","1","","","","N","","","","","","","","","",""
"2014091094","","1","0","0","0","0","0","0","0","0","0","0","","02","9","2014","4","40.437536","-79.962515","","11","0","0","0","0","0","0","0","0","","0","0","0","","","0","","0","","40 26:15.131","","0","79 57:45.055","0","0","0","0","2301","0","0","0","N","0","0","0","1","02301","0","","5.0","","1","N","N","","0","","0","0","0","","0","","","1","0","0","0","0","0","0","2","0","1","","","","N","","","","","","","","","",""
"2014092685","","0","0","0","0","0","0","0","0","0","1","0","","02","9","2014","3","40.36821","-80.119102","","11","0","0","0","0","0","0","0","0","1","0","0","0","","","1","","0","","40 22:05.555","2","0","80 07:08.766","8","0","0","2","2102","0","0","0","N","0","0","0","2","68B03","0","","1.0","","1","N","N","","0","","0","0","0","","0","N","","2","1","0","0","0","1","1","2","0","2","","","","N","","","","","","","","","",""
"2014091929","","2","0","0","0","0","0","0","0","0","7","0","","02","9","2014","5","40.442422","-79.742415","","11","0","0","0","0","0","0","0","0","1","0","0","0","","","1","","0","","40 26:32.719","4","0","79 44:32.694","8","0","0","0","2446","0","0","0","N","0","0","0","1","02446","0","","4.0","","1","N","N","","0","","0","0","0","","0","N","","2","1","0","0","0","1","0","2","0","2","","","","N","","","","","","","","","",""
"2014090455","","2","0","0","0","0","0","0","0","0","4","0","","02","9","2014","2","40.436869","-79.896442","","11","0","0","0","0","0","0","0","0","","0","0","0","","","0","","2","","40 26:12.728","","7","79 53:47.191","0","0","0","0","2301","0","0","0","N","0","0","0","2","02301","0","","1.0","","1","N","N","","0","","0","0","0","","3","","","2","0","0","0","0","0","0","2","0","2","","","","N","","","","","","","","","",""
"2014092764","","2","0","0","0","0","0","0","0","0","4","0","","02","9","2014","7","40.631396","-79.809017","","11","0","0","0","0","0","1","1","0","2","0","0","0","","","0","","3","","40 37:53.025","4","0","79 48:32.461","0","0","0","0","2206","0","0","0","N","0","0","0","2","02501","0","","1.0","","1","N","N","","0","","0","0","0","","0","N","","2","0","0","0","0","0","0","1","0","2","","","","N","","","","","","","","","",""
"2014092157","","1","0","0","0","0","0","0","0","0","7","0","","02","8","2014","4","40.434851","-79.96632","","11","0","0","0","0","0","0","0","0","","0","0","0","","","0","","0","","40 26:05.463","","0","79 57:58.751","0","0","0","0","2301","0","0","0","N","0","0","0","1","68B03","0","","3.0","","1","N","N","","0","","0","0","0","","0","","","1","0","0","0","0","0","0","2","0","1","","","","N","","","","","","","","","",""
"2014092686","","1","0","0","0","0","0","0","0","0","7","0","","02","9","2014","4","40.428328","-80.030213","","11","0","0","0","0","0","0","0","0","","0","0","0","","","0","","0","","40 25:41.980","","0","80 01:48.767","0","0","0","0","2301","0","0","0","Y","0","0","0","1","68B03","0","","3.0","","1","N","N","","0","","0","0","0","","0","","","2","0","0","0","0","0","0","2","0","1","","","","N","","","","","","","","","",""