"CRN","ARRIVAL_TM","AUTOMOBILE_COUNT","BELTED_DEATH_COUNT","BELTED_SUSP_SERIOUS_INJ_COUNT","BICYCLE_COUNT","BICYCLE_DEATH_COUNT","BICYCLE_SUSP_SERIOUS_INJ_COUNT","BUS_COUNT","CHLDPAS_DEATH_COUNT","CHLDPAS_SUSP_SERIOUS_INJ_COUNT","COLLISION_TYPE","COMM_VEH_COUNT","CONS_ZONE_SPD_LIM","COUNTY","CRASH_MONTH","CRASH_YEAR","DAY_OF_WEEK","DEC_LATITUDE","DEC_LONGITUDE","DISPATCH_TM","DISTRICT","DRIVER_COUNT_16YR","DRIVER_COUNT_17YR","DRIVER_COUNT_18YR","DRIVER_COUNT_19YR","DRIVER_COUNT_20YR","DRIVER_COUNT_50_64YR","DRIVER_COUNT_65_74YR","DRIVER_COUNT_75PLUS","EST_HRS_CLOSED","FATAL_COUNT","HEAVY_TRUCK_COUNT","HORSE_BUGGY_COUNT","HOUR_OF_DAY","ILLUMINATION","INJURY_COUNT","INTERSECTION_RELATED","INTERSECT_TYPE","LANE_CLOSED","LATITUDE","LN_CLOSE_DIR","LOCATION_TYPE","LONGITUDE","MAX_SEVERITY_LEVEL","MCYCLE_DEATH_COUNT","MCYCLE_SUSP_SERIOUS_INJ_COUNT","MOTORCYCLE_COUNT","MUNICIPALITY","NONMOTR_COUNT","NONMOTR_DEATH_COUNT","NONMOTR_SUSP_SERIOUS_INJ_COUNT","NTFY_HIWY_MAINT","PED_COUNT","PED_DEATH_COUNT","PED_SUSP_SERIOUS_INJ_COUNT","PERSON_COUNT","POLICE_AGCY","POSSIBLE_INJ_COUNT","RDWY_SURF_TYPE_CD","RELATION_TO_ROAD","ROADWAY_CLEARED","ROAD_CONDITION","SCH_BUS_IND","SCH_ZONE_IND","SECONDARY_CRASH","SMALL_TRUCK_COUNT","SPEC_JURIS_CD","SUSP_MINOR_INJ_COUNT","SUSP_SERIOUS_INJ_COUNT","SUV_COUNT","TCD_FUNC_CD","TCD_TYPE","TFC_DETOUR_IND","TIME_OF_DAY","TOTAL_UNITS","TOT_INJ_COUNT","UNBELTED_OCC_COUNT","UNB_DEATH_COUNT","UNB_SUSP_SERIOUS_INJ_COUNT","UNK_INJ_DEG_COUNT","UNK_INJ_PER_COUNT","URBAN_RURAL","VAN_COUNT","VEHICLE_COUNT","WEATHER1","WEATHER2","WORKERS_PRES","WORK_ZONE_IND","WORK_ZONE_LOC","WORK_ZONE_TYPE","WZ_CLOSE_DETOUR","WZ_FLAGGER","WZ_LAW_OFFCR_IND","WZ_LN_CLOSURE","WZ_MOVING","WZ_OTHER","WZ_SHLDER_MDN","WZ_WORKERS_INJ_KILLED"
"2014092158","","1","0","0","0","0","0","0","0","0","5","1","","02","8","2014","4","40.434181","-79.996304","","11","0","0","0","0","0","0","0","0","1","0","1","0","","","0","","6","","40 26:03.051","3","2","79 59:46.695","0","0","0","0","2301","0","0","0","N","0","0","0","2","68B03","0","","1.0","","1","N","N","","0","","0","0","0","","4","N","","2","0","0","0","0","0","0","2","0","2","","","","N","","","","","","","","","",""
"2014093300","","0","0","0","0","0","0","0","0","0","4","0","","02","9","2014","3","40.549746","-79.959459","","11","0","0","0","0","0","2","0","0","","0","0","0","","","0","","1","","40 32:59.085","","0","79 57:34.053","0","0","0","0","2118","0","0","0","N","0","0","0","3","02118","0","","1.0","","1","N","N","","0","","0","0","2","","2","","","2","0","0","0","0","0","0","2","0","2","","","","N","","","","","","","","","",""
"2014092687","","1","0","0","0","0","0","0","0","0","1","0","","02","9","2014","5","40.4206","-80.039786","","11","0","0","0","0","0","0","0","0","","0","0","0","","","0","","0","","40 25:14.159","","0","80 02:23.228","0","0","0","0","2435","0","0","0","N","0","0","0","2","68B03","0","","1.0","","1","N","N","","1","","0","0","0","","0","","","2","0","0","0","0","0","0","2","0","2","","","","N","","","","","","","","","",""
"2014090458","","3","0","0","0","0","0","0","0","0","5","0","","02","9","2014","6","40.567014","-80.007249","","11","0","0","0","0","0","0","0","0","","0","0","0","","","2","","0","","40 34:01.252","","0","80 00:26.098","4","0","0","0","2108","0","0","0","N","0","0","0","3","02108","2","","1.0","","1","N","N","","0","","0","0","0","","0","","","3","2","0","0","0","0","0","2","0","3","","","","N","","","","","","","","","",""
"2014092007","","2","0","0","0","0","0","0","0","0","1","0","","02","9","2014","6","40.555896","-79.771251","","11","0","0","0","0","0","0","0","0","","0","0","0","","","0","","0","","40 33:21.224","","0","79 46:16.503","0","0","0","0","2121","0","0","0","N","0","0","0","2","02121","0","","1.0","","1","N","N","","0","","0","0","0","","0","","","2","0","0","0","0","0","0","1","0","2","","","","N","","","","","","","","","",""
"2014092159","","1","0","0","0","0","0","0","0","0","1","0","","02","8","2014","7","40.581546","-80.111583","","11","0","0","0","0","0","0","1","0","","0","0","0","","","0","","0","","40 34:53.564","","0","80 06:41.698","0","0","0","0","2481","0","0","0","Y","0","0","0","3","68B03","0","","1.0","","1","N","N","","0","","0","0","1","","0","","","2","0","0","0","0","0","0","1","0","2","","","","N","","","","","","","","","",""
"2014093301","","2","0","0","0","0","0","0","0","0","4","0","","02","9","2014","3","40.422427","-79.885898","","11","0","0","0","0","0","0","1","0","1","0","0","0","","","4","","5","","40 25:20.737","1","0","79 53:09.232","4","0","0","0","2463","0","0","0","N","0","0","0","4","02463","4","","1.0","","1","N","N","","0","","0","0","0","","2","N","","2","4","2","0","0","0","0","2","0","2","","","","N","","","","","","","","","",""
"2014092688","","1","0","0","0","0","0","0","0","0","4","0","","02","9","2014","5","40.432066","-79.959581","","11","0","0","0","0","0","0","0","0","","0","0","0","","","0","","0","","40 25:55.438","","0","79 57:34.491","0","0","0","0","2301","0","0","0","N","0","0","0","3","68B03","0","","1.0","","1","N","N","","0","","0","0","1","","0","","","2","0","0","0","0","0","0","2","0","2","","","","N","","","","","","","","","",""
"2014090459","","0","0","0","0","0","0","0","0","0","4","0","","02","9","2014","7","40.533933","-80.229035","","11","0","0","0","0","0","1","0","0","","0","0","0","","","0","","1","","40 32:02.158","","0","80 13:44.526","0","0","0","0","2213","0","0","0","N","0","0","0","4","02213","0","","1.0","","1","N","N","","0","","0","0","2","","3","","","2","0","0","0","0","0","0","2","0","2","","","","N","","","","","","","","","",""
"2014092160","","1","0","0","0","0","0","0","0","0","7","0","","02","8","2014","2","40.467865","-80.240681","","11","0","0","0","0","0","1","0","0","1","0","0","0","","","0","","0","","40 28:04.314","4","0","80 14:26.453","0","0","0","0","2203","0","0","0","N","0","0","0","2","68B03","0","","4.0","","1","N","N","","1","","0","0","0","","0","N","","2","0","0","0","0","0","0","2","0","2","","","","N","","","","","","","","","",""
"2014090685","","2","0","0","0","0","0","0","0","0","4","0","","02","9","2014","1","40.388222","-80.089891","","11","0","0","0","0","0","0","0","1","","0","0","0","","","0","","1","","40 23:17.600","","0","80 05:23.608","9","0","0","0","2437","0","0","0","N","0","0","0","3","02437","0","","1.0","","1","N","N","","0","","0","0","0","","2","","","2","0","0","0","0","0","1","2","0","2","","","","N","","","","","","","","","",""
"2014092689","","1","0","0","0","0","0","0","0","0","1","0","","02","9","2014","6","40.479037","-80.00764","","11","0","0","0","0","0","1","0","0","1","0","0","0","","","3","","0","","40 28:44.534","2","0","80 00:27.503","4","0","0","0","2301","0","0","0","N","0","0","0","4","68B03","2","","1.0","","1","N","N","","1","","0","0","2","","0","N","","4","3","0","0","0","1","0","2","0","4","","","","N","","","","","","","","","",""
"2014091164","","1","0","0","0","0","0","0","0","0","4","0","","02","9","2014","4","40.429479","-79.751338","","11","0","0","0","0","0","1","0","0","","0","0","0","","","0","","0","","40 25:46.125","","0","79 45:04.817","0","0","0","0","2446","0","0","0","N","0","0","0","3","02446","0","","1.0","","1","N","N","","1","","0","0","0","","0","","","2","0","0","0","0","0","0","2","0","2","","","","N","","","","","","","","","",""
"2014091180","","1","0","0","0","0","0","0","0","0","0","0","","02","9","2014","3","40.474653","-80.005059","","11","0","0","0","0","0","1","0","0","","0","0","0","","","0","","0","","40 28:28.750","","0","80 00:18.212","0","0","0","0","2301","0","0","0","N","0","0","0","1","02301","0","","1.0","","1","N","N","","0","","0","0","0","","0","","","1","0","0","0","0","0","0","2","0","1","","","","N","","","","","","","","","",""
"2014092161","","0","0","0","0","0","0","0","0","0","1","0","","02","8","2014","3","40.378319","-80.099682","","11","0","0","0","0","1","0","0","0","","0","0","0","","","0","","0","","40 22:41.950","","0","80 05:58.856","0","0","0","0","2102","0","0","0","N","0","0","0","2","68B03","0","","1.0","","1","N","N","","0","","0","0","1","","0","","","2","0","0","0","0","0","0","2","1","2","","","","N","","","","","","","","","",""
"2014092690","","2","0","0","0","0","0","0","0","0","4","0","","02","9","2014","6","40.439171","-79.861411","","11","0","0","0","0","0","0","0","0","2","0","0","0","","","0","","0","","40 26:21.016","3","0","79 51:41.079","0","0","0","0","2419","0","0","0","N","0","0","0","2","68B03","0","","1.0","","1","N","N","","0","","0","0","0","","0","N","","2","0","0","0","0","0","0","2","0","2","","","","N","","","","","","","","","",""
"2014091934","","1","0","0","0","0","0","0","0","0","4","0","","02","9","2014","1","40.38319","-80.043908","","11","0","0","0","0","0","0","0","0","2","0","0","0","","","2","","1","","40 22:59.484","5","0","80 02:38.069","4","0","0","0","2109","0","0","0","N","0","0","0","2","02109","2","","1.0","","1","N","N","","0","","0","0","1","","2","Y","","2","2","0","0","0","0","0","2","0","2","","","","N","","","","","","","","","",""
"2014091181","","1","0","0","0","0","0","0","0","0","7","0","","02","9","2014","4","40.470531","-79.847514","","11","0","0","0","0","0","0","0","0","2","0","0","0","","","1","","0","","40 28:13.913","1","0","79 50:51.049","3","0","0","0","2113","0","0","0","N","0","0","0","1","02113","0","","4.0","","1","N","N","","0","","1","0","0","","0","N","","1","1","0","0","0","0","0","2","0","1","","","","N","","","","","","","","","",""
"2014092162","","1","0","0","0","0","0","0","0","0","1","0","","02","8","2014","3","40.613631","-80.095059","","11","0","0","0","0","0","0","0","1","1","0","0","0","","","0","","0","","40 36:49.073","1","0","80 05:42.213","0","0","0","0","2481","0","0","0","N","0","0","0","4","68B03","0","","1.0","","1","N","N","","2","","0","0","0","","0","N","","3","0","0","0","0","0","0","2","0","3","","","","N","","","","","","","","","",""
"2014091869","","3","0","0","0","0","0","0","0","0","1","0","","02","8","2014","5","40.502505","-79.843327","","11","0","0","0","0","0","2","1","0","","0","0","0","","","1","","0","","40 30:09.019","","7","79 50:35.977","2","0","0","0","2468","0","0","0","N","0","0","0","4","02468","0","","1.0","","1","N","N","","0","","0","1","0","","0","","","3","1","1","0","1","0","0","2","0","3","","","","N","","","","","","","","","",""
"2014091935","","1","0","0","0","0","0","0","0","0","4","0","","02","9","2014","6","40.381492","-80.044208","","11","0","0","0","0","0","0","0","0","2","0","0","0","","","1","","2","","40 22:53.371","4","7","80 02:39.149","4","0","0","0","2109","0","0","0","N","0","0","0","4","02109","1","","1.0","","1","N","N","","0","","0","0","1","","2","Y","","2","1","0","0","0","0","0","2","0","2","","","","N","","","","","","","","","",""
"2014091247","","1","0","0","0","0","0","0","0","0","1","0","","02","9","2014","4","40.465971","-80.07269","","11","0","0","0","0","0","0","0","0","","0","0","0","","","0","","0","","40 27:57.494","","0","80 04:21.685","9","0","0","0","2444","0","0","0","N","0","0","0","1","02444","0","","1.0","","1","N","N","","0","","0","0","1","","0","","","2","0","0","0","0","0","1","2","0","2","","","","N","","","","","","","","","",""
"2014092163","","1","0","0","0","0","0","0","0","0","1","0","","02","8","2014","4","40.417071","-80.056889","","11","0","0","0","0","0","0","0","1","","0","0","0","","","1","","0","","40 25:01.457","","0","80 03:24.799","8","0","0","0","2435","0","0","0","N","0","0","0","3","68B03","0","","1.0","","1","N","N","","0","","0","0","0","","0","","","2","1","0","0","0","1","0","2","1","2","","","","N","","","","","","","","","",""
"2014091102","","3","0","0","0","0","0","0","0","0","1","0","","02","8","2014","7","40.448364","-80.011912","","11","0","0","0","0","0","1","0","0","","0","0","0","","","0","","6","","40 26:54.110","","2","80 00:42.883","0","0","0","0","2301","0","0","0","N","0","0","0","3","68B03","0","","1.0","","1","N","N","","0","","0","0","0","","0","","","3","0","0","0","0","0","0","2","0","3","","","","N","","","","","","","","","",""
"2014091936","","2","0","0","0","0","0","0","0","0","4","0","","02","9","2014","1","40.388781","-80.049606","","11","0","0","0","0","0","1","0","0","","0","0","0","","","0","","0","","40 23:19.610","","0","80 02:58.580","0","0","0","0","2109","0","0","0","N","0","0","0","3","02109","0","","1.0","","1","N","N","","0","","0","0","0","","0","","","2","0","0","0","0","0","0","2","0","2","","","","N","","","","","","","","","",""
"2014092772","","2","0","0","0","0","0","0","0","0","2","0","","02","9","2014","4","40.518739","-79.958946","","11","0","0","0","0","0","2","0","0","2","0","0","0","","","4","","2","","40 31:07.459","5","0","79 57:32.207","4","0","0","0","2118","0","0","0","N","0","0","0","4","02118","4","","1.0","","1","N","N","","0","","0","0","1","","0","Y","","3","4","1","0","0","0","0","2","0","3","","","","N","","","","","","","","","",""
"2014092085","","1","0","0","0","0","0","0","0","0","7","0","","02","9","2014","6","40.407314","-80.256593","","11","0","0","0","0","0","1","0","0","","0","0","0","","","1","","0","","40 24:26.329","","0","80 15:23.735","4","0","0","0","2214","0","0","0","N","0","0","0","2","02214","1","","5.0","","1","N","N","","0","","0","0","0","","0","","","1","1","2","0","0","0","0","1","0","1","","","","N","","","","","","","","","",""
"2014092164","","0","0","0","0","0","0","0","0","0","99","0","","02","8","2014","6","40.444085","-79.854038","","11","0","0","0","0","0","0","0","0","","0","0","0","","","0","","0","","40 26:38.707","","0","79 51:14.537","0","0","0","0","2419","0","0","0","N","0","0","0","1","68B03","0","","1.0","","1","N","N","","0","","0","0","1","","0","","","1","0","0","0","0","0","0","2","0","1","","","","N","","","","","","","","","",""
"2014091103","","2","0","0","0","0","0","0","0","0","1","1","","02","9","2014","5","40.427291","-79.921959","","11","0","0","0","0","0","2","0","0","1","0","1","0","","","1","","0","","40 25:38.248","3","4","79 55:19.054","8","0","0","0","2301","0","0","0","N","0","0","0","6","68B03","0","","1.0","","1","N","N","","0","","0","0","2","","0","N","","6","1","0","0","0","1","0","2","1","6","","","","N","","","","","","","","","",""
"2014092165","","1","0","0","0","0","0","0","0","0","7","0","","02","8","2014","1","40.372537","-80.107047","","11","0","0","0","0","0","1","0","0","2","0","0","0","","","0","","0","","40 22:21.132","1","0","80 06:25.369","0","0","0","0","2102","0","0","0","Y","0","0","0","1","68B03","0","","3.0","","9","N","N","","0","","0","0","0","","0","N","","1","0","0","0","0","0","0","2","0","1","","","","N","","","","","","","","","",""
"2014076980","","1","0","0","0","0","0","0","0","0","1","1","","02","8","2014","5","40.421577","-80.051747","","11","0","0","0","0","0","1","0","0","1","0","1","0","","","0","","0","","40 25:17.676","3","0","80 03:06.290","0","0","0","0","2435","0","0","0","N","0","0","0","2","02435","0","","1.0","","1","N","N","","0","","0","0","0","","0","N","","2","0","0","0","0","0","0","2","0","2","","","","N","","","","","","","","","",""
"2014076221","","0","0","0","0","0","0","0","0","0","4","0","","02","8","2014","2","40.345589","-79.958912","","11","0","0","0","0","0","0","0","0","1","0","0","0","","","3","","0","","40 20:44.122","4","0","79 57:32.084","3","0","0","0","2473","0","0","0","N","0","0","0","5","02473","0","","1.0","","1","N","N","","1","","3","0","1","","0","Y","","2","3","3","0","0","0","0","2","0","2","","","","N","","","","","","","","","",""
"2014075609","","3","0","0","0","0","0","0","0","0","5","0","","02","8","2014","7","40.443647","-79.896461","","11","0","0","0","0","0","0","0","0","","0","0","0","","","0","","0","","40 26:37.129","","0","79 53:47.259","0","0","0","0","2301","0","0","0","N","0","0","0","1","02301","0","","6.0","","1","N","N","","0","","0","0","0","","0","","","4","0","0","0","0","0","0","2","1","4","","","","N","","","","","","","","","",""
"2014075529","","1","0","0","0","0","0","0","0","0","4","0","","02","8","2014","7","40.395326","-79.997387","","11","0","0","0","0","0","0","0","1","2","0","0","0","","","1","","2","","40 23:43.173","3","0","79 59:50.592","4","0","0","0","2301","0","0","0","N","0","0","0","3","02301","1","","1.0","","1","N","N","","1","","0","0","0","","3","N","","2","1","0","0","0","0","0","2","0","2","","","","N","","","","","","","","","",""
"2014075610","","2","0","0","0","0","0","0","0","0","4","0","","02","8","2014","1","40.430703","-80.025877","","11","0","0","0","0","0","0","0","0","2","0","0","0","","","2","","1","","40 25:50.529","4","0","80 01:33.157","4","0","0","0","2301","0","0","0","N","0","0","0","4","02301","2","","1.0","","9","N","N","","0","","0","0","0","","2","N","","2","2","2","0","0","0","0","2","0","2","","","","N","","","","","","","","","",""
"2014075672","","2","0","0","0","0","0","0","0","0","4","0","","02","8","2014","1","40.354121","-80.004936","","11","0","0","0","0","0","0","0","1","3","0","0","0","","","2","","1","","40 21:14.837","6","0","80 00:17.770","4","0","0","0","2476","0","0","0","N","0","0","0","2","02476","1","","1.0","","9","N","N","","0","","0","0","0","","0","Y","","2","2","1","0","0","1","0","2","0","2","","","","N","","","","","","","","","",""
"2014077272","","1","0","0","0","0","0","0","0","0","7","0","","02","8","2014","5","40.387256","-79.983658","","11","0","0","0","0","0","0","0","0","2","0","0","0","","","1","","0","","40 23:14.120","5","0","79 59:01.170","3","0","0","0","2301","0","0","0","N","0","0","0","1","02301","0","","4.0","","1","N","N","","0","","1","0","0","","0","N","","1","1","0","0","0","0","0","2","0","1","","","","N","","","","","","","","","",""
"2014076982","","0","0","0","1","0","0","0","0","0","8","0","","02","8","2014","4","40.391106","-80.059565","","11","0","0","1","0","0","0","0","0","2","0","0","0","","","1","","0","","40 23:27.983","2","0","80 03:34.434","3","0","0","0","2109","1","0","0","N","0","0","0","3","02109","0","","1.0","","1","N","N","","0","","1","0","1","","0","N","","2","1","0","0","0","0","0","2","0","1","","","","N","","","","","","","","","",""
"2014075673","","1","0","0","0","0","0","0","0","0","7","0","","02","8","2014","1","40.454269","-79.883689","","11","0","0","0","0","0","0","1","0","","0","0","0","","","0","","0","","40 27:15.370","","0","79 53:01.279","0","0","0","0","2301","0","0","0","N","0","0","0","1","02301","0","","5.0","","9","N","N","","0","","0","0","0","","0","","","1","0","0","0","0","0","0","2","0","1","","","","N","","","","","","","","","",""
"2014076984","","1","0","0","0","0","0","0","0","0","1","0","","02","7","2014","3","40.505458","-80.207549","","11","0","0","0","0","0","1","0","0","","0","0","0","","","0","","1","","40 30:19.650","","0","80 12:27.175","0","0","0","0","2213","0","0","0","N","0","0","0","2","02213","0","","1.0","","1","N","N","","0","","0","0","1","","2","","","2","0","0","0","0","0","0","2","0","2","","","","N","","","","","","","","","",""
"2014075534","","1","0","0","0","0","0","0","0","0","4","0","","02","8","2014","7","40.486242","-80.043452","","11","0","0","1","0","0","0","0","0","","0","0","0","","","0","","1","","40 29:10.471","","0","80 02:36.427","9","0","0","0","2301","0","0","0","N","0","0","0","9","02301","0","","1.0","","1","N","N","","0","","0","0","0","","3","","","2","0","8","0","0","0","5","2","1","2","","","","N","","","","","","","","","",""
"2014076308","","1","0","0","0","0","0","0","0","0","7","0","","02","8","2014","3","40.427545","-80.190852","","11","0","0","0","1","0","0","0","0","","0","0","0","","","0","","0","","40 25:39.162","","0","80 11:27.068","0","0","0","0","2214","0","0","0","Y","0","0","0","1","02214","0","","2.0","","1","N","N","","0","","0","0","0","","0","","","1","0","0","0","0","0","0","1","0","1","","","","N","","","","","","","","","",""
"2014076449","","1","0","0","0","0","0","0","0","0","8","0","","02","8","2014","3","40.4532","-79.992708","","11","0","0","0","0","0","0","0","0","","0","0","0","","","1","","1","","40 27:11.520","","0","79 59:33.748","3","0","0","0","2301","1","0","0","N","1","0","0","2","02301","0","","1.0","","1","N","N","","0","","1","0","0","","2","","","2","1","0","0","0","0","0","2","0","1","","","","N","","","","","","","","","",""
"2014076985","","1","0","0","0","0","0","0","0","0","1","0","","02","7","2014","7","40.526477","-80.159123","","11","0","0","0","0","0","0","0","0","1","0","0","0","","","0","","5","","40 31:35.318","5","0","80 09:32.841","0","0","0","0","2452","0","0","0","N","0","0","0","3","02458","0","","1.0","","1","N","N","","0","","0","0","1","","2","N","","2","0","0","0","0","0","0","2","0","2","","","","N","","","","","","","","","",""
"2014077128","","1","0","0","0","0","0","0","0","0","2","0","","02","8","2014","5","40.354074","-79.914478","","11","0","0","0","0","0","0","0","0","2","0","0","0","","","1","","3","","40 21:14.668","3","0","79 54:52.121","3","0","0","0","2473","0","0","0","N","0","0","0","2","02473","0","","1.0","","1","N","N","","0","","1","0","1","","2","Y","","2","1","1","0","0","0","0","2","0","2","","","","N","","","","","","","","","",""
"2014077191","","1","0","0","0","0","0","0","0","0","99","0","","02","8","2014","5","40.58676","-79.877987","","11","0","0","0","0","0","0","0","0","","0","0","0","","","0","","0","","40 35:12.337","","0","79 52:40.754","0","0","0","0","2209","0","0","0","N","0","0","0","1","68T02","0","","1.0","","1","N","N","","0","","0","0","0","","0","","","1","0","0","0","0","0","0","2","0","1","","","","N","","","","","","","","","",""
"2014075688","","1","0","0","0","0","0","0","0","0","2","1","","02","6","2014","6","40.541622","-79.776766","","11","0","0","0","0","0","1","0","0","2","0","1","0","","","0","","2","","40 32:29.840","6","0","79 46:36.356","0","0","0","0","2462","0","0","0","N","0","0","0","2","02462","0","","1.0","","1","N","N","","0","","0","0","0","","3","Y","","2","0","2","0","0","0","0","2","0","2","","","","N","","","","","","","","","",""
"2014077275","","2","0","0","0","0","0","0","0","0","4","0","","02","8","2014","6","40.461181","-79.947006","","11","0","0","0","0","0","0","0","0","","0","0","0","","","0","","2","","40 27:40.251","","0","79 56:49.221","0","0","0","0","2301","0","0","0","N","0","0","0","2","02301","0","","1.0","","1","N","N","","0","","0","0","0","","3","","","2","0","0","0","0","0","0","2","0","2","","","","N","","","","","","","","","",""
"2014090711","","1","0","0","0","0","0","0","0","0","7","0","","02","9","2014","3","40.473769","-80.072036","","11","0","0","0","0","0","0","0","0","2","0","0","0","","","1","","1","","40 28:25.569","5","0","80 04:19.328","4","0","0","0","2122","0","0","0","N","0","0","0","1","02122","1","","4.0","","9","N","N","","0","","0","0","0","","0","N","","1","1","1","0","0","0","0","2","0","1","","","","N","","","","","","","","","",""
"2014091477","","0","0","0","0","0","0","0","0","0","2","0","","02","9","2014","4","40.396242","-79.998126","","11","0","0","0","0","0","0","1","0","","0","0","0","","","0","","2","","40 23:46.470","","0","79 59:53.254","0","0","0","0","2301","0","0","0","N","0","0","0","4","02301","0","","1.0","","1","N","N","","0","","0","0","2","","2","","","2","0","0","0","0","0","0","2","0","2","","","","N","","","","","","","","","",""
"2014092248","","3","0","0","0","0","0","0","0","0","5","0","","02","9","2014","5","40.38671","-79.903413","","11","0","0","0","0","0","1","0","0","2","0","0","0","","","1","","0","","40 23:12.156","6","0","79 54:12.286","8","0","0","0","2448","0","0","0","N","0","0","0","1","02448","0","","6.0","","1","N","N","","1","","0","0","0","","0","Y","","4","1","0","0","0","1","0","2","0","4","","","","N","","","","","","","","","",""
"2014093012","","1","0","0","0","0","0","0","0","0","7","0","","02","8","2014","3","40.403734","-79.903107","","11","0","0","0","0","0","0","0","0","","0","0","0","","","0","","0","","40 24:13.443","","0","79 54:11.184","0","0","0","0","2438","0","0","0","N","0","0","0","1","02438","0","","4.0","","1","N","N","","0","","0","0","0","","0","","","1","0","0","0","0","0","0","2","0","1","","","","N","","","","","","","","","",""
"2014091479","","1","0","0","0","0","0","0","0","0","7","0","","02","9","2014","4","40.365554","-79.856739","","11","0","0","0","0","0","0","0","0","","0","0","0","","","0","","0","","40 21:55.994","","0","79 51:24.259","0","0","0","0","2303","0","0","0","N","0","0","0","1","02303","0","","5.0","","1","N","N","","0","","0","0","0","","0","","","1","0","0","0","0","0","0","2","0","1","","","","N","","","","","","","","","",""
"2014077209","","1","0","0","0","0","0","0","0","0","1","0","","02","8","2014","6","40.416936","-80.014558","","11","0","0","0","0","0","0","0","0","1","0","0","0","","","0","","2","","40 25:00.970","1","0","80 00:52.409","0","0","0","0","2301","0","0","0","N","0","0","0","2","02301","0","","1.0","","1","N","N","","0","","0","0","1","","2","N","","2","0","0","0","0","0","0","2","0","2","","","","N","","","","","","","","","",""
"2014078028","","1","0","0","0","0","0","0","0","0","1","0","","02","4","2014","7","40.471383","-80.004391","","11","0","0","0","0","0","0","0","0","","0","0","0","","","0","","0","","40 28:16.980","","0","80 00:15.809","0","0","0","0","2301","0","0","0","N","0","0","0","3","68B03","0","","1.0","","1","N","N","","0","","0","0","1","","0","","","2","0","0","0","0","0","0","2","0","2","","","","N","","","","","","","","","",""
"2014078029","","2","0","0","0","0","0","0","0","0","1","0","45","02","7","2014","2","40.426123","-79.896366","","11","0","0","0","0","0","0","1","0","2","0","0","0","","","4","","0","","40 25:34.042","4","0","79 53:46.919","8","0","0","0","2301","0","0","0","N","0","0","0","4","68B03","0","","1.0","","1","N","N","","0","","0","0","1","","0","N","","3","4","0","0","0","4","0","2","0","3","","","Y","Y","2","1","N","N","N","Y","N","N","N",""
"2014077906","","1","0","0","0","0","0","0","0","0","2","0","","02","8","2014","1","40.340068","-79.859901","","11","0","0","0","0","0","0","0","0","1","0","0","0","","","1","","2","","40 20:24.246","2","0","79 51:35.643","4","0","0","0","2304","0","0","0","N","0","0","0","3","02304","1","","1.0","","1","N","N","","0","","0","0","1","","2","N","","2","1","0","0","0","0","0","2","0","2","","","","N","","","","","","","","","",""
"2014078030","","1","0","0","0","0","0","0","0","0","1","0","","02","7","2014","7","40.441814","-79.857626","","11","0","0","0","1","0","0","1","0","2","0","0","0","","","0","","0","","40 26:30.530","4","0","79 51:27.455","0","0","0","0","2419","0","0","0","N","0","0","0","6","68B03","0","","1.0","","1","N","N","","0","","0","0","2","","0","N","","3","0","0","0","0","0","0","2","0","3","","","","N","","","","","","","","","",""
"2014093015","","1","0","0","0","0","0","0","0","0","6","0","","02","9","2014","1","40.363449","-79.927177","","11","0","0","0","0","0","0","0","0","","0","0","0","","","0","","0","","40 21:48.416","","0","79 55:37.837","0","0","0","0","2473","0","0","0","N","0","0","0","1","02473","0","","1.0","","1","N","N","","1","","0","0","0","","0","","","2","0","0","0","0","0","0","2","0","2","","","","N","","","","","","","","","",""
"2014076318","","1","0","0","0","0","0","0","0","0","7","0","","02","8","2014","2","40.659194","-79.997624","","11","0","0","0","0","1","0","0","0","","0","0","0","","","0","","0","","40 39:33.100","","0","79 59:51.446","0","0","0","0","2216","0","0","0","N","0","0","0","3","02505","0","","4.0","","1","N","N","","0","","0","0","0","","0","","","1","0","0","0","0","0","0","1","0","1","","","","N","","","","","","","","","",""
"2014077212","","1","0","0","0","0","0","0","0","0","5","0","","02","8","2014","6","40.549123","-80.196797","","11","0","0","0","0","0","0","0","0","1","0","0","0","","","0","","2","","40 32:56.844","2","0","80 11:48.468","0","0","0","0","2427","0","0","0","N","0","0","0","3","02427","0","","1.0","","1","N","N","","1","","0","0","0","","3","N","","2","0","0","0","0","0","0","2","0","2","","","","N","","","","","","","","","",""
"2014078031","","2","0","0","0","0","0","0","0","0","1","0","","02","8","2014","2","40.417986","-80.054981","","11","0","0","0","1","1","0","0","0","","0","0","0","","","0","","0","","40 25:04.751","","0","80 03:17.931","0","0","0","0","2435","0","0","0","N","0","0","0","2","68B03","0","","1.0","","1","N","N","","0","","0","0","0","","0","","","2","0","0","0","0","0","0","2","0","2","","","","N","","","","","","","","","",""
"2014076457","","2","0","0","0","0","0","0","0","0","1","0","25","02","8","2014","3","40.346769","-79.880641","","11","0","0","0","0","0","1","0","0","2","0","0","0","","","1","","2","","40 20:48.369","3","2","79 52:50.309","4","0","0","0","2304","0","0","0","N","0","0","0","2","02304","1","","1.0","","1","N","N","","0","","0","0","0","","2","N","","2","1","0","0","0","0","0","2","0","2","","","N","Y","5","1","","","N","","","","",""