"CRN","ARRIVAL_TM","AUTOMOBILE_COUNT","BELTED_DEATH_COUNT","BELTED_SUSP_SERIOUS_INJ_COUNT","BICYCLE_COUNT","BICYCLE_DEATH_COUNT","BICYCLE_SUSP_SERIOUS_INJ_COUNT","BUS_COUNT","CHLDPAS_DEATH_COUNT","CHLDPAS_SUSP_SERIOUS_INJ_COUNT","COLLISION_TYPE","COMM_VEH_COUNT","CONS_ZONE_SPD_LIM","COUNTY","CRASH_MONTH","CRASH_YEAR","DAY_OF_WEEK","DEC_LATITUDE","DEC_LONGITUDE","DISPATCH_TM","DISTRICT","DRIVER_COUNT_16YR","DRIVER_COUNT_17YR","DRIVER_COUNT_18YR","DRIVER_COUNT_19YR","DRIVER_COUNT_20YR","DRIVER_COUNT_50_64YR","DRIVER_COUNT_65_74YR","DRIVER_COUNT_75PLUS","EST_HRS_CLOSED","FATAL_COUNT","HEAVY_TRUCK_COUNT","HORSE_BUGGY_COUNT","HOUR_OF_DAY","ILLUMINATION","INJURY_COUNT","INTERSECTION_RELATED","INTERSECT_TYPE","LANE_CLOSED","LATITUDE","LN_CLOSE_DIR","LOCATION_TYPE","LONGITUDE","MAX_SEVERITY_LEVEL","MCYCLE_DEATH_COUNT","MCYCLE_SUSP_SERIOUS_INJ_COUNT","MOTORCYCLE_COUNT","MUNICIPALITY","NONMOTR_COUNT","NONMOTR_DEATH_COUNT","NONMOTR_SUSP_SERIOUS_INJ_COUNT","NTFY_HIWY_MAINT","PED_COUNT","PED_DEATH_COUNT","PED_SUSP_SERIOUS_INJ_COUNT","PERSON_COUNT","POLICE_AGCY","POSSIBLE_INJ_COUNT","RDWY_SURF_TYPE_CD","RELATION_TO_ROAD","ROADWAY_CLEARED","ROAD_CONDITION","SCH_BUS_IND","SCH_ZONE_IND","SECONDARY_CRASH","SMALL_TRUCK_COUNT","SPEC_JURIS_CD","SUSP_MINOR_INJ_COUNT","SUSP_SERIOUS_INJ_COUNT","SUV_COUNT","TCD_FUNC_CD","TCD_TYPE","TFC_DETOUR_IND","TIME_OF_DAY","TOTAL_UNITS","TOT_INJ_COUNT","UNBELTED_OCC_COUNT","UNB_DEATH_COUNT","UNB_SUSP_SERIOUS_INJ_COUNT","UNK_INJ_DEG_COUNT","UNK_INJ_PER_COUNT","URBAN_RURAL","VAN_COUNT","VEHICLE_COUNT","WEATHER1","WEATHER2","WORKERS_PRES","WORK_ZONE_IND","WORK_ZONE_LOC","WORK_ZONE_TYPE","WZ_CLOSE_DETOUR","WZ_FLAGGER","WZ_LAW_OFFCR_IND","WZ_LN_CLOSURE","WZ_MOVING","WZ_OTHER","WZ_SHLDER_MDN","WZ_WORKERS_INJ_KILLED"
"2014076996","","2","0","0","0","0","0","0","0","0","4","0","","02","8","2014","5","40.423912","-79.9777","","11","0","0","0","0","0","0","0","1","","0","0","0","","","1","","1","","40 25:26.083","","0","79 58:39.720","8","0","0","0","2301","0","0","0","N","0","0","0","2","02301","0","","1.0","","1","N","N","","0","","0","0","0","","2","","","2","1","0","0","0","1","0","2","0","2","","","","N","","","","","","","","","",""
"2014075483","","1","0","0","1","0","0","0","0","0","8","0","","02","7","2014","6","40.458506","-79.901136","","11","0","0","0","0","0","0","0","0","","0","0","0","","","1","","1","","40 27:30.621","","0","79 54:04.089","8","0","0","0","2301","1","0","0","N","0","0","0","2","02301","0","","1.0","","1","N","N","","0","","0","0","0","","2","","","2","1","0","0","0","1","0","2","0","1","","","","N","","","","","","","","","",""
"2014092256","","1","0","0","0","0","0","0","0","0","7","0","","02","9","2014","6","40.465995","-79.922728","","11","0","0","0","0","0","0","0","0","3","0","0","0","","","0","","1","","40 27:57.582","3","0","79 55:21.820","0","0","0","0","2301","0","0","0","N","0","0","0","1","02301","0","","3.0","","1","N","N","","0","","0","0","0","","2","Y","","1","0","0","0","0","0","0","2","0","1","","","","N","","","","","","","","","",""
"2014075470","","1","0","0","0","0","0","0","0","0","7","0","","02","8","2014","7","40.616506","-79.957364","","11","0","0","0","0","0","0","0","0","","0","0","0","","","0","","0","","40 36:59.423","","0","79 57:26.510","0","0","0","0","2217","0","0","0","N","0","0","0","1","02505","0","","4.0","","1","N","N","","0","","0","0","0","","0","","","1","0","0","0","0","0","0","2","0","1","","","","N","","","","","","","","","",""
"2014076248","","0","0","0","1","0","0","0","0","0","8","0","","02","8","2014","3","40.440784","-79.948241","","11","0","0","0","0","0","0","1","0","","0","0","0","","","1","","1","","40 26:26.822","","0","79 56:53.667","3","0","0","0","2301","1","0","0","N","0","0","0","2","02301","0","","1.0","","1","N","N","","0","","1","0","0","","3","","","2","1","0","0","0","0","0","2","1","1","","","","N","","","","","","","","","",""
"2014077216","","2","0","0","0","0","0","0","0","0","5","0","","02","8","2014","6","40.4771","-80.040136","","11","0","1","0","0","0","0","0","0","1","0","0","0","","","1","","0","","40 28:37.560","2","0","80 02:24.490","4","0","0","0","2301","0","0","0","N","0","0","0","2","02301","1","","1.0","","1","N","N","","1","","0","0","0","","0","N","","3","1","2","0","0","0","0","2","0","3","","","","N","","","","","","","","","",""
"2014076461","","1","0","0","0","0","0","0","0","0","5","0","","02","8","2014","3","40.487524","-80.055998","","11","0","0","0","0","0","1","0","0","1","0","0","0","","","1","","0","","40 29:15.086","2","0","80 03:21.593","4","0","0","1","2404","0","0","0","N","0","0","0","3","02404","1","","1.0","","1","N","N","","0","","0","0","0","","0","N","","2","1","0","0","0","0","0","2","0","2","","","","N","","","","","","","","","",""
"2014076541","","2","0","0","0","0","0","0","0","0","4","0","","02","8","2014","3","40.355084","-80.116178","","11","0","0","0","0","0","0","1","0","","0","0","0","","","0","","2","","40 21:18.304","","2","80 06:58.240","0","0","0","0","2119","0","0","0","N","0","0","0","2","02119","0","","1.0","","1","N","N","","0","","0","0","0","","2","","","2","0","0","0","0","0","0","2","0","2","","","","N","","","","","","","","","",""
"2014075909","","0","0","0","0","0","0","0","0","0","4","0","","02","8","2014","6","40.586914","-80.022346","","11","0","0","0","0","0","0","1","0","","0","0","0","","","0","","1","","40 35:12.889","","0","80 01:20.446","0","0","0","0","2108","0","0","0","N","0","0","0","2","02108","0","","1.0","","1","N","N","","0","","0","0","2","","2","","","2","0","0","0","0","0","0","2","0","2","","","","N","","","","","","","","","",""
"2014076677","","1","0","0","0","0","0","0","0","0","1","0","","02","8","2014","1","40.442678","-79.81462","","11","0","0","0","0","0","0","0","0","2","0","0","0","","","0","","0","","40 26:33.639","3","0","79 48:52.631","9","0","0","0","2113","0","0","0","N","0","0","0","4","68B03","0","","1.0","","9","N","N","","1","","0","0","0","","0","N","","2","0","0","0","0","0","2","2","0","2","","","","N","","","","","","","","","",""
"2014075486","","1","0","0","0","0","0","0","0","0","4","0","","02","8","2014","7","40.45082","-79.713563","","11","0","0","0","0","0","1","0","0","1","0","0","0","","","0","","1","","40 27:02.952","1","0","79 42:48.828","0","0","0","0","2466","0","0","0","N","0","0","0","2","02466","0","","1.0","","1","N","N","","1","","0","0","0","","2","N","","2","0","0","0","0","0","0","2","0","2","","","","N","","","","","","","","","",""
"2014076250","","2","0","0","0","0","0","0","0","0","4","0","","02","8","2014","2","40.438633","-80.063329","","11","0","0","0","0","0","0","0","0","1","0","0","0","","","0","","1","","40 26:19.077","3","0","80 03:47.985","0","0","0","0","2421","0","0","0","N","0","0","0","2","02421","0","","1.0","","1","N","N","","0","","0","0","0","","2","N","","2","0","1","0","0","0","0","2","0","2","","","","N","","","","","","","","","",""
"2014077141","","1","0","0","0","0","0","0","0","0","4","0","","02","8","2014","6","40.423507","-80.009563","","11","0","0","0","0","0","0","0","0","2","0","0","0","","","1","","2","","40 25:24.625","5","0","80 00:34.426","4","0","0","0","2301","0","0","0","N","0","0","0","1","02301","1","","1.0","","1","N","N","","0","","0","0","1","","0","Y","","2","1","0","0","0","0","0","2","0","2","","","","N","","","","","","","","","",""
"2014077788","","2","0","0","0","0","0","0","0","0","4","0","","02","8","2014","4","","","","11","0","0","0","0","1","1","0","0","1","0","0","0","","","0","","5","","","2","0","","0","0","0","0","2473","0","0","0","N","0","0","0","2","02473","0","","1.0","","1","N","N","","0","","0","0","0","","3","N","","2","0","0","0","0","0","0","1","0","2","","","","N","","","","","","","","","",""
"2014076252","","0","0","0","0","0","0","0","0","0","1","0","","02","7","2014","3","40.398834","-79.877023","","11","0","0","0","0","0","0","0","0","2","0","0","0","","","1","","0","","40 23:55.801","1","0","79 52:37.284","8","0","0","0","2473","0","0","0","N","0","0","0","3","02473","0","","1.0","","1","N","N","","0","","0","0","2","","0","N","","2","1","0","0","0","1","0","2","0","2","","","","N","","","","","","","","","",""
"2014077927","","2","0","0","0","0","0","0","0","0","1","0","","02","8","2014","2","40.463406","-79.980907","","11","0","0","0","0","0","1","0","0","","0","0","0","","","1","","6","","40 27:48.261","","2","79 58:51.264","8","0","0","0","2301","0","0","0","N","0","0","0","2","02301","0","","1.0","","9","N","N","","0","","0","0","0","","0","","","2","1","0","0","0","1","0","2","0","2","","","","N","","","","","","","","","",""
"2014077975","","2","0","0","0","0","0","0","0","0","2","0","","02","8","2014","2","40.457188","-79.927522","","11","0","0","0","0","0","0","0","0","","0","0","0","","","0","","1","","40 27:25.876","","0","79 55:39.079","0","0","0","0","2301","0","0","0","N","0","0","0","2","02301","0","","1.0","","1","N","N","","0","","0","0","0","","3","","","2","0","0","0","0","0","0","2","0","2","","","","N","","","","","","","","","",""
"2014075476","","1","0","0","0","0","0","0","0","0","7","0","","02","8","2014","7","40.349951","-79.874591","","11","0","0","0","0","0","0","0","0","1","0","0","0","","","1","","0","","40 20:59.823","4","0","79 52:28.526","3","0","0","0","2304","0","0","0","N","0","0","0","1","02304","0","","4.0","","1","N","N","","0","","1","0","0","","0","Y","","1","1","1","0","0","0","0","2","0","1","","","","N","","","","","","","","","",""
"2014077221","","2","0","0","0","0","0","0","0","0","4","0","","02","8","2014","6","40.457215","-79.997827","","11","0","0","0","0","0","0","0","0","1","0","0","0","","","1","","1","","40 27:25.975","3","0","79 59:52.178","4","0","0","0","2301","0","0","0","N","0","0","0","2","02301","1","","1.0","","1","N","N","","0","","0","0","0","","2","Y","","2","1","0","0","0","0","0","2","0","2","","","","N","","","","","","","","","",""
"2014076466","","1","0","0","0","0","0","0","0","0","5","0","","02","8","2014","6","40.654764","-80.086139","","11","0","0","0","0","0","1","1","0","","0","0","0","","","0","","0","","40 39:17.150","","0","80 05:10.100","0","0","0","0","2212","0","0","0","N","0","0","0","2","02505","0","","1.0","","1","N","N","","0","","0","0","1","","0","","","2","0","0","0","0","0","0","2","0","2","","","","N","","","","","","","","","",""
"2014077290","","1","0","0","0","0","0","0","0","0","2","0","","02","8","2014","6","40.292655","-79.883671","","11","0","0","0","0","0","0","0","0","3","0","0","0","","","0","","0","","40 17:33.558","6","0","79 53:01.214","0","0","0","0","2302","0","0","0","N","0","0","0","1","02302","0","","6.0","","1","N","N","","1","","0","0","0","","0","Y","","2","0","1","0","0","0","0","2","0","2","","","","N","","","","","","","","","",""
"2014077791","","0","0","0","0","0","0","0","0","0","0","0","","02","8","2014","7","40.380935","-79.814556","","11","0","0","0","0","0","0","0","0","3","0","0","0","","","1","","3","","40 22:51.366","3","0","79 48:52.400","3","0","0","1","2424","0","0","0","N","0","0","0","1","02424","0","","1.0","","1","N","N","","0","","1","0","0","","0","N","","2","1","0","0","0","0","0","2","0","1","","","","N","","","","","","","","","",""
"2014077929","","1","0","0","0","0","0","0","0","0","6","0","","02","8","2014","2","40.454586","-80.192008","","11","0","0","1","0","0","1","0","0","1","0","0","0","","","1","","0","","40 27:16.510","4","0","80 11:31.230","8","0","0","0","2214","0","0","0","N","0","0","0","4","02214","0","","1.0","","9","N","N","","1","","0","0","0","","0","N","","2","1","0","0","0","1","0","2","0","2","","","","N","","","","","","","","","",""
"2014075705","","2","0","0","0","0","0","0","0","0","4","0","","02","7","2014","7","40.553075","-80.108274","","11","0","0","0","0","0","0","1","0","","0","0","0","","","0","","0","","40 33:11.070","","7","80 06:29.787","0","0","0","0","2215","0","0","0","N","0","0","0","2","02215","0","","1.0","","1","N","N","","0","","0","0","0","","0","","","2","0","0","0","0","0","0","2","0","2","","","","N","","","","","","","","","",""
"2014077291","","2","0","0","0","0","0","0","0","0","4","0","","02","8","2014","6","40.468925","-80.09793","","11","0","0","0","0","0","0","0","1","1","0","0","0","","","1","","1","","40 28:08.130","4","0","80 05:52.548","8","0","0","0","2126","0","0","0","N","0","0","0","2","02126","0","","1.0","","1","N","N","","0","","0","0","0","","2","N","","2","1","0","0","0","1","0","2","0","2","","","","N","","","","","","","","","",""
"2014092265","","2","0","0","0","0","0","0","0","0","4","0","","02","9","2014","7","40.45226","-80.014889","","11","0","0","0","0","0","0","0","0","2","0","0","0","","","0","","0","","40 27:08.136","4","0","80 00:53.600","0","0","0","0","2301","0","0","0","N","0","0","0","2","02301","0","","6.0","","1","N","N","","0","","0","0","0","","1","Y","","2","0","0","0","0","0","0","2","0","2","","","","N","","","","","","","","","",""
"2014077223","","1","0","0","0","0","0","0","0","0","4","0","","02","8","2014","6","40.45428","-79.906155","","11","0","0","0","0","0","1","0","0","","0","0","0","","","0","","1","","40 27:15.408","","0","79 54:22.157","0","0","0","0","2301","0","0","0","N","0","0","0","2","02301","0","","1.0","","1","N","N","","0","","0","0","1","","3","","","2","0","0","0","0","0","0","2","0","2","","","","N","","","","","","","","","",""
"2014077292","","2","0","0","0","0","0","0","0","0","1","0","","02","8","2014","6","40.669218","-80.097089","","11","0","1","0","0","0","1","0","0","2","0","0","0","","","1","","6","","40 40:09.185","1","2","80 05:49.521","4","0","0","1","2212","0","0","0","N","0","0","0","4","02505","1","","1.0","","1","N","N","","0","","0","0","0","","0","N","","3","1","0","0","0","0","0","2","0","3","","","","N","","","","","","","","","",""
"2014075771","","2","0","0","0","0","0","0","0","0","1","0","","02","8","2014","1","40.37638","-79.909695","","11","0","0","0","0","0","1","0","0","","0","0","0","","","1","","0","","40 22:34.967","","0","79 54:34.901","4","0","0","0","2301","0","0","0","N","0","0","0","3","02301","1","","1.0","","1","N","N","","0","","0","0","0","","0","","","2","1","0","0","0","0","0","2","0","2","","","","N","","","","","","","","","",""
"2014077777","","0","0","0","0","0","0","0","0","0","0","0","","02","8","2014","1","40.467027","-80.024868","","11","0","0","0","0","0","0","0","0","2","0","0","0","","","0","","1","","40 28:01.298","4","0","80 01:29.526","0","0","0","0","2301","0","0","0","N","0","0","0","1","02301","0","","1.0","","1","N","N","","0","","0","0","1","","0","N","","1","0","1","0","0","0","0","2","0","1","","","","N","","","","","","","","","",""
"2014075479","","2","0","0","0","0","0","0","0","0","1","0","","02","8","2014","7","40.428752","-79.786995","","11","0","0","0","0","0","1","1","0","","0","0","0","","","0","","0","","40 25:43.507","","0","79 47:13.182","0","0","0","0","2446","0","0","0","N","0","0","0","6","02446","0","","1.0","","1","N","N","","1","","0","0","0","","0","","","3","0","1","0","0","0","0","2","0","3","","","","N","","","","","","","","","",""
"2014076256","","1","0","0","0","0","0","0","0","0","1","1","","02","8","2014","3","40.351023","-79.864964","","11","0","0","0","0","0","2","0","0","","0","1","0","","","2","","1","","40 21:03.684","","0","79 51:53.870","8","0","0","0","2304","0","0","0","N","0","0","0","3","02304","0","","1.0","","1","N","N","","0","","0","0","0","","2","","","2","2","0","0","0","2","0","2","0","2","","","","N","","","","","","","","","",""
"2014077919","","1","0","0","0","0","0","0","0","0","6","0","","02","8","2014","2","40.483684","-79.972946","","11","0","0","0","0","0","1","0","0","1","0","0","0","","","1","","0","","40 29:01.263","2","0","79 58:22.606","8","0","0","0","2445","0","0","0","N","0","0","0","1","02445","0","","1.0","","1","N","N","","0","","0","0","0","","0","N","","2","1","0","0","0","1","0","2","1","2","","","","N","","","","","","","","","",""
"2014077158","","1","0","0","0","0","0","0","0","0","7","0","","02","7","2014","3","40.504358","-80.137537","","11","0","0","0","0","0","0","0","0","1","0","0","0","","","0","","0","","40 30:15.687","1","0","80 08:15.133","0","0","0","0","2115","0","0","0","N","0","0","0","1","68B03","0","","4.0","","1","N","N","","0","","0","0","0","","0","N","","1","0","0","0","0","0","0","2","0","1","","","","N","","","","","","","","","",""
"2014077293","","0","0","0","0","0","0","0","0","0","7","0","","02","8","2014","6","40.455378","-79.71766","","11","0","0","0","0","0","0","0","0","2","0","0","0","","","0","","0","","40 27:19.360","3","0","79 43:03.577","0","0","0","0","2466","0","0","0","","0","0","0","2","02466","0","","4.0","","1","N","N","","0","","0","0","1","","0","N","","1","0","0","0","0","0","0","2","0","1","","","","N","","","","","","","","","",""
"2014076332","","1","0","0","0","0","0","0","0","0","1","0","","02","8","2014","3","40.379021","-79.923914","","11","0","0","0","0","0","1","0","0","1","0","0","0","","","1","","2","","40 22:44.476","4","0","79 55:26.090","8","0","0","0","2301","0","0","0","N","0","0","0","4","02301","0","","1.0","","1","N","N","","2","","0","0","0","","0","N","","3","1","0","0","0","1","0","2","0","3","","","","N","","","","","","","","","",""
"2014077147","","1","0","0","0","0","0","0","0","0","4","0","","02","8","2014","4","40.378225","-80.064701","","11","0","0","0","0","0","2","0","0","2","0","0","0","","","0","","1","","40 22:41.611","4","0","80 03:52.925","0","0","0","0","2109","0","0","0","N","0","0","0","2","02109","0","","1.0","","1","N","N","","0","","0","0","1","","2","N","","2","0","0","0","0","0","0","2","0","2","","","","N","","","","","","","","","",""
"2014077159","","0","0","0","0","0","0","0","0","0","0","0","","02","7","2014","1","40.569117","-80.090304","","11","0","0","0","0","0","0","0","0","2","0","0","0","","","1","","0","","40 34:08.820","2","0","80 05:25.094","8","0","0","0","2481","0","0","0","N","0","0","0","1","68B03","0","","1.0","","1","N","N","","1","","0","0","0","","0","N","","1","1","0","0","0","1","0","2","0","1","","","","N","","","","","","","","","",""
"2014077932","","4","0","0","0","0","0","0","0","0","1","0","","02","7","2014","6","40.530982","-80.190015","","11","0","0","0","0","0","0","0","1","","0","0","0","","","1","","5","","40 31:51.534","","0","80 11:24.055","4","0","0","0","2213","0","0","0","N","0","0","0","5","02213","1","","1.0","","1","N","N","","0","","0","0","0","","0","","","4","1","0","0","0","0","0","2","0","4","","","","N","","","","","","","","","",""
"2014077148","","1","0","0","0","0","0","0","0","0","1","1","","02","8","2014","5","40.536469","-80.184354","","11","0","0","0","0","0","0","0","0","1","0","1","0","","","1","","1","","40 32:11.287","2","0","80 11:03.675","3","0","0","0","2458","0","0","0","N","0","0","0","2","02458","0","","1.0","","1","N","N","","0","","1","0","0","","2","N","","2","1","0","0","0","0","0","2","0","2","","","","N","","","","","","","","","",""
"2014077160","","1","0","0","0","0","0","0","0","0","1","0","","02","7","2014","2","40.510529","-80.135698","","11","0","0","0","0","0","0","0","0","1","0","0","0","","","0","","0","","40 30:37.906","1","3","80 08:08.513","0","0","0","0","2115","0","0","0","N","0","0","0","2","68B03","0","","1.0","","1","N","N","","1","","0","0","0","","0","N","","2","0","0","0","0","0","0","2","0","2","","","","N","","","","","","","","","",""
"2014077933","","0","0","0","0","0","0","0","0","0","7","0","","02","7","2014","5","40.480519","-80.202458","","11","0","0","0","0","0","0","0","1","","0","0","0","","","0","","13","","40 28:49.867","","0","80 12:08.850","0","0","0","0","2213","0","0","0","N","0","0","0","1","02213","0","","3.0","","1","N","N","","1","","0","0","0","","0","","","1","0","0","0","0","0","0","2","0","1","","","","N","","","","","","","","","",""
"2014075710","","1","0","0","0","0","0","0","0","0","6","0","","02","8","2014","1","40.467383","-80.035438","","11","0","0","0","0","0","0","0","0","1","0","0","0","","","1","","0","","40 28:02.577","3","0","80 02:07.577","3","0","0","0","2301","0","0","0","N","0","0","0","1","02301","0","","1.0","","9","N","N","","0","","1","0","3","","0","N","","4","1","0","0","0","0","0","2","0","4","","","","N","","","","","","","","","",""
"2014076471","","2","0","0","0","0","0","0","0","0","4","0","","02","8","2014","3","40.348168","-79.947286","","11","0","0","0","0","0","1","1","0","2","0","0","0","","","4","","2","","40 20:53.403","6","7","79 56:50.231","8","0","0","0","2473","0","0","0","N","0","0","0","4","02473","0","","1.0","","1","N","N","","0","","0","0","1","","2","N","","3","4","0","0","0","4","0","2","0","3","","","","N","","","","","","","","","",""
"2014077295","","1","0","0","0","0","0","0","0","0","7","0","","02","7","2014","1","40.33104","-79.897678","","11","0","0","0","0","0","1","0","0","2","0","0","0","","","1","","0","","40 19:51.743","5","0","79 53:51.639","4","0","0","0","2473","0","0","0","Y","0","0","0","1","02473","1","","2.0","","9","N","N","","0","","0","0","0","","0","Y","","1","1","0","0","0","0","0","2","0","1","","","","N","","","","","","","","","",""
"2014077782","","1","0","0","0","0","0","0","0","0","8","0","","02","8","2014","1","40.435789","-79.961171","","11","0","0","0","0","0","1","0","0","","0","0","0","","","1","","1","","40 26:08.841","","0","79 57:40.215","3","0","0","0","2301","1","0","0","N","1","0","0","2","02301","0","","1.0","","1","N","N","","0","","1","0","0","","2","","","2","1","0","0","0","0","0","2","0","1","","","","N","","","","","","","","","",""
"2014075496","","4","0","0","0","0","0","0","0","0","1","0","","02","8","2014","7","40.458686","-79.957639","","11","0","0","0","0","0","1","0","2","","0","0","0","","","0","","0","","40 27:31.270","","0","79 57:27.500","0","0","0","0","2301","0","0","0","N","0","0","0","6","02301","0","","1.0","","1","N","N","","0","","0","0","0","","0","","","4","0","0","0","0","0","0","2","0","4","","","","N","","","","","","","","","",""
"2014076262","","2","0","0","0","0","0","0","0","0","4","0","","02","8","2014","2","40.58826","-80.048719","","11","0","0","0","0","0","1","0","0","1","0","0","0","","","0","","2","","40 35:17.736","1","0","80 02:55.387","0","0","0","0","2108","0","0","0","N","0","0","0","3","02108","0","","1.0","","1","N","N","","0","","0","0","0","","3","N","","2","0","0","0","0","0","0","2","0","2","","","","N","","","","","","","","","",""
"2014077161","","4","0","0","0","0","0","0","0","0","1","0","45","02","7","2014","5","40.426878","-79.919174","","11","0","0","0","1","1","1","0","0","","0","0","0","","","1","","0","","40 25:36.761","","0","79 55:09.028","4","0","0","0","2301","0","0","0","N","0","0","0","4","68B03","1","","1.0","","1","N","N","","0","","0","0","0","","0","","","4","1","0","0","0","0","0","2","0","4","","","N","Y","4","1","N","N","N","N","N","Y","N",""
"2014077934","","1","0","0","0","0","0","0","0","0","0","0","","02","7","2014","5","40.510752","-80.245176","","11","0","0","0","1","0","0","0","0","1","0","0","0","","","1","","0","","40 30:38.707","3","0","80 14:42.633","4","0","0","0","2213","0","0","0","N","0","0","0","1","02213","1","","4.0","","1","N","N","","0","","0","0","0","","0","N","","1","1","0","0","0","0","0","2","0","1","","","","N","","","","","","","","","",""
"2014077228","","0","0","0","0","0","0","0","0","0","4","0","","02","8","2014","6","40.398874","-80.025491","","11","0","0","0","0","0","0","0","0","","0","0","0","","","0","","0","","40 23:55.948","","7","80 01:31.769","0","0","0","0","2301","0","0","0","N","0","0","0","6","02301","0","","1.0","","1","N","N","","0","","0","0","2","","0","","","2","0","0","0","0","0","0","2","0","2","","","","N","","","","","","","","","",""
"2014077023","","3","0","0","0","0","0","0","0","0","1","0","","02","8","2014","4","40.46488","-79.979816","","11","0","0","0","0","0","0","0","0","1","0","0","0","","","3","","7","","40 27:53.567","4","2","79 58:47.337","8","0","0","0","2301","0","0","0","N","0","0","0","4","02301","0","","1.0","","1","N","N","","0","","0","0","1","","0","N","","4","3","0","0","0","3","0","2","0","4","","","","N","","","","","","","","","",""
"2014077797","","3","0","0","0","0","0","0","0","0","5","0","","02","8","2014","3","40.425954","-79.923529","","11","0","0","0","0","0","0","0","0","2","0","0","0","","","1","","0","","40 25:33.434","2","0","79 55:24.704","8","0","0","0","2301","0","0","0","N","0","0","0","2","02301","0","","4.0","","1","N","N","","1","","0","0","0","","0","N","","4","1","2","0","0","1","0","2","0","4","","","","N","","","","","","","","","",""
"2014076263","","1","0","0","0","0","0","0","0","0","1","0","","02","8","2014","2","40.449814","-80.140577","","11","0","0","0","0","0","1","0","0","","0","0","0","","","0","","0","","40 26:59.330","","0","80 08:26.076","0","0","0","0","2115","0","0","0","N","0","0","0","4","02115","0","","1.0","","1","N","N","","0","","0","0","1","","2","","","2","0","0","0","0","0","0","2","0","2","","","","N","","","","","","","","","",""
"2014076335","","1","0","0","0","0","0","0","0","0","4","0","","02","8","2014","3","40.408172","-80.032773","","11","0","0","0","0","0","1","0","0","3","0","0","0","","","0","","0","","40 24:29.418","2","0","80 01:57.982","0","0","0","0","2301","0","0","0","N","0","0","0","2","02301","0","","1.0","","1","N","N","","0","","0","0","1","","0","N","","2","0","0","0","0","0","0","2","0","2","","","","N","","","","","","","","","",""
"2014077162","","1","0","0","0","0","0","0","0","0","1","0","","02","8","2014","1","40.431713","-80.024612","","11","0","0","0","1","0","0","0","0","2","0","0","0","","","1","","0","","40 25:54.167","3","0","80 01:28.603","8","0","0","0","2301","0","0","0","N","0","0","0","5","68B03","0","","1.0","","9","N","N","","0","","0","0","2","","0","N","","3","1","0","0","0","1","0","2","0","3","","","","N","","","","","","","","","",""
"2014077935","","2","0","0","0","0","0","0","0","0","7","0","","02","8","2014","3","40.52117","-80.185985","","11","0","1","0","0","0","0","0","0","2","0","0","0","","","1","","0","","40 31:16.211","5","0","80 11:09.547","4","0","0","0","2213","0","0","0","N","0","0","0","4","02213","1","","4.0","","1","N","N","","0","","0","0","0","","0","N","","2","1","0","0","0","0","0","2","0","2","","","","N","","","","","","","","","",""
"2014075646","","2","0","0","0","0","0","0","0","0","4","0","","02","8","2014","7","40.433303","-79.760248","","11","0","0","0","0","0","0","0","1","","0","0","0","","","0","","2","","40 25:59.890","","0","79 45:36.893","0","0","0","0","2446","0","0","0","N","0","0","0","3","02446","0","","1.0","","1","N","N","","0","","0","0","0","","3","","","2","0","0","0","0","0","0","2","0","2","","","","N","","","","","","","","","",""
"2014077784","","1","0","0","0","0","0","0","0","0","7","0","","02","8","2014","1","40.672429","-80.021635","","11","0","0","1","0","0","0","0","0","","0","0","0","","","1","","2","","40 40:20.744","","0","80 01:17.886","4","0","0","0","2216","0","0","0","N","0","0","0","2","02505","1","","5.0","","1","N","N","","0","","0","0","0","","3","","","1","1","0","0","0","0","0","2","0","1","","","","N","","","","","","","","","",""
"2014077798","","1","0","0","0","0","0","0","0","0","4","0","","02","4","2014","6","40.496174","-79.921509","","11","0","0","0","0","0","1","0","0","3","0","0","0","","","0","","2","","40 29:46.226","7","0","79 55:17.432","0","0","0","0","2461","0","0","0","N","0","0","0","2","02461","0","","5.0","","1","N","N","","1","","0","0","0","","0","N","","2","0","0","0","0","0","0","2","0","2","","","","N","","","","","","","","","",""
"2014077163","","0","0","0","0","0","0","0","0","0","1","0","","02","8","2014","1","40.418108","-80.088184","","11","0","0","0","0","0","0","0","0","","0","0","0","","","1","","0","","40 25:05.188","","0","80 05:17.461","8","0","0","0","2457","0","0","0","N","0","0","0","3","68B03","0","","1.0","","9","N","N","","0","","0","0","2","","0","","","2","1","1","0","0","1","0","2","0","2","","","","N","","","","","","","","","",""
"2014077936","","2","0","0","0","0","0","0","0","0","4","0","","02","8","2014","6","40.506107","-80.208282","","11","0","0","0","0","0","0","0","0","2","0","0","0","","","2","","0","","40 30:21.986","3","7","80 12:29.815","4","0","0","0","2213","0","0","0","N","0","0","0","3","02213","2","","1.0","","1","N","N","","0","","0","0","0","","3","Y","","2","2","0","0","0","0","0","2","0","2","","","","N","","","","","","","","","",""
"2014075713","","1","0","0","0","0","0","0","0","0","7","0","","02","8","2014","1","40.438552","-80.005748","","11","0","0","0","0","0","0","0","0","2","0","0","0","","","0","","6","","40 26:18.786","1","2","80 00:20.693","9","0","0","0","2301","0","0","0","N","0","0","0","1","02301","0","","7.0","","9","N","N","","0","","0","0","0","","0","N","","1","0","0","0","0","0","1","2","0","1","","","","N","","","","","","","","","",""