"CRN","ARRIVAL_TM","AUTOMOBILE_COUNT","BELTED_DEATH_COUNT","BELTED_SUSP_SERIOUS_INJ_COUNT","BICYCLE_COUNT","BICYCLE_DEATH_COUNT","BICYCLE_SUSP_SERIOUS_INJ_COUNT","BUS_COUNT","CHLDPAS_DEATH_COUNT","CHLDPAS_SUSP_SERIOUS_INJ_COUNT","COLLISION_TYPE","COMM_VEH_COUNT","CONS_ZONE_SPD_LIM","COUNTY","CRASH_MONTH","CRASH_YEAR","DAY_OF_WEEK","DEC_LATITUDE","DEC_LONGITUDE","DISPATCH_TM","DISTRICT","DRIVER_COUNT_16YR","DRIVER_COUNT_17YR","DRIVER_COUNT_18YR","DRIVER_COUNT_19YR","DRIVER_COUNT_20YR","DRIVER_COUNT_50_64YR","DRIVER_COUNT_65_74YR","DRIVER_COUNT_75PLUS","EST_HRS_CLOSED","FATAL_COUNT","HEAVY_TRUCK_COUNT","HORSE_BUGGY_COUNT","HOUR_OF_DAY","ILLUMINATION","INJURY_COUNT","INTERSECTION_RELATED","INTERSECT_TYPE","LANE_CLOSED","LATITUDE","LN_CLOSE_DIR","LOCATION_TYPE","LONGITUDE","MAX_SEVERITY_LEVEL","MCYCLE_DEATH_COUNT","MCYCLE_SUSP_SERIOUS_INJ_COUNT","MOTORCYCLE_COUNT","MUNICIPALITY","NONMOTR_COUNT","NONMOTR_DEATH_COUNT","NONMOTR_SUSP_SERIOUS_INJ_COUNT","NTFY_HIWY_MAINT","PED_COUNT","PED_DEATH_COUNT","PED_SUSP_SERIOUS_INJ_COUNT","PERSON_COUNT","POLICE_AGCY","POSSIBLE_INJ_COUNT","RDWY_SURF_TYPE_CD","RELATION_TO_ROAD","ROADWAY_CLEARED","ROAD_CONDITION","SCH_BUS_IND","SCH_ZONE_IND","SECONDARY_CRASH","SMALL_TRUCK_COUNT","SPEC_JURIS_CD","SUSP_MINOR_INJ_COUNT","SUSP_SERIOUS_INJ_COUNT","SUV_COUNT","TCD_FUNC_CD","TCD_TYPE","TFC_DETOUR_IND","TIME_OF_DAY","TOTAL_UNITS","TOT_INJ_COUNT","UNBELTED_OCC_COUNT","UNB_DEATH_COUNT","UNB_SUSP_SERIOUS_INJ_COUNT","UNK_INJ_DEG_COUNT","UNK_INJ_PER_COUNT","URBAN_RURAL","VAN_COUNT","VEHICLE_COUNT","WEATHER1","WEATHER2","WORKERS_PRES","WORK_ZONE_IND","WORK_ZONE_LOC","WORK_ZONE_TYPE","WZ_CLOSE_DETOUR","WZ_FLAGGER","WZ_LAW_OFFCR_IND","WZ_LN_CLOSURE","WZ_MOVING","WZ_OTHER","WZ_SHLDER_MDN","WZ_WORKERS_INJ_KILLED"
"2014077625","","2","0","0","0","0","0","0","0","0","1","0","","02","8","2014","7","40.532779","-79.848026","","11","0","0","0","0","0","0","0","0","","0","0","0","","","3","","0","","40 31:58.004","","0","79 50:52.893","4","0","0","0","2208","0","0","0","N","0","0","0","4","68D02","3","","1.0","","9","N","N","","0","","0","0","0","","0","","","2","3","1","0","0","0","0","2","0","2","","","","N","","","","","","","","","",""
"2014075833","","1","0","0","0","0","0","0","0","0","1","0","45","02","7","2014","3","40.425843","-79.912196","","11","0","0","0","0","0","0","0","0","","0","0","0","","","0","","0","","40 25:33.034","","4","79 54:43.905","0","0","0","0","2301","0","0","0","N","0","0","0","2","68B03","0","","1.0","","1","N","N","","0","","0","0","1","","0","","","2","0","0","0","0","0","0","2","0","2","","","Y","Y","4","1","N","N","N","Y","N","N","N",""
"2014076602","","1","0","0","0","0","0","0","0","0","7","0","","02","8","2014","4","40.493084","-80.048197","","11","0","0","0","0","0","0","0","0","2","0","0","0","","","0","","2","","40 29:35.102","5","0","80 02:53.509","0","0","0","0","2404","0","0","0","","0","0","0","1","02404","0","","4.0","","1","","","","0","","0","0","0","","0","Y","","1","0","1","0","0","0","0","2","0","1","","","","N","","","","","","","","","",""
"2014075834","","0","0","0","0","0","0","0","0","0","1","0","","02","7","2014","2","40.445614","-80.164631","","11","0","0","0","0","0","0","0","0","","0","0","0","","","0","","0","","40 26:44.210","","0","80 09:52.672","0","0","0","0","2115","0","0","0","N","0","0","0","2","68B03","0","","1.0","","1","N","N","","2","","0","0","0","","0","","","2","0","0","0","0","0","0","2","0","2","","","","N","","","","","","","","","",""
"2014075125","","1","0","0","0","0","0","0","0","0","8","0","","02","8","2014","6","40.351378","-79.866678","","11","0","0","0","0","0","0","0","0","","0","0","0","","","1","","1","","40 21:04.959","","0","79 52:00.040","8","0","0","0","2304","1","0","0","N","1","0","0","2","02304","0","","1.0","","1","N","N","","0","","0","0","0","","2","","","2","1","0","0","0","1","0","2","0","1","","","","N","","","","","","","","","",""
"2014076670","","0","0","1","0","0","0","0","0","0","7","1","","02","7","2014","6","40.520536","-80.130783","","11","0","0","0","0","0","1","0","0","3","0","1","0","","","1","","0","","40 31:13.931","1","8","80 07:50.817","2","0","0","0","2434","0","0","0","Y","0","0","0","1","68B03","0","","9.0","","1","N","N","","0","","0","1","0","","0","Y","","1","1","0","0","0","0","0","2","0","1","","","","N","","","","","","","","","",""
"2014075188","","2","0","0","0","0","0","0","0","0","4","0","","02","7","2014","6","40.515651","-80.023328","","11","0","0","0","0","0","2","0","0","1","0","0","0","","","1","","2","","40 30:56.343","6","0","80 01:23.980","3","0","0","0","2474","0","0","0","N","0","0","0","2","02474","0","","1.0","","1","N","N","","0","","1","0","0","","3","Y","","2","1","0","0","0","0","0","2","0","2","","","","N","","","","","","","","","",""
"2014075324","","2","0","0","0","0","0","0","0","0","1","0","","02","8","2014","6","40.333546","-79.802882","","11","0","0","0","0","0","1","0","0","2","0","0","0","","","0","","0","","40 20:00.764","3","0","79 48:10.376","0","0","0","0","2477","0","0","0","N","0","0","0","3","02477","0","","1.0","","1","N","N","","0","","0","0","0","","0","N","","2","0","0","0","0","0","0","2","0","2","","","","N","","","","","","","","","",""
"2014076535","","2","0","0","0","0","0","0","0","0","4","0","","02","8","2014","4","40.458948","-79.928416","","11","0","0","0","0","0","0","0","0","","0","0","0","","","0","","0","","40 27:32.213","","7","79 55:42.297","0","0","0","0","2301","0","0","0","N","0","0","0","2","02301","0","","1.0","","1","N","N","","0","","0","0","0","","0","","","2","0","0","0","0","0","0","2","0","2","","","","N","","","","","","","","","",""
"2014077422","","1","0","0","0","0","0","0","0","0","5","1","","02","6","2014","6","40.403749","-80.107051","","11","0","0","0","0","0","0","0","0","2","0","1","0","","","1","","0","","40 24:13.497","2","0","80 06:25.384","4","0","0","0","2102","0","0","0","Y","0","0","0","2","68B03","1","","1.0","","1","N","N","","0","","0","0","0","","0","N","","2","1","0","0","0","0","0","2","0","2","","","","N","","","","","","","","","",""
"2014076671","","1","0","0","0","0","0","0","0","0","1","0","","02","7","2014","2","40.587483","-80.099782","","11","0","0","0","0","0","0","1","0","1","0","0","0","","","2","","0","","40 35:14.939","2","0","80 05:59.215","8","0","0","0","2481","0","0","0","Y","0","0","0","3","68B03","0","","1.0","","9","N","N","","0","","0","0","1","","0","N","","3","2","0","0","0","2","1","2","0","3","","","","N","","","","","","","","","",""
"2014077497","","1","0","0","0","0","0","0","0","0","8","0","","02","8","2014","7","40.567997","-80.212545","","11","0","0","0","0","0","0","1","0","","0","0","0","","","1","","0","","40 34:04.789","","0","80 12:45.162","4","0","0","0","2441","1","0","0","N","1","0","0","2","02441","1","","1.0","","1","N","N","","0","","0","0","0","","0","","","2","1","0","0","0","0","0","2","0","1","","","","N","","","","","","","","","",""
"2014075264","","0","0","0","0","0","0","0","0","0","1","2","","02","7","2014","6","40.573514","-79.788005","","11","0","0","0","0","0","1","0","0","3","0","2","0","","","0","","0","","40 34:24.650","2","0","79 47:16.818","0","0","0","0","2206","0","0","0","N","0","0","0","2","68D02","0","","1.0","","1","N","N","","0","","0","0","0","","0","N","","2","0","0","0","0","0","0","2","0","2","","","","N","","","","","","","","","",""
"2014076536","","1","0","0","0","0","0","0","0","0","7","0","","02","8","2014","4","40.462577","-79.921491","","11","0","0","0","0","0","0","0","0","","0","0","0","","","1","","0","","40 27:45.278","","7","79 55:17.367","4","0","0","0","2301","0","0","0","N","0","0","0","1","02301","1","","4.0","","1","N","N","","0","","0","0","0","","0","","","1","1","0","0","0","0","0","2","0","1","","","","N","","","","","","","","","",""
"2014077423","","2","0","0","0","0","0","0","0","0","1","0","","02","7","2014","3","40.522398","-80.132558","","11","0","0","0","0","0","1","0","0","","0","0","0","","","0","","3","","40 31:20.633","","2","80 07:57.208","0","0","0","0","2434","0","0","0","N","0","0","0","2","68B03","0","","1.0","","1","N","N","","0","","0","0","0","","4","","","2","0","0","0","0","0","0","1","0","2","","","","N","","","","","","","","","",""
"2014076672","","0","0","0","0","0","0","0","0","0","7","0","","02","7","2014","4","40.438765","-80.15264","","11","0","0","0","0","0","1","0","0","","0","0","0","","","0","","0","","40 26:19.554","","0","80 09:09.504","0","0","0","0","2115","0","0","0","N","0","0","0","1","68B03","0","","1.0","","1","N","N","","0","","0","0","1","","0","","","1","0","0","0","0","0","0","2","0","1","","","","N","","","","","","","","","",""
"2014076537","","1","0","0","0","0","0","0","0","0","2","1","90","02","8","2014","3","40.519211","-79.861628","","11","0","0","0","0","0","0","0","0","9","0","1","0","","","0","","0","","40 31:09.160","2","0","79 51:41.860","0","0","0","0","2112","0","0","0","N","0","0","0","0","02112","0","","1.0","","1","N","N","","0","","0","0","0","","0","N","","2","0","0","0","0","0","0","2","0","2","","","Y","Y","8","8","","","N","Y","","","",""
"2014077424","","0","0","0","0","0","0","0","0","0","7","0","","02","7","2014","3","40.442696","-79.81168","","11","0","0","0","0","0","0","0","0","2","0","0","0","","","0","","0","","40 26:33.707","3","0","79 48:42.049","0","0","0","0","2113","0","0","0","N","0","0","0","1","68B03","0","","4.0","","1","N","N","","1","","0","0","0","","0","N","","1","0","0","0","0","0","0","2","0","1","","","","N","","","","","","","","","",""
"2014076673","","2","0","0","0","0","0","0","0","0","4","0","","02","7","2014","4","40.635267","-80.098217","","11","0","0","0","0","0","0","0","0","1","0","0","0","","","0","","0","","40 38:06.962","2","0","80 05:53.582","0","0","0","0","2212","0","0","0","Y","0","0","0","2","68B03","0","","1.0","","1","N","N","","0","","0","0","0","","0","N","","2","0","0","0","0","0","0","2","0","2","","","","N","","","","","","","","","",""
"2014077569","","1","0","0","0","0","0","0","0","0","1","0","","02","7","2014","4","40.494688","-79.905367","","11","0","0","0","0","0","0","0","0","3","0","0","0","","","2","","0","","40 29:40.877","2","0","79 54:19.322","8","0","0","0","2401","0","0","0","N","0","0","0","3","68D02","0","","1.0","","1","N","N","","0","","0","0","1","","0","N","","3","2","0","0","0","2","0","2","1","3","","","","N","","","","","","","","","",""
"2014075774","","1","0","0","0","0","0","0","0","0","1","0","","02","8","2014","1","40.43434","-79.918759","","11","0","0","0","0","0","0","0","0","","0","0","0","","","0","","1","","40 26:03.624","","0","79 55:07.532","0","0","0","0","2301","0","0","0","N","0","0","0","3","02301","0","","1.0","","1","N","N","","0","","0","0","1","","0","","","2","0","0","0","0","0","0","2","0","2","","","","N","","","","","","","","","",""
"2014076607","","1","0","0","0","0","0","0","0","0","7","0","","02","8","2014","3","40.464714","-79.852788","","11","0","0","0","0","0","2","0","0","2","0","0","0","","","1","","0","","40 27:52.972","3","0","79 51:10.036","3","0","0","0","2113","0","0","0","N","0","0","0","3","02113","0","","2.0","","1","N","N","","0","","1","0","1","","0","N","","2","1","0","0","0","0","0","2","0","2","","","","N","","","","","","","","","",""
"2014077425","","0","0","0","0","0","0","0","0","0","7","0","45","02","8","2014","1","40.419792","-80.09109","","11","0","0","0","0","0","0","0","0","2","0","0","0","","","0","","0","","40 25:11.251","4","0","80 05:27.924","0","0","0","0","2457","0","0","0","N","0","0","0","1","68B03","0","","3.0","","9","N","N","","1","","0","0","0","","0","N","","1","0","0","0","0","0","0","2","0","1","","","N","Y","4","1","N","N","N","Y","N","N","N",""
"2014076674","","2","0","0","0","0","0","0","0","0","1","0","","02","7","2014","1","40.435062","-79.998783","","11","0","0","0","0","1","0","0","0","","0","0","0","","","0","","0","","40 26:06.222","","0","79 59:55.617","0","0","0","0","2301","0","0","0","N","0","0","0","2","68B03","0","","1.0","","1","N","N","","0","","0","0","0","","0","","","2","0","0","0","0","0","0","2","0","2","","","","N","","","","","","","","","",""
"2014077500","","2","0","0","0","0","0","0","0","0","1","0","","02","8","2014","7","40.405413","-80.083654","","11","0","0","0","0","0","1","0","1","1","0","0","0","","","0","","0","","40 24:19.488","3","0","80 05:01.156","0","0","0","0","2415","0","0","0","N","0","0","0","3","02415","0","","1.0","","1","N","N","","1","","0","0","0","","0","N","","3","0","0","0","0","0","0","2","0","3","","","","N","","","","","","","","","",""
"2014076675","","0","0","0","0","0","0","0","0","0","1","0","35","02","8","2014","7","40.437781","-80.198811","","11","0","0","1","1","0","0","0","0","","0","0","0","","","1","","0","","40 26:16.010","","0","80 11:55.721","4","0","0","0","2214","0","0","0","N","0","0","0","9","68B03","1","","1.0","","1","N","N","","1","","0","0","1","","8","","","2","1","0","0","0","0","0","2","0","2","","","N","Y","2","1","N","N","N","Y","N","N","N",""
"2014076044","","1","0","0","0","0","0","0","0","0","1","0","","02","7","2014","5","40.525438","-80.130768","","11","0","0","0","0","0","0","0","0","","0","0","0","","","0","","0","","40 31:31.575","","0","80 07:50.763","0","0","0","0","2125","0","0","0","N","0","0","0","2","68B03","0","","1.0","","1","N","N","","0","","0","0","1","","0","","","2","0","0","0","0","0","0","2","0","2","","","","N","","","","","","","","","",""
"2014076676","","2","0","0","0","0","0","0","0","0","1","0","","02","8","2014","1","40.442678","-79.81462","","11","0","0","0","0","0","0","1","0","2","0","0","0","","","1","","0","","40 26:33.639","3","0","79 48:52.631","4","0","0","0","2113","0","0","0","N","0","0","0","3","68B03","1","","1.0","","9","N","N","","0","","0","0","0","","0","N","","2","1","0","0","0","0","0","2","0","2","","","","N","","","","","","","","","",""
"2014077502","","1","0","0","0","0","0","0","0","0","1","0","","02","8","2014","7","40.448216","-80.004634","","11","0","0","0","0","0","1","0","0","","0","0","0","","","0","","0","","40 26:53.579","","0","80 00:16.683","0","0","0","0","2301","0","0","0","N","0","0","0","2","02301","0","","1.0","","1","N","N","","0","","0","0","1","","0","","","2","0","0","0","0","0","0","2","0","2","","","","N","","","","","","","","","",""
"2014076045","","2","0","0","0","0","0","0","0","0","1","0","","02","8","2014","6","40.340971","-80.127757","","11","0","1","0","0","0","0","0","1","","0","0","0","","","1","","0","","40 20:27.496","","0","80 07:39.924","4","0","0","0","2119","0","0","0","N","0","0","0","9","68B03","1","","1.0","","1","N","N","","1","","0","0","1","","0","","","4","1","0","0","0","0","0","2","0","4","","","","N","","","","","","","","","",""
"2014076689","","1","1","0","0","0","0","0","0","0","1","1","","02","1","2014","2","40.652663","-79.724639","","11","0","0","0","0","0","0","0","0","4","1","1","0","","","0","","0","","40 39:09.588","1","3","79 43:28.702","1","0","0","0","2106","0","0","0","Y","0","0","0","1","68D02","0","1","2.0","","2","N","N","","0","0","0","0","0","","0","Y","","2","0","0","0","0","0","0","2","0","2","","","","N","","","","","","","","","",""
"2014076124","","4","0","0","0","0","0","0","0","0","1","0","","02","8","2014","6","40.414815","-80.06164","","11","0","0","0","0","0","0","0","0","1","0","0","0","","","0","","0","","40 24:53.334","3","0","80 03:41.904","0","0","0","0","2435","0","0","0","N","0","0","0","5","68B03","0","","1.0","","1","N","N","","0","","0","0","0","","0","N","","4","0","0","0","0","0","0","2","0","4","","","","N","","","","","","","","","",""
"2014073187","","0","0","0","0","0","0","0","0","0","4","0","","02","7","2014","6","40.463167","-79.927444","","11","0","0","0","0","0","1","0","0","","0","0","0","","","0","","0","","40 27:47.400","","7","79 55:38.800","0","0","0","0","2301","0","0","0","N","0","0","0","2","02301","0","","1.0","","1","N","N","","1","","0","0","1","","0","","","2","0","0","0","0","0","0","2","0","2","","","","N","","","","","","","","","",""
"2014075910","","2","0","0","0","0","0","0","0","0","4","0","","02","8","2014","7","40.447024","-80.167608","","11","0","0","0","0","1","0","0","0","1","0","0","0","","","0","","2","","40 26:49.288","3","2","80 10:03.388","0","0","0","0","2115","0","0","0","N","0","0","0","2","02115","0","","1.0","","1","N","N","","0","","0","0","0","","2","N","","2","0","0","0","0","0","0","2","0","2","","","","N","","","","","","","","","",""
"2014076678","","1","0","0","0","0","0","0","0","0","4","0","","02","8","2014","1","40.442689","-79.814447","","11","0","0","0","0","0","0","0","0","2","0","0","0","","","0","","0","","40 26:33.679","3","0","79 48:52.009","0","0","0","0","2113","0","0","0","N","0","0","0","3","68B03","0","","1.0","","9","N","N","","1","","0","0","0","","0","N","","3","0","0","0","0","0","0","2","0","3","","","","N","","","","","","","","","",""
"2014076048","","0","0","0","0","0","0","0","0","0","1","0","","02","8","2014","2","40.478908","-80.043019","","11","0","0","0","0","0","1","0","0","","0","0","0","","","1","","1","","40 28:44.067","","3","80 02:34.868","4","0","0","0","2301","0","0","0","N","0","0","0","3","02301","1","","1.0","","1","N","N","","1","","0","0","1","","2","","","2","1","0","0","0","0","0","2","0","2","","","","N","","","","","","","","","",""
"2014076125","","1","0","0","0","0","0","0","0","0","1","0","","02","8","2014","6","40.441931","-80.15887","","11","0","1","0","0","0","1","0","0","","0","0","0","","","0","","0","","40 26:30.950","","0","80 09:31.932","0","0","0","0","2115","0","0","0","N","0","0","0","3","68B03","0","","1.0","","1","N","N","","0","","0","0","1","","0","","","2","0","0","0","0","0","0","2","0","2","","","","N","","","","","","","","","",""
"2014075911","","1","0","0","0","0","0","0","0","0","1","0","","02","7","2014","2","40.49862","-80.207823","","11","0","0","0","0","0","1","0","0","","0","0","0","","","0","","1","","40 29:55.032","","0","80 12:28.164","0","0","0","0","2213","0","0","0","N","0","0","0","2","02213","0","","1.0","","1","N","N","","0","","0","0","1","","3","","","2","0","0","0","0","0","0","2","0","2","","","","N","","","","","","","","","",""
"2014076126","","1","0","0","0","0","0","0","0","0","7","0","","02","8","2014","1","40.592951","-80.095733","","11","0","0","0","0","0","0","0","0","1","0","0","0","","","0","","0","","40 35:34.622","1","0","80 05:44.637","0","0","0","0","2481","0","0","0","N","0","0","0","2","68B03","0","","2.0","","9","N","N","","0","","0","0","0","","0","N","","1","0","0","0","0","0","0","2","0","1","","","","N","","","","","","","","","",""
"2014075912","","2","0","0","0","0","0","0","0","0","1","0","","02","7","2014","2","40.499035","-80.202901","","11","0","1","0","0","0","1","0","0","","0","0","0","","","0","","0","","40 29:56.527","","0","80 12:10.444","0","0","0","0","2213","0","0","0","N","0","0","0","2","02213","0","","1.0","","9","N","N","","0","","0","0","0","","0","","","2","0","0","0","0","0","0","2","0","2","","","","N","","","","","","","","","",""
"2014076692","","0","0","0","0","0","0","0","0","0","7","0","","02","7","2014","7","40.491068","-79.876421","","11","0","0","0","0","0","0","1","0","3","1","0","0","","","0","","0","","40 29:27.844","2","0","79 52:35.114","1","1","0","1","2112","0","0","0","N","0","0","0","1","68D02","0","2","3.0","","9","N","N","","0","0","0","0","0","","0","Y","","1","0","0","0","0","0","0","2","0","1","","","","N","","","","","","","","","",""
"2014076127","","1","0","0","0","0","0","0","0","0","7","0","","02","8","2014","1","40.423743","-80.106373","","11","0","0","0","0","0","0","0","0","2","0","0","0","","","0","","0","","40 25:25.475","2","0","80 06:22.944","0","0","0","0","2115","0","0","0","Y","0","0","0","1","68B03","0","","4.0","","9","N","N","","0","","0","0","0","","0","N","","1","0","0","0","0","0","0","2","0","1","","","","N","","","","","","","","","",""
"2014076547","","1","0","0","0","0","0","0","0","0","1","0","","02","8","2014","3","40.379663","-79.981733","","11","0","0","0","0","0","1","0","0","1","0","0","0","","","0","","2","","40 22:46.786","7","0","79 58:54.238","0","0","0","0","2413","0","0","0","N","0","0","0","1","02413","0","","2.0","","1","N","N","","0","","0","0","1","","3","N","","2","0","0","0","0","0","0","2","0","2","","","","N","","","","","","","","","",""
"2014075913","","1","0","0","0","0","0","0","0","0","7","0","","02","7","2014","2","40.50497","-80.188197","","11","0","0","0","0","0","0","0","0","","0","0","0","","","0","","0","","40 30:17.893","","0","80 11:17.508","0","0","0","0","2213","0","0","0","N","0","0","0","1","02213","0","","4.0","","9","N","N","","0","","0","0","0","","0","","","1","0","0","0","0","0","0","2","0","1","","","","N","","","","","","","","","",""
"2014075347","","2","0","0","0","0","0","0","0","0","5","0","","02","8","2014","6","40.498644","-79.837364","","11","0","0","0","0","0","0","0","1","1","0","0","0","","","1","","0","","40 29:55.120","5","0","79 50:14.510","2","0","1","1","2113","0","0","0","N","0","0","0","2","02113","0","","5.0","","1","N","N","","0","","0","1","1","","0","N","","4","1","0","0","0","0","0","2","0","4","","","","N","","","","","","","","","",""
"2014076128","","1","0","0","0","0","0","0","0","0","7","0","","02","8","2014","1","40.442686","-79.814489","","11","0","0","0","0","1","0","0","0","","0","0","0","","","2","","0","","40 26:33.669","","0","79 48:52.159","3","0","0","1","2113","0","0","0","N","0","0","0","3","68B03","0","","2.0","","9","N","N","","0","","1","0","0","","0","","","2","2","0","0","0","1","0","2","0","2","","","","N","","","","","","","","","",""
"2014077978","","1","0","0","0","0","0","0","0","0","2","0","","02","8","2014","1","40.485467","-79.972211","","11","0","0","0","0","0","0","0","0","1","0","0","0","","","1","","2","","40 29:07.682","5","0","79 58:19.960","4","0","0","0","2445","0","0","0","N","0","0","0","3","02445","1","","1.0","","1","N","N","","0","","0","0","1","","0","Y","","2","1","1","0","0","0","0","2","0","2","","","","N","","","","","","","","","",""
"2014075914","","1","0","0","1","0","0","0","0","0","8","0","","02","7","2014","4","40.299298","-80.047476","","11","0","0","0","0","0","0","0","1","","0","0","0","","","1","","1","","40 17:57.474","","0","80 02:50.915","4","0","0","0","2407","1","0","0","N","0","0","0","2","02407","1","","1.0","","1","N","N","","0","","0","0","0","","0","","","2","1","0","0","0","0","0","2","0","1","","","","N","","","","","","","","","",""
"2014077511","","2","0","0","0","0","0","0","0","0","5","0","","02","8","2014","7","40.411281","-79.994643","","11","1","0","0","0","0","0","0","0","2","0","0","0","","","0","","0","","40 24:40.611","7","0","79 59:40.714","9","0","0","0","2301","0","0","0","N","0","0","0","1","02301","0","","1.0","","1","N","N","","0","","0","0","1","","0","N","","4","0","0","0","0","0","1","2","0","3","","","","N","","","","","","","","","",""
"2014077591","","1","0","0","0","0","0","0","0","0","4","0","","02","8","2014","6","40.503278","-79.947658","","11","0","0","0","0","0","0","0","0","","0","0","0","","","0","","1","","40 30:11.802","","0","79 56:51.568","0","0","0","0","2430","0","0","0","N","0","0","0","2","02430","0","","1.0","","1","N","N","","0","","0","0","1","","2","","","2","0","0","0","0","0","0","2","0","2","","","","N","","","","","","","","","",""
"2014076064","","1","0","0","0","0","0","0","0","0","7","0","","02","8","2014","2","40.4571","-79.877697","","11","0","0","0","0","0","0","0","0","","0","0","0","","","0","","2","","40 27:25.559","","0","79 52:39.708","0","0","0","0","2301","0","0","0","","0","0","0","1","02301","0","","4.0","","1","","","","0","","0","0","0","","2","","","1","0","0","0","0","0","0","2","0","1","","","","N","","","","","","","","","",""
"2014077980","","2","0","0","0","0","0","0","0","0","1","0","","02","8","2014","2","40.382497","-79.929189","","11","0","0","0","0","0","0","1","0","","0","0","0","","","0","","0","","40 22:56.990","","0","79 55:45.079","0","0","0","0","2301","0","0","0","N","0","0","0","3","02301","0","","1.0","","1","N","N","","0","","0","0","0","","0","","","2","0","0","0","0","0","0","2","0","2","","","","N","","","","","","","","","",""
"2014076066","","1","0","0","0","0","0","0","0","0","8","0","","02","8","2014","2","40.452349","-79.983949","","11","0","0","0","0","0","0","0","0","","0","0","0","","","1","","1","","40 27:08.456","","0","79 59:02.216","4","0","0","0","2301","1","0","0","N","1","0","0","2","02301","1","","1.0","","1","N","N","","0","","0","0","0","","0","","","2","1","0","0","0","0","1","2","0","1","","","","N","","","","","","","","","",""
"2014076553","","0","0","0","1","0","0","0","0","0","8","0","","02","8","2014","4","40.462819","-79.957327","","11","0","0","0","0","1","0","0","0","","0","0","0","","","1","","1","","40 27:46.148","","0","79 57:26.377","3","0","0","0","2301","1","0","0","N","0","0","0","3","02301","0","","1.0","","1","N","N","","1","","1","0","0","","2","","","2","1","0","0","0","0","0","2","0","1","","","","N","","","","","","","","","",""
"2014077657","","0","0","0","0","0","0","0","0","0","7","0","","02","8","2014","7","40.273743","-79.895345","","11","0","0","0","0","0","0","0","0","3","0","0","0","","","0","","0","","40 16:25.473","1","0","79 53:43.242","0","0","0","0","2471","0","0","0","Y","0","0","0","1","02428","0","","4.0","","1","N","N","","0","","0","0","1","","0","Y","","1","0","0","0","0","0","0","2","0","1","","","","N","","","","","","","","","",""
"2014076624","","1","0","0","0","0","0","0","0","0","1","0","","02","8","2014","4","40.488518","-79.936855","","11","0","0","0","0","0","0","0","0","","0","0","0","","","1","","2","","40 29:18.663","","0","79 56:12.677","8","0","0","0","2301","0","0","0","N","0","0","0","2","02301","0","","1.0","","1","N","N","","0","","0","0","0","","2","","","2","1","0","0","0","1","0","2","1","2","","","","N","","","","","","","","","",""
"2014076761","","2","0","0","0","0","0","0","0","0","4","0","","02","8","2014","4","40.45289","-79.920715","","11","0","0","0","0","0","0","0","0","1","0","0","0","","","2","","1","","40 27:10.404","2","0","79 55:14.574","3","0","0","0","2301","0","0","0","N","0","0","0","3","02301","1","","1.0","","1","N","N","","0","","1","0","0","","2","N","","2","2","0","0","0","0","0","2","0","2","","","","N","","","","","","","","","",""
"2014075155","","1","0","0","0","0","0","0","0","0","7","0","","02","8","2014","6","40.428983","-79.931649","","11","0","0","0","0","0","1","0","0","1","0","0","0","","","1","","0","","40 25:44.337","4","2","79 55:53.938","4","0","0","0","2301","0","0","0","N","0","0","0","2","02301","1","","3.0","","1","N","N","","0","","0","0","0","","0","N","","1","1","0","0","0","0","0","2","0","1","","","","N","","","","","","","","","",""
"2014077596","","1","0","0","0","0","0","0","0","0","7","0","","02","8","2014","7","40.364724","-79.869713","","11","0","0","0","0","0","0","0","0","1","0","0","0","","","0","","5","","40 21:53.006","5","0","79 52:10.966","0","0","0","0","2473","0","0","0","N","0","0","0","1","02473","0","","3.0","","1","N","N","","0","","0","0","0","","2","N","","1","0","0","0","0","0","0","2","0","1","","","","N","","","","","","","","","",""
"2014075156","","2","0","0","0","0","0","0","0","0","4","0","","02","8","2014","6","40.429431","-79.976151","","11","0","0","0","0","0","0","0","0","1","0","0","0","","","1","","1","","40 25:45.951","5","0","79 58:34.143","8","0","0","0","2301","0","0","0","N","0","0","0","3","02301","0","","1.0","","1","N","N","","0","","0","0","0","","3","N","","2","1","0","0","0","1","0","2","0","2","","","","N","","","","","","","","","",""
"2014075996","","0","0","0","0","0","0","0","0","0","1","0","","02","8","2014","2","","","","11","0","0","0","0","0","1","0","0","","0","0","0","","","1","","0","","","","3","","8","0","0","0","2301","0","0","0","N","0","0","0","3","02301","0","","1.0","","1","N","N","","0","","0","0","2","","0","","","2","1","0","0","0","1","0","1","0","2","","","","N","","","","","","","","","",""
"2014077585","","1","0","0","0","0","0","0","0","0","1","0","","02","8","2014","7","40.395344","-79.997486","","11","0","0","0","0","0","0","0","0","1","0","0","0","","","1","","2","","40 23:43.237","2","0","79 59:50.949","4","0","0","0","2301","0","0","0","","0","0","0","4","02301","1","","1.0","","1","","","","0","","0","0","1","","0","N","","2","1","0","0","0","0","0","2","0","2","","","","N","","","","","","","","","",""
"2014077597","","0","0","0","0","0","0","0","0","0","7","0","","02","8","2014","7","40.323653","-79.803229","","11","0","0","0","0","0","1","0","0","2","0","0","0","","","1","","0","","40 19:25.149","5","0","79 48:11.624","2","0","1","1","2477","0","0","0","N","0","0","0","1","02477","0","","4.0","","1","N","N","","0","","0","1","0","","0","Y","","1","1","0","0","0","0","0","2","0","1","","","","N","","","","","","","","","",""
"2014076627","","1","0","0","0","0","0","0","0","0","7","0","40","02","8","2014","3","40.274629","-79.894757","","11","0","0","0","0","0","0","0","0","","0","0","0","","","0","","0","","40 16:28.663","","0","79 53:41.125","0","0","0","0","2440","0","0","0","N","0","0","0","3","02440","0","","1.0","","1","N","N","","0","","0","0","0","","0","","","1","0","1","0","0","0","0","2","0","1","","","N","Y","4","1","","","N","Y","","","Y",""