"CRN","ARRIVAL_TM","AUTOMOBILE_COUNT","BELTED_DEATH_COUNT","BELTED_SUSP_SERIOUS_INJ_COUNT","BICYCLE_COUNT","BICYCLE_DEATH_COUNT","BICYCLE_SUSP_SERIOUS_INJ_COUNT","BUS_COUNT","CHLDPAS_DEATH_COUNT","CHLDPAS_SUSP_SERIOUS_INJ_COUNT","COLLISION_TYPE","COMM_VEH_COUNT","CONS_ZONE_SPD_LIM","COUNTY","CRASH_MONTH","CRASH_YEAR","DAY_OF_WEEK","DEC_LATITUDE","DEC_LONGITUDE","DISPATCH_TM","DISTRICT","DRIVER_COUNT_16YR","DRIVER_COUNT_17YR","DRIVER_COUNT_18YR","DRIVER_COUNT_19YR","DRIVER_COUNT_20YR","DRIVER_COUNT_50_64YR","DRIVER_COUNT_65_74YR","DRIVER_COUNT_75PLUS","EST_HRS_CLOSED","FATAL_COUNT","HEAVY_TRUCK_COUNT","HORSE_BUGGY_COUNT","HOUR_OF_DAY","ILLUMINATION","INJURY_COUNT","INTERSECTION_RELATED","INTERSECT_TYPE","LANE_CLOSED","LATITUDE","LN_CLOSE_DIR","LOCATION_TYPE","LONGITUDE","MAX_SEVERITY_LEVEL","MCYCLE_DEATH_COUNT","MCYCLE_SUSP_SERIOUS_INJ_COUNT","MOTORCYCLE_COUNT","MUNICIPALITY","NONMOTR_COUNT","NONMOTR_DEATH_COUNT","NONMOTR_SUSP_SERIOUS_INJ_COUNT","NTFY_HIWY_MAINT","PED_COUNT","PED_DEATH_COUNT","PED_SUSP_SERIOUS_INJ_COUNT","PERSON_COUNT","POLICE_AGCY","POSSIBLE_INJ_COUNT","RDWY_SURF_TYPE_CD","RELATION_TO_ROAD","ROADWAY_CLEARED","ROAD_CONDITION","SCH_BUS_IND","SCH_ZONE_IND","SECONDARY_CRASH","SMALL_TRUCK_COUNT","SPEC_JURIS_CD","SUSP_MINOR_INJ_COUNT","SUSP_SERIOUS_INJ_COUNT","SUV_COUNT","TCD_FUNC_CD","TCD_TYPE","TFC_DETOUR_IND","TIME_OF_DAY","TOTAL_UNITS","TOT_INJ_COUNT","UNBELTED_OCC_COUNT","UNB_DEATH_COUNT","UNB_SUSP_SERIOUS_INJ_COUNT","UNK_INJ_DEG_COUNT","UNK_INJ_PER_COUNT","URBAN_RURAL","VAN_COUNT","VEHICLE_COUNT","WEATHER1","WEATHER2","WORKERS_PRES","WORK_ZONE_IND","WORK_ZONE_LOC","WORK_ZONE_TYPE","WZ_CLOSE_DETOUR","WZ_FLAGGER","WZ_LAW_OFFCR_IND","WZ_LN_CLOSURE","WZ_MOVING","WZ_OTHER","WZ_SHLDER_MDN","WZ_WORKERS_INJ_KILLED"
"2014072652","","1","0","0","0","0","0","0","0","0","1","0","","02","7","2014","6","40.507951","-80.204139","","11","0","0","0","0","0","1","0","0","","0","0","0","","","1","","2","","40 30:28.622","","0","80 12:14.899","4","0","0","0","2213","0","0","0","N","0","0","0","3","02213","1","","1.0","","1","N","N","","1","","0","0","1","","0","","","3","1","0","0","0","0","0","2","0","3","","","","N","","","","","","","","","",""
"2014076900","","1","0","0","0","0","0","0","0","0","1","0","","02","8","2014","3","40.442131","-79.806734","","11","0","0","0","0","0","0","1","0","","0","0","0","","","0","","0","","40 26:31.671","","0","79 48:24.244","0","0","0","0","2113","0","0","0","N","0","0","0","2","68B03","0","","1.0","","1","N","N","","0","","0","0","1","","0","","","2","0","0","0","0","0","0","2","0","2","","","","N","","","","","","","","","",""
"2014074791","","2","0","0","0","0","0","0","0","0","1","0","","02","7","2014","5","40.397584","-80.083827","","11","0","0","0","0","0","0","0","0","1","0","0","0","","","1","","0","","40 23:51.304","3","0","80 05:01.777","8","0","0","0","2117","0","0","0","N","0","0","0","2","02117","0","","1.0","","1","N","N","","0","","0","0","0","","0","N","","2","1","0","0","0","1","0","2","0","2","","","","N","","","","","","","","","",""
"2014073131","","0","0","0","0","0","0","0","0","0","7","0","","02","7","2014","7","40.360979","-79.991742","","11","0","0","0","0","0","1","0","0","1","0","0","0","","","0","","0","","40 21:39.525","3","0","79 59:30.272","0","0","0","0","2476","0","0","0","N","0","0","0","1","02476","0","","4.0","","1","N","N","","1","","0","0","0","","0","N","","1","0","0","0","0","0","0","2","0","1","","","","N","","","","","","","","","",""
"2014074805","","0","0","0","0","0","0","0","0","0","1","0","","02","7","2014","7","40.567026","-80.007241","","11","0","0","0","0","0","0","0","0","1","0","0","0","","","1","","0","","40 34:01.295","2","7","80 00:26.067","8","0","0","0","2108","0","0","0","N","0","0","0","5","02108","0","","1.0","","1","N","N","","0","","0","0","1","","0","N","","2","1","0","0","0","1","0","2","1","2","","","","N","","","","","","","","","",""
"2014073343","","1","0","0","0","0","0","0","0","0","4","0","","02","7","2014","5","40.515823","-80.009804","","11","0","0","0","0","0","1","0","1","1","0","0","0","","","2","","0","","40 30:56.961","7","0","80 00:35.295","4","0","0","0","2116","0","0","0","N","0","0","0","4","02116","2","","1.0","","1","N","N","","0","","0","0","1","","3","Y","","2","2","0","0","0","0","0","2","0","2","","","","N","","","","","","","","","",""
"2014075353","","2","0","0","0","0","0","0","0","0","1","0","","02","8","2014","6","40.444536","-80.027992","","11","0","0","0","0","0","0","1","0","","0","0","0","","","1","","0","","40 26:40.331","","3","80 01:40.771","4","0","0","0","2301","0","0","0","N","0","0","0","3","02301","1","","1.0","","1","N","N","","0","","0","0","0","","0","","","2","1","0","0","0","0","0","2","0","2","","","","N","","","","","","","","","",""
"2014075427","","1","0","0","0","0","0","0","0","0","4","0","","02","8","2014","6","40.414356","-79.901648","","11","0","0","0","0","0","1","0","1","2","0","0","0","","","2","","0","","40 24:51.683","3","7","79 54:05.932","8","0","0","0","2448","0","0","0","N","0","0","0","3","02448","0","","1.0","","1","N","N","","0","","0","0","0","","3","Y","","2","2","0","0","0","2","0","2","1","2","","","","N","","","","","","","","","",""
"2014075356","","1","0","0","0","0","0","0","0","0","1","0","","02","8","2014","6","40.342889","-79.800044","","11","0","0","0","0","0","0","1","0","1","0","0","0","","","0","","0","","40 20:34.401","1","0","79 48:00.160","0","0","0","0","2477","0","0","0","N","0","0","0","4","02477","0","","1.0","","9","N","N","","1","","0","0","2","","0","N","","4","0","0","0","0","0","0","2","0","4","","","","N","","","","","","","","","",""
"2014077661","","0","0","0","0","0","0","0","0","0","7","0","","02","8","2014","5","40.456904","-79.758798","","11","0","0","0","0","0","0","0","0","","0","0","0","","","1","","3","","40 27:24.855","","0","79 45:31.673","8","0","0","1","2446","0","0","0","N","0","0","0","1","02446","0","","5.0","","1","N","N","","0","","0","0","0","","0","","","1","1","0","0","0","1","0","2","0","1","","","","N","","","","","","","","","",""
"2014073347","","1","0","0","0","0","0","0","0","0","4","0","","02","7","2014","7","40.338382","-79.953204","","11","0","0","0","0","0","1","0","0","","0","0","0","","","0","","0","","40 20:18.176","","7","79 57:11.536","0","0","0","0","2454","0","0","0","N","0","0","0","8","02454","0","","1.0","","1","N","N","","0","","0","0","1","","0","","","2","0","0","0","0","0","0","2","0","2","","","","N","","","","","","","","","",""
"2014075358","","2","0","0","0","0","0","0","0","0","5","0","","02","7","2014","7","40.450778","-80.056972","","11","0","0","0","0","0","0","0","0","","0","0","0","","","1","","0","","40 27:02.800","","0","80 03:25.100","3","0","0","0","2301","0","0","0","N","0","0","0","1","02301","0","","1.0","","1","N","N","","0","","1","0","0","","0","","","2","1","0","0","0","0","0","2","0","2","","","","N","","","","","","","","","",""
"2014074029","","1","0","0","0","0","0","0","0","0","1","1","","02","7","2014","4","40.659828","-79.978297","","11","0","0","0","0","0","1","0","0","2","0","0","0","","","2","","0","","40 39:35.380","3","0","79 58:41.869","8","0","0","0","2213","0","0","0","N","0","0","0","5","02213","0","","1.0","","1","N","N","","0","","0","0","1","","0","N","","2","2","0","0","0","2","0","1","0","2","","","","N","","","","","","","","","",""
"2014075359","","1","0","0","0","0","0","0","0","0","1","0","","02","8","2014","6","40.532698","-79.958645","","11","0","0","0","0","0","0","0","0","","0","0","0","","","2","","0","","40 31:57.713","","0","79 57:31.123","4","0","0","0","2118","0","0","0","N","0","0","0","2","02118","2","","1.0","","1","N","N","","0","","0","0","0","","0","","","2","2","0","0","0","0","0","2","1","2","","","","N","","","","","","","","","",""
"2014072376","","0","0","0","0","0","0","0","0","0","4","0","","02","7","2014","4","40.391567","-79.894063","","11","0","0","0","0","0","0","0","0","","0","0","0","","","1","","2","","40 23:29.641","","0","79 53:38.626","8","0","0","1","2448","0","0","0","N","0","0","0","2","02448","0","","1.0","","1","N","N","","0","","0","0","1","","3","","","2","1","0","0","0","1","0","2","0","2","","","","N","","","","","","","","","",""
"2014074030","","2","0","0","0","0","0","0","0","0","2","0","","02","7","2014","7","40.524156","-80.188372","","11","0","0","0","0","0","0","0","0","","0","0","0","","","0","","0","","40 31:26.960","","0","80 11:18.140","0","0","0","0","2213","0","0","0","N","0","0","0","5","02213","0","","1.0","","9","N","N","","0","","0","0","0","","0","","","2","0","0","0","0","0","0","2","0","2","","","","N","","","","","","","","","",""
"2014073215","","3","0","0","0","0","0","0","0","0","4","0","","02","7","2014","6","40.437857","-79.739515","","11","0","0","0","0","0","0","1","1","1","0","0","0","","","2","","1","","40 26:16.284","4","0","79 44:22.255","3","0","0","0","2446","0","0","0","N","0","0","0","5","02446","0","","1.0","","1","N","N","","0","","2","0","0","","2","N","","4","2","0","0","0","0","0","2","1","4","","","","N","","","","","","","","","",""
"2014073349","","1","0","0","0","0","0","0","0","0","1","0","","02","7","2014","6","40.447308","-79.991597","","11","0","0","0","0","0","0","0","0","","0","0","0","","","0","","0","","40 26:50.307","","0","79 59:29.750","0","0","0","0","2301","0","0","0","N","0","0","0","2","02301","0","","1.0","","1","N","N","","1","","0","0","0","","0","","","2","0","0","0","0","0","0","2","0","2","","","","N","","","","","","","","","",""
"2014075360","","0","0","0","0","0","0","0","0","0","7","0","","02","7","2014","1","40.46407","-79.72858","","11","0","0","0","0","0","0","0","0","1","0","0","0","","","1","","0","","40 27:50.653","5","0","79 43:42.889","4","0","0","0","2466","0","0","0","N","0","0","0","1","02466","1","","5.0","","9","N","N","","0","","0","0","1","","0","N","","1","1","0","0","0","0","0","2","0","1","","","","N","","","","","","","","","",""
"2014073137","","0","0","0","0","0","0","0","0","0","0","0","","02","7","2014","6","40.479138","-80.043273","","11","0","0","0","0","0","0","0","0","","0","0","0","","","0","","0","","40 28:44.897","","0","80 02:35.781","0","0","0","0","2301","0","0","0","N","0","0","0","2","02301","0","","1.0","","1","N","N","","0","","0","0","1","","0","","","1","0","0","0","0","0","0","2","0","1","","","","N","","","","","","","","","",""
"2014073201","","2","0","0","0","0","0","0","0","0","4","0","","02","7","2014","7","40.438078","-79.994416","","11","0","0","0","0","1","0","0","0","","0","0","0","","","0","","1","","40 26:17.079","","1","79 59:39.896","0","0","0","0","2301","0","0","0","N","0","0","0","2","02301","0","","1.0","","1","N","N","","0","","0","0","0","","2","","","2","0","0","0","0","0","0","2","0","2","","","","N","","","","","","","","","",""
"2014074031","","1","0","0","0","0","0","0","0","0","1","0","","02","7","2014","4","40.506916","-80.223216","","11","0","0","0","0","0","1","0","0","2","0","0","0","","","0","","0","","40 30:24.897","1","7","80 13:23.576","0","0","0","0","2213","0","0","0","N","0","0","0","2","02213","0","","1.0","","1","N","N","","0","","0","0","1","","0","N","","2","0","0","0","0","0","0","2","0","2","","","","N","","","","","","","","","",""
"2014073202","","1","0","0","0","0","0","0","0","0","7","0","","02","7","2014","4","40.468633","-79.898401","","11","0","0","0","0","0","1","0","0","","0","0","0","","","0","","2","","40 28:07.078","","0","79 53:54.243","0","0","0","0","2301","0","0","0","N","0","0","0","1","02301","0","","5.0","","1","N","N","","0","","0","0","0","","3","","","1","0","0","0","0","0","0","2","0","1","","","","N","","","","","","","","","",""
"2014074032","","2","0","0","0","0","0","0","0","0","1","0","","02","7","2014","2","40.487814","-80.189446","","11","0","0","0","0","0","0","1","0","1","0","0","0","","","1","","1","","40 29:16.129","6","0","80 11:22.005","3","0","0","0","2213","0","0","0","N","0","0","0","2","02213","0","","1.0","","9","N","N","","0","","1","0","0","","2","Y","","2","1","0","0","0","0","0","2","0","2","","","","N","","","","","","","","","",""
"2014073286","","0","0","0","0","0","0","0","0","0","8","0","","02","7","2014","7","40.417526","-79.974493","","11","0","0","0","0","0","0","1","0","","0","0","0","","","1","","2","","40 25:03.093","","0","79 58:28.174","4","0","0","0","2301","1","0","0","","1","0","0","2","02301","1","","1.0","","9","","","","1","","0","0","0","","0","","","2","1","0","0","0","0","0","2","0","1","","","","N","","","","","","","","","",""
"2014075385","","2","0","0","0","0","0","0","0","0","1","0","","02","7","2014","5","40.262059","-79.878297","","11","0","0","0","0","0","1","0","0","1","0","0","0","","","1","","1","","40 15:43.411","1","0","79 52:41.868","4","0","0","0","2204","0","0","0","N","0","0","0","2","02204","1","","1.0","","1","N","N","","0","","0","0","0","","2","N","","2","1","0","0","0","0","0","1","0","2","","","","N","","","","","","","","","",""
"2014073287","","2","0","0","0","0","0","0","0","0","1","0","","02","7","2014","7","40.445234","-79.999087","","11","0","1","0","0","0","0","0","0","2","0","0","0","","","0","","1","","40 26:42.842","2","3","79 59:56.713","0","0","0","0","2301","0","0","0","N","0","0","0","5","02301","0","","1.0","","1","N","N","","0","","0","0","0","","2","N","","2","0","0","0","0","0","0","2","0","2","","","","N","","","","","","","","","",""
"2014072381","","2","0","0","0","0","0","0","0","0","1","0","","02","7","2014","4","40.436483","-79.975449","","11","0","0","0","0","0","1","0","0","2","0","0","0","","","0","","6","","40 26:11.337","4","2","79 58:31.618","0","0","0","0","2301","0","0","0","N","0","0","0","4","02301","0","","1.0","","1","N","N","","0","","0","0","1","","0","N","","3","0","0","0","0","0","0","2","0","3","","","","N","","","","","","","","","",""
"2014072599","","2","0","0","0","0","0","0","0","0","5","0","","02","7","2014","5","40.455806","-80.001861","","11","0","0","0","0","0","0","0","0","","0","0","0","","","0","","0","","40 27:20.900","","0","80 00:06.700","0","0","0","0","2301","0","0","0","N","0","0","0","1","02301","0","","6.0","","1","N","N","","0","","0","0","0","","0","","","2","0","0","0","0","0","0","2","0","2","","","","N","","","","","","","","","",""
"2014073143","","0","0","0","0","0","0","0","0","0","4","0","","02","7","2014","5","40.441805","-79.960761","","11","0","0","0","0","0","0","0","0","","0","0","0","","","0","","2","","40 26:30.498","","7","79 57:38.739","0","0","0","0","2301","0","0","0","N","0","0","0","2","02301","0","","1.0","","1","N","N","","0","","0","0","2","","0","","","2","0","0","0","0","0","0","2","0","2","","","","N","","","","","","","","","",""
"2014073206","","0","0","0","0","0","0","0","0","0","7","0","","02","7","2014","7","40.424757","-80.018672","","11","0","0","0","0","0","0","0","0","","0","0","0","","","1","","0","","40 25:29.125","","1","80 01:07.219","8","0","0","0","2301","0","0","0","N","0","0","0","2","02301","0","","3.0","","1","N","N","","0","","0","0","1","","0","","","1","1","0","0","0","1","0","2","0","1","","","","N","","","","","","","","","",""
"2014073289","","2","0","0","0","0","0","0","0","0","2","0","","02","7","2014","5","40.485332","-79.856569","","11","0","0","0","0","0","1","0","0","","0","0","0","","","1","","0","","40 29:07.196","","0","79 51:23.649","4","0","0","0","2113","0","0","0","N","0","0","0","2","02113","1","","1.0","","1","N","N","","0","","0","0","0","","0","","","2","1","0","0","0","0","0","2","0","2","","","","N","","","","","","","","","",""
"2014073356","","2","0","2","0","0","0","0","0","0","4","0","","02","7","2014","6","40.348259","-79.947345","","11","0","0","0","0","0","0","0","0","3","0","0","0","","","3","","2","","40 20:53.731","4","0","79 56:50.441","2","0","0","0","2473","0","0","0","N","0","0","0","3","02473","0","","1.0","","1","N","N","","0","","0","2","0","","2","Y","","2","3","0","0","0","1","0","2","0","2","","","","N","","","","","","","","","",""
"2014074961","","0","0","0","0","0","0","0","0","0","7","0","","02","8","2014","6","40.435561","-79.826917","","11","0","0","0","0","0","0","0","0","","0","0","0","","","0","","0","","40 26:08.020","","0","79 49:36.900","0","0","0","0","2419","0","0","0","N","0","0","0","1","02419","0","","4.0","","1","N","N","","0","","0","0","1","","0","","","1","0","0","0","0","0","0","2","0","1","","","","N","","","","","","","","","",""
"2014075388","","1","0","0","0","0","0","0","0","0","5","0","","02","8","2014","7","40.440752","-80.000266","","11","0","0","0","0","0","0","0","0","","0","0","0","","","0","","0","","40 26:26.707","","0","80 00:00.957","0","0","0","0","2301","0","0","0","N","0","0","0","1","02301","0","","6.0","","1","N","N","","0","","0","0","1","","0","","","2","0","0","0","0","0","0","2","0","2","","","","N","","","","","","","","","",""
"2014073144","","2","0","0","0","0","0","0","0","0","4","0","","02","7","2014","7","40.434389","-79.953183","","11","0","0","0","0","0","1","0","0","1","0","0","0","","","0","","1","","40 26:03.800","1","0","79 57:11.460","0","0","0","0","2301","0","0","0","N","0","0","0","3","02301","0","","1.0","","1","N","N","","0","","0","0","0","","2","N","","2","0","0","0","0","0","0","2","0","2","","","","N","","","","","","","","","",""
"2014072459","","2","0","0","0","0","0","0","0","0","4","0","","02","7","2014","4","40.41923","-79.990767","","11","0","0","0","0","0","1","0","0","1","0","0","0","","","1","","1","","40 25:09.228","7","0","79 59:26.761","4","0","0","0","2301","0","0","0","N","0","0","0","3","02301","1","","1.0","","1","N","N","","0","","0","0","0","","3","Y","","2","1","0","0","0","0","0","2","0","2","","","","N","","","","","","","","","",""
"2014073145","","1","0","0","0","0","0","0","0","0","1","0","","02","7","2014","5","40.370606","-80.049427","","11","0","0","0","0","0","1","0","0","","0","0","0","","","0","","0","","40 22:14.182","","0","80 02:57.936","0","0","0","0","2109","0","0","0","N","0","0","0","2","02109","0","","1.0","","1","N","N","","0","","0","0","1","","2","","","2","0","0","0","0","0","0","2","0","2","","","","N","","","","","","","","","",""
"2014072460","","0","0","0","0","0","0","1","0","0","8","1","","02","7","2014","4","40.441983","-79.997383","","11","0","0","0","0","0","1","0","0","1","0","0","0","","","1","","0","","40 26:31.139","6","0","79 59:50.579","4","0","0","0","2301","1","0","0","N","1","0","0","3","02503","1","","1.0","","1","N","N","","0","","0","0","0","","0","N","","2","1","0","0","0","0","0","2","0","1","","","","N","","","","","","","","","",""
"2014073291","","2","0","0","0","0","0","0","0","0","1","0","","02","7","2014","7","40.428625","-79.978336","","11","0","0","0","0","0","0","0","0","1","0","0","0","","","0","","0","","40 25:43.049","4","0","79 58:42.009","0","0","0","0","2301","0","0","0","","0","0","0","2","02301","0","","1.0","","1","","","","0","","0","0","0","","0","Y","","2","0","0","0","0","0","0","2","0","2","","","","N","","","","","","","","","",""
"2014074963","","1","0","0","0","0","0","0","0","0","7","0","","02","8","2014","6","40.450587","-79.880816","","11","0","0","0","0","0","0","0","0","","0","0","0","","","0","","1","","40 27:02.113","","0","79 52:50.937","0","0","0","0","2301","0","0","0","N","0","0","0","1","02301","0","","5.0","","1","N","N","","0","","0","0","0","","0","","","1","0","0","0","0","0","0","2","0","1","","","","N","","","","","","","","","",""
"2014073292","","1","0","0","0","0","0","0","0","0","7","0","","02","7","2014","7","40.441956","-79.962881","","11","0","0","0","0","0","0","0","0","1","0","0","0","","","2","","1","","40 26:31.041","2","0","79 57:46.371","4","0","0","0","2301","0","0","0","N","0","0","0","3","02301","2","","2.0","","9","N","N","","0","","0","0","0","","2","N","","1","2","0","0","0","0","0","2","0","1","","","","N","","","","","","","","","",""
"2014077674","","2","0","0","0","0","0","0","0","0","1","0","","02","8","2014","3","40.673408","-80.098405","","11","0","0","0","1","0","0","0","0","","0","0","0","","","0","","3","","40 40:24.270","","2","80 05:54.259","0","0","0","0","2212","0","0","0","N","0","0","0","3","02505","0","","1.0","","9","N","N","","0","","0","0","1","","0","","","3","0","0","0","0","0","0","2","0","3","","","","N","","","","","","","","","",""
"2014075391","","1","0","0","0","0","0","0","0","0","1","0","","02","7","2014","4","40.364611","-80.062417","","11","0","0","0","0","1","0","0","0","1","0","0","0","","","1","","0","","40 21:52.600","2","0","80 03:44.700","4","0","0","0","2109","0","0","0","N","0","0","0","2","02109","1","","1.0","","1","N","N","","0","","0","0","0","","0","N","","2","1","0","0","0","0","0","2","1","2","","","","N","","","","","","","","","",""
"2014074823","","2","0","0","0","0","0","0","0","0","4","0","","02","7","2014","5","40.40503","-79.843798","","11","0","0","1","0","0","1","0","0","1","0","0","0","","","1","","1","","40 24:18.108","7","0","79 50:37.672","4","0","0","0","2449","0","0","0","N","0","0","0","5","02449","1","","1.0","","1","N","N","","0","","0","0","0","","0","Y","","2","1","0","0","0","0","0","2","0","2","","","","N","","","","","","","","","",""
"2014073294","","0","0","0","0","0","0","0","0","0","7","0","","02","7","2014","7","40.453744","-79.996617","","11","0","0","0","0","0","0","0","0","1","0","0","0","","","1","","0","","40 27:13.477","1","2","79 59:47.822","3","0","0","0","2301","0","0","0","N","0","0","0","1","02301","0","","4.0","","9","N","N","","0","","1","0","0","","0","N","","1","1","0","0","0","0","0","2","1","1","","","","N","","","","","","","","","",""
"2014075379","","1","0","0","0","0","0","0","0","0","7","0","","02","7","2014","1","40.436281","-79.964298","","11","0","0","0","0","0","0","0","0","2","0","0","0","","","0","","0","","40 26:10.613","1","0","79 57:51.473","0","0","0","0","2301","0","0","0","N","0","0","0","2","02301","0","","2.0","","9","N","N","","0","","0","0","0","","0","N","","1","0","1","0","0","0","0","2","0","1","","","","N","","","","","","","","","",""
"2014077690","","2","0","0","0","0","0","0","0","0","4","0","","02","8","2014","5","40.45436","-79.947724","","11","0","0","0","0","0","0","0","0","","0","0","0","","","1","","1","","40 27:15.696","","0","79 56:51.805","8","0","0","0","2301","0","0","0","N","0","0","0","2","02301","0","","1.0","","1","N","N","","0","","0","0","0","","2","","","2","1","0","0","0","1","0","2","0","2","","","","N","","","","","","","","","",""
"2014074966","","1","0","0","0","0","0","0","0","0","1","0","","02","8","2014","6","40.330177","-79.89248","","11","0","0","0","0","1","0","0","0","2","0","0","0","","","0","","0","","40 19:48.637","1","0","79 53:32.928","0","0","0","0","2433","0","0","0","N","0","0","0","2","02433","0","","4.0","","1","N","N","","0","","0","0","1","","0","Y","","2","0","0","0","0","0","0","2","0","2","","","","N","","","","","","","","","",""
"2014073376","","1","0","0","0","0","0","0","0","0","8","0","","02","6","2014","1","40.408445","-79.90545","","11","0","0","0","0","0","1","0","0","","0","0","0","","","1","","1","","40 24:30.402","","0","79 54:19.620","4","0","0","0","2448","1","0","0","N","1","0","0","3","02448","1","","1.0","","1","N","N","","0","","0","0","0","","0","","","2","1","0","0","0","0","0","2","0","1","","","","N","","","","","","","","","",""
"2014076866","","1","0","0","0","0","0","0","0","0","4","0","","02","7","2014","1","","","","11","0","0","0","0","0","0","0","0","","0","0","0","","","1","","0","","","","7","","4","0","0","0","2434","0","0","0","","0","0","0","3","02433","1","","1.0","","1","","","","0","","0","0","0","","0","","","2","1","0","0","0","0","0","1","1","2","","","","N","","","","","","","","","",""
"2014073310","","2","0","0","0","0","0","0","0","0","99","0","","02","7","2014","1","40.430703","-80.025877","","11","0","0","0","0","0","0","0","0","2","0","0","0","","","0","","1","","40 25:50.529","4","0","80 01:33.157","9","0","0","0","2301","0","0","0","","0","0","0","2","02301","0","","1.0","","9","N","N","","0","","0","0","0","","2","N","","2","0","0","0","0","0","1","2","0","2","","","","N","","","","","","","","","",""
"2014073988","","0","0","0","0","0","0","0","0","0","1","0","","02","7","2014","3","40.429428","-79.997069","","11","0","0","0","0","0","0","0","0","","0","0","0","","","0","","2","","40 25:45.941","","0","79 59:49.447","0","0","0","0","2301","0","0","0","N","0","0","0","2","02301","0","","1.0","","1","N","N","","0","","0","0","1","","0","","","2","0","0","0","0","0","0","2","1","2","","","","N","","","","","","","","","",""
"2014073231","","1","0","0","0","0","0","0","0","0","8","0","","02","7","2014","7","40.458645","-79.919031","","11","0","0","0","0","0","1","0","0","","0","0","0","","","1","","0","","40 27:31.123","","7","79 55:08.511","3","0","0","0","2301","1","0","0","N","1","0","0","2","02301","0","","1.0","","1","N","N","","0","","1","0","0","","0","","","2","1","0","0","0","0","0","2","0","1","","","","N","","","","","","","","","",""
"2014074968","","0","0","0","0","0","0","0","0","0","1","1","35","02","8","2014","6","40.448597","-80.014618","","11","0","0","0","0","0","0","0","0","2","0","1","0","","","2","","7","","40 26:54.948","2","2","80 00:52.625","4","0","0","0","2301","0","0","0","N","0","0","0","3","02301","2","","7.0","","1","N","N","","0","","0","0","1","","8","N","","2","2","2","0","0","0","0","2","0","2","","","Y","Y","3","2","","","N","","Y","","",""
"2014072468","","0","0","0","0","0","0","0","0","0","7","0","","02","7","2014","4","40.319282","-80.070679","","11","0","0","0","0","0","0","0","0","","0","0","0","","","0","","0","","40 19:09.416","","0","80 04:14.445","0","0","0","0","2123","0","0","0","N","0","0","0","3","02123","0","","5.0","","1","N","N","","1","","0","0","0","","0","","","1","0","0","0","0","0","0","2","0","1","","","","N","","","","","","","","","",""
"2014074124","","0","0","0","0","0","0","0","0","0","7","0","","02","6","2014","2","40.439279","-80.00882","","11","0","0","0","0","0","0","0","0","2","0","0","0","","","0","","0","","40 26:21.405","3","8","80 00:31.752","0","0","0","0","2301","0","0","0","N","0","0","0","1","68B03","0","","3.0","","1","N","N","","0","","0","0","1","","0","N","","1","0","0","0","0","0","0","2","0","1","","","","N","","","","","","","","","",""
"2014075383","","0","0","0","0","0","0","0","0","0","0","0","","02","8","2014","7","40.409992","-79.836745","","11","0","0","0","0","0","0","0","0","1","0","0","0","","","1","","1","","40 24:35.971","2","0","79 50:12.282","2","0","1","1","2417","0","0","0","N","0","0","0","2","02431","0","","1.0","","1","N","N","","0","","0","1","0","","3","N","","1","1","0","0","0","0","0","2","0","1","","","","N","","","","","","","","","",""
"2014074058","","1","0","0","0","0","0","0","0","0","7","0","","02","7","2014","3","40.242982","-79.924909","","11","0","0","0","0","0","0","0","0","1","0","0","0","","","1","","2","","40 14:34.735","2","0","79 55:29.672","8","0","0","0","2204","0","0","0","N","0","0","0","1","02204","0","","2.0","","1","N","N","","0","","0","0","0","","3","N","","1","1","0","0","0","1","0","1","0","1","","","","N","","","","","","","","","",""
"2014074828","","1","0","0","0","0","0","0","0","0","4","0","","02","7","2014","5","40.424805","-79.979558","","11","0","0","0","0","0","0","0","0","","0","0","0","","","0","","3","","40 25:29.298","","0","79 58:46.408","0","0","0","0","2301","0","0","0","N","0","0","0","2","02301","0","","1.0","","1","N","N","","0","","0","0","0","","3","","","2","0","0","0","0","0","0","2","0","2","","","","N","","","","","","","","","",""
"2014074125","","1","0","0","0","0","0","0","0","0","7","0","","02","7","2014","1","40.452167","-79.996746","","11","0","0","0","0","0","0","0","0","","0","0","0","","","1","","0","","40 27:07.802","","0","79 59:48.287","3","0","0","0","2301","0","0","0","N","0","0","0","1","68B03","0","","3.0","","1","N","N","","0","","1","0","0","","0","","","1","1","0","0","0","0","0","2","0","1","","","","N","","","","","","","","","",""
"2014072610","","1","0","0","0","0","0","0","0","0","1","1","","02","7","2014","5","40.473989","-80.102501","","11","0","0","0","0","0","0","0","0","","0","1","0","","","0","","0","","40 28:26.360","","0","80 06:09.003","0","0","0","0","2126","0","0","0","N","0","0","0","2","02126","0","","1.0","","1","N","N","","0","","0","0","0","","0","","","2","0","1","0","0","0","0","2","0","2","","","","N","","","","","","","","","",""
"2014076871","","2","0","0","0","0","0","0","0","0","4","0","","02","8","2014","4","40.455662","-79.966012","","11","0","0","0","0","0","0","0","0","3","0","0","0","","","1","","5","","40 27:20.382","3","0","79 57:57.643","8","0","0","0","2301","0","0","0","N","0","0","0","2","02301","0","","1.0","","1","N","N","","0","","0","0","0","","2","N","","2","1","1","0","0","1","0","2","0","2","","","","N","","","","","","","","","",""
"2014073992","","0","0","0","0","0","0","0","0","0","0","0","","02","7","2014","3","40.380917","-79.911694","","11","0","0","0","0","0","1","0","0","1","0","0","0","","","1","","0","","40 22:51.300","3","0","79 54:42.100","3","0","0","1","2448","0","0","0","N","0","0","0","1","02448","0","","2.0","","1","N","N","","0","","1","0","0","","0","N","","1","1","0","0","0","0","0","2","0","1","","","","N","","","","","","","","","",""