"CRN","ARRIVAL_TM","AUTOMOBILE_COUNT","BELTED_DEATH_COUNT","BELTED_SUSP_SERIOUS_INJ_COUNT","BICYCLE_COUNT","BICYCLE_DEATH_COUNT","BICYCLE_SUSP_SERIOUS_INJ_COUNT","BUS_COUNT","CHLDPAS_DEATH_COUNT","CHLDPAS_SUSP_SERIOUS_INJ_COUNT","COLLISION_TYPE","COMM_VEH_COUNT","CONS_ZONE_SPD_LIM","COUNTY","CRASH_MONTH","CRASH_YEAR","DAY_OF_WEEK","DEC_LATITUDE","DEC_LONGITUDE","DISPATCH_TM","DISTRICT","DRIVER_COUNT_16YR","DRIVER_COUNT_17YR","DRIVER_COUNT_18YR","DRIVER_COUNT_19YR","DRIVER_COUNT_20YR","DRIVER_COUNT_50_64YR","DRIVER_COUNT_65_74YR","DRIVER_COUNT_75PLUS","EST_HRS_CLOSED","FATAL_COUNT","HEAVY_TRUCK_COUNT","HORSE_BUGGY_COUNT","HOUR_OF_DAY","ILLUMINATION","INJURY_COUNT","INTERSECTION_RELATED","INTERSECT_TYPE","LANE_CLOSED","LATITUDE","LN_CLOSE_DIR","LOCATION_TYPE","LONGITUDE","MAX_SEVERITY_LEVEL","MCYCLE_DEATH_COUNT","MCYCLE_SUSP_SERIOUS_INJ_COUNT","MOTORCYCLE_COUNT","MUNICIPALITY","NONMOTR_COUNT","NONMOTR_DEATH_COUNT","NONMOTR_SUSP_SERIOUS_INJ_COUNT","NTFY_HIWY_MAINT","PED_COUNT","PED_DEATH_COUNT","PED_SUSP_SERIOUS_INJ_COUNT","PERSON_COUNT","POLICE_AGCY","POSSIBLE_INJ_COUNT","RDWY_SURF_TYPE_CD","RELATION_TO_ROAD","ROADWAY_CLEARED","ROAD_CONDITION","SCH_BUS_IND","SCH_ZONE_IND","SECONDARY_CRASH","SMALL_TRUCK_COUNT","SPEC_JURIS_CD","SUSP_MINOR_INJ_COUNT","SUSP_SERIOUS_INJ_COUNT","SUV_COUNT","TCD_FUNC_CD","TCD_TYPE","TFC_DETOUR_IND","TIME_OF_DAY","TOTAL_UNITS","TOT_INJ_COUNT","UNBELTED_OCC_COUNT","UNB_DEATH_COUNT","UNB_SUSP_SERIOUS_INJ_COUNT","UNK_INJ_DEG_COUNT","UNK_INJ_PER_COUNT","URBAN_RURAL","VAN_COUNT","VEHICLE_COUNT","WEATHER1","WEATHER2","WORKERS_PRES","WORK_ZONE_IND","WORK_ZONE_LOC","WORK_ZONE_TYPE","WZ_CLOSE_DETOUR","WZ_FLAGGER","WZ_LAW_OFFCR_IND","WZ_LN_CLOSURE","WZ_MOVING","WZ_OTHER","WZ_SHLDER_MDN","WZ_WORKERS_INJ_KILLED"
"2014074951","","1","0","0","0","0","0","0","0","0","7","0","","02","7","2014","5","40.452083","-79.891917","","11","0","0","0","0","0","0","0","0","1","0","0","0","","","0","","0","","40 27:07.500","3","0","79 53:30.900","0","0","0","0","2301","0","0","0","N","0","0","0","1","02301","0","","4.0","","1","N","N","","0","","0","0","0","","0","N","","1","0","0","0","0","0","0","2","0","1","","","","N","","","","","","","","","",""
"2014072041","","1","0","0","0","0","0","0","0","0","4","0","","02","7","2014","2","40.431558","-79.864194","","11","0","0","0","0","0","0","0","0","","0","0","0","","","0","","0","","40 25:53.609","","7","79 51:51.100","0","0","0","0","2431","0","0","0","N","0","0","0","2","02431","0","","1.0","","1","N","N","","0","","0","0","1","","0","","","2","0","0","0","0","0","0","2","0","2","","","","N","","","","","","","","","",""
"2014073661","","2","0","0","0","0","0","0","0","0","1","0","","02","7","2014","2","40.449764","-80.176203","","11","0","0","0","0","0","1","0","0","","0","0","0","","","1","","2","","40 26:59.150","","0","80 10:34.330","4","0","0","0","2214","0","0","0","N","0","0","0","2","02214","1","","1.0","","9","N","N","","0","","0","0","0","","2","","","2","1","0","0","0","0","0","2","0","2","","","","N","","","","","","","","","",""
"2014073452","","1","0","0","0","0","0","0","0","0","7","0","","02","7","2014","1","40.635843","-80.060237","","11","0","0","0","0","0","0","0","0","1","0","0","0","","","0","","0","","40 38:09.036","1","0","80 03:36.852","0","0","0","0","2216","0","0","0","N","0","0","0","1","02505","0","","5.0","","9","N","N","","0","","0","0","0","","0","Y","","1","0","0","0","0","0","0","2","0","1","","","","N","","","","","","","","","",""
"2014073738","","1","0","0","0","0","0","0","0","0","1","0","","02","7","2014","2","40.396218","-79.998194","","11","0","0","0","0","1","0","0","0","","0","0","0","","","1","","1","","40 23:46.384","","0","79 59:53.499","8","0","0","0","2301","0","0","0","N","0","0","0","2","02301","0","","1.0","","1","N","N","","0","","0","0","1","","2","","","2","1","0","0","0","1","1","2","0","2","","","","N","","","","","","","","","",""
"2014072672","","1","0","0","0","0","0","0","0","0","4","0","","02","7","2014","4","40.442181","-79.994981","","11","0","0","0","0","0","1","0","0","","0","0","0","","","2","","1","","40 26:31.851","","0","79 59:41.931","8","0","0","0","2301","0","0","0","","0","0","0","3","02301","0","","1.0","","1","","","","0","","0","0","1","","2","","","2","2","0","0","0","2","0","2","0","2","","","","N","","","","","","","","","",""
"2014074407","","1","0","0","0","0","0","0","0","0","1","0","","02","7","2014","2","40.558219","-80.023019","","11","0","1","0","0","0","1","0","0","1","0","0","0","","","0","","3","","40 33:29.588","1","0","80 01:22.867","0","0","0","0","2108","0","0","0","N","0","0","0","2","02108","0","","1.0","","9","N","N","","0","","0","0","1","","4","N","","2","0","0","0","0","0","0","2","0","2","","","","N","","","","","","","","","",""
"2014072960","","2","0","0","0","0","0","0","0","0","4","0","","02","7","2014","6","40.358199","-79.990634","","11","0","0","0","0","0","1","0","1","1","0","0","0","","","0","","2","","40 21:29.516","3","0","79 59:26.282","0","0","0","0","2476","0","0","0","N","0","0","0","2","02476","0","","1.0","","1","N","N","","0","","0","0","0","","3","Y","","2","0","0","0","0","0","0","2","0","2","","","","N","","","","","","","","","",""
"2014074408","","2","0","0","0","0","0","0","0","0","4","0","","02","7","2014","3","40.572128","-80.023504","","11","0","0","0","0","0","1","0","1","1","0","0","0","","","0","","1","","40 34:19.660","1","0","80 01:24.616","0","0","0","0","2108","0","0","0","N","0","0","0","3","02108","0","","1.0","","1","N","N","","0","","0","0","0","","2","N","","2","0","0","0","0","0","0","2","0","2","","","","N","","","","","","","","","",""
"2014072895","","2","0","0","0","0","0","0","0","0","1","0","","02","7","2014","6","40.602235","-79.753826","","11","0","0","0","0","0","0","0","0","2","0","0","0","","","0","","0","","40 36:08.046","4","0","79 45:13.774","0","0","0","0","2301","0","0","0","N","0","0","0","4","02301","0","","1.0","","1","N","N","","0","","0","0","2","","0","N","","4","0","1","0","0","0","0","2","0","4","","","","N","","","","","","","","","",""
"2014072674","","3","0","0","0","0","0","0","0","0","6","0","","02","7","2014","2","40.508177","-79.990295","","11","0","0","0","0","0","0","0","1","","0","0","0","","","0","","0","","40 30:29.437","","0","79 59:25.062","0","0","0","0","2116","0","0","0","N","0","0","0","5","02116","0","","1.0","","1","N","N","","0","","0","0","0","","0","","","3","0","0","0","0","0","0","2","0","3","","","","N","","","","","","","","","",""
"2014074409","","0","0","0","0","0","0","0","0","0","7","0","","02","7","2014","3","40.589152","-80.035887","","11","0","0","0","0","0","0","0","0","","0","0","0","","","1","","0","","40 35:20.948","","0","80 02:09.193","4","0","0","0","2108","0","0","0","N","0","0","0","5","02108","1","","5.0","","1","N","N","","1","","0","0","0","","0","","","1","1","0","0","0","0","0","2","0","1","","","","N","","","","","","","","","",""
"2014072193","","1","0","0","0","0","0","0","0","0","7","0","","02","7","2014","3","40.39426","-79.889603","","11","0","1","0","0","0","0","0","0","1","0","0","0","","","1","","0","","40 23:39.335","1","0","79 53:22.571","4","0","0","0","2473","0","0","0","N","0","0","0","2","02473","1","","4.0","","1","N","N","","0","","0","0","0","","0","N","","1","1","0","0","0","0","0","2","0","1","","","","N","","","","","","","","","",""
"2014072675","","1","0","0","0","0","0","0","0","0","1","0","","02","7","2014","3","40.450547","-79.983319","","11","0","0","0","0","0","0","0","1","3","0","1","0","","","1","","1","","40 27:01.969","3","0","79 58:59.948","8","0","0","0","2301","0","0","0","N","0","0","0","4","02301","0","","1.0","","1","N","N","","0","","0","0","0","","2","N","","2","1","0","0","0","1","0","2","0","2","","","","N","","","","","","","","","",""
"2014072688","","0","0","0","0","0","0","0","0","0","1","0","","02","7","2014","5","40.40732","-80.089107","","11","0","0","0","0","0","0","0","0","","0","0","0","","","1","","1","","40 24:26.353","","0","80 05:20.785","8","0","0","0","2415","0","0","0","N","0","0","0","2","02415","0","","1.0","","1","N","N","","0","","0","0","2","","2","","","2","1","0","0","0","1","0","2","0","2","","","","N","","","","","","","","","",""
"2014074410","","0","0","0","0","0","0","0","0","0","7","0","","02","7","2014","4","40.451851","-80.135259","","11","0","0","0","0","0","0","0","0","2","0","0","0","","","1","","0","","40 27:06.665","4","0","80 08:06.932","4","0","0","0","2115","0","0","0","N","0","0","0","1","02115","1","","4.0","","1","N","N","","1","","0","0","0","","0","N","","1","1","0","0","0","0","0","2","0","1","","","","N","","","","","","","","","",""
"2014073600","","2","0","0","0","0","0","0","0","0","1","0","","02","7","2014","7","40.444202","-80.028173","","11","0","0","0","0","0","0","0","0","","0","0","0","","","1","","1","","40 26:39.126","","0","80 01:41.424","3","0","0","0","2301","0","0","0","N","0","0","0","3","02301","0","","1.0","","9","N","N","","0","","1","0","0","","2","","","2","1","0","0","0","0","1","2","0","2","","","","N","","","","","","","","","",""
"2014072964","","2","0","0","0","0","0","0","0","0","1","0","","02","7","2014","5","40.434094","-79.821647","","11","0","0","0","0","0","1","1","0","1","0","0","0","","","0","","0","","40 26:02.740","4","0","79 49:17.929","0","0","0","0","2419","0","0","0","N","0","0","0","4","02419","0","","1.0","","1","N","N","","1","","0","0","0","","8","N","","3","0","0","0","0","0","0","2","0","3","","","","N","","","","","","","","","",""
"2014073743","","0","0","0","0","0","0","0","0","0","4","0","","02","7","2014","5","40.618215","-79.945375","","11","0","0","0","0","0","0","0","0","","0","0","0","","","0","","2","","40 37:05.575","","0","79 56:43.350","0","0","0","0","2217","0","0","0","N","0","0","0","2","02505","0","","1.0","","1","N","N","","0","","0","0","2","","0","","","2","0","0","0","0","0","0","2","0","2","","","","N","","","","","","","","","",""
"2014073384","","0","0","0","0","0","0","0","0","0","7","0","","02","7","2014","1","40.407873","-80.02851","","11","0","0","0","0","1","0","0","0","3","0","0","0","","","2","","0","","40 24:28.342","6","0","80 01:42.636","2","0","0","0","2301","0","0","0","N","0","0","0","2","02301","0","","2.0","","1","N","N","","0","","0","1","1","","0","N","","1","2","1","0","0","1","0","2","0","1","","","","N","","","","","","","","","",""
"2014073587","","2","0","0","0","0","0","0","0","0","4","0","","02","7","2014","6","40.354856","-79.840797","","11","0","0","1","0","0","0","0","0","","0","0","0","","","0","","2","","40 21:17.482","","2","79 50:26.869","9","0","0","0","2304","0","0","0","N","0","0","0","3","02304","0","","1.0","","1","N","N","","0","","0","0","0","","3","","","2","0","0","0","0","0","1","2","0","2","","","","N","","","","","","","","","",""
"2014072834","","1","0","0","0","0","0","0","0","0","7","0","","02","7","2014","6","40.452238","-80.172513","","11","0","0","0","0","0","0","0","0","2","0","0","0","","","1","","0","","40 27:08.055","3","3","80 10:21.046","4","0","0","0","2214","0","0","0","N","0","0","0","1","02214","1","","2.0","","1","N","N","","0","","0","0","0","","0","N","","1","1","0","0","0","0","0","2","0","1","","","","N","","","","","","","","","",""
"2014073602","","1","0","0","0","0","0","0","0","0","4","0","","02","7","2014","5","40.387442","-79.874859","","11","0","0","0","0","0","0","0","0","1","0","0","0","","","1","","1","","40 23:14.792","5","0","79 52:29.494","8","0","0","1","2473","0","0","0","N","0","0","0","2","02473","0","","1.0","","1","N","N","","0","","0","0","0","","3","Y","","2","1","0","0","0","1","0","2","0","2","","","","N","","","","","","","","","",""
"2014072678","","2","0","0","0","0","0","0","0","0","7","0","","02","7","2014","6","40.615232","-80.055163","","11","0","0","0","0","0","1","1","0","1","0","0","0","","","0","","0","","40 36:54.836","2","0","80 03:18.586","0","0","0","0","2216","0","0","0","N","0","0","0","3","02505","0","","4.0","","1","N","N","","0","","0","0","0","","0","N","","2","0","0","0","0","0","0","2","0","2","","","","N","","","","","","","","","",""
"2014074283","","4","0","0","0","0","0","0","0","0","1","0","","02","7","2014","3","40.462341","-79.943223","","11","0","0","0","0","0","0","0","0","1","0","0","0","","","0","","1","","40 27:44.427","3","0","79 56:35.602","0","0","0","0","2301","0","0","0","N","0","0","0","1","02301","0","","1.0","","1","N","N","","0","","0","0","0","","0","N","","4","0","0","0","0","0","0","2","0","4","","","","N","","","","","","","","","",""
"2014072053","","1","0","0","0","0","0","0","0","0","2","0","","02","7","2014","3","40.407307","-79.889925","","11","0","0","0","0","0","0","0","1","2","0","0","0","","","0","","0","","40 24:26.306","4","0","79 53:23.729","0","0","0","0","2448","0","0","0","N","0","0","0","3","02448","0","","1.0","","1","N","N","","0","","0","0","1","","0","N","","2","0","0","0","0","0","0","2","0","2","","","","N","","","","","","","","","",""
"2014073673","","1","0","0","0","0","0","1","0","0","5","1","","02","7","2014","6","40.441366","-80.003939","","11","0","0","0","0","0","0","1","0","","0","0","0","","","0","","1","","40 26:28.917","","0","80 00:14.180","0","0","0","0","2301","0","0","0","N","0","0","0","5","02503","0","","1.0","","1","N","N","","0","","0","0","0","","2","","","2","0","0","0","0","0","0","2","0","2","","","","N","","","","","","","","","",""
"2014072679","","1","0","0","1","0","0","0","0","0","4","0","","02","7","2014","5","40.481611","-79.953444","","11","0","0","0","0","0","0","0","0","","0","0","0","","","1","","1","","40 28:53.800","","0","79 57:12.400","4","0","0","0","2301","1","0","0","N","0","0","0","3","02301","1","","1.0","","1","N","N","","0","","0","0","0","","2","","","2","1","0","0","0","0","0","2","0","1","","","","N","","","","","","","","","",""
"2014073461","","1","0","0","0","0","0","0","0","0","7","0","","02","7","2014","1","40.374842","-80.094736","","11","0","0","0","0","0","1","0","0","","0","0","0","","","0","","2","","40 22:29.431","","0","80 05:41.049","0","0","0","0","2117","0","0","0","N","0","0","0","1","02117","0","","2.0","","9","N","N","","0","","0","0","0","","0","","","1","0","0","0","0","0","0","2","0","1","","","","N","","","","","","","","","",""
"2014074284","","0","0","0","0","0","0","0","0","0","5","1","","02","7","2014","6","40.485936","-79.97249","","11","0","0","0","0","0","1","0","0","1","0","0","0","","","0","","0","","40 29:09.371","1","0","79 58:20.965","0","0","0","0","2445","0","0","0","N","0","0","0","2","02445","0","","1.0","","1","N","N","","1","","0","0","0","","0","Y","","2","0","0","0","0","0","0","2","1","2","","","","N","","","","","","","","","",""
"2014073527","","0","0","0","0","0","0","0","0","0","7","0","","02","7","2014","1","40.477529","-79.968592","","11","0","0","0","0","0","0","0","0","1","0","0","0","","","1","","3","","40 28:39.103","3","2","79 58:06.930","4","0","0","0","2445","0","0","0","N","0","0","0","1","02445","1","","4.0","","9","N","N","","1","","0","0","0","","4","Y","","1","1","1","0","0","0","0","2","0","1","","","","N","","","","","","","","","",""
"2014073590","","1","0","0","0","0","0","0","0","0","1","0","","02","7","2014","7","40.598847","-79.756045","","11","0","0","0","0","0","1","0","0","","0","0","0","","","2","","0","","40 35:55.848","","3","79 45:21.762","8","0","0","0","2464","0","0","0","N","0","0","0","5","02464","0","","1.0","","1","N","N","","0","","0","0","1","","2","","","2","2","2","0","0","2","0","2","0","2","","","","N","","","","","","","","","",""
"2014073604","","1","0","0","0","0","0","0","0","0","1","0","","02","7","2014","2","40.414448","-80.010274","","11","0","0","1","0","0","0","0","0","1","0","0","0","","","1","","0","","40 24:52.012","1","0","80 00:36.987","3","0","0","0","2301","0","0","0","N","0","0","0","3","02301","0","","1.0","","1","N","N","","0","","1","0","0","","0","N","","2","1","2","0","0","0","0","2","1","2","","","","N","","","","","","","","","",""
"2014072213","","1","0","0","0","0","0","0","0","0","1","0","","02","7","2014","7","40.384999","-80.053474","","11","0","0","1","0","0","1","0","1","1","0","0","0","","","0","","0","","40 23:05.997","1","0","80 03:12.505","0","0","0","0","2109","0","0","0","N","0","0","0","6","02109","0","","1.0","","9","N","N","","0","","0","0","2","","0","N","","3","0","0","0","0","0","0","2","0","3","","","","N","","","","","","","","","",""
"2014072981","","1","0","0","0","0","0","0","0","0","4","0","","02","7","2014","6","40.634703","-79.939679","","11","0","0","0","1","0","1","0","0","2","0","0","0","","","0","","1","","40 38:04.929","5","0","79 56:22.843","0","0","0","0","2217","0","0","0","N","0","0","0","2","02505","0","","1.0","","1","N","N","","0","","0","0","1","","2","N","","2","0","0","0","0","0","0","2","0","2","","","","N","","","","","","","","","",""
"2014073827","","1","0","0","0","0","0","0","0","0","7","0","15","02","7","2014","6","40.438727","-80.190826","","11","0","0","0","0","0","0","0","0","","0","0","0","","","0","","0","","40 26:19.417","","2","80 11:26.975","0","0","0","0","2214","0","0","0","N","0","0","0","1","68B03","0","","4.0","","1","N","N","","0","","0","0","0","","0","","","1","0","0","0","0","0","0","2","0","1","","","Y","Y","2","1","N","N","N","Y","Y","N","Y",""
"2014117721","","0","0","0","0","0","0","0","0","0","0","0","","02","11","2014","5","40.491613","-80.127086","","11","0","0","0","0","0","0","0","0","","0","0","0","","","0","","0","","40 29:29.808","","0","80 07:37.509","0","0","0","0","2115","0","0","0","N","0","0","0","1","68B03","0","","4.0","","2","N","N","","1","","0","0","0","","0","","","1","0","0","0","0","0","0","2","0","1","","","","N","","","","","","","","","",""
"2014119813","","0","0","0","0","0","0","0","0","0","7","1","","02","11","2014","4","40.529896","-80.072079","","11","0","0","0","0","0","0","1","0","","0","1","0","","","0","","0","","40 31:47.625","","0","80 04:19.484","0","0","0","0","2215","0","0","0","Y","0","0","0","1","68B03","0","","4.0","","2","N","N","","0","","0","0","0","","0","","","1","0","0","0","0","0","0","2","0","1","","","","N","","","","","","","","","",""
"2014118391","","1","0","0","0","0","0","0","0","0","7","0","","02","11","2014","2","40.412588","-79.99776","","11","0","0","0","0","0","1","0","0","1","0","0","0","","","0","","0","","40 24:45.316","7","0","79 59:51.935","0","0","0","0","2301","0","0","0","N","0","0","0","1","02301","0","","1.0","","1","N","N","","0","","0","0","0","","0","Y","","1","0","0","0","0","0","0","2","0","1","","","","N","","","","","","","","","",""
"2014073828","","1","0","0","0","0","0","0","0","0","7","0","","02","7","2014","7","40.422615","-80.101149","","11","0","0","0","0","0","0","0","0","","0","0","0","","","0","","0","","40 25:21.415","","0","80 06:04.136","0","0","0","0","2115","0","0","0","Y","0","0","0","1","68B03","0","","4.0","","9","N","N","","0","","0","0","0","","0","","","1","0","0","0","0","0","0","2","0","1","","","","N","","","","","","","","","",""
"2014119632","","1","0","0","0","0","0","0","0","0","4","0","","02","11","2014","4","40.414397","-79.92215","","11","0","0","0","0","0","0","0","0","","0","0","0","","","1","","2","","40 24:51.829","","0","79 55:19.740","8","0","0","0","2301","0","0","0","N","0","0","0","4","02301","0","","1.0","","1","N","N","","0","","0","0","1","","3","","","2","1","0","0","0","1","0","2","0","2","","","","N","","","","","","","","","",""
"2014117722","","2","0","0","0","0","0","0","0","0","4","0","","02","11","2014","6","40.57041","-80.116928","","11","0","0","0","0","0","2","0","0","1","0","0","0","","","0","","0","","40 34:13.475","2","0","80 07:00.940","0","0","0","0","2460","0","0","0","N","0","0","0","2","68B03","0","","1.0","","1","N","N","","0","","0","0","0","","0","N","","2","0","0","0","0","0","0","2","0","2","","","","N","","","","","","","","","",""
"2014119167","","1","0","0","0","0","0","0","0","0","4","0","","02","11","2014","6","40.457215","-79.997827","","11","0","0","0","0","0","1","0","0","2","0","0","0","","","1","","1","","40 27:25.975","1","0","79 59:52.178","8","0","0","0","2301","0","0","0","N","0","0","0","6","02301","0","","1.0","","9","N","N","","0","","0","0","1","","2","Y","","2","1","0","0","0","1","0","2","0","2","","","","N","","","","","","","","","",""
"2014073829","","1","0","0","0","0","0","0","0","0","1","0","","02","7","2014","7","40.431821","-80.024419","","11","0","0","0","0","0","0","0","0","","0","0","0","","","1","","0","","40 25:54.555","","0","80 01:27.907","4","0","0","0","2301","0","0","0","N","0","0","0","3","68B03","1","","1.0","","9","N","N","","0","","0","0","1","","0","","","2","1","0","0","0","0","0","2","0","2","","","","N","","","","","","","","","",""
"2014074647","","2","0","0","0","0","0","0","0","0","1","0","","02","7","2014","7","40.412356","-80.066805","","11","0","0","0","0","0","1","0","0","2","0","0","0","","","6","","0","","40 24:44.483","3","0","80 04:00.497","8","0","0","0","2435","0","0","0","N","0","0","0","18","68B03","0","","1.0","","1","N","N","","1","","0","0","2","","0","N","","5","6","0","0","0","6","0","2","0","5","","","","N","","","","","","","","","",""
"2014072349","","1","0","0","0","0","0","1","0","0","4","1","","02","7","2014","4","40.438552","-80.005748","","11","0","0","0","0","0","1","0","0","","0","0","0","","","0","","5","","40 26:18.786","","2","80 00:20.693","0","0","0","0","2301","0","0","0","N","0","0","0","15","02301","0","","1.0","","1","N","N","","0","","0","0","0","","2","","","2","0","0","0","0","0","0","2","0","2","","","","N","","","","","","","","","",""
"2014117723","","1","0","0","0","0","0","0","0","0","4","1","","02","11","2014","7","40.423319","-80.108843","","11","0","0","0","0","0","1","1","0","3","0","1","0","","","0","","0","","40 25:23.948","1","8","80 06:31.836","0","0","0","0","2115","0","0","0","N","0","0","0","2","68B03","0","","1.0","","2","N","N","","0","","0","0","0","","0","Y","","2","0","0","0","0","0","0","2","0","2","","","","N","","","","","","","","","",""
"2014072283","","0","0","0","0","0","0","0","0","0","0","1","","02","7","2014","3","40.310625","-79.915941","","11","0","0","0","0","0","1","0","0","","0","1","0","","","0","","0","","40 18:38.249","","7","79 54:57.389","9","0","0","0","2440","0","0","0","N","0","0","0","1","02440","0","","4.0","","1","N","N","","0","","0","0","0","","0","","","1","0","0","0","0","0","1","2","0","1","","","","N","","","","","","","","","",""
"2014073830","","2","0","0","0","0","0","0","0","0","1","0","","02","7","2014","1","40.481796","-80.12103","","11","1","0","0","0","0","2","0","0","2","0","0","0","","","1","","0","","40 28:54.467","1","0","80 07:15.708","8","0","0","0","2126","0","0","0","N","0","0","0","6","68B03","0","","1.0","","1","N","N","","0","","0","0","1","","0","N","","3","1","0","0","0","1","0","2","0","3","","","","N","","","","","","","","","",""
"2014074648","","0","0","0","0","0","0","0","0","0","0","0","","02","7","2014","7","40.427155","-79.891302","","11","0","0","0","0","0","0","0","0","","0","0","0","","","2","","0","","40 25:37.757","","0","79 53:28.687","3","0","0","1","2301","0","0","0","N","0","0","0","2","68B03","1","","1.0","","9","N","N","","0","","1","0","0","","0","","","1","2","0","0","0","0","0","2","0","1","","","","N","","","","","","","","","",""
"2014117724","","0","0","0","0","0","0","0","0","0","7","0","","02","11","2014","7","40.423319","-80.108843","","11","0","0","0","0","0","0","0","0","3","0","0","0","","","0","","0","","40 25:23.948","1","8","80 06:31.836","0","0","0","0","2115","0","0","0","N","0","0","0","2","68B03","0","","5.0","","2","N","N","","0","","0","0","1","","0","Y","","1","0","0","0","0","0","0","2","0","1","","","","N","","","","","","","","","",""
"2014118395","","2","0","0","0","0","0","0","0","0","4","0","","02","11","2014","3","40.626948","-80.05513","","11","0","0","0","0","0","0","0","1","","0","0","0","","","2","","0","","40 37:37.013","","7","80 03:18.468","4","0","0","0","2216","0","0","0","N","0","0","0","2","02505","2","","1.0","","1","N","N","","0","","0","0","0","","0","","","2","2","0","0","0","0","0","2","0","2","","","","N","","","","","","","","","",""
"2014118462","","1","0","0","0","0","0","0","0","0","4","0","","02","11","2014","3","40.506254","-80.223147","","11","0","0","0","0","0","0","0","0","2","0","0","0","","","2","","2","","40 30:22.516","1","0","80 13:23.330","4","0","0","0","2213","0","0","0","N","0","0","0","2","02213","2","","1.0","","1","N","N","","0","","0","0","1","","2","N","","2","2","0","0","0","0","0","2","0","2","","","","N","","","","","","","","","",""
"2014073765","","1","0","0","0","0","0","0","0","0","7","0","","02","7","2014","2","40.49035","-80.018611","","11","0","0","0","0","0","0","0","0","","0","0","0","","","0","","2","","40 29:25.261","","0","80 01:07.001","9","0","0","0","2301","0","0","0","N","0","0","0","1","02301","0","","5.0","","1","N","N","","0","","0","0","0","","0","","","1","0","0","0","0","0","1","2","0","1","","","","N","","","","","","","","","",""
"2014073831","","1","0","0","0","0","0","0","0","0","7","0","","02","7","2014","3","40.438826","-79.861934","","11","0","0","1","0","0","0","0","0","1","0","0","0","","","0","","0","","40 26:19.775","3","0","79 51:42.962","0","0","0","0","2419","0","0","0","N","0","0","0","1","68B03","0","","3.0","","1","N","N","","0","","0","0","0","","0","N","","2","0","0","0","0","0","0","2","0","1","","","","N","","","","","","","","","",""
"2014117725","","1","0","0","0","0","0","0","0","0","7","0","","02","11","2014","7","40.550671","-80.086741","","11","0","0","0","0","0","0","0","0","","0","0","0","","","0","","0","","40 33:02.416","","3","80 05:12.269","0","0","0","0","2215","0","0","0","N","0","0","0","1","68B03","0","","4.0","","1","N","N","","0","","0","0","0","","0","","","1","0","0","0","0","0","0","2","0","1","","","","N","","","","","","","","","",""
"2014072286","","0","0","0","0","0","0","0","0","0","0","0","","02","6","2014","5","40.622722","-79.836556","","11","0","0","0","0","0","1","0","0","1","0","0","0","","","1","","0","","40 37:21.800","4","0","79 50:11.600","3","0","0","1","2220","0","0","0","N","0","0","0","1","02220","0","","1.0","","1","N","N","","0","","1","0","0","","0","N","","1","1","0","0","0","0","0","2","0","1","","","","N","","","","","","","","","",""
"2014073832","","1","0","0","0","0","0","0","0","0","1","0","","02","7","2014","4","40.50281","-80.136512","","11","0","0","0","0","0","1","0","0","","0","0","0","","","1","","0","","40 30:10.115","","0","80 08:11.444","8","0","0","0","2115","0","0","0","N","0","0","0","2","68B03","0","","1.0","","1","N","N","","0","","0","0","1","","4","","","2","1","0","0","0","1","0","2","0","2","","","","N","","","","","","","","","",""
"2014072352","","2","0","0","0","0","0","0","0","0","1","0","","02","7","2014","6","40.403558","-80.057726","","11","0","0","0","0","0","0","0","0","1","0","0","0","","","1","","2","","40 24:12.809","1","0","80 03:27.815","8","0","0","0","2117","0","0","0","N","0","0","0","3","02117","0","","1.0","","1","N","N","","0","","0","0","1","","0","N","","4","1","0","0","0","1","0","2","0","3","","","","N","","","","","","","","","",""
"2014119636","","3","0","0","0","0","0","0","0","0","1","0","","02","11","2014","7","40.60187","-79.757342","","11","0","0","0","0","0","0","0","0","2","0","0","0","","","1","","1","","40 36:06.733","2","0","79 45:26.432","4","0","0","0","2464","0","0","0","N","0","0","0","3","02464","1","","1.0","","1","N","N","","0","","0","0","0","","2","N","","3","1","3","0","0","0","0","2","0","3","","","","N","","","","","","","","","",""
"2014073833","","0","0","0","0","0","0","0","0","0","1","0","","02","7","2014","5","40.449816","-80.001451","","11","0","0","0","0","0","1","0","0","2","0","0","0","","","1","","0","","40 26:59.339","2","0","80 00:05.224","8","0","0","2","2301","0","0","0","N","0","0","0","2","68B03","0","","1.0","","1","N","N","","0","","0","0","0","","0","N","","2","1","0","0","0","1","0","2","0","2","","","","N","","","","","","","","","",""
"2014073834","","2","0","0","0","0","0","0","0","0","1","0","","02","7","2014","6","40.458802","-80.188013","","11","0","0","0","0","0","1","0","0","1","0","0","0","","","2","","0","","40 27:31.688","4","2","80 11:16.845","4","0","0","0","2213","0","0","0","N","0","0","0","4","68B03","2","","1.0","","1","N","N","","0","","0","0","0","","0","N","","2","2","0","0","0","0","0","2","0","2","","","","N","","","","","","","","","",""
"2014119043","","1","0","0","0","0","0","0","0","0","4","0","","02","11","2014","4","40.445588","-79.855357","","11","0","0","0","0","0","0","0","0","","0","0","0","","","0","","1","","40 26:44.116","","0","79 51:19.286","0","0","0","0","2419","0","0","0","N","0","0","0","6","02419","0","","1.0","","9","N","N","","0","","0","0","1","","0","","","2","0","0","0","0","0","0","2","0","2","","","","N","","","","","","","","","",""