"CRN","ARRIVAL_TM","AUTOMOBILE_COUNT","BELTED_DEATH_COUNT","BELTED_SUSP_SERIOUS_INJ_COUNT","BICYCLE_COUNT","BICYCLE_DEATH_COUNT","BICYCLE_SUSP_SERIOUS_INJ_COUNT","BUS_COUNT","CHLDPAS_DEATH_COUNT","CHLDPAS_SUSP_SERIOUS_INJ_COUNT","COLLISION_TYPE","COMM_VEH_COUNT","CONS_ZONE_SPD_LIM","COUNTY","CRASH_MONTH","CRASH_YEAR","DAY_OF_WEEK","DEC_LATITUDE","DEC_LONGITUDE","DISPATCH_TM","DISTRICT","DRIVER_COUNT_16YR","DRIVER_COUNT_17YR","DRIVER_COUNT_18YR","DRIVER_COUNT_19YR","DRIVER_COUNT_20YR","DRIVER_COUNT_50_64YR","DRIVER_COUNT_65_74YR","DRIVER_COUNT_75PLUS","EST_HRS_CLOSED","FATAL_COUNT","HEAVY_TRUCK_COUNT","HORSE_BUGGY_COUNT","HOUR_OF_DAY","ILLUMINATION","INJURY_COUNT","INTERSECTION_RELATED","INTERSECT_TYPE","LANE_CLOSED","LATITUDE","LN_CLOSE_DIR","LOCATION_TYPE","LONGITUDE","MAX_SEVERITY_LEVEL","MCYCLE_DEATH_COUNT","MCYCLE_SUSP_SERIOUS_INJ_COUNT","MOTORCYCLE_COUNT","MUNICIPALITY","NONMOTR_COUNT","NONMOTR_DEATH_COUNT","NONMOTR_SUSP_SERIOUS_INJ_COUNT","NTFY_HIWY_MAINT","PED_COUNT","PED_DEATH_COUNT","PED_SUSP_SERIOUS_INJ_COUNT","PERSON_COUNT","POLICE_AGCY","POSSIBLE_INJ_COUNT","RDWY_SURF_TYPE_CD","RELATION_TO_ROAD","ROADWAY_CLEARED","ROAD_CONDITION","SCH_BUS_IND","SCH_ZONE_IND","SECONDARY_CRASH","SMALL_TRUCK_COUNT","SPEC_JURIS_CD","SUSP_MINOR_INJ_COUNT","SUSP_SERIOUS_INJ_COUNT","SUV_COUNT","TCD_FUNC_CD","TCD_TYPE","TFC_DETOUR_IND","TIME_OF_DAY","TOTAL_UNITS","TOT_INJ_COUNT","UNBELTED_OCC_COUNT","UNB_DEATH_COUNT","UNB_SUSP_SERIOUS_INJ_COUNT","UNK_INJ_DEG_COUNT","UNK_INJ_PER_COUNT","URBAN_RURAL","VAN_COUNT","VEHICLE_COUNT","WEATHER1","WEATHER2","WORKERS_PRES","WORK_ZONE_IND","WORK_ZONE_LOC","WORK_ZONE_TYPE","WZ_CLOSE_DETOUR","WZ_FLAGGER","WZ_LAW_OFFCR_IND","WZ_LN_CLOSURE","WZ_MOVING","WZ_OTHER","WZ_SHLDER_MDN","WZ_WORKERS_INJ_KILLED"
"2014074572","1739","1","0","0","0","0","0","0","0","0","4","0","","02","7","2014","4","40.488951","-79.935624","1724","11","0","0","0","0","0","1","0","0","","0","0","0","","","0","","0","","40 29:20.224","","7","79 56:08.248","0","0","0","0","2301","0","0","0","N","0","0","0","3","02301","0","","1.0","","1","N","N","","0","","0","0","1","","0","","","2","0","0","0","0","0","0","2","0","2","","","","N","","","","","","","","","",""
"2014073822","1927","3","0","0","0","0","0","0","0","0","1","0","","02","6","2014","6","40.425924","-79.89825","1908","11","0","0","0","0","0","1","1","0","2","0","0","0","","","3","","0","","40 25:33.326","3","0","79 53:53.700","8","0","0","0","2301","0","0","0","N","0","0","0","6","68B03","0","","1.0","","1","N","N","","0","","0","0","1","","0","N","","4","3","0","0","0","3","0","2","0","4","","","","N","","","","","","","","","",""
"2014117716","0924","3","0","0","0","0","0","0","0","0","1","0","","02","11","2014","2","40.417823","-80.087735","0922","11","0","0","0","0","0","0","0","0","2","0","0","0","","","0","","0","","40 25:04.164","3","0","80 05:15.846","0","0","0","0","2457","0","0","0","N","0","0","0","8","68B03","0","","1.0","","1","N","N","","1","","0","0","1","","0","N","","5","0","0","0","0","0","0","2","0","5","","","","N","","","","","","","","","",""
"2014118385","1725","0","0","0","0","0","0","0","0","0","1","0","","02","11","2014","3","40.315524","-80.092988","1725","11","0","0","0","0","0","1","1","0","","0","0","0","","","2","","2","","40 18:55.885","","0","80 05:34.756","4","0","0","0","2123","0","0","0","N","0","0","0","2","02123","2","","1.0","","1","N","N","","0","","0","0","2","","0","","","2","2","0","0","0","0","0","2","0","2","","","","N","","","","","","","","","",""
"2014073823","1640","1","0","0","0","0","0","0","0","0","7","0","","02","6","2014","1","40.436742","-79.865087","1623","11","0","0","0","0","0","0","0","0","2","0","0","0","","","1","","6","","40 26:12.272","1","8","79 51:54.313","4","0","0","0","2478","0","0","0","N","0","0","0","1","68B03","1","","4.0","","1","N","N","","0","","0","0","0","","0","N","","1","1","0","0","0","0","0","2","0","1","","","","N","","","","","","","","","",""
"2014119694","1321","0","0","0","0","0","0","0","0","0","4","0","","02","11","2014","7","40.515599","-80.268024","1317","11","0","0","0","0","0","0","0","0","1","0","0","0","","","1","","1","","40 30:56.157","1","0","80 16:04.888","4","0","0","0","2203","0","0","0","N","0","0","0","2","02203","1","","1.0","","1","N","N","","1","","0","0","1","","2","N","","2","1","0","0","0","0","0","2","0","2","","","","N","","","","","","","","","",""
"2014117717","0613","1","0","0","0","0","0","0","0","0","99","0","","02","11","2014","6","40.417306","-80.056395","0613","11","0","0","0","0","0","1","0","0","","0","0","0","","","0","","0","","40 25:02.302","","0","80 03:23.021","0","0","0","0","2435","0","0","0","N","0","0","0","1","68B03","0","","1.0","","1","N","N","","0","","0","0","0","","0","","","1","0","0","0","0","0","0","2","0","1","","","","N","","","","","","","","","",""
"2014118372","1547","0","0","0","0","0","0","0","0","0","1","0","","02","11","2014","3","40.452576","-79.922366","1547","11","0","0","0","0","0","1","0","0","","0","0","0","","","0","","2","","40 27:09.273","","0","79 55:20.517","0","0","0","0","2301","0","0","0","N","0","0","0","3","02301","0","","1.0","","1","N","N","","0","","0","0","1","","0","","","2","0","0","0","0","0","0","2","1","2","","","","N","","","","","","","","","",""
"2014119162","2259","1","0","0","0","0","0","0","0","0","7","0","","02","11","2014","5","40.418832","-79.888506","2255","11","0","0","0","0","0","0","0","0","1","0","0","0","","","0","","2","","40 25:07.795","6","0","79 53:18.621","0","0","0","0","2463","0","0","0","N","0","0","0","1","02463","0","","1.0","","1","N","N","","0","","0","0","0","","0","Y","","1","0","1","0","0","0","0","2","0","1","","","","N","","","","","","","","","",""
"2014072978","2200","2","0","0","0","0","0","0","0","0","5","0","","02","7","2014","5","40.46971","-79.898397","2127","11","0","0","0","0","0","0","0","0","1","0","1","0","","","0","","0","","40 28:10.956","1","0","79 53:54.229","0","0","0","0","2301","0","0","0","N","0","0","0","4","02301","0","","1.0","","1","N","N","","0","","0","0","0","","0","N","","3","0","0","0","0","0","0","2","0","3","","","","N","","","","","","","","","",""
"2014073824","0554","1","0","0","0","0","0","0","0","0","1","0","","02","7","2014","4","40.425674","-79.905029","0530","11","0","0","0","0","0","0","0","0","","0","0","0","","","2","","0","","40 25:32.428","","0","79 54:18.103","4","0","0","0","2301","0","0","0","N","0","0","0","2","68B03","2","","1.0","","1","N","N","","1","","0","0","0","","0","","","2","2","0","0","0","0","0","2","0","2","","","","N","","","","","","","","","",""
"2014072344","1235","1","0","0","0","0","0","0","0","0","4","0","","02","7","2014","4","40.457562","-79.955448","1232","11","0","0","0","0","0","1","0","0","","0","0","0","","","1","","1","","40 27:27.222","","0","79 57:19.614","8","0","0","0","2301","0","0","0","N","0","0","0","3","02301","0","","1.0","","1","N","N","","0","","0","0","0","","2","","","2","1","0","0","0","1","0","2","1","2","","","","N","","","","","","","","","",""
"2014119627","1231","0","0","0","0","0","0","0","0","0","1","0","","02","11","2014","6","40.633319","-80.05961","1221","11","0","0","0","0","0","0","0","0","","0","0","0","","","1","","1","","40 37:59.949","","0","80 03:34.597","3","0","0","0","2216","0","0","0","N","0","0","0","2","02505","0","","1.0","","1","N","N","","2","","1","0","0","","2","","","2","1","0","0","0","0","0","2","0","2","","","","N","","","","","","","","","",""
"2014117657","1713","1","0","0","0","0","0","0","0","0","4","1","35","02","11","2014","7","40.554954","-80.038679","1713","11","0","0","0","0","0","0","2","0","1","0","1","0","","","0","","0","","40 33:17.833","1","7","80 02:19.245","0","0","0","0","2108","0","0","0","N","0","0","0","2","02108","0","","1.0","","9","N","N","","0","","0","0","0","","0","N","","2","0","0","0","0","0","0","2","0","2","","","N","Y","4","1","N","N","N","N","N","N","N",""
"2014117718","1527","1","0","0","0","0","0","0","0","0","1","0","","02","11","2014","2","40.425667","-79.911001","1453","11","0","0","0","0","0","1","0","0","1","0","0","0","","","0","","0","","40 25:32.400","3","4","79 54:39.602","0","0","0","0","2301","0","0","0","N","0","0","0","2","68B03","0","","1.0","","1","N","N","","0","","0","0","1","","0","N","","2","0","0","0","0","0","0","2","0","2","","","","N","","","","","","","","","",""
"2014119087","1130","2","0","0","0","0","0","0","0","0","4","0","","02","11","2014","5","40.373883","-79.845029","1129","11","0","0","0","0","0","1","0","0","1","0","0","0","","","0","","2","","40 22:25.980","2","0","79 50:42.106","0","0","0","0","2303","0","0","0","N","0","0","0","4","02303","0","","1.0","","1","N","N","","0","","0","0","0","","2","N","","2","0","0","0","0","0","0","2","0","2","","","","N","","","","","","","","","",""
"2014119163","0115","3","0","0","0","0","0","0","0","0","4","0","","02","11","2014","5","40.454549","-79.946643","0109","11","0","0","0","0","0","0","0","0","","0","0","0","","","1","","0","","40 27:16.377","","0","79 56:47.913","8","0","0","0","2301","0","0","0","N","0","0","0","2","02301","0","","6.0","","1","N","N","","0","","0","0","0","","0","","","3","1","2","0","0","1","0","2","0","3","","","","N","","","","","","","","","",""
"2014072979","1547","2","0","0","0","0","0","0","0","0","1","0","","02","7","2014","6","40.446234","-79.997011","1529","11","0","0","0","0","1","0","0","0","2","0","0","0","","","0","","2","","40 26:46.442","4","0","79 59:49.239","0","0","0","0","2301","0","0","0","N","0","0","0","2","02301","0","","1.0","","1","N","N","","0","","0","0","0","","2","N","","2","0","1","0","0","0","0","2","0","2","","","","N","","","","","","","","","",""
"2014073825","0859","2","0","0","0","0","0","0","0","0","1","0","","02","7","2014","4","40.483134","-80.007812","0821","11","0","0","0","0","0","1","0","0","","0","0","0","","","2","","0","","40 28:59.284","","0","80 00:28.122","8","0","0","0","2301","0","0","0","N","0","0","0","2","68B03","0","","1.0","","1","N","N","","0","","0","0","0","","0","","","2","2","0","0","0","2","0","2","0","2","","","","N","","","","","","","","","",""
"2014117719","1805","1","0","0","0","0","0","0","0","0","1","0","","02","11","2014","3","40.440044","-80.188315","1755","11","0","0","0","0","0","0","0","0","1","0","0","0","","","0","","0","","40 26:24.158","3","0","80 11:17.933","0","0","0","0","2214","0","0","0","N","0","0","0","4","68B03","0","","1.0","","1","N","N","","0","","0","0","3","","0","Y","","4","0","0","0","0","0","0","2","0","4","","","","N","","","","","","","","","",""
"2014073826","2141","0","0","0","0","0","0","0","0","0","1","0","","02","7","2014","4","40.448515","-80.007291","2135","11","0","0","0","0","0","1","0","0","2","0","0","0","","","6","","0","","40 26:54.655","1","3","80 00:26.246","4","0","0","0","2301","0","0","0","N","0","0","0","6","68B03","6","","1.0","","1","N","N","","0","","0","0","1","","0","Y","","2","6","0","0","0","0","0","2","1","2","","","","N","","","","","","","","","",""
"2014072346","1644","2","0","0","0","0","0","0","0","0","4","0","","02","7","2014","1","40.386291","-80.084112","1643","11","0","0","0","0","0","1","0","0","","0","0","0","","","0","","1","","40 23:10.646","","0","80 05:02.804","0","0","0","0","2117","0","0","0","N","0","0","0","2","02117","0","","1.0","","1","N","N","","0","","0","0","0","","2","","","2","0","0","0","0","0","0","2","0","2","","","","N","","","","","","","","","",""
"2014117720","2209","1","0","0","0","0","0","0","0","0","7","0","","02","11","2014","5","40.491658","-80.125733","2201","11","0","0","0","0","0","0","0","0","","0","0","0","","","0","","0","","40 29:29.968","","0","80 07:32.639","0","0","0","0","2115","0","0","0","N","0","0","0","1","68B03","0","","4.0","","2","N","N","","0","","0","0","0","","0","","","1","0","0","0","0","0","0","2","0","1","","","","N","","","","","","","","","",""
"2014118604","1418","1","0","0","0","0","0","0","0","0","1","0","","02","11","2014","2","40.362094","-79.862637","1415","11","0","0","0","0","0","0","1","0","","0","0","0","","","1","","0","","40 21:43.539","","0","79 51:45.494","8","0","0","0","2473","0","0","0","N","0","0","0","2","02473","0","","1.0","","1","N","N","","1","","0","0","0","","0","","","2","1","0","0","0","1","0","2","0","2","","","","N","","","","","","","","","",""
"2014119302","0701","0","0","0","0","0","0","0","0","0","7","0","","02","11","2014","6","40.443951","-79.896432","0654","11","0","0","0","0","0","1","0","0","3","0","0","0","","","1","","0","","40 26:38.223","2","0","79 53:47.156","4","0","0","0","2301","0","0","0","N","0","0","0","1","02301","1","","5.0","","2","N","N","","1","","0","0","0","","0","N","","1","1","0","0","0","0","0","2","0","1","","","","N","","","","","","","","","",""
"2014119862","1354","2","0","0","0","0","0","0","0","0","4","0","","02","11","2014","7","40.633175","-79.953391","1351","11","0","0","0","0","0","0","0","1","","0","0","0","","","0","","2","","40 37:59.431","","0","79 57:12.208","0","0","0","0","2217","0","0","0","N","0","0","0","3","02505","0","","1.0","","1","N","N","","0","","0","0","0","","3","","","2","0","1","0","0","0","0","2","0","2","","","","N","","","","","","","","","",""
"2014117494","1103","1","0","0","0","0","0","0","0","0","1","1","","02","11","2014","2","40.48449","-79.855326","1058","11","0","0","0","0","0","0","0","0","","0","1","0","","","1","","0","","40 29:04.165","","0","79 51:19.172","8","0","0","0","2113","0","0","0","N","0","0","0","2","02113","0","","1.0","","1","N","N","","0","","0","0","0","","0","","","2","1","0","0","0","1","0","2","0","2","","","","N","","","","","","","","","",""
"2014117872","1540","0","0","0","0","0","0","0","0","0","1","0","","02","11","2014","2","40.496451","-79.882455","1540","11","0","1","1","0","0","0","0","0","","0","0","0","","","1","","0","","40 29:47.222","","0","79 52:56.839","4","0","0","0","2112","0","0","0","N","0","0","0","2","02112","1","","1.0","","1","N","N","","0","","0","0","2","","0","","","2","1","0","0","0","0","0","2","0","2","","","","N","","","","","","","","","",""
"2014118536","1035","2","0","0","0","0","0","0","0","0","4","0","","02","11","2014","1","40.393242","-79.806876","1032","11","0","0","0","0","0","0","0","0","1","0","0","0","","","2","","2","","40 23:35.671","4","0","79 48:24.753","4","0","0","0","2479","0","0","0","N","0","0","0","3","02111","2","","1.0","","9","N","N","","0","","0","0","0","","3","N","","2","2","0","0","0","0","0","2","0","2","","","","N","","","","","","","","","",""
"2014119304","0803","1","0","0","0","0","0","0","0","0","7","0","","02","11","2014","6","40.434969","-79.91753","0721","11","0","0","0","0","0","0","0","0","","0","0","0","","","0","","0","","40 26:05.888","","0","79 55:03.108","0","0","0","0","2301","0","0","0","N","0","0","0","2","02301","0","","2.0","","2","N","N","","0","","0","0","0","","0","","","1","0","0","0","0","0","0","2","0","1","","","","N","","","","","","","","","",""
"2014118678","1257","2","0","0","0","0","0","0","0","0","5","0","","02","11","2014","4","40.342508","-79.964645","1252","11","0","0","0","0","0","0","0","0","1","0","0","0","","","1","","6","","40 20:33.030","3","2","79 57:52.723","8","0","0","0","2454","0","0","0","N","0","0","0","3","02454","0","","1.0","","9","N","N","","0","","0","0","0","","3","N","","2","1","0","0","0","1","0","2","0","2","","","","N","","","","","","","","","",""
"2014119864","0258","1","0","0","0","0","0","0","0","0","7","0","","02","11","2014","1","40.464888","-79.853678","0257","11","0","0","0","0","0","0","0","0","2","0","0","0","","","0","","0","","40 27:53.596","3","0","79 51:13.240","0","0","0","0","2113","0","0","0","N","0","0","0","1","02113","0","","5.0","","1","N","N","","0","","0","0","0","","0","Y","","1","0","0","0","0","0","0","2","0","1","","","","N","","","","","","","","","",""
"2014119317","0835","1","0","0","0","0","0","0","0","0","4","1","","02","11","2014","6","40.477328","-79.95404","0820","11","0","0","0","0","0","0","0","0","2","0","1","0","","","3","","2","","40 28:38.380","6","0","79 57:14.544","8","0","0","0","2301","0","0","0","N","0","0","0","4","02301","0","","1.0","","2","N","N","","0","","0","0","0","","0","Y","","2","3","0","0","0","3","0","2","0","2","","","","N","","","","","","","","","",""
"2014118075","0621","2","0","0","0","0","0","0","0","0","4","0","","02","11","2014","3","40.404844","-79.910671","0619","11","0","0","0","0","0","0","1","1","1","0","0","0","","","0","","1","","40 24:17.438","2","0","79 54:38.415","0","0","0","0","2438","0","0","0","N","0","0","0","2","02438","0","","1.0","","98","N","N","","0","","0","0","0","","3","N","","2","0","0","0","0","0","0","2","0","2","","","","N","","","","","","","","","",""
"2014117482","1150","1","0","0","0","0","0","0","0","0","4","0","","02","11","2014","1","40.539016","-79.83998","1145","11","0","0","0","0","0","1","0","0","1","0","0","0","","","1","","1","","40 32:20.457","4","2","79 50:23.928","8","0","0","0","2208","0","0","0","N","0","0","0","4","02208","0","","1.0","","1","N","N","","1","","0","0","0","","2","N","","2","1","0","0","0","1","0","2","0","2","","","","N","","","","","","","","","",""
"2014117496","1333","1","0","0","0","0","0","0","0","0","7","0","","02","11","2014","7","40.544496","-79.822726","1329","11","0","0","0","0","0","0","0","0","","0","0","0","","","0","","0","","40 32:40.187","","3","79 49:21.814","0","0","0","0","2208","0","0","0","Y","0","0","0","4","02208","0","","2.0","","2","N","N","","0","","0","0","0","","0","","","1","0","0","0","0","0","0","2","0","1","","","","N","","","","","","","","","",""
"2014118151","1954","0","0","0","0","0","0","1","0","0","8","1","","02","11","2014","7","40.451877","-79.952051","1950","11","0","0","0","0","0","1","0","0","2","0","0","0","","","1","","1","","40 27:06.757","4","0","79 57:07.383","8","0","0","0","2301","1","0","0","N","1","0","0","2","02506","0","","1.0","","1","N","N","","0","","0","0","0","","2","N","","2","1","0","0","0","1","0","2","0","1","","","","N","","","","","","","","","",""
"2014119386","1304","1","0","0","0","0","0","0","0","0","7","0","","02","11","2014","6","40.417231","-80.02797","1254","11","0","0","0","0","0","1","0","0","","0","0","0","","","0","","0","","40 25:02.031","","0","80 01:40.692","0","0","0","0","2301","0","0","0","N","0","0","0","1","02301","0","","5.0","","2","N","N","","0","","0","0","0","","0","","","1","0","0","0","0","0","0","2","0","1","","","","N","","","","","","","","","",""
"2014117875","2156","0","0","0","0","0","0","0","0","0","4","0","","02","11","2014","2","40.452414","-79.952368","2154","11","0","0","0","0","0","0","0","0","1","0","0","0","","","1","","2","","40 27:08.690","5","0","79 57:08.524","8","0","0","1","2301","0","0","0","N","0","0","0","2","02301","0","","1.0","","1","N","N","","0","","0","0","1","","0","N","","2","1","0","0","0","1","0","2","0","2","","","","N","","","","","","","","","",""
"2014120026","0504","1","0","0","0","0","0","0","0","0","7","0","","02","11","2014","1","40.426282","-80.02066","0501","11","0","0","0","0","0","0","0","0","1","0","0","0","","","0","","0","","40 25:34.615","1","0","80 01:14.375","0","0","0","0","2301","0","0","0","N","0","0","0","3","02301","0","","5.0","","1","N","N","","0","","0","0","0","","0","Y","","1","0","0","0","0","0","0","2","0","1","","","","N","","","","","","","","","",""
"2014119307","0556","2","0","0","0","0","0","0","0","0","1","1","","02","11","2014","6","40.563303","-80.208111","0555","11","0","0","0","0","0","1","0","0","3","0","1","0","","","0","","2","","40 33:47.892","2","0","80 12:29.199","0","0","0","0","2441","0","0","0","Y","0","0","0","5","02441","0","","1.0","","2","N","N","","1","","0","0","0","","2","Y","","4","0","0","0","0","0","0","2","0","4","","","","N","","","","","","","","","",""
"2014119914","1452","3","0","0","0","0","0","0","0","0","1","0","","02","11","2014","7","40.446193","-79.827919","1441","11","0","0","1","0","0","0","0","0","","0","0","0","","","1","","1","","40 26:46.296","","0","79 49:40.507","4","0","0","0","2113","0","0","0","N","0","0","0","3","02113","1","","1.0","","1","N","N","","0","","0","0","0","","2","","","3","1","0","0","0","0","0","2","0","3","","","","N","","","","","","","","","",""
"2014119477","1728","2","0","0","0","0","0","0","0","0","4","0","","02","11","2014","6","40.636955","-79.940763","1727","11","0","0","0","0","1","0","0","0","","0","0","0","","","0","","1","","40 38:13.038","","7","79 56:26.746","0","0","0","0","2217","0","0","0","N","0","0","0","2","02505","0","","1.0","","1","N","N","","0","","0","0","0","","3","","","2","0","0","0","0","0","0","2","0","2","","","","N","","","","","","","","","",""
"2014117863","1652","1","0","0","0","0","0","0","0","0","2","0","","02","11","2014","2","40.198941","-79.869395","1643","11","0","0","0","1","0","1","0","0","","0","0","0","","","0","","3","","40 11:56.189","","0","79 52:09.822","0","0","0","0","2204","0","0","0","N","0","0","0","2","02204","0","","1.0","","1","N","N","","0","","0","0","1","","3","","","2","0","0","0","0","0","0","2","0","2","","","","N","","","","","","","","","",""
"2014119187","1135","1","0","0","0","0","0","0","0","0","7","0","","02","11","2014","7","","","1130","11","0","0","0","0","0","0","0","0","3","0","0","0","","","0","","0","","","1","0","","0","0","0","0","2430","0","0","0","Y","0","0","0","1","02430","0","","2.0","","2","N","N","","0","","0","0","0","","0","Y","","1","0","0","0","0","0","0","1","0","1","","","","N","","","","","","","","","",""
"2014118540","1059","1","1","0","0","0","0","0","0","0","0","0","","02","11","2014","6","40.485414","-79.960025","1051","11","0","0","0","0","0","0","0","1","4","1","0","0","","","0","","0","","40 29:07.490","1","0","79 57:36.091","1","0","0","0","2118","0","0","0","N","0","0","0","5","02118","0","1","1.0","","1","N","N","","1","0","0","0","0","","0","Y","","2","0","0","0","0","0","0","2","0","2","","","","N","","","","","","","","","",""
"2014119188","1135","0","0","0","0","0","0","0","0","0","7","0","","02","11","2014","7","","","1130","11","0","0","0","0","0","1","0","0","3","0","0","0","","","1","","0","","","2","0","","4","0","0","0","2430","0","0","0","Y","0","0","0","1","02430","1","","3.0","","2","N","N","","1","","0","0","0","","0","Y","","1","1","0","0","0","0","0","1","0","1","","","","N","","","","","","","","","",""
"2014119868","2119","1","0","0","0","0","0","0","0","0","7","0","","02","11","2014","5","40.618386","-79.852994","2109","11","0","0","0","0","0","0","0","0","1","0","0","0","","","0","","0","","40 37:06.188","2","0","79 51:10.778","0","0","0","0","2220","0","0","0","N","0","0","0","1","02220","0","","1.0","","2","N","N","","0","","0","0","0","","0","N","","1","0","0","0","0","0","0","2","0","1","","","","N","","","","","","","","","",""
"2014119464","1923","1","0","0","0","0","0","0","0","0","7","0","","02","11","2014","6","40.454206","-80.196058","1911","11","0","0","0","0","0","0","0","0","1","0","0","0","","","0","","0","","40 27:15.140","2","0","80 11:45.810","0","0","0","0","2203","0","0","0","N","0","0","0","1","02203","0","","2.0","","1","N","N","","0","","0","0","0","","0","N","","1","0","0","0","0","0","0","2","0","1","","","","N","","","","","","","","","",""
"2014119189","1910","1","0","0","0","0","0","0","0","0","7","0","","02","11","2014","5","40.502222","-79.945236","1908","11","0","0","0","0","0","0","0","1","2","0","0","0","","","1","","1","","40 30:07.999","5","0","79 56:42.850","8","0","0","0","2430","0","0","0","Y","0","0","0","1","02430","0","","3.0","","9","N","N","","0","","0","0","0","","2","N","","1","1","0","0","0","1","0","2","0","1","","","","N","","","","","","","","","",""
"2014119323","0922","2","0","0","0","0","0","0","0","0","5","0","","02","11","2014","6","40.495646","-80.026609","0912","11","0","0","0","0","0","0","0","0","","0","0","0","","","0","","0","","40 29:44.324","","0","80 01:35.794","0","0","0","0","2301","0","0","0","N","0","0","0","1","02301","0","","2.0","","2","N","N","","0","","0","0","0","","0","","","2","0","0","0","0","0","0","2","0","2","","","","N","","","","","","","","","",""
"2014118684","1145","2","0","0","0","0","0","0","0","0","1","0","","02","11","2014","4","40.406919","-79.992103","1120","11","0","0","0","0","0","0","0","0","1","0","0","0","","","0","","0","","40 24:24.910","3","0","79 59:31.570","0","0","0","0","2301","0","0","0","N","0","0","0","2","02301","0","","1.0","","2","N","N","","0","","0","0","0","","0","N","","2","0","0","0","0","0","0","2","0","2","","","","N","","","","","","","","","",""
"2014119178","0221","1","0","0","0","0","0","0","0","0","7","0","","02","11","2014","6","40.392384","-79.934503","0216","11","0","0","1","0","0","0","0","0","1","0","0","0","","","0","","0","","40 23:32.584","3","0","79 56:04.209","0","0","0","0","2301","0","0","0","N","0","0","0","2","02301","0","","2.0","","9","N","N","","0","","0","0","0","","0","N","","1","0","0","0","0","0","0","2","0","1","","","","N","","","","","","","","","",""
"2014117879","0553","1","0","0","0","0","0","0","0","0","7","0","","02","11","2014","2","40.436305","-80.059731","0550","11","0","0","0","0","0","0","0","0","","0","0","0","","","0","","0","","40 26:10.698","","0","80 03:35.031","0","0","0","0","2421","0","0","0","N","0","0","0","1","02421","0","","5.0","","9","N","N","","0","","0","0","0","","0","","","1","0","1","0","0","0","0","2","0","1","","","","N","","","","","","","","","",""
"2014119394","1417","1","0","0","0","0","0","0","0","0","4","0","","02","11","2014","6","40.424944","-79.919967","1415","11","0","0","0","0","0","0","1","0","","0","0","0","","","1","","1","","40 25:29.800","","0","79 55:11.880","8","0","0","0","2301","0","0","0","N","0","0","0","2","02301","0","","1.0","","1","N","N","","0","","0","0","1","","3","","","2","1","0","0","0","1","0","2","0","2","","","","N","","","","","","","","","",""
"2014118081","1319","2","0","0","0","0","0","0","0","0","1","0","","02","11","2014","2","40.354146","-79.956241","1317","11","0","0","0","0","0","0","0","0","","0","0","0","","","1","","0","","40 21:14.925","","0","79 57:22.469","3","0","0","0","2473","0","0","0","N","0","0","0","2","02473","0","","1.0","","1","N","N","","0","","1","0","0","","3","","","2","1","0","0","0","0","0","2","0","2","","","","N","","","","","","","","","",""
"2014119467","1556","4","0","0","0","0","0","0","0","0","1","0","","02","11","2014","5","40.407706","-79.914369","1553","11","0","0","0","0","0","0","0","0","","0","0","0","","","0","","0","","40 24:27.740","","3","79 54:51.730","9","0","0","0","2438","0","0","0","N","0","0","0","5","02438","0","","1.0","","1","N","N","","0","","0","0","0","","0","","","4","0","1","0","0","0","1","2","0","4","","","","N","","","","","","","","","",""
"2014119483","1822","2","0","0","0","0","0","0","0","0","1","0","","02","11","2014","6","40.327536","-79.839817","1820","11","0","0","0","0","0","0","0","0","1","0","0","0","","","1","","2","","40 19:39.129","4","0","79 50:23.341","8","0","0","0","2304","0","0","0","N","0","0","0","4","02304","0","","1.0","","1","N","N","","0","","0","0","0","","2","N","","2","1","0","0","0","1","0","2","0","2","","","","N","","","","","","","","","",""
"2014120032","0620","2","0","0","0","0","0","0","0","0","2","0","","02","11","2014","7","40.483022","-79.929583","0616","11","0","0","0","0","0","0","0","0","","0","0","0","","","0","","0","","40 28:58.880","","0","79 55:46.500","9","0","0","0","2301","0","0","0","N","0","0","0","1","02301","0","","1.0","","1","N","N","","0","","0","0","1","","0","","","3","0","0","0","0","0","1","2","0","3","","","","N","","","","","","","","","",""
"2014119468","2000","1","0","0","0","0","0","0","0","0","7","0","","02","11","2014","6","40.514464","-79.952158","2000","11","0","0","0","0","0","0","0","0","1","0","0","0","","","0","","2","","40 30:52.072","1","0","79 57:07.769","0","0","0","0","2118","0","0","0","N","0","0","0","1","02118","0","","4.0","","1","N","N","","0","","0","0","0","","0","N","","1","0","0","0","0","0","0","2","0","1","","","","N","","","","","","","","","",""
"2014119873","1246","1","0","0","0","0","0","0","0","0","4","0","","02","11","2014","6","40.511593","-79.947443","1245","11","0","0","0","0","0","0","1","0","1","0","0","0","","","0","","1","","40 30:41.734","1","0","79 56:50.796","0","0","0","0","2118","0","0","0","N","0","0","0","2","02118","0","","1.0","","1","N","N","","0","","0","0","1","","2","N","","2","0","0","0","0","0","0","2","0","2","","","","N","","","","","","","","","",""
"2014117490","1212","2","0","0","0","0","0","0","0","0","4","0","","02","11","2014","7","40.46917","-80.066148","1208","11","0","0","0","0","1","1","0","0","2","0","0","0","","","0","","1","","40 28:09.012","7","0","80 03:58.132","0","0","0","0","2444","0","0","0","N","0","0","0","4","02444","0","","1.0","","2","N","N","","0","","0","0","1","","0","Y","","3","0","0","0","0","0","0","2","0","3","","","","N","","","","","","","","","",""