"CRN","ARRIVAL_TM","AUTOMOBILE_COUNT","BELTED_DEATH_COUNT","BELTED_SUSP_SERIOUS_INJ_COUNT","BICYCLE_COUNT","BICYCLE_DEATH_COUNT","BICYCLE_SUSP_SERIOUS_INJ_COUNT","BUS_COUNT","CHLDPAS_DEATH_COUNT","CHLDPAS_SUSP_SERIOUS_INJ_COUNT","COLLISION_TYPE","COMM_VEH_COUNT","CONS_ZONE_SPD_LIM","COUNTY","CRASH_MONTH","CRASH_YEAR","DAY_OF_WEEK","DEC_LATITUDE","DEC_LONGITUDE","DISPATCH_TM","DISTRICT","DRIVER_COUNT_16YR","DRIVER_COUNT_17YR","DRIVER_COUNT_18YR","DRIVER_COUNT_19YR","DRIVER_COUNT_20YR","DRIVER_COUNT_50_64YR","DRIVER_COUNT_65_74YR","DRIVER_COUNT_75PLUS","EST_HRS_CLOSED","FATAL_COUNT","HEAVY_TRUCK_COUNT","HORSE_BUGGY_COUNT","HOUR_OF_DAY","ILLUMINATION","INJURY_COUNT","INTERSECTION_RELATED","INTERSECT_TYPE","LANE_CLOSED","LATITUDE","LN_CLOSE_DIR","LOCATION_TYPE","LONGITUDE","MAX_SEVERITY_LEVEL","MCYCLE_DEATH_COUNT","MCYCLE_SUSP_SERIOUS_INJ_COUNT","MOTORCYCLE_COUNT","MUNICIPALITY","NONMOTR_COUNT","NONMOTR_DEATH_COUNT","NONMOTR_SUSP_SERIOUS_INJ_COUNT","NTFY_HIWY_MAINT","PED_COUNT","PED_DEATH_COUNT","PED_SUSP_SERIOUS_INJ_COUNT","PERSON_COUNT","POLICE_AGCY","POSSIBLE_INJ_COUNT","RDWY_SURF_TYPE_CD","RELATION_TO_ROAD","ROADWAY_CLEARED","ROAD_CONDITION","SCH_BUS_IND","SCH_ZONE_IND","SECONDARY_CRASH","SMALL_TRUCK_COUNT","SPEC_JURIS_CD","SUSP_MINOR_INJ_COUNT","SUSP_SERIOUS_INJ_COUNT","SUV_COUNT","TCD_FUNC_CD","TCD_TYPE","TFC_DETOUR_IND","TIME_OF_DAY","TOTAL_UNITS","TOT_INJ_COUNT","UNBELTED_OCC_COUNT","UNB_DEATH_COUNT","UNB_SUSP_SERIOUS_INJ_COUNT","UNK_INJ_DEG_COUNT","UNK_INJ_PER_COUNT","URBAN_RURAL","VAN_COUNT","VEHICLE_COUNT","WEATHER1","WEATHER2","WORKERS_PRES","WORK_ZONE_IND","WORK_ZONE_LOC","WORK_ZONE_TYPE","WZ_CLOSE_DETOUR","WZ_FLAGGER","WZ_LAW_OFFCR_IND","WZ_LN_CLOSURE","WZ_MOVING","WZ_OTHER","WZ_SHLDER_MDN","WZ_WORKERS_INJ_KILLED"
"2014102667","0839","2","0","0","0","0","0","0","0","0","4","0","","02","10","2014","6","40.436233","-79.77244","0835","11","0","0","0","0","0","1","0","0","2","0","0","0","","","4","","1","","40 26:10.438","3","0","79 46:20.784","4","0","0","0","2446","0","0","0","N","0","0","0","6","02446","4","","1.0","","1","N","N","","0","","0","0","1","","2","N","","3","4","0","0","0","0","0","2","0","3","","","","N","","","","","","","","","",""
"2014103443","0902","2","0","0","0","0","0","0","0","0","1","0","","02","10","2014","3","40.45824","-79.972156","0900","11","0","0","0","0","0","0","0","0","","0","0","0","","","1","","2","","40 27:29.664","","0","79 58:19.761","8","0","0","0","2301","0","0","0","N","0","0","0","2","02301","0","","1.0","","1","N","N","","0","","0","0","0","","0","","","2","1","0","0","0","1","0","2","0","2","","","","N","","","","","","","","","",""
"2014104956","1424","2","0","0","0","0","0","0","0","0","1","0","","02","10","2014","6","40.452463","-79.997451","1414","11","0","0","0","0","0","1","0","0","1","0","0","0","","","0","","6","","40 27:08.865","4","2","79 59:50.822","0","0","0","0","2301","0","0","0","N","0","0","0","3","02301","0","","1.0","","1","N","N","","0","","0","0","0","","0","N","","2","0","0","0","0","0","0","2","0","2","","","","N","","","","","","","","","",""
"2014103456","0841","2","0","0","0","0","0","0","0","0","4","0","","02","10","2014","3","40.420471","-79.850909","0841","11","0","0","0","0","0","1","0","0","2","0","0","0","","","1","","2","","40 25:13.696","4","0","79 51:03.274","4","0","0","0","2431","0","0","0","N","0","0","0","2","02431","1","","1.0","","1","N","N","","0","","0","0","0","","3","N","","2","1","0","0","0","0","0","2","0","2","","","","N","","","","","","","","","",""
"2014104186","0017","0","0","0","0","0","0","0","0","0","0","0","","02","10","2014","4","40.448809","-79.987534","0013","11","0","0","0","0","0","0","0","0","","0","0","0","","","0","","1","","40 26:55.712","","0","79 59:15.122","0","0","0","0","2301","0","0","0","N","0","0","0","1","02301","0","","1.0","","9","N","N","","0","","0","0","1","","2","","","1","0","0","0","0","0","0","2","0","1","","","","N","","","","","","","","","",""
"2014105098","1145","0","0","0","0","0","0","0","0","0","7","0","","02","10","2014","3","40.413844","-79.72937","1130","11","0","0","0","0","0","0","0","0","3","0","0","0","","","1","","0","","40 24:49.839","3","0","79 43:45.731","8","0","0","0","2446","0","0","0","N","0","0","0","1","68T09","0","","2.0","","8","N","N","","0","","0","0","1","","0","N","","1","1","0","0","0","1","0","2","0","1","","","","N","","","","","","","","","",""
"2014103446","0855","0","0","0","0","0","0","1","0","0","6","1","","02","10","2014","3","40.425697","-80.019687","0847","11","0","0","0","0","1","0","0","0","","0","0","0","","","1","","0","","40 25:32.509","","1","80 01:10.874","8","0","0","0","2301","0","0","0","N","0","0","0","3","02301","0","","1.0","","1","Y","N","","1","","0","0","0","","0","","","2","1","0","0","0","1","0","2","0","2","","","","N","","","","","","","","","",""
"2014103525","0822","1","0","0","0","0","0","0","0","0","4","0","","02","10","2014","3","40.509038","-79.88826","0819","11","0","0","0","0","0","1","0","0","","0","0","0","","","0","","1","","40 30:32.536","","0","79 53:17.736","0","0","0","0","2432","0","0","0","","0","0","0","4","02432","0","","1.0","","1","N","N","","0","","0","0","1","","3","","","2","0","0","0","0","0","0","2","0","2","","","","N","","","","","","","","","",""
"2014103588","1750","2","0","0","0","0","0","0","0","0","1","0","","02","10","2014","3","40.435847","-79.895992","1737","11","0","0","0","0","0","0","0","0","","0","0","0","","","0","","1","","40 26:09.049","","0","79 53:45.571","0","0","0","0","2301","0","0","0","N","0","0","0","2","02301","0","","1.0","","9","N","N","","0","","0","0","0","","0","","","2","0","0","0","0","0","0","2","0","2","","","","N","","","","","","","","","",""
"2014102834","2048","2","0","0","0","0","0","0","0","0","4","0","","02","10","2014","1","40.492939","-80.011327","2038","11","0","0","1","0","0","0","1","0","1","0","0","0","","","0","","2","","40 29:34.581","2","0","80 00:40.778","0","0","0","0","2301","0","0","0","N","0","0","0","2","02301","0","","1.0","","1","N","N","","0","","0","0","0","","0","N","","2","0","0","0","0","0","0","2","0","2","","","","N","","","","","","","","","",""
"2014102817","1728","1","0","0","0","0","0","0","0","0","7","0","","02","10","2014","7","40.469992","-80.220215","1724","11","0","0","0","0","0","1","0","0","","0","0","0","","","1","","0","","40 28:11.972","","0","80 13:12.775","8","0","0","0","2203","0","0","0","Y","0","0","0","1","02203","0","","5.0","","1","N","N","","0","","0","0","0","","0","","","1","1","0","0","0","1","0","2","0","1","","","","N","","","","","","","","","",""
"2014117565","1339","1","0","0","0","0","0","0","0","0","5","0","","02","11","2014","2","40.424486","-79.981725","1328","11","0","0","0","0","0","0","0","1","","0","1","0","","","0","","0","","40 25:28.150","","0","79 58:54.210","9","0","0","0","2301","0","0","0","N","0","0","0","1","02301","0","","4.0","","1","N","N","","0","","0","0","0","","0","","","2","0","0","0","0","0","1","2","0","2","","","","N","","","","","","","","","",""
"2014104961","0642","1","0","0","0","0","0","0","0","0","8","0","","02","10","2014","6","40.424146","-80.043428","0642","11","0","0","0","0","0","0","0","0","","0","0","0","","","1","","2","","40 25:26.926","","0","80 02:36.342","3","0","0","0","2435","1","0","0","N","1","0","0","2","02435","0","","1.0","","1","N","N","","0","","1","0","0","","2","","","2","1","0","0","0","0","0","2","0","1","","","","N","","","","","","","","","",""
"2014102752","1550","5","0","0","0","0","0","0","0","0","5","0","","02","10","2014","1","40.458319","-79.933818","1550","11","0","0","0","0","0","0","0","0","","0","0","0","","","0","","10","","40 27:29.947","","0","79 56:01.745","0","0","0","0","2301","0","0","0","","0","0","0","1","02301","0","","2.0","","1","N","N","","0","","0","0","0","","0","","","5","0","0","0","0","0","0","2","0","5","","","","N","","","","","","","","","",""
"2014102836","1619","2","0","0","0","0","0","0","0","0","1","0","","02","10","2014","2","40.355873","-79.843149","1617","11","0","0","1","0","0","0","1","0","","0","0","0","","","0","","0","","40 21:21.143","","3","79 50:35.337","0","0","0","0","2303","0","0","0","N","0","0","0","2","02303","0","","1.0","","1","N","N","","0","","0","0","0","","0","","","2","0","0","0","0","0","0","2","0","2","","","","N","","","","","","","","","",""
"2014103604","2227","0","0","0","0","0","0","0","0","0","1","1","45","02","9","2014","3","40.425742","-79.901528","2223","11","0","0","0","0","0","0","0","0","","0","1","0","","","0","","0","","40 25:32.672","","4","79 54:05.502","0","0","0","0","2301","0","0","0","N","0","0","0","2","68B03","0","","1.0","","1","N","N","","0","","0","0","1","","0","","","2","0","0","0","0","0","0","2","0","2","","","Y","Y","4","1","N","N","Y","Y","N","N","N",""
"2014104207","0600","0","0","0","0","0","0","0","0","0","4","0","","02","10","2014","5","40.456848","-79.975654","0552","11","0","0","0","0","0","0","1","0","","0","0","0","","","0","","1","","40 27:24.652","","0","79 58:32.354","0","0","0","0","2301","0","0","0","N","0","0","0","2","02301","0","","1.0","","1","N","N","","0","","0","0","1","","1","","","2","0","0","0","0","0","0","2","1","2","","","","N","","","","","","","","","",""
"2014102819","1607","1","0","0","0","0","0","0","0","0","5","0","","02","10","2014","1","40.353411","-79.845611","1605","11","0","0","0","0","0","1","0","1","","0","0","0","","","0","","3","","40 21:12.280","","0","79 50:44.198","0","0","0","0","2304","0","0","0","N","0","0","0","3","02304","0","","1.0","","1","N","N","","1","","0","0","0","","0","","","2","0","0","0","0","0","0","2","0","2","","","","N","","","","","","","","","",""
"2014105102","1803","1","0","0","0","0","0","0","0","0","1","0","","02","10","2014","6","40.42276","-80.003678","1755","11","0","0","0","0","0","0","0","0","","0","0","0","","","0","","0","","40 25:21.936","","4","80 00:13.240","0","0","0","0","2301","0","0","0","N","0","0","0","6","02301","0","","1.0","","1","N","N","","0","","0","0","1","","0","","","2","0","0","0","0","0","0","2","0","2","","","","N","","","","","","","","","",""
"2014103605","1508","1","0","0","0","0","0","0","0","0","1","0","","02","10","2014","6","40.425005","-80.115923","1457","11","0","0","0","0","0","1","0","0","","0","0","0","","","0","","0","","40 25:30.018","","0","80 06:57.324","0","0","0","0","2102","0","0","0","N","0","0","0","4","68B03","0","","1.0","","9","N","N","","0","","0","0","1","","0","","","2","0","0","0","0","0","0","2","0","2","","","","N","","","","","","","","","",""
"2014104951","1355","2","0","0","0","0","0","0","0","0","2","0","","02","10","2014","6","40.454326","-79.834154","1345","11","0","0","0","0","0","1","0","0","","0","0","0","","","0","","1","","40 27:15.573","","0","79 50:02.954","0","0","0","0","2113","0","0","0","N","0","0","0","2","02113","0","","1.0","","1","N","N","","0","","0","0","0","","0","","","2","0","0","0","0","0","0","2","0","2","","","","N","","","","","","","","","",""
"2014103529","2114","1","0","0","0","0","0","0","0","0","1","0","","02","10","2014","2","40.352253","-80.114516","2113","11","0","0","0","0","0","1","0","0","","0","0","0","","","0","","0","","40 21:08.111","","0","80 06:52.256","0","0","0","0","2119","0","0","0","N","0","0","0","2","02119","0","","1.0","","9","N","N","","0","","0","0","1","","0","","","2","0","0","0","0","0","0","2","0","2","","","","N","","","","","","","","","",""
"2014103606","0630","1","0","0","0","0","0","0","0","0","1","0","","02","10","2014","3","40.433043","-79.870412","0606","11","0","0","0","0","0","2","0","0","","0","0","0","","","0","","0","","40 25:58.955","","0","79 52:13.482","0","0","0","0","2478","0","0","0","N","0","0","0","2","68B03","0","","1.0","","1","N","N","","0","","0","0","1","","0","","","2","0","0","0","0","0","0","2","0","2","","","","N","","","","","","","","","",""
"2014117568","0920","1","0","0","0","0","0","0","0","0","7","0","","02","11","2014","1","40.379705","-79.864728","0915","11","0","0","0","0","1","0","0","0","","0","0","0","","","1","","0","","40 22:46.939","","0","79 51:53.021","8","0","0","0","2303","0","0","0","N","0","0","0","1","02303","0","","5.0","","1","N","N","","0","","0","0","0","","0","","","1","1","0","0","0","1","0","2","0","1","","","","N","","","","","","","","","",""
"2014104196","2310","1","0","0","0","0","0","0","0","0","7","0","","02","10","2014","2","40.352758","-80.140519","2300","11","0","0","1","0","0","0","0","0","","0","0","0","","","0","","2","","40 21:09.929","","0","80 08:25.868","0","0","0","0","2119","0","0","0","N","0","0","0","1","02119","0","","1.0","","9","N","N","","0","","0","0","0","","0","","","1","0","0","0","0","0","0","2","0","1","","","","N","","","","","","","","","",""
"2014104952","1332","1","0","0","0","0","0","1","0","0","1","1","","02","10","2014","6","40.479225","-79.96637","1331","11","0","0","0","0","0","1","0","0","1","0","0","0","","","0","","6","","40 28:45.210","1","2","79 57:58.931","0","0","0","0","2118","0","0","0","N","0","0","0","2","02118","0","","7.0","","1","Y","N","","0","","0","0","0","","3","N","","2","0","0","0","0","0","0","2","0","2","","","","N","","","","","","","","","",""
"2014104351","1756","1","0","0","0","0","0","0","0","0","1","0","","02","10","2014","3","40.635128","-79.947057","1753","11","0","0","0","0","0","1","0","0","1","0","0","0","","","0","","0","","40 38:06.460","4","0","79 56:49.405","0","0","0","0","2217","0","0","0","N","0","0","0","3","02505","0","","1.0","","9","N","N","","0","","0","0","1","","0","N","","3","0","0","0","0","0","0","2","1","3","","","","N","","","","","","","","","",""
"2014102839","0430","1","0","0","0","0","0","0","0","0","7","0","","02","10","2014","7","40.371432","-80.096505","0425","11","0","0","0","0","0","0","0","0","1","0","0","0","","","0","","0","","40 22:17.155","2","3","80 05:47.418","0","0","0","0","2117","0","0","0","N","0","0","0","1","02117","0","","2.0","","9","N","N","","0","","0","0","0","","0","N","","1","0","0","0","0","0","0","2","0","1","","","","N","","","","","","","","","",""
"2014103607","0630","2","0","0","0","0","0","0","0","0","1","0","","02","10","2014","3","40.433043","-79.870412","0606","11","0","0","0","0","0","1","0","0","","0","0","0","","","0","","0","","40 25:58.955","","0","79 52:13.482","0","0","0","0","2478","0","0","0","N","0","0","0","3","68B03","0","","1.0","","1","N","N","","0","","0","0","1","","0","","","3","0","0","0","0","0","0","2","0","3","","","","N","","","","","","","","","",""
"2014118230","2307","1","0","0","0","0","0","0","0","0","7","0","","02","11","2014","5","40.427666","-79.949705","2307","11","0","0","0","0","0","0","0","0","","0","0","0","","","0","","0","","40 25:39.596","","3","79 56:58.939","0","0","0","0","2301","0","0","0","N","0","0","0","1","68B03","0","","4.0","","9","N","N","","0","","0","0","0","","0","","","1","0","0","0","0","0","0","2","0","1","","","","N","","","","","","","","","",""
"2014103544","1555","0","0","0","0","0","0","0","0","0","7","0","","02","10","2014","3","","","1550","11","0","0","0","0","0","0","0","0","9","0","0","0","","","1","","0","","","2","3","","8","0","0","1","2301","0","0","0","N","0","0","0","1","02301","0","","1.0","","9","N","N","","0","","0","0","0","","0","Y","","1","1","0","0","0","1","0","1","0","1","","","","N","","","","","","","","","",""
"2014105220","1753","0","0","0","0","0","0","0","0","0","7","0","","02","5","2014","2","40.38275","-79.820863","1750","11","0","0","0","0","0","0","0","0","2","0","0","0","","","1","","2","","40 22:57.900","3","0","79 49:15.106","4","0","0","1","2111","0","0","0","N","0","0","0","1","02111","1","","1.0","","1","N","N","","0","","0","0","0","","0","N","","1","1","0","0","0","0","0","2","0","1","","","","N","","","","","","","","","",""
"2014118231","1146","1","0","0","0","0","0","0","0","0","7","0","","02","11","2014","7","40.567259","-80.115109","1146","11","0","0","1","0","0","0","0","0","","0","0","0","","","1","","0","","40 34:02.131","","3","80 06:54.394","4","0","0","0","2460","0","0","0","N","0","0","0","1","68B03","1","","2.0","","2","N","N","","0","","0","0","0","","0","","","1","1","0","0","0","0","0","2","0","1","","","","N","","","","","","","","","",""
"2014105106","1929","0","0","0","0","0","0","0","0","0","0","0","","02","10","2014","6","40.452735","-80.172343","1927","11","0","0","0","0","0","0","0","0","1","0","0","0","","","1","","0","","40 27:09.847","3","0","80 10:20.435","8","0","0","1","2214","0","0","0","N","0","0","0","1","02214","0","","1.0","","1","N","N","","0","","0","0","0","","2","N","","1","1","0","0","0","1","0","2","0","1","","","","N","","","","","","","","","",""
"2014118887","1825","1","0","0","0","0","0","0","0","0","4","0","","02","11","2014","4","40.45558","-79.966256","1822","11","1","0","0","0","0","0","0","0","3","0","0","0","","","3","","5","","40 27:20.087","7","0","79 57:58.521","4","0","0","0","2301","0","0","0","N","0","0","0","4","02301","1","","1.0","","9","N","N","","0","","0","0","1","","2","N","","2","3","0","0","0","2","0","2","0","2","","","","N","","","","","","","","","",""
"2014104200","0019","0","0","0","0","0","0","0","0","0","7","0","","02","10","2014","5","40.455611","-79.976031","0012","11","0","0","0","0","0","0","0","0","","0","0","0","","","0","","0","","40 27:20.200","","99","79 58:33.710","0","0","0","0","2301","0","0","0","N","0","0","0","1","02301","0","","4.0","","1","N","N","","0","","0","0","0","","0","","","1","0","1","0","0","0","0","2","1","1","","","","N","","","","","","","","","",""
"2014102843","0241","1","0","0","0","0","0","0","0","0","7","0","","02","10","2014","7","40.267996","-79.802282","0237","11","0","0","0","0","0","0","0","0","","0","0","0","","","0","","0","","40 16:04.785","","0","79 48:08.215","0","0","0","0","2105","0","0","0","N","0","0","0","1","02105","0","","4.0","","1","N","N","","0","","0","0","0","","0","","","1","0","0","0","0","0","0","1","0","1","","","","N","","","","","","","","","",""
"2014104357","1338","1","0","0","0","0","0","0","0","0","4","0","","02","10","2014","5","40.428993","-79.976202","1335","11","0","1","0","0","1","0","0","0","","0","0","0","","","1","","1","","40 25:44.374","","0","79 58:34.327","4","0","0","0","2301","0","0","0","N","0","0","0","4","02301","1","","1.0","","1","N","N","","0","","0","0","1","","0","","","2","1","0","0","0","0","0","2","0","2","","","","N","","","","","","","","","",""
"2014103686","0730","1","0","0","0","0","0","0","0","0","99","0","55","02","10","2014","2","40.585224","-79.874979","0725","11","0","0","0","0","0","0","0","0","","0","0","0","","","0","","0","","40 35:06.808","","0","79 52:29.925","0","0","0","0","2209","0","0","0","N","0","0","0","1","68T02","0","","1.0","","1","N","N","","0","","0","0","0","","0","","","1","0","0","0","0","0","0","2","0","1","","","N","Y","2","1","N","N","N","N","N","N","Y",""
"2014102698","1406","0","0","0","0","0","0","0","0","0","7","0","","02","10","2014","7","40.336725","-79.97074","1403","11","0","0","0","0","0","0","0","0","","0","0","0","","","0","","0","","40 20:12.210","","0","79 58:14.665","0","0","0","0","2454","0","0","0","Y","0","0","0","4","02454","0","","3.0","","1","N","N","","0","","0","0","1","","0","","","1","0","0","0","0","0","0","2","0","1","","","","N","","","","","","","","","",""
"2014103614","0027","1","0","0","0","0","0","0","0","0","99","0","","02","10","2014","2","40.604824","-79.765118","2358","11","0","0","0","0","0","1","0","0","","0","0","0","","","0","","0","","40 36:17.367","","0","79 45:54.425","0","0","0","0","2464","0","0","0","N","0","0","0","1","68D02","0","","1.0","","9","N","N","","0","","0","0","0","","0","","","1","0","0","0","0","0","0","2","0","1","","","","N","","","","","","","","","",""
"2014102699","1942","1","0","0","0","0","0","0","0","0","1","0","","02","5","2014","1","40.486283","-80.054084","1939","11","0","0","0","0","0","1","0","0","","0","0","0","","","1","","2","","40 29:10.618","","0","80 03:14.703","8","0","0","0","2404","0","0","0","N","0","0","0","2","02404","0","","1.0","","1","N","N","","0","","0","0","0","","2","","","2","1","0","0","0","1","0","2","1","2","","","","N","","","","","","","","","",""
"2014105040","0618","1","1","0","0","0","0","0","0","0","0","1","","02","9","2014","2","40.535367","-80.12472","0604","11","0","0","0","0","0","2","0","0","4","1","1","0","","","2","","0","","40 32:07.322","2","0","80 07:28.993","1","0","0","0","2125","0","0","0","Y","0","0","0","4","68B03","2","2","1.0","","1","N","N","","0","0","0","0","1","","0","N","","3","2","0","0","0","0","1","2","0","3","","","","N","","","","","","","","","",""
"2014103538","2205","1","0","0","0","0","0","0","0","0","7","0","","02","10","2014","2","40.52498","-79.782532","2200","11","0","0","0","0","0","0","0","0","2","0","0","0","","","1","","0","","40 31:29.927","5","0","79 46:57.116","4","0","0","0","2466","0","0","0","N","0","0","0","1","02466","1","","5.0","","9","N","N","","0","","0","0","0","","0","Y","","1","1","0","0","0","0","0","2","0","1","","","","N","","","","","","","","","",""
"2014102847","2256","0","0","0","0","0","0","0","0","0","7","0","","02","10","2014","1","40.488674","-79.926887","2255","11","0","0","0","0","0","1","0","0","","0","0","0","","","0","","0","","40 29:19.228","","0","79 55:36.794","0","0","0","0","2301","0","0","0","N","0","0","0","1","02301","0","","4.0","","1","N","N","","0","","0","0","1","","0","","","1","0","0","0","0","0","0","2","0","1","","","","N","","","","","","","","","",""
"2014105241","0911","1","0","0","0","0","0","0","0","0","7","0","","02","10","2014","7","40.434769","-80.046734","0849","11","0","0","0","0","0","0","0","0","","0","0","0","","","0","","2","","40 26:05.168","","0","80 02:48.242","0","0","0","0","2301","0","0","0","N","0","0","0","1","02301","0","","1.0","","1","N","N","","0","","0","0","0","","3","","","1","0","0","0","0","0","0","2","0","1","","","","N","","","","","","","","","",""
"2014104218","1415","1","0","0","0","0","0","0","0","0","1","0","","02","10","2014","5","40.425635","-79.909563","1350","11","0","0","0","0","0","0","0","0","","0","0","0","","","1","","0","","40 25:32.287","","0","79 54:34.427","4","0","0","0","2301","0","0","0","N","0","0","0","2","68B03","1","","1.0","","1","N","N","","0","","0","0","0","","0","","","2","1","0","0","0","0","0","2","1","2","","","","N","","","","","","","","","",""
"2014105041","1515","1","0","0","0","0","0","0","0","0","99","0","","02","10","2014","5","40.602785","-80.09366","1503","11","0","0","0","0","0","1","0","0","1","0","0","0","","","0","","0","","40 36:10.026","1","0","80 05:37.177","0","0","0","0","2481","0","0","0","N","0","0","0","2","68B03","0","","1.0","","1","N","N","","1","","0","0","0","","0","N","","2","0","0","0","0","0","0","2","0","2","","","","N","","","","","","","","","",""
"2014102767","1738","2","0","0","0","0","0","0","0","0","4","0","","02","10","2014","1","40.321304","-79.942225","1738","11","0","0","0","0","0","0","1","0","","0","0","0","","","1","","0","","40 19:16.695","","7","79 56:32.011","8","0","0","0","2454","0","0","0","N","0","0","0","3","02454","0","","1.0","","1","N","N","","0","","0","0","0","","0","","","2","1","0","0","0","1","0","2","0","2","","","","N","","","","","","","","","",""
"2014105228","0714","1","0","0","0","0","0","0","0","0","1","0","","02","10","2014","4","40.368023","-79.779741","0709","11","0","0","0","0","0","1","0","0","1","0","0","0","","","1","","0","","40 22:04.881","3","0","79 46:47.069","4","0","0","0","2111","0","0","0","N","0","0","0","5","02111","1","","1.0","","1","N","N","","0","","0","0","1","","0","N","","2","1","0","0","0","0","0","2","0","2","","","","N","","","","","","","","","",""
"2014103408","0616","0","0","0","0","0","0","0","0","0","99","0","","02","10","2014","3","40.269283","-79.966972","0602","11","0","0","0","0","0","0","0","0","","0","0","0","","","0","","0","","40 16:09.420","","0","79 58:01.100","0","0","0","0","2440","0","0","0","N","0","0","0","1","68T09","0","","1.0","","1","N","N","","0","","0","0","1","","0","","","1","0","0","0","0","0","0","1","0","1","","","","N","","","","","","","","","",""
"2014103475","1628","1","0","0","0","0","0","0","0","0","4","0","","02","10","2014","2","40.442833","-80.024709","1628","11","0","0","0","0","0","1","0","0","","0","0","0","","","2","","0","","40 26:34.197","","0","80 01:28.952","8","0","0","0","2301","0","0","0","","0","0","0","4","02301","0","","1.0","","1","","","","1","","0","0","0","","2","","","2","2","1","0","0","2","0","2","0","2","","","","N","","","","","","","","","",""
"2014105042","1935","1","0","0","0","0","0","0","0","0","4","0","","02","10","2014","5","40.427778","-79.890308","1911","11","0","0","0","0","0","0","0","0","1","0","0","0","","","2","","0","","40 25:40.001","3","0","79 53:25.108","8","0","0","0","2463","0","0","0","N","0","0","0","3","68B03","0","","1.0","","1","N","N","","0","","0","0","1","","0","N","","2","2","0","0","0","2","0","2","0","2","","","","N","","","","","","","","","",""
"2014102769","1847","1","0","0","0","0","0","0","0","0","1","0","","02","10","2014","7","40.318205","-79.886985","1845","11","0","0","0","0","0","1","0","0","","0","0","0","","","0","","0","","40 19:05.537","","0","79 53:13.147","0","0","0","0","2433","0","0","0","N","0","0","0","1","02433","0","","6.0","","1","N","N","","1","","0","0","1","","0","","","3","0","0","0","0","0","0","2","0","3","","","","N","","","","","","","","","",""
"2014102849","2245","2","0","0","0","0","0","0","0","0","1","0","","02","10","2014","1","40.479225","-79.96637","2244","11","0","0","0","0","0","1","0","0","1","0","0","0","","","0","","6","","40 28:45.210","1","2","79 57:58.931","0","0","0","0","2445","0","0","0","N","0","0","0","2","02445","0","","1.0","","1","N","N","","0","","0","0","0","","3","N","","2","0","0","0","0","0","0","2","0","2","","","","N","","","","","","","","","",""
"2014105229","0624","1","0","0","0","0","0","0","0","0","8","0","","02","10","2014","7","40.451129","-79.982469","0622","11","0","0","0","0","0","0","0","0","1","0","0","0","","","1","","1","","40 27:04.064","3","0","79 58:56.888","3","0","0","0","2301","1","0","0","N","1","0","0","2","02301","0","","1.0","","1","N","N","","0","","1","0","0","","2","Y","","2","1","0","0","0","0","0","2","0","1","","","","N","","","","","","","","","",""
"2014103690","1829","1","0","0","1","0","0","0","0","0","8","0","","02","10","2014","3","40.467323","-80.013472","1826","11","0","0","0","0","0","0","0","0","","0","0","0","","","1","","1","","40 28:02.362","","0","80 00:48.499","8","0","0","0","2301","1","0","0","N","0","0","0","2","02301","0","","1.0","","1","N","N","","0","","0","0","0","","3","","","2","1","0","0","0","1","0","2","0","1","","","","N","","","","","","","","","",""
"2014103409","1200","2","0","0","0","0","0","0","0","0","1","0","","02","10","2014","3","40.439024","-79.753715","1147","11","0","0","0","0","0","0","0","0","","0","0","0","","","0","","0","","40 26:20.488","","2","79 45:13.374","0","0","0","0","2446","0","0","0","N","0","0","0","3","68T09","0","","1.0","","1","N","N","","0","","0","0","0","","0","","","2","0","0","0","0","0","0","2","0","2","","","","N","","","","","","","","","",""
"2014105230","1235","1","0","0","0","0","0","0","0","0","4","0","","02","10","2014","1","40.233562","-79.856811","1230","11","0","0","0","0","0","0","0","2","2","0","0","0","","","1","","1","","40 14:00.822","3","0","79 51:24.519","4","0","0","0","2204","0","0","0","Y","0","0","0","2","02204","1","","1.0","","1","N","N","","0","","0","0","1","","2","Y","","2","1","0","0","0","0","0","1","0","2","","","","N","","","","","","","","","",""
"2014104151","1800","2","0","0","0","0","0","0","0","0","2","0","","02","10","2014","4","40.398967","-80.103854","1753","11","0","0","0","0","0","0","1","0","2","0","0","0","","","0","","2","","40 23:56.282","3","2","80 06:13.874","0","0","0","0","2102","0","0","0","N","0","0","0","5","02102","0","","1.0","","1","N","N","","0","","0","0","1","","0","Y","","3","0","0","0","0","0","0","2","0","3","","","","N","","","","","","","","","",""
"2014103478","1940","1","0","0","0","0","0","0","0","0","5","0","","02","10","2014","6","","","1937","11","0","0","0","0","0","1","1","0","","0","0","0","","","1","","2","","","","0","","8","0","0","0","2473","0","0","0","N","0","0","0","4","02473","0","","1.0","","1","N","N","","0","","0","0","1","","2","","","2","1","0","0","0","1","2","1","0","2","","","","N","","","","","","","","","",""
"2014102771","1520","3","0","0","0","0","0","0","0","0","1","0","","02","10","2014","1","40.516406","-80.028995","1517","11","0","0","0","0","0","1","0","0","1","0","0","0","","","2","","0","","40 30:59.060","2","0","80 01:44.382","3","0","0","0","2474","0","0","0","N","0","0","0","3","02474","1","","1.0","","1","N","N","","0","","1","0","0","","0","Y","","3","2","1","0","0","0","0","2","0","3","","","","N","","","","","","","","","",""