"CRN","ARRIVAL_TM","AUTOMOBILE_COUNT","BELTED_DEATH_COUNT","BELTED_SUSP_SERIOUS_INJ_COUNT","BICYCLE_COUNT","BICYCLE_DEATH_COUNT","BICYCLE_SUSP_SERIOUS_INJ_COUNT","BUS_COUNT","CHLDPAS_DEATH_COUNT","CHLDPAS_SUSP_SERIOUS_INJ_COUNT","COLLISION_TYPE","COMM_VEH_COUNT","CONS_ZONE_SPD_LIM","COUNTY","CRASH_MONTH","CRASH_YEAR","DAY_OF_WEEK","DEC_LATITUDE","DEC_LONGITUDE","DISPATCH_TM","DISTRICT","DRIVER_COUNT_16YR","DRIVER_COUNT_17YR","DRIVER_COUNT_18YR","DRIVER_COUNT_19YR","DRIVER_COUNT_20YR","DRIVER_COUNT_50_64YR","DRIVER_COUNT_65_74YR","DRIVER_COUNT_75PLUS","EST_HRS_CLOSED","FATAL_COUNT","HEAVY_TRUCK_COUNT","HORSE_BUGGY_COUNT","HOUR_OF_DAY","ILLUMINATION","INJURY_COUNT","INTERSECTION_RELATED","INTERSECT_TYPE","LANE_CLOSED","LATITUDE","LN_CLOSE_DIR","LOCATION_TYPE","LONGITUDE","MAX_SEVERITY_LEVEL","MCYCLE_DEATH_COUNT","MCYCLE_SUSP_SERIOUS_INJ_COUNT","MOTORCYCLE_COUNT","MUNICIPALITY","NONMOTR_COUNT","NONMOTR_DEATH_COUNT","NONMOTR_SUSP_SERIOUS_INJ_COUNT","NTFY_HIWY_MAINT","PED_COUNT","PED_DEATH_COUNT","PED_SUSP_SERIOUS_INJ_COUNT","PERSON_COUNT","POLICE_AGCY","POSSIBLE_INJ_COUNT","RDWY_SURF_TYPE_CD","RELATION_TO_ROAD","ROADWAY_CLEARED","ROAD_CONDITION","SCH_BUS_IND","SCH_ZONE_IND","SECONDARY_CRASH","SMALL_TRUCK_COUNT","SPEC_JURIS_CD","SUSP_MINOR_INJ_COUNT","SUSP_SERIOUS_INJ_COUNT","SUV_COUNT","TCD_FUNC_CD","TCD_TYPE","TFC_DETOUR_IND","TIME_OF_DAY","TOTAL_UNITS","TOT_INJ_COUNT","UNBELTED_OCC_COUNT","UNB_DEATH_COUNT","UNB_SUSP_SERIOUS_INJ_COUNT","UNK_INJ_DEG_COUNT","UNK_INJ_PER_COUNT","URBAN_RURAL","VAN_COUNT","VEHICLE_COUNT","WEATHER1","WEATHER2","WORKERS_PRES","WORK_ZONE_IND","WORK_ZONE_LOC","WORK_ZONE_TYPE","WZ_CLOSE_DETOUR","WZ_FLAGGER","WZ_LAW_OFFCR_IND","WZ_LN_CLOSURE","WZ_MOVING","WZ_OTHER","WZ_SHLDER_MDN","WZ_WORKERS_INJ_KILLED"
"2014104298","0932","1","0","0","0","0","0","0","0","0","1","0","","02","10","2014","5","40.456279","-79.97498","0928","11","0","0","0","0","0","1","0","0","","0","0","0","","","1","","1","","40 27:22.604","","0","79 58:29.928","4","0","0","0","2301","0","0","0","","0","0","0","2","02301","1","","1.0","","1","","","","0","","0","0","0","","2","","","2","1","0","0","0","0","0","2","1","2","","","","N","","","","","","","","","",""
"2014105117","2202","1","0","0","0","0","0","0","0","0","7","0","","02","10","2014","4","40.477987","-79.760218","2201","11","0","0","0","0","0","0","0","0","1","0","0","0","","","0","","0","","40 28:40.752","2","0","79 45:36.785","0","0","0","0","2466","0","0","0","N","0","0","0","1","02466","0","","5.0","","1","N","N","","0","","0","0","0","","0","N","","1","0","0","0","0","0","0","2","0","1","","","","N","","","","","","","","","",""
"2014102851","0215","1","0","0","0","0","0","0","0","0","7","0","","02","10","2014","1","40.426495","-79.912523","0212","11","0","0","0","0","0","0","0","0","1","0","0","0","","","0","","10","","40 25:35.382","1","0","79 54:45.082","0","0","0","0","2301","0","0","0","N","0","0","0","0","02301","0","","2.0","","9","N","N","","0","","0","0","0","","0","N","","1","0","0","0","0","0","0","2","0","1","","","","N","","","","","","","","","",""
"2014103693","1741","0","0","0","0","0","0","0","0","0","7","0","","02","10","2014","3","40.458589","-80.226986","1734","11","0","0","0","0","0","0","1","0","1","0","0","0","","","0","","0","","40 27:30.920","2","0","80 13:37.150","0","0","0","0","2203","0","0","0","N","0","0","0","2","02203","0","","4.0","","9","N","N","","0","","0","0","1","","0","Y","","1","0","1","0","0","0","0","2","0","1","","","","N","","","","","","","","","",""
"2014103480","1954","1","0","0","0","0","0","0","0","0","4","0","","02","10","2014","1","40.510587","-80.22274","1950","11","0","0","0","0","1","0","0","0","2","0","0","0","","","4","","0","","40 30:38.112","1","0","80 13:21.863","4","0","0","0","2213","0","0","0","N","0","0","0","4","02213","3","","1.0","","1","N","N","","1","","0","0","0","","0","N","","2","4","0","0","0","1","0","2","0","2","","","","N","","","","","","","","","",""
"2014102852","0221","3","0","0","0","0","0","0","0","0","2","0","","02","10","2014","1","40.446549","-79.992791","0220","11","0","0","0","0","0","0","0","0","1","0","0","0","","","1","","0","","40 26:47.578","3","0","79 59:34.048","3","0","0","0","2301","0","0","0","N","0","0","0","1","02301","0","","1.0","","1","N","N","","0","","1","0","0","","0","N","","3","1","0","0","0","0","0","2","0","3","","","","N","","","","","","","","","",""
"2014104286","1354","2","0","0","0","0","0","0","0","0","1","0","","02","10","2014","2","40.492848","-80.021844","1345","11","0","0","1","0","0","0","0","0","","0","0","0","","","2","","1","","40 29:34.253","","0","80 01:18.638","3","0","0","0","2301","0","0","0","N","0","0","0","4","02301","0","","1.0","","1","N","N","","0","","2","0","0","","2","","","2","2","0","0","0","0","1","2","0","2","","","","N","","","","","","","","","",""
"2014102853","0213","1","0","0","0","0","0","0","0","0","5","0","","02","10","2014","1","40.454102","-79.979487","0213","11","0","0","0","0","0","0","0","0","2","0","0","0","","","1","","0","","40 27:14.767","4","0","79 58:46.153","4","0","0","0","2301","0","0","0","N","0","0","0","3","02301","1","","4.0","","1","N","N","","0","","0","0","1","","0","Y","","2","1","2","0","0","0","0","2","0","2","","","","N","","","","","","","","","",""
"2014117587","1516","0","0","0","0","0","0","0","0","0","1","0","","02","11","2014","2","40.484224","-79.907886","1506","11","0","0","0","0","0","0","0","1","","0","0","0","","","2","","3","","40 29:03.206","","0","79 54:28.391","8","0","0","0","2301","0","0","0","N","0","0","0","2","02301","0","","1.0","","1","N","N","","0","","0","0","2","","2","","","2","2","0","0","0","2","0","2","0","2","","","","N","","","","","","","","","",""
"2014102854","0355","1","0","0","0","0","0","0","0","0","4","0","","02","10","2014","1","40.452891","-79.925626","0342","11","0","0","0","0","0","0","0","0","","0","0","0","","","0","","0","","40 27:10.407","","0","79 55:32.253","0","0","0","0","2301","0","0","0","N","0","0","0","1","02301","0","","6.0","","9","N","N","","0","","0","0","1","","0","","","2","0","0","0","0","0","0","2","0","2","","","","N","","","","","","","","","",""
"2014104304","1835","2","0","0","0","0","0","0","0","0","1","0","","02","10","2014","2","40.405736","-79.823572","1833","11","0","0","0","0","0","0","0","0","","0","0","0","","","1","","1","","40 24:20.648","","0","79 49:24.860","8","0","0","0","2467","0","0","0","N","0","0","0","3","02467","0","","1.0","","1","N","N","","1","","0","0","0","","2","","","3","1","0","0","0","1","0","2","0","3","","","","N","","","","","","","","","",""
"2014104916","0705","1","0","0","0","0","0","0","0","0","2","0","","02","10","2014","6","40.368341","-80.084136","0655","11","0","0","0","0","0","0","0","0","1","0","0","0","","","1","","1","","40 22:06.027","2","0","80 05:02.889","3","0","0","0","2117","0","0","0","N","0","0","0","2","02117","0","","1.0","","1","N","N","","0","","1","0","1","","2","N","","2","1","0","0","0","0","0","2","0","2","","","","N","","","","","","","","","",""
"2014102709","0902","1","0","0","0","0","0","0","0","0","7","0","","02","10","2014","1","40.514489","-79.906608","0902","11","0","0","0","0","0","0","0","0","","0","0","0","","","0","","0","","40 30:52.160","","0","79 54:23.788","0","0","0","0","2432","0","0","0","N","0","0","0","0","02432","0","","5.0","","9","N","N","","0","","0","0","0","","8","","","1","0","0","0","0","0","0","2","0","1","","","","N","","","","","","","","","",""
"2014104291","0641","0","0","0","0","0","0","0","0","0","7","1","","02","10","2014","4","40.630307","-79.855704","0639","11","0","0","0","0","0","1","0","0","6","0","1","0","","","1","","2","","40 37:49.105","5","0","79 51:20.536","4","0","0","0","2220","0","0","0","N","0","0","0","1","02220","1","","5.0","","1","N","N","","0","","0","0","0","","0","Y","","1","1","0","0","0","0","0","2","0","1","","","","N","","","","","","","","","",""
"2014104306","0835","1","0","0","0","0","0","0","0","0","1","0","","02","10","2014","5","40.481487","-79.876871","0825","11","0","0","0","0","0","1","0","0","","0","0","0","","","0","","0","","40 28:53.354","","0","79 52:36.737","0","0","0","0","2113","0","0","0","N","0","0","0","2","02113","0","","1.0","","1","N","N","","0","","0","0","1","","0","","","2","0","0","0","0","0","0","2","0","2","","","","N","","","","","","","","","",""
"2014104372","2008","2","0","0","0","0","0","0","0","0","1","0","","02","10","2014","2","40.369125","-79.782674","2005","11","0","0","0","0","0","0","0","0","1","0","0","0","","","4","","0","","40 22:08.851","3","0","79 46:57.625","3","0","0","0","2111","0","0","0","N","0","0","0","4","02111","0","","1.0","","1","N","N","","0","","1","0","0","","0","N","","2","4","0","0","0","3","0","2","0","2","","","","N","","","","","","","","","",""
"2014102861","1705","1","0","0","0","0","0","0","0","0","1","0","","02","10","2014","3","40.394569","-80.066153","1700","11","0","0","0","0","0","1","0","0","1","0","0","0","","","0","","2","","40 23:40.447","1","0","80 03:58.152","0","0","0","0","2117","0","0","0","N","0","0","0","2","02117","0","","1.0","","1","N","N","","0","","0","0","1","","0","N","","2","0","0","0","0","0","0","2","0","2","","","","N","","","","","","","","","",""
"2014105252","0858","1","0","0","0","0","0","0","0","0","6","0","","02","10","2014","4","40.386291","-80.084112","0855","11","0","0","0","0","0","0","0","1","1","0","0","0","","","0","","1","","40 23:10.646","3","0","80 05:02.804","9","0","0","0","2117","0","0","0","N","0","0","0","2","02117","0","","1.0","","1","N","N","","0","","0","0","1","","2","Y","","2","0","0","0","0","0","2","2","0","2","","","","N","","","","","","","","","",""
"2014102711","0950","1","0","0","0","0","0","0","0","0","1","0","","02","10","2014","1","40.648426","-80.076033","0950","11","0","0","0","0","0","0","0","0","1","0","0","0","","","4","","0","","40 38:54.333","2","0","80 04:33.718","8","0","0","0","2212","0","0","0","N","0","0","0","7","02505","0","","1.0","","9","N","N","","0","","0","0","1","","0","N","","2","4","0","0","0","4","0","2","0","2","","","","N","","","","","","","","","",""
"2014102725","1310","1","0","0","0","0","0","0","0","0","2","0","","02","10","2014","1","40.386958","-79.994014","1300","11","0","0","0","0","0","1","0","0","","0","0","0","","","0","","0","","40 23:13.048","","0","79 59:38.450","0","0","0","0","2301","0","0","0","N","0","0","0","5","02301","0","","1.0","","1","N","N","","1","","0","0","0","","0","","","2","0","2","0","0","0","0","2","0","2","","","","N","","","","","","","","","",""
"2014102862","0556","1","0","0","0","0","0","0","0","0","99","0","","02","10","2014","3","40.549548","-80.018796","0546","11","0","0","0","0","0","0","0","0","","0","0","0","","","0","","0","","40 32:58.372","","0","80 01:07.667","0","0","0","0","2116","0","0","0","N","0","0","0","1","02116","0","","1.0","","1","N","N","","0","","0","0","0","","0","","","1","0","0","0","0","0","0","2","0","1","","","","N","","","","","","","","","",""
"2014102875","0237","1","0","0","0","0","0","0","0","0","7","0","","02","10","2014","1","40.421084","-80.002346","0233","11","0","0","0","0","0","0","0","0","","0","0","0","","","0","","1","","40 25:15.902","","0","80 00:08.445","9","0","0","0","2301","0","0","0","N","0","0","0","1","02301","0","","5.0","","1","N","N","","0","","0","0","0","","0","","","1","0","0","0","0","0","1","2","0","1","","","","N","","","","","","","","","",""
"2014118183","1014","2","0","0","0","0","0","0","0","0","1","0","","02","11","2014","5","40.47357","-79.972123","1012","11","0","0","0","0","0","0","0","0","","0","0","0","","","0","","6","","40 28:24.852","","2","79 58:19.643","0","0","0","0","2445","0","0","0","N","0","0","0","6","02445","0","","1.0","","1","N","N","","0","","0","0","0","","4","","","2","0","1","0","0","0","0","2","0","2","","","","N","","","","","","","","","",""
"2014104375","1740","2","0","0","0","0","0","0","0","0","5","0","","02","10","2014","4","40.454369","-79.947668","1730","11","0","0","0","0","0","0","0","0","","0","0","0","","","0","","1","","40 27:15.727","","0","79 56:51.605","9","0","0","0","2301","0","0","0","N","0","0","0","3","02301","0","","1.0","","1","N","N","","0","","0","0","0","","2","","","2","0","0","0","0","0","1","2","0","2","","","","N","","","","","","","","","",""
"2014102713","1126","1","0","0","0","0","0","0","0","0","7","0","","02","10","2014","6","40.587414","-80.070261","1123","11","0","0","0","0","0","0","0","0","1","0","0","0","","","1","","1","","40 35:14.690","5","0","80 04:12.939","2","0","0","0","2481","0","0","0","N","0","0","0","1","02481","0","","5.0","","1","N","N","","0","","0","1","0","","0","N","","1","1","1","0","1","0","0","2","0","1","","","","N","","","","","","","","","",""
"2014105127","1816","1","0","0","0","0","0","0","0","0","2","0","","02","10","2014","6","40.398696","-80.104258","1808","11","0","0","0","0","0","1","0","0","2","0","0","0","","","1","","6","","40 23:55.307","3","2","80 06:15.327","4","0","0","0","2102","0","0","0","N","0","0","0","3","02102","1","","1.0","","1","N","N","","0","","0","0","1","","0","N","","2","1","0","0","0","0","0","2","0","2","","","","N","","","","","","","","","",""
"2014104164","1800","2","0","0","0","0","0","0","0","0","5","0","","02","10","2014","4","40.451289","-79.93325","1800","11","0","0","0","0","0","0","0","0","1","0","0","0","","","1","","0","","40 27:04.640","3","0","79 55:59.700","4","0","0","0","2301","0","0","0","N","0","0","0","2","02301","1","","2.0","","1","N","N","","0","","0","0","0","","0","N","","2","1","1","0","0","0","0","2","0","2","","","","N","","","","","","","","","",""
"2014105128","2035","2","0","0","0","0","0","0","0","0","1","0","","02","10","2014","6","40.461057","-79.866331","1953","11","0","0","0","0","0","0","0","0","","0","0","0","","","1","","10","","40 27:39.806","","0","79 51:58.790","8","0","0","0","2113","0","0","0","N","0","0","0","2","02113","0","","1.0","","1","N","N","","0","","0","0","0","","2","","","2","1","0","0","0","1","0","2","0","2","","","","N","","","","","","","","","",""
"2014118201","1603","1","0","0","0","0","0","0","0","0","8","0","","02","11","2014","3","40.427973","-79.925284","1601","11","0","0","0","0","0","0","0","0","","0","0","0","","","1","","2","","40 25:40.702","","0","79 55:31.022","3","0","0","0","2301","1","0","0","N","1","0","0","2","02301","0","","1.0","","1","N","N","","0","","1","0","0","","0","","","2","1","0","0","0","0","0","2","0","1","","","","N","","","","","","","","","",""
"2014102716","1500","1","0","0","0","0","0","0","0","0","5","0","","02","10","2014","1","40.513987","-80.113158","1455","11","0","0","0","0","1","1","0","0","1","0","0","0","","","0","","0","","40 30:50.353","2","0","80 06:47.367","0","0","0","0","2429","0","0","0","N","0","0","0","3","02215","0","","1.0","","1","N","N","","1","","0","0","1","","0","N","","3","0","0","0","0","0","0","2","0","3","","","","N","","","","","","","","","",""
"2014105129","2143","2","0","0","0","0","0","0","0","0","2","0","","02","10","2014","5","40.45082","-79.713563","2136","11","1","0","0","0","0","1","0","0","1","0","0","0","","","0","","1","","40 27:02.952","5","0","79 42:48.828","0","0","0","0","2466","0","0","0","N","0","0","0","3","02466","0","","1.0","","1","N","N","","0","","0","0","0","","2","N","","2","0","0","0","0","0","0","2","0","2","","","","N","","","","","","","","","",""
"2014102880","0220","1","0","0","0","0","0","0","0","0","7","0","","02","10","2014","1","40.452566","-79.996108","0200","11","0","0","0","0","0","0","0","0","2","0","0","0","","","1","","7","","40 27:09.239","1","0","79 59:45.989","3","0","0","0","2301","0","0","0","N","0","0","0","2","02301","0","","7.0","","1","N","N","","0","","1","0","0","","0","Y","","1","1","1","0","0","0","0","2","0","1","","","","N","","","","","","","","","",""
"2014118205","1340","1","0","0","0","0","0","0","0","0","7","0","","02","11","2014","3","40.304383","-79.894587","1337","11","0","0","0","0","0","0","0","0","1","0","0","0","","","0","","0","","40 18:15.778","1","0","79 53:40.514","0","0","0","0","2302","0","0","0","N","0","0","0","1","02302","0","","2.0","","1","N","N","","0","","0","0","0","","0","N","","1","0","0","0","0","0","0","2","0","1","","","","N","","","","","","","","","",""
"2014105260","1620","1","0","0","0","0","0","0","0","0","2","0","","02","10","2014","6","40.418497","-79.757331","1615","11","0","0","0","0","0","0","0","0","1","0","0","0","","","1","","0","","40 25:06.590","1","7","79 45:26.391","3","0","0","0","2446","0","0","0","N","0","0","0","2","02446","0","","1.0","","1","N","N","","1","","1","0","0","","0","N","","2","1","1","0","0","0","0","2","0","2","","","","N","","","","","","","","","",""
"2014118206","1749","2","0","0","0","0","0","0","0","0","4","0","","02","11","2014","3","40.442442","-80.00323","1737","11","0","0","0","0","0","0","0","0","","0","0","0","","","0","","1","","40 26:32.791","","0","80 00:11.628","0","0","0","0","2301","0","0","0","N","0","0","0","2","02301","0","","1.0","","1","N","N","","0","","0","0","0","","2","","","2","0","0","0","0","0","0","2","0","2","","","","N","","","","","","","","","",""
"2014105134","1853","1","0","0","0","0","0","0","0","0","1","0","","02","10","2014","2","40.370347","-80.100763","1848","11","0","0","0","0","0","0","1","0","1","0","0","0","","","1","","2","","40 22:13.250","4","0","80 06:02.748","4","0","0","0","2102","0","0","0","N","0","0","0","2","02102","1","","1.0","","1","N","N","","1","","0","0","0","","2","N","","2","1","0","0","0","0","0","2","0","2","","","","N","","","","","","","","","",""
"2014104930","1055","1","0","0","0","0","0","0","0","0","4","0","99","02","10","2014","6","40.338178","-79.809364","1050","11","0","0","0","0","0","2","0","0","2","0","0","0","","","1","","0","","40 20:17.440","3","7","79 48:33.709","4","0","0","0","2477","0","0","0","N","0","0","0","2","02477","1","","1.0","","1","N","N","","1","","0","0","0","","3","Y","","2","1","0","0","0","0","0","2","0","2","","","U","Y","8","8","","","U","","","","",""
"2014105013","1728","1","0","0","0","0","0","0","0","0","2","0","","02","10","2014","6","40.445659","-79.969888","1723","11","0","0","0","0","0","0","0","0","1","0","0","0","","","0","","0","","40 26:44.372","6","0","79 58:11.596","0","0","0","0","2301","0","0","0","N","0","0","0","3","02301","0","","1.0","","1","N","N","","0","","0","0","1","","0","N","","2","0","0","0","0","0","0","2","0","2","","","","N","","","","","","","","","",""
"2014103433","1125","2","1","0","0","0","0","0","0","0","4","0","","02","10","2014","2","40.627893","-79.719262","1124","11","0","0","0","0","0","1","1","1","3","1","0","0","","","1","","1","","40 37:40.413","1","0","79 43:09.343","1","0","0","0","2106","0","0","0","N","0","0","0","3","02106","0","2","1.0","","1","N","N","","0","0","1","0","0","","0","Y","","3","1","0","0","0","0","0","2","1","3","","","","N","","","","","","","","","",""
"2014102892","1343","1","0","0","0","0","0","0","0","0","5","0","","02","10","2014","1","40.475386","-79.707361","1336","11","0","0","0","0","0","1","2","0","","0","0","0","","","1","N","0","","40 28:31.391","","0","79 42:26.498","4","0","0","0","2466","0","0","0","N","0","0","0","6","02466","1","","1.0","","1","N","N","","0","","0","0","2","","2","","","3","1","0","0","0","0","0","2","0","3","","","","N","","","","","","","","","",""
"2014103434","0825","1","0","0","0","0","0","0","0","0","5","0","","02","10","2014","3","40.384309","-79.979826","0815","11","0","0","0","0","0","0","0","0","","0","0","0","","","0","","0","","40 23:03.512","","0","79 58:47.373","0","0","0","0","2301","0","0","0","N","0","0","0","1","02301","0","","2.0","","1","N","N","","1","","0","0","0","","0","","","2","0","0","0","0","0","0","2","0","2","","","","N","","","","","","","","","",""
"2014105015","1752","0","0","0","0","0","0","0","0","0","1","0","","02","10","2014","6","40.365735","-79.822739","1750","11","0","0","0","0","0","0","0","0","1","0","0","0","","","0","","0","","40 21:56.646","5","0","79 49:21.859","0","0","0","0","2111","0","0","0","N","0","0","0","2","02111","0","","1.0","","1","Y","N","","0","","0","0","0","","0","N","","2","0","0","0","0","0","0","2","2","2","","","","N","","","","","","","","","",""
"2014103578","1541","0","0","0","0","0","0","0","0","0","1","0","","02","10","2014","3","40.49837","-80.070556","1541","11","0","0","0","0","0","0","0","0","","0","0","0","","","1","","0","","40 29:54.133","","0","80 04:14.000","8","0","0","0","2402","0","0","0","N","0","0","0","4","02402","0","","1.0","","9","Y","N","","1","","0","0","0","","0","","","2","1","0","0","0","1","0","2","1","2","","","","N","","","","","","","","","",""
"2014102893","2241","1","0","0","0","0","0","0","0","0","4","0","","02","10","2014","6","40.361591","-80.063771","2238","11","0","0","0","0","0","0","1","0","","0","0","0","","","1","","2","","40 21:41.729","","0","80 03:49.575","3","0","0","1","2109","0","0","0","N","0","0","0","2","02109","0","","1.0","","1","N","N","","0","","1","0","0","","2","","","2","1","0","0","0","0","0","2","0","2","","","","N","","","","","","","","","",""
"2014103435","0735","1","0","0","0","0","0","0","0","0","1","0","","02","10","2014","3","40.376032","-79.907182","0735","11","0","0","0","0","0","0","0","0","","0","0","0","","","0","","0","","40 22:33.716","","0","79 54:25.854","0","0","0","0","2448","0","0","0","N","0","0","0","4","02448","0","","2.0","","9","N","N","","0","","0","0","2","","0","","","3","0","0","0","0","0","0","2","0","3","","","","N","","","","","","","","","",""
"2014103579","1602","0","0","0","0","0","0","0","0","0","1","0","","02","10","2014","3","40.469642","-80.101019","1600","11","0","0","0","0","0","1","0","0","1","0","0","0","","","0","","0","","40 28:10.710","6","0","80 06:03.670","0","0","0","0","2126","0","0","0","N","0","0","0","4","02126","0","","1.0","","9","N","N","","1","","0","0","2","","0","N","","3","0","0","0","0","0","0","2","0","3","","","","N","","","","","","","","","",""
"2014104181","0626","0","0","0","0","0","0","0","0","0","7","0","","02","10","2014","2","40.555676","-80.075044","0622","11","0","0","0","0","0","1","0","0","2","0","0","0","","","1","","0","","40 33:20.432","1","0","80 04:30.159","4","0","0","0","2481","0","0","0","N","0","0","0","1","02481","1","","5.0","","1","N","N","","1","","0","0","0","","0","N","","1","1","1","0","0","0","0","2","0","1","","","","N","","","","","","","","","",""
"2014105018","1734","2","0","0","0","0","0","0","0","0","1","0","","02","10","2014","6","40.450611","-80.174111","1734","11","0","0","1","0","0","1","0","0","","0","0","0","","","1","","1","","40 27:02.200","","0","80 10:26.800","8","0","0","0","2214","0","0","0","N","0","0","0","3","02214","0","","1.0","","1","N","N","","0","","0","0","0","","2","","","2","1","0","0","0","1","0","2","0","2","","","","N","","","","","","","","","",""
"2014102824","2005","2","0","0","0","0","0","0","0","0","5","0","","02","10","2014","1","40.443574","-79.865943","2001","11","0","0","0","0","0","0","0","0","","0","0","0","","","0","","0","","40 26:36.866","","0","79 51:57.395","0","0","0","0","2301","0","0","0","N","0","0","0","1","02301","0","","6.0","","1","N","N","","0","","0","0","0","","0","","","2","0","0","0","0","0","0","2","0","2","","","","N","","","","","","","","","",""
"2014105270","1643","2","0","0","0","0","0","0","0","0","4","0","","02","9","2014","1","40.397838","-80.083575","1641","11","0","0","0","0","0","1","0","0","1","0","0","0","","","0","","0","","40 23:52.218","3","7","80 05:00.870","9","0","0","0","2117","0","0","0","N","0","0","0","2","02117","0","","1.0","","1","N","N","","0","","0","0","0","","0","Y","","2","0","0","0","0","0","2","2","0","2","","","","N","","","","","","","","","",""
"2014102677","1452","2","0","0","0","0","0","0","0","0","2","0","","02","10","2014","7","40.444202","-80.028173","1448","11","0","0","0","0","0","2","0","0","1","0","0","0","","","5","","1","","40 26:39.126","3","0","80 01:41.424","4","0","0","0","2301","0","0","0","N","0","0","0","9","02301","2","","1.0","","9","N","N","","0","","0","0","1","","0","Y","","3","5","1","0","0","3","0","2","0","3","","","","N","","","","","","","","","",""
"2014103454","1438","1","0","0","0","0","0","0","0","0","4","0","","02","10","2014","2","40.448652","-80.002304","1430","11","0","0","1","0","0","1","0","0","1","0","0","0","","","0","","1","","40 26:55.147","3","0","80 00:08.294","0","0","0","0","2301","0","0","0","N","0","0","0","3","02301","0","","1.0","","1","N","N","","0","","0","0","1","","2","N","","2","0","0","0","0","0","0","2","0","2","","","","N","","","","","","","","","",""
"2014105021","1533","1","0","0","0","0","0","0","0","0","1","0","","02","10","2014","6","40.488774","-79.882996","1530","11","0","1","0","0","0","0","0","0","1","0","0","0","","","0","","0","","40 29:19.586","1","0","79 52:58.785","0","0","0","0","2112","0","0","0","N","0","0","0","3","02112","0","","1.0","","1","N","N","","0","","0","0","1","","2","N","","2","0","0","0","0","0","0","2","0","2","","","","N","","","","","","","","","",""
"2014102744","0742","1","0","0","0","0","0","0","0","0","4","0","","02","10","2014","1","40.615681","-80.094185","0742","11","0","0","0","0","0","1","0","0","1","0","0","0","","","0","","1","","40 36:56.450","4","2","80 05:39.065","0","0","0","0","2481","0","0","0","N","0","0","0","2","02481","0","","1.0","","9","N","N","","1","","0","0","0","","2","N","","2","0","0","0","0","0","0","2","0","2","","","","N","","","","","","","","","",""
"2014103721","1720","2","0","0","0","0","0","0","0","0","1","0","","02","10","2014","3","40.538498","-79.830891","1720","11","0","0","0","0","0","1","0","0","1","0","0","0","","","1","","0","","40 32:18.593","1","0","79 49:51.209","4","0","0","0","2208","0","0","0","N","0","0","0","2","02208","1","","1.0","","1","N","N","","0","","0","0","0","","0","Y","","2","1","0","0","0","0","0","2","0","2","","","","N","","","","","","","","","",""
"2014102340","2025","0","0","0","0","0","0","0","0","0","4","0","","02","10","2014","6","40.432576","-80.030035","2022","11","0","0","0","0","0","0","0","0","3","0","0","0","","","1","","2","","40 25:57.273","7","0","80 01:48.126","2","0","1","1","2301","0","0","0","N","0","0","0","2","02301","0","","1.0","","1","N","N","","0","","0","1","1","","3","Y","","2","1","0","0","0","0","0","2","0","2","","","","N","","","","","","","","","",""
"2014104748","0259","3","0","0","0","0","0","0","0","0","5","0","","02","10","2014","7","40.322721","-79.888389","0255","11","0","0","0","0","0","0","0","0","","0","0","0","","","0","","1","","40 19:21.795","","0","79 53:18.200","0","0","0","0","2433","0","0","0","N","0","0","0","1","02433","0","","2.0","","1","N","N","","1","","0","0","1","","3","","","5","0","0","0","0","0","0","2","0","5","","","","N","","","","","","","","","",""
"2014102975","1620","2","0","0","0","0","0","0","0","0","1","0","","02","10","2014","2","40.367347","-79.842303","1620","11","0","0","0","0","0","0","0","0","1","0","0","0","","","3","","2","","40 22:02.449","2","0","79 50:32.292","4","0","0","0","2303","0","0","0","N","0","0","0","7","02303","3","","1.0","","1","Y","N","","0","","0","0","0","","2","N","","3","3","4","0","0","0","0","2","1","3","","","","N","","","","","","","","","",""
"2014103739","1931","1","0","0","0","0","0","0","0","0","2","0","","02","9","2014","2","40.315374","-79.831016","1930","11","0","0","0","0","0","0","2","0","1","0","0","0","","","0","","2","","40 18:55.346","1","0","79 49:51.658","0","0","0","0","2469","0","0","0","N","0","0","0","2","02469","0","","1.0","","1","N","N","","1","","0","0","0","","2","N","","2","0","0","0","0","0","0","2","0","2","","","","N","","","","","","","","","",""
"2014103043","0601","0","0","0","0","0","0","0","0","0","4","0","","02","10","2014","3","40.576121","-80.014779","0601","11","0","0","0","0","0","0","1","0","2","0","0","0","","","1","","2","","40 34:34.036","6","0","80 00:53.204","8","0","0","0","2108","0","0","0","N","0","0","0","2","02108","0","","1.0","","1","N","N","","0","","0","0","2","","3","N","","2","1","0","0","0","1","0","2","0","2","","","","N","","","","","","","","","",""
"2014102329","2009","2","0","0","0","0","0","0","0","0","1","0","","02","10","2014","6","40.409045","-79.903248","2009","11","0","0","0","0","0","0","0","1","","0","0","0","","","0","","0","","40 24:32.562","","0","79 54:11.694","0","0","0","0","2448","0","0","0","N","0","0","0","4","02448","0","","1.0","","1","N","N","","0","","0","0","1","","0","","","3","0","0","0","0","0","0","2","0","3","","","","N","","","","","","","","","",""
"2014104013","1625","2","0","0","0","0","0","0","0","0","2","0","","02","10","2014","4","40.396242","-79.998126","1620","11","0","0","0","0","0","1","0","0","2","0","0","0","","","0","","1","","40 23:46.470","1","0","79 59:53.254","0","0","0","0","2301","0","0","0","","0","0","0","2","02301","0","","1.0","","1","","","","0","","0","0","0","","2","N","","2","0","0","0","0","0","0","2","0","2","","","","N","","","","","","","","","",""