"CRN","ARRIVAL_TM","AUTOMOBILE_COUNT","BELTED_DEATH_COUNT","BELTED_SUSP_SERIOUS_INJ_COUNT","BICYCLE_COUNT","BICYCLE_DEATH_COUNT","BICYCLE_SUSP_SERIOUS_INJ_COUNT","BUS_COUNT","CHLDPAS_DEATH_COUNT","CHLDPAS_SUSP_SERIOUS_INJ_COUNT","COLLISION_TYPE","COMM_VEH_COUNT","CONS_ZONE_SPD_LIM","COUNTY","CRASH_MONTH","CRASH_YEAR","DAY_OF_WEEK","DEC_LATITUDE","DEC_LONGITUDE","DISPATCH_TM","DISTRICT","DRIVER_COUNT_16YR","DRIVER_COUNT_17YR","DRIVER_COUNT_18YR","DRIVER_COUNT_19YR","DRIVER_COUNT_20YR","DRIVER_COUNT_50_64YR","DRIVER_COUNT_65_74YR","DRIVER_COUNT_75PLUS","EST_HRS_CLOSED","FATAL_COUNT","HEAVY_TRUCK_COUNT","HORSE_BUGGY_COUNT","HOUR_OF_DAY","ILLUMINATION","INJURY_COUNT","INTERSECTION_RELATED","INTERSECT_TYPE","LANE_CLOSED","LATITUDE","LN_CLOSE_DIR","LOCATION_TYPE","LONGITUDE","MAX_SEVERITY_LEVEL","MCYCLE_DEATH_COUNT","MCYCLE_SUSP_SERIOUS_INJ_COUNT","MOTORCYCLE_COUNT","MUNICIPALITY","NONMOTR_COUNT","NONMOTR_DEATH_COUNT","NONMOTR_SUSP_SERIOUS_INJ_COUNT","NTFY_HIWY_MAINT","PED_COUNT","PED_DEATH_COUNT","PED_SUSP_SERIOUS_INJ_COUNT","PERSON_COUNT","POLICE_AGCY","POSSIBLE_INJ_COUNT","RDWY_SURF_TYPE_CD","RELATION_TO_ROAD","ROADWAY_CLEARED","ROAD_CONDITION","SCH_BUS_IND","SCH_ZONE_IND","SECONDARY_CRASH","SMALL_TRUCK_COUNT","SPEC_JURIS_CD","SUSP_MINOR_INJ_COUNT","SUSP_SERIOUS_INJ_COUNT","SUV_COUNT","TCD_FUNC_CD","TCD_TYPE","TFC_DETOUR_IND","TIME_OF_DAY","TOTAL_UNITS","TOT_INJ_COUNT","UNBELTED_OCC_COUNT","UNB_DEATH_COUNT","UNB_SUSP_SERIOUS_INJ_COUNT","UNK_INJ_DEG_COUNT","UNK_INJ_PER_COUNT","URBAN_RURAL","VAN_COUNT","VEHICLE_COUNT","WEATHER1","WEATHER2","WORKERS_PRES","WORK_ZONE_IND","WORK_ZONE_LOC","WORK_ZONE_TYPE","WZ_CLOSE_DETOUR","WZ_FLAGGER","WZ_LAW_OFFCR_IND","WZ_LN_CLOSURE","WZ_MOVING","WZ_OTHER","WZ_SHLDER_MDN","WZ_WORKERS_INJ_KILLED"
"2014108740","","1","0","0","0","0","0","0","0","0","5","0","","02","9","2014","5","40.470064","-79.956423","","11","0","0","0","0","0","1","0","0","1","0","0","0","","","1","","0","","40 28:12.230","1","0","79 57:23.122","4","0","0","0","2301","0","0","0","N","0","0","0","1","02301","1","","1.0","","1","N","N","","1","","0","0","0","","0","Y","","2","1","0","0","0","0","0","2","0","2","","","","N","","","","","","","","","",""
"2014110243","","2","0","0","0","0","0","0","0","0","4","0","","02","11","2014","6","40.446621","-79.893602","","11","0","0","0","0","0","0","0","0","","0","0","0","","","2","","2","","40 26:47.835","","0","79 53:36.967","8","0","0","0","2301","0","0","0","N","0","0","0","4","02301","0","","1.0","","1","N","N","","0","","0","0","0","","3","","","2","2","1","0","0","2","0","2","0","2","","","","N","","","","","","","","","",""
"2014108890","","2","0","0","0","0","0","0","0","0","4","0","","02","11","2014","2","40.445796","-79.71241","","11","0","0","0","0","0","0","1","1","","0","0","0","","","0","","0","","40 26:44.866","","0","79 42:44.675","0","0","0","0","2466","0","0","0","N","0","0","0","3","02466","0","","1.0","","1","N","N","","0","","0","0","0","","0","","","2","0","0","0","0","0","0","2","0","2","","","","N","","","","","","","","","",""
"2014111004","","1","0","0","0","0","0","0","0","0","7","0","","02","11","2014","1","40.481904","-79.828216","","11","0","0","0","0","0","0","0","0","","0","0","0","","","0","","0","","40 28:54.854","","0","79 49:41.578","0","0","0","0","2113","0","0","0","N","0","0","0","2","02113","0","","5.0","","1","N","N","","0","","0","0","0","","0","","","1","0","0","0","0","0","0","2","0","1","","","","N","","","","","","","","","",""
"2014110448","","2","0","0","0","0","0","0","0","0","4","0","","02","11","2014","5","40.28079","-79.905711","","11","0","0","0","0","0","2","0","0","2","0","0","0","","","1","","2","","40 16:50.843","4","2","79 54:20.559","8","0","0","0","2440","0","0","0","N","0","0","0","2","02440","0","","1.0","","9","N","N","","0","","0","0","0","","3","N","","2","1","0","0","0","1","0","2","0","2","","","","N","","","","","","","","","",""
"2014110245","","1","0","0","0","0","0","0","0","0","0","0","","02","11","2014","6","40.503966","-79.843208","","11","0","0","0","0","0","0","0","0","","0","0","0","","","0","","2","","40 30:14.277","","0","79 50:35.547","0","0","0","0","2468","0","0","0","N","0","0","0","1","02301","0","","1.0","","9","N","N","","0","","0","0","0","","0","","","1","0","0","0","0","0","0","2","0","1","","","","N","","","","","","","","","",""
"2014104879","","3","0","0","0","0","0","0","0","0","1","0","","02","10","2014","3","40.527154","-79.850633","","11","0","0","0","0","0","1","0","0","","0","0","0","","","1","","0","","40 31:37.755","","0","79 51:02.278","4","0","0","0","2208","0","0","0","N","0","0","0","4","02208","1","","1.0","","1","N","N","","0","","0","0","0","","0","","","3","1","0","0","0","0","0","2","0","3","","","","N","","","","","","","","","",""
"2014109573","","1","0","0","0","0","0","0","0","0","99","0","55","02","11","2014","3","40.558975","-79.849252","","11","0","0","0","0","0","0","0","0","","0","0","0","","","0","","0","","40 33:32.309","","0","79 50:57.306","0","0","0","0","2208","0","0","0","N","0","0","0","2","68T02","0","","1.0","","1","N","N","","0","","0","0","0","","0","","","1","0","0","0","0","0","0","2","0","1","","","Y","Y","4","1","N","N","N","N","N","N","Y",""
"2014111138","","1","0","0","0","0","0","0","0","0","4","0","","02","11","2014","5","40.340742","-79.940492","","11","0","0","0","0","0","0","0","0","3","0","0","0","","","0","","2","","40 20:26.670","1","0","79 56:25.770","0","0","0","0","2473","0","0","0","N","0","0","0","3","02473","0","","1.0","","1","N","N","","1","","0","0","0","","2","Y","","2","0","0","0","0","0","0","2","0","2","","","","N","","","","","","","","","",""
"2014108893","","2","0","0","0","0","0","0","0","0","4","0","","02","11","2014","1","40.45286","-79.973833","","11","0","0","0","0","0","0","0","0","","0","0","0","","","0","","5","","40 27:10.297","","0","79 58:25.798","0","0","0","0","2301","0","0","0","N","0","0","0","3","02301","0","","1.0","","1","N","N","","0","","0","0","0","","2","","","2","0","0","0","0","0","0","2","0","2","","","","N","","","","","","","","","",""
"2014110248","","1","0","0","0","0","0","0","0","0","4","0","","02","11","2014","6","40.466986","-80.024915","","11","0","0","0","0","0","0","0","0","","0","0","0","","","1","","0","","40 28:01.149","","0","80 01:29.694","8","0","0","0","2301","0","0","0","N","0","0","0","2","02301","0","","1.0","","9","N","N","","0","","0","0","1","","0","","","2","1","0","0","0","1","0","2","0","2","","","","N","","","","","","","","","",""
"2014104079","","2","0","0","0","0","0","0","0","0","4","0","","02","10","2014","4","40.392683","-79.997243","","11","0","0","0","0","0","1","0","0","","0","0","0","","","0","","0","","40 23:33.658","","0","79 59:50.075","0","0","0","0","2301","0","0","0","N","0","0","0","2","02301","0","","1.0","","1","N","N","","0","","0","0","0","","0","","","2","0","1","0","0","0","0","2","0","2","","","","N","","","","","","","","","",""
"2014104143","","2","0","0","0","0","0","0","0","0","4","0","","02","10","2014","4","40.448316","-80.010457","","11","0","0","0","0","0","0","0","0","","0","0","0","","","0","","1","","40 26:53.937","","0","80 00:37.645","0","0","0","0","2301","0","0","0","N","0","0","0","2","02301","0","","1.0","","1","N","N","","0","","0","0","0","","2","","","2","0","0","0","0","0","0","2","0","2","","","","N","","","","","","","","","",""
"2014111010","","1","0","0","0","0","0","0","0","0","1","0","","02","11","2014","1","40.352508","-79.850815","","11","0","0","0","0","0","1","1","0","","0","0","0","","","0","","0","","40 21:09.030","","7","79 51:02.933","0","0","0","0","2304","0","0","0","N","0","0","0","2","02304","0","","1.0","","1","N","N","","1","","0","0","0","","0","","","2","0","0","0","0","0","0","2","0","2","","","","N","","","","","","","","","",""
"2014111143","","2","0","0","0","0","0","0","0","0","4","0","","02","11","2014","1","40.436986","-79.771264","","11","0","0","0","0","1","0","1","0","2","0","0","0","","","0","","0","","40 26:13.150","2","7","79 46:16.550","0","0","0","0","2446","0","0","0","N","0","0","0","4","02446","0","","1.0","","1","N","N","","0","","0","0","0","","0","Y","","2","0","0","0","0","0","0","2","0","2","","","","N","","","","","","","","","",""
"2014102612","","2","0","0","0","0","0","0","0","0","4","0","","02","10","2014","7","40.346092","-79.973349","","11","0","0","0","0","0","0","1","0","1","0","0","0","","","2","","0","","40 20:45.932","2","0","79 58:24.058","8","0","0","0","2476","0","0","0","N","0","0","0","3","02476","0","","1.0","","9","N","N","","0","","0","0","0","","0","N","","2","2","0","0","0","2","0","2","0","2","","","","N","","","","","","","","","",""
"2014108691","","0","0","0","0","0","0","0","0","0","7","0","40","02","11","2014","2","40.378409","-79.992076","","11","0","0","0","0","0","0","0","0","3","0","0","0","","","0","","0","","40 22:42.274","2","0","79 59:31.472","0","0","0","0","2476","0","0","0","N","0","0","0","1","02476","0","","4.0","","1","N","N","","1","","0","0","0","","0","N","","1","0","0","0","0","0","0","2","0","1","","","Y","Y","5","1","","","N","","","","Y",""
"2014109589","","1","0","0","0","0","0","0","0","0","99","0","","02","11","2014","4","40.467758","-79.825316","","11","0","0","0","0","0","0","1","0","","0","0","0","","","0","","0","","40 28:03.929","","0","79 49:31.138","0","0","0","0","2113","0","0","0","N","0","0","0","1","02113","0","","1.0","","1","N","N","","0","","0","0","0","","0","","","1","0","0","0","0","0","0","2","0","1","","","","N","","","","","","","","","",""
"2014110456","","0","0","0","0","0","0","0","0","0","7","0","","02","11","2014","6","40.450105","-79.844052","","11","0","1","0","0","0","0","0","0","","0","0","0","","","0","","0","","40 27:00.377","","0","79 50:38.587","0","0","0","0","2113","0","0","0","N","0","0","0","1","02113","0","","5.0","","1","N","N","","0","","0","0","1","","0","","","1","0","0","0","0","0","0","2","0","1","","","","N","","","","","","","","","",""
"2014108971","","0","0","0","0","0","0","0","0","0","99","0","","02","11","2014","3","40.404384","-80.025123","","11","0","0","0","0","0","0","0","0","1","0","0","0","","","1","","0","","40 24:15.782","1","0","80 01:30.442","3","0","0","1","2301","0","0","0","N","0","0","0","1","02301","0","","1.0","","1","N","N","","0","","1","0","0","","0","Y","","1","1","0","0","0","0","0","2","0","1","","","","N","","","","","","","","","",""
"2014102613","","0","0","0","0","0","0","0","0","0","7","0","","02","10","2014","7","40.481694","-79.750389","","11","0","0","0","0","0","0","0","0","","0","0","0","","","1","","0","","40 28:54.097","","0","79 45:01.401","4","0","0","0","2466","0","0","0","N","0","0","0","1","02466","1","","4.0","","9","N","N","","0","","0","0","1","","0","","","1","1","0","0","0","0","0","2","0","1","","","","N","","","","","","","","","",""
"2014110240","","1","0","0","0","0","0","0","0","0","6","0","","02","11","2014","5","40.438054","-79.759947","","11","0","0","0","0","0","0","0","0","1","0","0","0","","","0","","0","","40 26:16.993","5","0","79 45:35.808","0","0","0","0","2446","0","0","0","N","0","0","0","2","02446","0","","1.0","","9","N","N","","0","","0","0","0","","0","N","","2","0","0","0","0","0","0","2","1","2","","","","N","","","","","","","","","",""
"2014111012","","2","0","0","0","0","0","0","0","0","1","0","","02","11","2014","1","40.452795","-79.973937","","11","0","0","0","0","0","0","0","0","2","0","0","0","","","0","","0","","40 27:10.062","4","7","79 58:26.173","0","0","0","0","2301","0","0","0","N","0","0","0","5","02301","0","","1.0","","1","N","N","","0","","0","0","0","","0","N","","2","0","0","0","0","0","0","2","0","2","","","","N","","","","","","","","","",""
"2014110316","","2","0","0","0","0","0","0","0","0","1","0","","02","11","2014","6","40.592141","-80.074993","","11","0","0","0","0","0","1","0","0","","0","0","0","","","0","","2","","40 35:31.706","","0","80 04:29.976","0","0","0","0","2481","0","0","0","N","0","0","0","2","02481","0","","1.0","","9","N","N","","0","","0","0","0","","0","","","2","0","0","0","0","0","0","2","0","2","","","","N","","","","","","","","","",""
"2014108899","","1","0","0","0","0","0","0","0","0","7","0","90","02","10","2014","7","40.548665","-80.036978","","11","0","0","0","0","0","0","1","0","","0","0","0","","","0","","2","","40 32:55.195","","0","80 02:13.120","0","0","0","0","2116","0","0","0","N","0","0","0","1","02116","0","","1.0","","1","N","N","","0","","0","0","0","","0","","","1","0","0","0","0","0","0","2","0","1","","","N","Y","4","1","","","N","Y","","","",""
"2014108972","","0","0","0","0","0","0","0","0","0","7","1","","02","11","2014","7","40.430918","-80.132828","","11","0","0","0","0","0","0","0","0","2","0","0","0","","","1","","0","","40 25:51.305","5","0","80 07:58.179","8","0","0","0","2115","0","0","0","N","0","0","0","1","02115","0","","4.0","","1","N","N","","0","","0","0","0","","0","Y","","1","1","0","0","0","1","0","2","1","1","","","","N","","","","","","","","","",""
"2014104886","","3","0","0","0","0","0","0","0","0","2","0","","02","9","2014","1","40.410826","-79.864466","","11","0","0","0","0","0","0","0","0","3","0","0","0","","","0","","0","","40 24:38.973","6","0","79 51:52.077","0","0","0","0","2449","0","0","0","N","0","0","0","1","02449","0","","4.0","","1","N","N","","0","","0","0","0","","0","Y","","3","0","1","0","0","0","0","2","0","3","","","","N","","","","","","","","","",""
"2014110254","","2","0","0","0","0","0","0","0","0","1","0","","02","11","2014","5","40.622257","-80.05412","","11","0","0","0","0","0","0","0","0","1","0","0","0","","","1","","0","","40 37:20.125","2","0","80 03:14.833","8","0","0","0","2217","0","0","0","N","0","0","0","2","02505","0","","1.0","","9","N","N","","0","","0","0","0","","0","N","","2","1","0","0","0","1","0","2","0","2","","","","N","","","","","","","","","",""
"2014109660","","2","0","0","0","0","0","0","0","0","1","0","","02","10","2014","6","40.507746","-80.210001","","11","0","0","0","0","0","0","0","0","1","0","0","0","","","0","","0","","40 30:27.886","3","0","80 12:36.002","0","0","0","0","2213","0","0","0","N","0","0","0","3","02213","0","","1.0","","1","N","N","","1","","0","0","0","","0","N","","3","0","1","0","0","0","0","2","0","3","","","","N","","","","","","","","","",""
"2014108973","","1","0","0","0","0","0","0","0","0","4","0","","02","11","2014","2","40.448939","-80.162794","","11","0","0","0","0","0","0","0","0","1","0","0","0","","","0","","0","","40 26:56.180","2","7","80 09:46.060","0","0","0","0","2115","0","0","0","N","0","0","0","2","02115","0","","1.0","","1","N","N","","1","","0","0","0","","0","N","","2","0","0","0","0","0","0","2","0","2","","","","N","","","","","","","","","",""
"2014109800","","1","0","0","0","0","0","0","0","0","1","0","35","02","11","2014","3","40.556287","-80.039057","","11","0","0","0","0","0","1","0","0","","0","0","0","","","0","","1","","40 33:22.633","","0","80 02:20.606","0","0","0","0","2108","0","0","0","N","0","0","0","2","02108","0","","1.0","","1","N","N","","0","","0","0","1","","2","","","2","0","0","0","0","0","0","2","0","2","","","N","Y","4","1","N","N","N","N","Y","N","N",""
"2014109801","","1","0","0","0","0","0","0","0","0","7","0","","02","11","2014","7","40.453369","-80.113325","","11","0","0","0","0","0","0","0","0","1","0","0","0","","","0","","0","","40 27:12.130","1","0","80 06:47.970","9","0","0","0","2115","0","0","0","N","0","0","0","1","02115","0","","4.0","","9","N","N","","0","","0","0","0","","0","N","","1","0","0","0","0","0","1","2","0","1","","","","N","","","","","","","","","",""
"2014110601","","3","0","0","0","0","0","0","0","0","1","0","","02","11","2014","6","40.408874","-80.017375","","11","0","0","0","1","0","0","0","0","1","0","0","0","","","2","","0","","40 24:31.948","2","0","80 01:02.549","4","0","0","0","2301","0","0","0","N","0","0","0","7","02301","1","","1.0","","1","N","N","","0","","0","0","0","","2","N","","3","2","0","0","0","1","0","2","0","3","","","","N","","","","","","","","","",""
"2014108507","","2","0","0","0","0","0","0","0","0","4","0","","02","11","2014","2","40.458871","-79.928626","","11","0","0","0","0","0","1","0","1","","0","0","0","","","0","","0","","40 27:31.937","","7","79 55:43.052","0","0","0","0","2301","0","0","0","N","0","0","0","4","02301","0","","1.0","","1","N","N","","0","","0","0","0","","0","","","2","0","0","0","0","0","0","2","0","2","","","","N","","","","","","","","","",""
"2014109330","","1","0","0","0","0","0","0","0","0","6","1","","02","11","2014","4","40.444263","-80.02814","","11","0","0","0","0","0","0","2","0","1","0","1","0","","","0","","0","","40 26:39.345","2","3","80 01:41.305","0","0","0","0","2301","0","0","0","N","0","0","0","2","02301","0","","1.0","","1","N","N","","0","","0","0","0","","0","N","","2","0","0","0","0","0","0","2","0","2","","","","N","","","","","","","","","",""
"2014109737","","2","0","0","0","0","0","0","0","0","4","0","","02","11","2014","1","40.458687","-79.908061","","11","0","0","0","0","0","0","0","1","","0","0","0","","","1","","1","","40 27:31.273","","0","79 54:29.021","8","0","0","0","2301","0","0","0","N","0","0","0","2","02301","0","","1.0","","1","N","N","","0","","0","0","0","","2","","","2","1","0","0","0","1","0","2","0","2","","","","N","","","","","","","","","",""
"2014109802","","1","0","0","0","0","0","0","0","0","4","0","","02","10","2014","5","40.537311","-80.186079","","11","0","0","0","0","0","1","1","0","1","0","0","0","","","0","","1","","40 32:14.319","2","0","80 11:09.884","0","0","0","0","2458","0","0","0","N","0","0","0","2","02458","0","","1.0","","1","N","N","","1","","0","0","0","","2","N","","2","0","0","0","0","0","0","2","0","2","","","","N","","","","","","","","","",""
"2014108431","","1","0","0","0","0","0","1","0","0","4","1","","02","10","2014","2","40.339173","-80.017124","","11","0","0","0","0","0","0","1","0","","0","0","0","","","3","","0","","40 20:21.022","","0","80 01:01.646","4","0","0","0","2407","0","0","0","N","0","0","0","11","02407","3","","1.0","","1","Y","N","","0","","0","0","0","","0","","","2","3","0","0","0","0","0","2","0","2","","","","N","","","","","","","","","",""
"2014108432","","1","0","0","0","0","0","0","0","0","1","0","","02","10","2014","5","40.348464","-80.052197","","11","0","0","0","0","0","2","0","0","","0","0","0","","","1","","1","","40 20:54.472","","0","80 03:07.909","4","0","0","0","2407","0","0","0","N","0","0","0","2","02407","1","","1.0","","1","N","N","","1","","0","0","0","","2","","","2","1","0","0","0","0","0","2","0","2","","","","N","","","","","","","","","",""
"2014110742","","1","0","0","0","0","0","0","0","0","1","0","","02","11","2014","1","40.535711","-79.961757","","11","0","0","0","0","0","0","0","0","1","0","0","0","","","1","","0","","40 32:08.560","1","0","79 57:42.325","8","0","0","0","2118","0","0","0","N","0","0","0","3","02118","0","","1.0","","1","N","N","","0","","0","0","1","","0","N","","2","1","0","0","0","1","0","2","0","2","","","","N","","","","","","","","","",""
"2014108497","","0","0","0","0","0","0","0","0","0","4","0","","02","11","2014","2","40.426292","-79.963576","","11","0","0","0","0","0","0","0","0","2","0","0","0","","","0","","1","","40 25:34.651","3","0","79 57:48.873","0","0","0","0","2301","0","0","0","N","0","0","0","2","02301","0","","1.0","","1","N","N","","1","","0","0","0","","2","Y","","2","0","0","0","0","0","0","2","1","2","","","","N","","","","","","","","","",""
"2014108367","","1","0","0","0","0","0","0","0","0","99","0","","02","11","2014","1","40.607733","-79.943736","","11","0","0","0","0","0","0","0","0","","0","0","0","","","0","","0","","40 36:27.840","","0","79 56:37.449","0","0","0","0","2207","0","0","0","N","0","0","0","2","68T02","0","","1.0","","1","N","N","","0","","0","0","0","","0","","","1","0","0","0","0","0","0","2","0","1","","","","N","","","","","","","","","",""
"2014108498","","1","0","0","0","0","0","0","0","0","5","0","","02","10","2014","4","40.5175","-79.842022","","11","0","0","0","0","0","0","0","1","","0","0","0","","","1","","0","","40 31:02.999","","0","79 50:31.280","8","0","0","0","2451","1","0","0","N","1","0","0","2","02451","0","","1.0","","1","N","N","","0","","0","0","1","","0","","","3","1","1","0","0","1","0","2","0","2","","","","N","","","","","","","","","",""
"2014109191","","1","0","0","0","0","0","0","0","0","1","0","","02","11","2014","3","40.34889","-79.939012","","11","0","0","0","0","0","0","0","0","","0","0","0","","","1","","2","","40 20:56.003","","0","79 56:20.443","4","0","0","0","2473","0","0","0","N","0","0","0","2","02473","1","","1.0","","1","N","N","","1","","0","0","0","","2","","","2","1","0","0","0","0","0","2","0","2","","","","N","","","","","","","","","",""
"2014108993","","0","0","0","0","0","0","0","0","0","7","1","55","02","10","2014","5","40.417304","-80.086979","","11","0","0","0","0","0","0","0","0","3","0","1","0","","","0","","0","","40 25:02.293","3","0","80 05:13.125","0","0","0","0","2415","0","0","0","Y","0","0","0","1","68B03","0","","4.0","","1","N","N","","0","","0","0","0","","0","Y","","2","0","0","0","0","0","0","2","0","1","","","Y","Y","4","1","N","N","N","N","N","N","Y",""
"2014109192","","2","0","0","0","0","0","0","0","0","1","0","","02","11","2014","2","40.386225","-80.054195","","11","0","0","0","0","0","1","0","0","1","0","0","0","","","0","","0","","40 23:10.410","2","0","80 03:15.102","0","0","0","0","2109","0","0","0","N","0","0","0","2","02109","0","","1.0","","1","N","N","","0","","0","0","0","","0","N","","2","0","0","0","0","0","0","2","0","2","","","","N","","","","","","","","","",""
"2014108994","","0","0","0","0","0","0","0","0","0","99","0","","02","11","2014","1","40.461597","-80.111486","","11","0","0","0","0","0","0","1","0","","0","0","0","","","0","","0","","40 27:41.750","","0","80 06:41.351","0","0","0","0","2126","0","0","0","N","0","0","0","1","68B03","0","","1.0","","1","N","N","","0","","0","0","1","","0","","","1","0","0","0","0","0","0","2","0","1","","","","N","","","","","","","","","",""
"2014109117","","1","0","0","0","0","0","0","0","0","7","0","","02","10","2014","6","40.655172","-80.070785","","11","0","1","0","0","0","0","0","0","","0","0","0","","","0","","0","","40 39:18.620","","0","80 04:14.825","0","0","0","0","2212","0","0","0","N","0","0","0","1","68T02","0","","5.0","","9","N","N","","0","","0","0","0","","0","","","1","0","0","0","0","0","0","2","0","1","","","","N","","","","","","","","","",""
"2014109132","","1","0","0","0","0","0","0","0","0","2","0","","02","11","2014","3","40.42185","-79.992349","","11","0","0","0","0","0","0","0","0","1","0","0","0","","","0","","5","","40 25:18.660","7","0","79 59:32.456","0","0","0","1","2301","0","0","0","N","0","0","0","2","02301","0","","1.0","","1","N","N","","0","","0","0","0","","2","Y","","2","0","0","0","0","0","0","2","0","2","","","","N","","","","","","","","","",""
"2014110685","","1","0","0","0","0","0","0","0","0","1","0","","02","10","2014","6","40.541155","-79.790325","","11","0","0","0","0","0","1","1","0","1","0","0","0","","","1","","0","","40 32:28.159","7","0","79 47:25.169","3","0","0","0","2462","0","0","0","N","0","0","0","2","02462","0","","1.0","","1","N","N","","1","","1","0","0","","0","N","","2","1","2","0","0","0","0","2","0","2","","","","N","","","","","","","","","",""
"2014110763","","1","0","0","0","0","0","0","0","0","4","0","","02","11","2014","7","40.461381","-79.863097","","11","0","0","0","0","0","1","0","0","","0","0","0","","","1","","1","","40 27:40.973","","0","79 51:47.149","4","0","0","0","2113","0","0","0","N","0","0","0","2","02113","1","","1.0","","1","N","N","","0","","0","0","1","","4","","","2","1","0","0","0","0","0","2","0","2","","","","N","","","","","","","","","",""
"2014108516","","0","0","0","0","0","0","0","0","0","7","0","","02","10","2014","6","40.312353","-80.018119","","11","0","0","0","0","0","0","0","0","2","0","0","0","","","0","","1","","40 18:44.469","4","0","80 01:05.230","9","0","0","0","2407","0","0","0","N","0","0","0","1","02407","0","","4.0","","9","N","N","","0","","0","0","0","","3","N","","1","0","0","0","0","0","1","2","1","1","","","","N","","","","","","","","","",""
"2014110829","","1","0","0","0","0","0","0","0","0","99","0","","02","11","2014","3","40.446127","-79.753655","","11","0","0","0","0","0","0","0","0","","0","0","0","","","0","","0","","40 26:46.058","","0","79 45:13.157","0","0","0","0","2446","0","0","0","N","0","0","0","1","68T02","0","","1.0","","1","N","N","","0","","0","0","0","","0","","","1","0","0","0","0","0","0","2","0","1","","","","N","","","","","","","","","",""
"2014109745","","1","0","0","0","0","0","0","0","0","1","0","","02","11","2014","1","40.462522","-79.927842","","11","0","0","0","0","0","0","1","0","","0","0","0","","","0","","1","","40 27:45.078","","0","79 55:40.230","0","0","0","0","2301","0","0","0","N","0","0","0","2","02301","0","","1.0","","1","N","N","","0","","0","0","0","","2","","","2","0","0","0","0","0","0","2","0","2","","","","N","","","","","","","","","",""
"2014110625","","2","0","0","0","0","0","0","0","0","2","0","","02","11","2014","7","40.469922","-79.920909","","11","0","0","0","0","0","0","0","0","","0","0","0","","","0","","0","","40 28:11.720","","0","79 55:15.273","0","0","0","0","2301","0","0","0","N","0","0","0","0","02301","0","","6.0","","1","N","N","","0","","0","0","0","","3","","","2","0","0","0","0","0","0","2","0","2","","","","N","","","","","","","","","",""
"2014108504","","2","0","0","0","0","0","0","0","0","1","0","","02","11","2014","2","40.456815","-80.029271","","11","0","0","0","0","0","0","0","0","","0","0","0","","","1","","0","","40 27:24.535","","0","80 01:45.375","4","0","0","0","2301","0","0","0","N","0","0","0","4","02301","1","","1.0","","1","N","N","","0","","0","0","0","","0","","","2","1","0","0","0","0","0","2","0","2","","","","N","","","","","","","","","",""
"2014109964","","0","0","0","0","0","0","0","0","0","7","0","","02","11","2014","5","40.429301","-79.931513","","11","0","0","0","0","0","0","0","0","","0","0","0","","","1","","0","","40 25:45.483","","8","79 55:53.446","4","0","0","0","2301","0","0","0","N","0","0","0","1","02301","1","","1.0","","9","N","N","","0","","0","0","1","","0","","","1","1","0","0","0","0","0","2","0","1","","","","N","","","","","","","","","",""
"2014108517","","2","0","0","0","0","0","0","0","0","4","0","","02","10","2014","5","40.427609","-79.891134","","11","0","0","0","0","0","1","0","0","2","0","0","0","","","1","","2","","40 25:39.392","7","1","79 53:28.083","4","0","0","0","2426","0","0","0","N","0","0","0","2","02426","1","","1.0","","1","N","N","","0","","0","0","0","","0","N","","2","1","0","0","0","0","0","2","0","2","","","","N","","","","","","","","","",""
"2014109965","","2","0","0","0","0","0","0","0","0","4","0","","02","11","2014","5","40.428447","-79.930998","","11","0","0","0","0","1","0","1","0","","0","0","0","","","0","","3","","40 25:42.409","","2","79 55:51.592","0","0","0","0","2301","0","0","0","N","0","0","0","2","02301","0","","1.0","","9","N","N","","0","","0","0","0","","0","","","2","0","0","0","0","0","0","2","0","2","","","","N","","","","","","","","","",""
"2014108506","","1","0","0","0","0","0","0","0","0","99","0","","02","11","2014","2","40.438034","-79.909289","","11","0","0","0","0","0","0","0","0","","0","0","0","","","0","","0","","40 26:16.922","","0","79 54:33.440","0","0","0","0","2301","0","0","0","N","0","0","0","1","02301","0","","1.0","","1","N","N","","0","","0","0","0","","0","","","1","0","0","0","0","0","0","2","0","1","","","","N","","","","","","","","","",""
"2014109748","","2","0","0","0","0","0","0","0","0","7","0","","02","11","2014","3","40.345914","-79.983825","","11","0","0","0","0","0","0","1","0","","0","0","0","","","0","","0","","40 20:45.290","","0","79 59:01.771","0","0","0","0","2476","0","0","0","N","0","0","0","1","02476","0","","5.0","","1","N","N","","0","","0","0","0","","0","","","2","0","0","0","0","0","0","2","0","2","","","","N","","","","","","","","","",""
"2014109825","","1","0","0","0","0","0","0","0","0","1","0","","02","11","2014","5","40.530576","-80.009915","","11","0","0","0","0","1","1","0","0","1","0","0","0","","","0","","1","","40 31:50.073","2","0","80 00:35.695","0","0","0","0","2116","0","0","0","N","0","0","0","3","02116","0","","1.0","","9","N","N","","0","","0","0","1","","7","N","","2","0","1","0","0","0","0","2","0","2","","","","N","","","","","","","","","",""
"2014110754","","1","0","0","0","0","0","0","0","0","6","1","","02","11","2014","7","40.441572","-80.08109","","11","0","0","0","0","0","1","0","0","","0","1","0","","","1","","0","","40 26:29.659","","0","80 04:51.925","3","0","0","0","2301","0","0","0","N","0","0","0","1","02301","0","","6.0","","1","N","N","","0","","1","0","0","","0","","","2","1","0","0","0","0","0","2","0","2","","","","N","","","","","","","","","",""