"CRN","ARRIVAL_TM","AUTOMOBILE_COUNT","BELTED_DEATH_COUNT","BELTED_SUSP_SERIOUS_INJ_COUNT","BICYCLE_COUNT","BICYCLE_DEATH_COUNT","BICYCLE_SUSP_SERIOUS_INJ_COUNT","BUS_COUNT","CHLDPAS_DEATH_COUNT","CHLDPAS_SUSP_SERIOUS_INJ_COUNT","COLLISION_TYPE","COMM_VEH_COUNT","CONS_ZONE_SPD_LIM","COUNTY","CRASH_MONTH","CRASH_YEAR","DAY_OF_WEEK","DEC_LATITUDE","DEC_LONGITUDE","DISPATCH_TM","DISTRICT","DRIVER_COUNT_16YR","DRIVER_COUNT_17YR","DRIVER_COUNT_18YR","DRIVER_COUNT_19YR","DRIVER_COUNT_20YR","DRIVER_COUNT_50_64YR","DRIVER_COUNT_65_74YR","DRIVER_COUNT_75PLUS","EST_HRS_CLOSED","FATAL_COUNT","HEAVY_TRUCK_COUNT","HORSE_BUGGY_COUNT","HOUR_OF_DAY","ILLUMINATION","INJURY_COUNT","INTERSECTION_RELATED","INTERSECT_TYPE","LANE_CLOSED","LATITUDE","LN_CLOSE_DIR","LOCATION_TYPE","LONGITUDE","MAX_SEVERITY_LEVEL","MCYCLE_DEATH_COUNT","MCYCLE_SUSP_SERIOUS_INJ_COUNT","MOTORCYCLE_COUNT","MUNICIPALITY","NONMOTR_COUNT","NONMOTR_DEATH_COUNT","NONMOTR_SUSP_SERIOUS_INJ_COUNT","NTFY_HIWY_MAINT","PED_COUNT","PED_DEATH_COUNT","PED_SUSP_SERIOUS_INJ_COUNT","PERSON_COUNT","POLICE_AGCY","POSSIBLE_INJ_COUNT","RDWY_SURF_TYPE_CD","RELATION_TO_ROAD","ROADWAY_CLEARED","ROAD_CONDITION","SCH_BUS_IND","SCH_ZONE_IND","SECONDARY_CRASH","SMALL_TRUCK_COUNT","SPEC_JURIS_CD","SUSP_MINOR_INJ_COUNT","SUSP_SERIOUS_INJ_COUNT","SUV_COUNT","TCD_FUNC_CD","TCD_TYPE","TFC_DETOUR_IND","TIME_OF_DAY","TOTAL_UNITS","TOT_INJ_COUNT","UNBELTED_OCC_COUNT","UNB_DEATH_COUNT","UNB_SUSP_SERIOUS_INJ_COUNT","UNK_INJ_DEG_COUNT","UNK_INJ_PER_COUNT","URBAN_RURAL","VAN_COUNT","VEHICLE_COUNT","WEATHER1","WEATHER2","WORKERS_PRES","WORK_ZONE_IND","WORK_ZONE_LOC","WORK_ZONE_TYPE","WZ_CLOSE_DETOUR","WZ_FLAGGER","WZ_LAW_OFFCR_IND","WZ_LN_CLOSURE","WZ_MOVING","WZ_OTHER","WZ_SHLDER_MDN","WZ_WORKERS_INJ_KILLED"
"2014109212","","1","0","0","0","0","0","0","0","0","7","0","","02","10","2014","3","40.571309","-80.090399","","11","0","0","0","0","0","0","0","0","","0","0","0","","","1","","0","","40 34:16.712","","0","80 05:25.436","3","0","0","0","2481","0","0","0","Y","0","0","0","1","68B03","0","","3.0","","1","N","N","","0","","1","0","0","","0","","","1","1","0","0","0","0","0","2","0","1","","","","N","","","","","","","","","",""
"2014110833","","0","0","0","0","0","0","0","0","0","8","0","","02","11","2014","7","40.419067","-79.926108","","11","0","0","0","0","0","1","0","0","","0","0","0","","","1","","1","","40 25:08.641","","0","79 55:33.988","4","0","0","0","2301","1","0","0","N","1","0","0","3","02301","1","","1.0","","1","N","N","","0","","0","0","1","","0","","","2","1","0","0","0","0","0","2","0","1","","","","N","","","","","","","","","",""
"2014109213","","3","0","0","0","0","0","0","0","0","1","0","","02","10","2014","3","40.427343","-79.922307","","11","0","0","0","0","1","2","0","0","1","0","0","0","","","4","","0","","40 25:38.434","3","4","79 55:20.306","8","0","0","0","2301","0","0","0","N","0","0","0","11","68B03","0","","1.0","","1","N","N","","2","","0","0","1","","0","N","","6","4","0","0","0","4","0","2","0","6","","","","N","","","","","","","","","",""
"2014107974","","1","0","0","0","0","0","0","0","0","1","0","","02","10","2014","6","40.376472","-80.067489","","11","0","0","0","0","0","1","0","0","2","0","0","0","","","2","","2","","40 22:35.299","6","0","80 04:02.960","4","0","0","0","2109","0","0","0","N","0","0","0","2","02109","1","","1.0","","9","N","N","","0","","0","0","1","","2","Y","","2","2","0","0","0","1","0","2","0","2","","","","N","","","","","","","","","",""
"2014105720","","2","0","0","0","0","0","0","0","0","4","0","","02","10","2014","2","40.459824","-79.971302","","11","0","0","0","0","0","1","0","0","1","0","0","0","","","1","","1","","40 27:35.367","3","0","79 58:16.686","8","0","0","0","2301","0","0","0","N","0","0","0","2","02301","0","","1.0","","1","N","N","","0","","0","0","0","","2","N","","2","1","1","0","0","1","0","2","0","2","","","","N","","","","","","","","","",""
"2014110692","","1","0","0","0","0","0","0","0","0","8","0","","02","11","2014","7","40.395822","-80.022973","","11","0","0","0","0","0","0","0","0","3","0","0","0","","","1","","0","","40 23:44.959","7","0","80 01:22.702","2","0","0","0","2301","1","0","1","N","1","0","1","2","02301","0","","1.0","","1","N","N","","0","","0","1","0","","0","Y","","2","1","0","0","0","0","0","2","0","1","","","","N","","","","","","","","","",""
"2014109214","","1","0","0","0","0","0","0","0","0","1","0","45","02","10","2014","5","40.411951","-80.067869","","11","0","0","0","0","0","1","0","0","","0","0","0","","","0","","0","","40 24:43.023","","0","80 04:04.327","0","0","0","0","2435","0","0","0","N","0","0","0","2","68B03","0","","1.0","","1","N","N","","0","","0","0","1","","8","","","2","0","0","0","0","0","0","2","0","2","","","N","Y","8","1","N","N","N","N","N","N","Y",""
"2014110835","","2","0","0","0","0","0","0","0","0","1","0","","02","11","2014","7","40.312775","-79.938555","","11","0","0","0","0","0","1","0","0","","0","0","0","","","0","","0","","40 18:45.991","","0","79 56:18.798","0","0","0","0","2440","0","0","0","N","0","0","0","2","02440","0","","1.0","","1","N","N","","0","","0","0","0","","0","","","2","0","0","0","0","0","0","2","0","2","","","","N","","","","","","","","","",""
"2014110097","","2","0","0","0","0","0","0","0","0","1","0","","02","11","2014","5","40.352173","-79.977658","","11","0","0","0","0","0","1","0","0","","0","0","0","","","0","","1","","40 21:07.821","","0","79 58:39.567","9","0","0","0","2476","0","0","0","N","0","0","0","2","02476","0","","1.0","","9","N","N","","0","","0","0","0","","2","","","2","0","0","0","0","0","1","2","0","2","","","","N","","","","","","","","","",""
"2014110109","","1","0","0","0","0","0","0","0","0","7","0","","02","11","2014","5","40.408184","-79.890029","","11","0","0","0","0","0","0","0","0","","0","0","0","","","0","","0","","40 24:29.462","","0","79 53:24.104","0","0","0","0","2448","0","0","0","N","0","0","0","1","02448","0","","2.0","","9","N","N","","0","","0","0","0","","0","","","1","0","0","0","0","0","0","2","0","1","","","","N","","","","","","","","","",""
"2014109215","","0","0","0","0","0","0","0","0","0","1","0","45","02","10","2014","5","40.413469","-80.064694","","11","0","0","1","0","0","0","0","0","1","0","0","0","","","0","","0","","40 24:48.489","4","0","80 03:52.898","0","0","0","0","2415","0","0","0","N","0","0","0","3","68B03","0","","1.0","","1","N","N","","1","","0","0","2","","0","Y","","3","0","0","0","0","0","0","2","0","3","","","N","Y","4","1","N","N","N","N","N","N","Y",""
"2014109423","","2","0","0","0","0","0","0","0","0","4","0","","02","11","2014","4","40.422948","-79.967197","","11","0","0","0","0","0","1","0","0","","0","0","0","","","0","","3","","40 25:22.612","","0","79 58:01.909","0","0","0","0","2301","0","0","0","N","0","0","0","2","02301","0","","1.0","","1","N","N","","0","","0","0","0","","3","","","2","0","0","0","0","0","0","2","0","2","","","","N","","","","","","","","","",""
"2014109829","","1","0","0","0","0","0","0","0","0","4","0","","02","11","2014","5","40.384919","-79.862737","","11","0","0","0","0","0","0","0","0","1","0","0","0","","","2","","2","","40 23:05.707","5","0","79 51:45.853","8","0","0","0","2473","0","0","0","N","0","0","0","2","02473","0","","1.0","","9","N","N","","0","","0","0","1","","2","N","","2","2","0","0","0","2","0","2","0","2","","","","N","","","","","","","","","",""
"2014109216","","1","0","0","0","0","0","0","0","0","1","0","","02","10","2014","4","40.431886","-79.871879","","11","0","0","0","0","0","1","0","0","","0","0","0","","","0","","0","","40 25:54.791","","0","79 52:18.763","0","0","0","0","2478","0","0","0","N","0","0","0","2","68B03","0","","1.0","","9","N","N","","0","","0","0","1","","0","","","2","0","0","0","0","0","0","2","0","2","","","","N","","","","","","","","","",""
"2014110099","","1","0","0","0","0","0","0","0","0","4","0","","02","11","2014","5","40.412917","-79.9085","","11","0","0","0","1","0","0","0","0","","0","0","0","","","0","","0","","40 24:46.500","","7","79 54:30.600","0","0","0","0","2438","0","0","0","N","0","0","0","2","02438","0","","1.0","","9","N","N","","1","","0","0","0","","3","","","2","0","0","0","0","0","0","2","0","2","","","","N","","","","","","","","","",""
"2014110695","","2","0","0","0","0","0","0","0","0","4","0","","02","10","2014","5","40.541526","-79.777323","","11","0","0","0","0","0","0","0","0","","0","0","0","","","0","","0","","40 32:29.493","","0","79 46:38.364","0","0","0","0","2462","0","0","0","N","0","0","0","2","02462","0","","1.0","","1","N","N","","0","","0","0","0","","0","","","2","0","0","0","0","0","0","2","0","2","","","","N","","","","","","","","","",""
"2014109217","","1","0","0","0","0","0","0","0","0","99","0","","02","11","2014","2","40.442516","-79.786656","","11","0","0","0","0","0","0","1","0","","0","0","0","","","0","","0","","40 26:33.059","","0","79 47:11.960","0","0","0","0","2446","0","0","0","N","0","0","0","1","68B03","0","","1.0","","1","N","N","","0","","0","0","0","","0","","","1","0","0","0","0","0","0","2","0","1","","","","N","","","","","","","","","",""
"2014109754","","2","0","0","0","0","0","0","0","0","4","0","","02","11","2014","4","40.479119","-79.970635","","11","0","0","0","0","0","0","0","1","","0","0","0","","","0","","1","","40 28:44.828","","0","79 58:14.286","0","0","0","0","2445","0","0","0","N","0","0","0","3","02445","0","","1.0","","1","N","N","","0","","0","0","0","","0","","","2","0","0","0","0","0","0","2","0","2","","","","N","","","","","","","","","",""
"2014109218","","1","0","0","0","0","0","0","0","0","99","0","","02","11","2014","3","40.5063","-80.281296","","11","0","0","0","0","0","0","0","0","","0","0","0","","","0","","0","","40 30:22.679","","0","80 16:52.664","0","0","0","0","2203","0","0","0","N","0","0","0","2","68B03","0","","1.0","","1","N","N","","0","","0","0","0","","0","","","1","0","0","0","0","0","0","1","0","1","","","","N","","","","","","","","","",""
"2014111229","","2","0","0","0","0","0","0","0","0","1","0","45","02","10","2014","6","40.669833","-80.093541","","11","0","0","0","0","0","0","0","0","2","0","0","0","","","1","","0","","40 40:11.400","1","0","80 05:36.749","4","0","0","0","2212","0","0","0","N","0","0","0","9","68B03","1","","1.0","","1","N","N","","2","","0","0","0","","0","N","","4","1","0","0","0","0","0","2","0","4","","","Y","Y","2","1","N","N","Y","Y","N","N","N",""
"2014110636","","3","0","0","0","0","0","0","0","0","2","0","","02","11","2014","7","40.42496","-79.978515","","11","0","0","0","0","0","0","0","0","1","0","0","0","","","1","","0","","40 25:29.856","7","0","79 58:42.655","3","0","0","0","2301","0","0","0","N","0","0","0","1","02301","0","","6.0","","1","N","N","","0","","1","0","0","","0","N","","3","1","0","0","0","0","0","2","0","3","","","","N","","","","","","","","","",""
"2014110697","","2","0","0","0","0","0","0","0","0","1","0","","02","11","2014","7","40.408056","-79.914739","","11","0","0","0","0","0","0","0","0","","0","0","0","","","0","","0","","40 24:29.000","","3","79 54:53.060","0","0","0","0","2438","0","0","0","N","0","0","0","5","02438","0","","1.0","","1","N","N","","0","","0","0","0","","0","","","2","0","0","0","0","0","0","2","0","2","","","","N","","","","","","","","","",""
"2014110778","","1","0","0","0","0","0","0","0","0","4","0","","02","11","2014","7","40.437616","-79.77006","","11","0","0","0","0","0","1","1","0","1","0","0","0","","","1","","0","","40 26:15.419","4","0","79 46:12.216","4","0","0","0","2446","0","0","0","N","0","0","0","3","02446","1","","1.0","","1","N","N","","0","","0","0","1","","3","Y","","2","1","0","0","0","0","0","2","0","2","","","","N","","","","","","","","","",""
"2014109282","","1","0","0","0","0","0","0","0","0","7","0","","02","11","2014","7","40.395217","-79.783074","","11","0","0","0","0","1","0","0","0","2","0","0","0","","","0","","3","","40 23:42.781","3","0","79 46:59.066","0","0","0","0","2470","0","0","0","N","0","0","0","1","02424","0","","4.0","","1","N","N","","0","","0","0","0","","0","Y","","1","0","0","0","0","0","0","2","0","1","","","","N","","","","","","","","","",""
"2014111230","","2","0","0","0","0","0","0","0","0","1","0","","02","11","2014","6","40.467571","-80.001586","","11","0","0","0","0","0","2","0","0","","0","0","0","","","0","","0","","40 28:03.255","","0","80 00:05.711","0","0","0","0","2301","0","0","0","N","0","0","0","4","68B03","0","","1.0","","9","N","N","","1","","0","0","0","","0","","","4","0","0","0","0","0","0","2","1","4","","","","N","","","","","","","","","",""
"2014108385","","1","0","0","0","0","0","0","0","0","99","0","","02","11","2014","2","40.496628","-80.012382","","11","0","0","0","0","0","0","0","0","","0","0","0","","","0","","0","","40 29:47.859","","1","80 00:44.574","0","0","0","0","2301","0","0","0","N","0","0","0","1","02301","0","","1.0","","1","N","N","","0","","0","0","0","","0","","","1","0","0","0","0","0","0","2","0","1","","","","N","","","","","","","","","",""
"2014109208","","1","0","0","0","0","0","0","0","0","1","0","","02","9","2014","5","40.431682","-80.024998","","11","0","0","0","0","0","0","0","0","","0","0","0","","","0","","0","","40 25:54.055","","0","80 01:29.992","0","0","0","0","2301","0","0","0","N","0","0","0","2","68B03","0","","1.0","","1","N","N","","0","","0","0","1","","0","","","2","0","0","0","0","0","0","2","0","2","","","","N","","","","","","","","","",""
"2014109283","","2","0","0","0","0","0","0","0","0","1","0","","02","10","2014","7","40.409192","-79.99094","","11","0","0","0","0","0","2","0","0","","0","0","0","","","1","","2","","40 24:33.091","","0","79 59:27.384","4","0","0","0","2301","0","0","0","N","0","0","0","4","02447","1","","1.0","","9","N","N","","1","","0","0","0","","0","","","3","1","1","0","0","0","0","2","0","3","","","","N","","","","","","","","","",""
"2014110841","","2","0","0","0","0","0","0","0","0","1","0","","02","11","2014","7","40.324651","-79.957078","","11","0","0","0","0","0","0","0","0","","0","0","0","","","0","","0","","40 19:28.743","","0","79 57:25.480","0","0","0","0","2454","0","0","0","N","0","0","0","2","02454","0","","1.0","","1","N","N","","0","","0","0","0","","0","","","2","0","0","0","0","0","0","2","0","2","","","","N","","","","","","","","","",""
"2014111231","","1","0","0","0","0","0","0","0","0","1","0","","02","11","2014","7","40.420033","-80.050542","","11","0","0","0","0","0","1","1","0","","0","0","0","","","0","","6","","40 25:12.120","","2","80 03:01.952","0","0","0","0","2435","0","0","0","N","0","0","0","3","68B03","0","","1.0","","1","N","N","","1","","0","0","0","","0","","","2","0","0","0","0","0","0","2","0","2","","","","N","","","","","","","","","",""
"2014108386","","0","0","0","0","0","0","0","0","0","4","1","","02","11","2014","2","40.465995","-79.922728","","11","0","0","0","0","0","0","1","1","","0","1","0","","","2","","1","","40 27:57.582","","0","79 55:21.820","4","0","0","0","2301","0","0","0","N","0","0","0","4","02301","1","","1.0","","1","N","N","","1","","0","0","1","","2","","","3","2","0","0","0","1","0","2","0","3","","","","N","","","","","","","","","",""
"2014109209","","2","0","0","0","0","0","0","0","0","1","0","","02","9","2014","5","40.431562","-80.024883","","11","0","0","0","1","0","3","0","0","2","0","0","0","","","2","","0","","40 25:53.624","3","0","80 01:29.578","8","0","0","0","2301","0","0","0","N","0","0","0","5","68B03","0","","1.0","","1","N","N","","0","","0","0","1","","0","N","","4","2","0","0","0","2","0","2","1","4","","","","N","","","","","","","","","",""
"2014108465","","2","0","0","0","0","0","0","0","0","4","0","","02","11","2014","2","40.453367","-79.979186","","11","0","0","0","0","0","0","1","0","1","0","0","0","","","0","","2","","40 27:12.121","3","0","79 58:45.069","0","0","0","0","2301","0","0","0","N","0","0","0","2","02301","0","","1.0","","1","N","N","","0","","0","0","0","","0","N","","2","0","0","0","0","0","0","2","0","2","","","","N","","","","","","","","","",""
"2014109284","","0","0","0","0","0","0","0","0","0","7","0","","02","11","2014","3","40.608772","-79.968305","","11","0","0","0","0","0","0","0","0","1","0","0","0","","","0","","5","","40 36:31.580","3","0","79 58:05.897","0","0","0","0","2207","0","0","0","N","0","0","0","1","02207","0","","5.0","","1","N","N","","1","","0","0","0","","0","N","","1","0","0","0","0","0","0","2","0","1","","","","N","","","","","","","","","",""
"2014111232","","2","0","0","0","0","0","0","0","0","1","0","","02","11","2014","7","40.425861","-79.901397","","11","0","0","0","0","1","0","0","0","","0","0","0","","","0","","0","","40 25:33.099","","0","79 54:05.029","0","0","0","0","2301","0","0","0","N","0","0","0","2","68B03","0","","1.0","","1","N","N","","0","","0","0","0","","0","","","2","0","0","0","0","0","0","2","0","2","","","","N","","","","","","","","","",""
"2014110639","","1","0","0","0","0","0","0","0","0","7","0","","02","11","2014","5","40.504901","-80.187972","","11","0","0","1","0","0","0","0","0","1","0","0","0","","","3","","0","","40 30:17.642","4","0","80 11:16.699","4","0","0","0","2213","0","0","0","Y","0","0","0","3","02213","3","","4.0","","9","N","N","","0","","0","0","0","","0","N","","1","3","0","0","0","0","0","2","0","1","","","","N","","","","","","","","","",""
"2014108387","","5","0","0","0","0","0","0","0","0","1","0","","02","10","2014","6","40.435184","-79.755259","","11","0","0","0","0","0","0","0","1","1","0","0","0","","","3","","0","","40 26:06.663","1","0","79 45:18.932","3","0","0","0","2446","0","0","0","N","0","0","0","8","02446","1","","1.0","","1","N","N","","1","","1","0","0","","0","N","","6","3","0","0","0","1","0","2","0","6","","","","N","","","","","","","","","",""
"2014109210","","2","0","0","0","0","0","0","0","0","1","0","","02","10","2014","3","40.449698","-80.002122","","11","0","0","0","0","0","1","1","0","2","0","0","0","","","0","","0","","40 26:58.912","2","0","80 00:07.638","0","0","0","0","2301","0","0","0","Y","0","0","0","2","68B03","0","","1.0","","1","N","N","","0","","0","0","0","","0","N","","2","0","0","0","0","0","0","2","0","2","","","","N","","","","","","","","","",""
"2014108466","","2","0","0","0","0","0","0","0","0","1","0","35","02","11","2014","2","40.489172","-79.851401","","11","0","0","0","0","0","2","0","0","","0","0","0","","","0","","0","","40 29:21.019","","0","79 51:05.044","0","0","0","0","2113","0","0","0","N","0","0","0","6","02113","0","","1.0","","1","N","N","","0","","0","0","1","","7","","","3","0","0","0","0","0","0","2","0","3","","","Y","Y","2","2","","Y","N","Y","","","Y",""
"2014110702","","4","0","0","0","0","0","0","0","0","1","0","","02","10","2014","6","40.498862","-80.071009","","11","0","0","0","0","0","0","0","0","","0","0","0","","","1","","0","","40 29:55.902","","0","80 04:15.632","4","0","0","0","2405","0","0","0","N","0","0","0","4","02215","1","","1.0","","9","N","N","","0","","0","0","0","","0","","","4","1","0","0","0","0","0","2","0","4","","","","N","","","","","","","","","",""
"2014109211","","0","0","0","0","0","0","0","0","0","7","0","","02","10","2014","4","40.447188","-80.166309","","11","0","0","0","0","0","0","0","0","","0","0","0","","","0","","7","","40 26:49.878","","2","80 09:58.712","0","0","0","0","2115","0","0","0","Y","0","0","0","1","68B03","0","","4.0","","1","N","N","","0","","0","0","0","","0","","","1","0","0","0","0","0","0","2","1","1","","","","N","","","","","","","","","",""
"2014108467","","2","0","0","0","0","0","0","0","0","1","0","","02","10","2014","6","40.412686","-79.989286","","11","0","0","0","0","0","0","0","0","","0","0","0","","","1","","0","","40 24:45.671","","0","79 59:21.429","4","0","0","0","2447","0","0","0","N","0","0","0","3","02447","1","","1.0","","9","N","N","","0","","0","0","0","","0","","","2","1","0","0","0","0","0","2","0","2","","","","N","","","","","","","","","",""
"2014109760","","2","0","0","0","0","0","0","0","0","4","0","","02","11","2014","5","40.465747","-79.942732","","11","0","0","0","0","0","1","0","0","","0","0","0","","","1","","1","","40 27:56.689","","0","79 56:33.835","4","0","0","0","2301","0","0","0","N","0","0","0","3","02301","1","","1.0","","9","N","N","","0","","0","0","0","","3","","","2","1","1","0","0","0","0","2","0","2","","","","N","","","","","","","","","",""
"2014109290","","1","0","0","0","0","0","0","0","0","1","0","","02","10","2014","4","40.52809","-80.017873","","11","0","0","0","0","0","1","0","1","1","0","0","0","","","1","","0","","40 31:41.124","1","0","80 01:04.342","4","0","0","0","2116","0","0","0","N","0","0","0","3","02116","1","","1.0","","1","N","N","","0","","0","0","1","","0","N","","3","1","0","0","0","0","0","2","1","3","","","","N","","","","","","","","","",""
"2014109291","","0","0","0","0","0","0","0","0","0","8","0","","02","11","2014","4","40.512396","-79.857457","","11","1","0","0","0","0","0","0","0","","0","0","0","","","1","","2","","40 30:44.626","","0","79 51:26.846","8","0","0","0","2112","1","0","0","N","1","0","0","2","02112","0","","1.0","","1","N","N","","0","","0","0","1","","0","","","2","1","0","0","0","1","0","2","0","1","","","","N","","","","","","","","","",""
"2014110846","","1","0","0","0","0","0","0","0","0","7","0","35","02","11","2014","7","40.452828","-80.039274","","11","0","0","0","0","0","0","0","1","1","0","0","0","","","0","","0","","40 27:10.180","3","0","80 02:21.388","0","0","0","0","2301","0","0","0","N","0","0","0","1","02301","0","","3.0","","1","N","N","","0","","0","0","0","","0","N","","1","0","0","0","0","0","0","2","0","1","","","N","Y","4","1","Y","","N","Y","","","Y",""
"2014110575","","1","0","0","0","0","0","0","0","0","2","0","","02","11","2014","6","40.310759","-79.937715","","11","0","0","0","0","0","1","0","0","2","0","0","0","","","2","","0","","40 18:38.731","5","0","79 56:15.774","4","0","0","0","2440","0","0","0","N","0","0","0","2","02440","1","","1.0","","1","N","N","","0","","0","0","1","","3","N","","2","2","0","0","0","1","0","2","0","2","","","","N","","","","","","","","","",""
"2014110717","","2","0","0","0","0","0","0","0","0","6","0","","02","11","2014","5","40.407856","-80.090079","","11","0","0","0","0","0","0","0","0","","0","0","0","","","0","","3","","40 24:28.281","","0","80 05:24.284","0","0","0","0","2415","0","0","0","N","0","0","0","3","02415","0","","1.0","","1","N","N","","0","","0","0","0","","3","","","2","0","2","0","0","0","0","2","0","2","","","","N","","","","","","","","","",""
"2014108470","","0","0","0","0","0","0","0","0","0","7","0","","02","11","2014","1","40.58401","-80.079442","","11","1","0","0","0","0","0","0","0","","0","0","0","","","0","","3","","40 35:02.436","","0","80 04:45.991","0","0","0","0","2481","0","0","0","N","0","0","0","1","02481","0","","5.0","","1","N","N","","1","","0","0","0","","0","","","1","0","0","0","0","0","0","2","0","1","","","","N","","","","","","","","","",""
"2014108392","","2","0","0","0","0","0","0","0","0","4","0","","02","11","2014","2","40.465879","-79.882355","","11","0","0","0","0","0","1","0","0","","0","0","0","","","1","","1","","40 27:57.164","","0","79 52:56.478","8","0","0","0","2113","0","0","0","N","0","0","0","4","02113","0","","1.0","","1","N","N","","0","","0","0","0","","0","","","2","1","0","0","0","1","0","2","0","2","","","","N","","","","","","","","","",""
"2014110786","","1","0","0","0","0","0","0","0","0","4","0","","02","11","2014","6","40.458801","-79.95828","","11","0","0","0","0","0","0","0","1","2","0","0","0","","","0","","1","","40 27:31.683","4","0","79 57:29.807","0","0","0","0","2301","0","0","0","N","0","0","0","2","02301","0","","1.0","","1","N","N","","0","","0","0","0","","2","N","","2","0","0","0","0","0","0","2","1","2","","","","N","","","","","","","","","",""
"2014110562","","2","0","0","0","0","0","0","0","0","4","0","","02","11","2014","6","40.444202","-80.028173","","11","0","0","0","0","0","1","0","0","2","0","0","0","","","2","","5","","40 26:39.126","2","6","80 01:41.424","8","0","0","0","2301","0","0","0","N","0","0","0","3","02301","0","","1.0","","1","N","N","","0","","0","0","0","","2","N","","2","2","0","0","0","2","0","2","0","2","","","","N","","","","","","","","","",""
"2014110719","","2","0","0","0","0","0","0","0","0","1","0","","02","11","2014","6","40.48652","-80.054323","","11","0","0","0","0","0","0","0","0","","0","0","0","","","1","","0","","40 29:11.473","","0","80 03:15.561","8","0","0","0","2404","0","0","0","N","0","0","0","4","02404","0","","1.0","","1","N","N","","0","","0","0","0","","0","","","2","1","0","0","0","1","0","2","0","2","","","","N","","","","","","","","","",""
"2014110720","","2","0","0","0","0","0","0","0","0","4","0","","02","11","2014","6","40.337096","-79.809323","","11","0","0","0","0","0","1","1","0","","0","0","0","","","0","","0","","40 20:13.546","","0","79 48:33.563","0","0","0","0","2477","0","0","0","N","0","0","0","2","02477","0","","1.0","","1","N","N","","0","","0","0","0","","3","","","2","0","0","0","0","0","0","2","0","2","","","","N","","","","","","","","","",""
"2014111190","","1","0","0","0","0","0","0","0","0","4","0","","02","11","2014","1","40.448227","-79.986908","","11","0","0","0","0","0","1","0","0","","0","0","0","","","1","","2","","40 26:53.617","","0","79 59:12.868","8","0","0","0","2301","0","0","0","N","0","0","0","2","02301","0","","1.0","","1","N","N","","1","","0","0","0","","2","","","2","1","0","0","0","1","1","2","0","2","","","","N","","","","","","","","","",""
"2014109171","","1","0","0","0","0","0","0","0","0","4","1","","02","11","2014","4","40.355084","-80.116178","","11","0","0","0","0","0","1","0","0","2","0","1","0","","","1","","2","","40 21:18.304","3","0","80 06:58.240","8","0","0","0","2119","0","0","0","N","0","0","0","2","02119","0","","1.0","","1","N","N","","0","","0","0","0","","2","N","","2","1","1","0","0","1","0","2","0","2","","","","N","","","","","","","","","",""
"2014111192","","0","0","0","0","0","0","0","0","0","7","0","","02","11","2014","1","40.518764","-79.896208","","11","0","0","0","0","0","0","0","0","3","0","0","0","","","1","","0","","40 31:07.550","5","0","79 53:46.350","4","0","0","0","2432","0","0","0","N","0","0","0","1","02432","1","","5.0","","1","N","N","","0","","0","0","1","","0","Y","","1","1","0","0","0","0","0","2","0","1","","","","N","","","","","","","","","",""
"2014110584","","0","0","0","0","0","0","0","0","0","7","0","","02","11","2014","5","40.627283","-80.055331","","11","0","0","0","0","0","0","1","0","1","0","0","0","","","0","","0","","40 37:38.220","2","7","80 03:19.192","0","0","0","0","2216","0","0","0","N","0","0","0","3","02505","0","","2.0","","9","N","N","","0","","0","0","1","","0","N","","1","0","0","0","0","0","0","2","0","1","","","","N","","","","","","","","","",""
"2014110586","","3","0","0","0","0","0","0","0","0","1","0","","02","11","2014","6","40.433393","-79.794271","","11","0","0","0","0","0","1","0","0","1","0","0","0","","","0","","0","","40 26:00.213","1","0","79 47:39.375","0","0","0","0","2446","0","0","0","N","0","0","0","4","02446","0","","1.0","","1","N","N","","0","","0","0","0","","0","N","","3","0","0","0","0","0","0","2","0","3","","","","N","","","","","","","","","",""
"2014108402","","1","0","0","0","0","0","0","0","0","5","1","","02","11","2014","2","40.563798","-80.208653","","11","0","0","0","0","0","0","0","0","1","0","1","0","","","0","","2","","40 33:49.672","1","0","80 12:31.151","0","0","0","0","2441","0","0","0","N","0","0","0","2","02441","0","","1.0","","1","N","N","","0","","0","0","0","","0","N","","2","0","0","0","0","0","0","2","0","2","","","","N","","","","","","","","","",""
"2014110727","","2","0","0","0","0","0","0","0","0","4","0","","02","11","2014","7","40.458775","-79.971394","","11","0","0","0","1","0","1","0","0","1","0","0","0","","","0","","0","","40 27:31.590","4","0","79 58:17.020","0","0","0","0","2301","0","0","0","N","0","0","0","2","02301","0","","1.0","","1","N","N","","0","","0","0","0","","0","N","","2","0","0","0","0","0","0","2","0","2","","","","N","","","","","","","","","",""
"2014110655","","2","0","0","0","0","0","0","0","0","1","0","","02","11","2014","6","40.425805","-79.910724","","11","0","0","0","0","0","0","0","0","2","0","0","0","","","0","","0","","40 25:32.898","4","0","79 54:38.607","9","0","0","0","2301","0","0","0","N","0","0","0","2","68B03","0","","1.0","","9","N","N","","0","","0","0","0","","0","N","","2","0","0","0","0","0","1","2","0","2","","","","N","","","","","","","","","",""
"2014111321","","1","0","0","0","0","0","0","0","0","8","0","","02","11","2014","2","40.438283","-79.996078","","11","0","0","0","0","0","0","0","0","","0","0","0","","","1","","1","","40 26:17.818","","0","79 59:45.880","8","0","0","0","2301","1","0","0","N","1","0","0","2","02301","0","","1.0","","1","N","N","","0","","0","0","0","","2","","","2","1","0","0","0","1","1","2","0","1","","","","N","","","","","","","","","",""