"CRN","ARRIVAL_TM","AUTOMOBILE_COUNT","BELTED_DEATH_COUNT","BELTED_SUSP_SERIOUS_INJ_COUNT","BICYCLE_COUNT","BICYCLE_DEATH_COUNT","BICYCLE_SUSP_SERIOUS_INJ_COUNT","BUS_COUNT","CHLDPAS_DEATH_COUNT","CHLDPAS_SUSP_SERIOUS_INJ_COUNT","COLLISION_TYPE","COMM_VEH_COUNT","CONS_ZONE_SPD_LIM","COUNTY","CRASH_MONTH","CRASH_YEAR","DAY_OF_WEEK","DEC_LATITUDE","DEC_LONGITUDE","DISPATCH_TM","DISTRICT","DRIVER_COUNT_16YR","DRIVER_COUNT_17YR","DRIVER_COUNT_18YR","DRIVER_COUNT_19YR","DRIVER_COUNT_20YR","DRIVER_COUNT_50_64YR","DRIVER_COUNT_65_74YR","DRIVER_COUNT_75PLUS","EST_HRS_CLOSED","FATAL_COUNT","HEAVY_TRUCK_COUNT","HORSE_BUGGY_COUNT","HOUR_OF_DAY","ILLUMINATION","INJURY_COUNT","INTERSECTION_RELATED","INTERSECT_TYPE","LANE_CLOSED","LATITUDE","LN_CLOSE_DIR","LOCATION_TYPE","LONGITUDE","MAX_SEVERITY_LEVEL","MCYCLE_DEATH_COUNT","MCYCLE_SUSP_SERIOUS_INJ_COUNT","MOTORCYCLE_COUNT","MUNICIPALITY","NONMOTR_COUNT","NONMOTR_DEATH_COUNT","NONMOTR_SUSP_SERIOUS_INJ_COUNT","NTFY_HIWY_MAINT","PED_COUNT","PED_DEATH_COUNT","PED_SUSP_SERIOUS_INJ_COUNT","PERSON_COUNT","POLICE_AGCY","POSSIBLE_INJ_COUNT","RDWY_SURF_TYPE_CD","RELATION_TO_ROAD","ROADWAY_CLEARED","ROAD_CONDITION","SCH_BUS_IND","SCH_ZONE_IND","SECONDARY_CRASH","SMALL_TRUCK_COUNT","SPEC_JURIS_CD","SUSP_MINOR_INJ_COUNT","SUSP_SERIOUS_INJ_COUNT","SUV_COUNT","TCD_FUNC_CD","TCD_TYPE","TFC_DETOUR_IND","TIME_OF_DAY","TOTAL_UNITS","TOT_INJ_COUNT","UNBELTED_OCC_COUNT","UNB_DEATH_COUNT","UNB_SUSP_SERIOUS_INJ_COUNT","UNK_INJ_DEG_COUNT","UNK_INJ_PER_COUNT","URBAN_RURAL","VAN_COUNT","VEHICLE_COUNT","WEATHER1","WEATHER2","WORKERS_PRES","WORK_ZONE_IND","WORK_ZONE_LOC","WORK_ZONE_TYPE","WZ_CLOSE_DETOUR","WZ_FLAGGER","WZ_LAW_OFFCR_IND","WZ_LN_CLOSURE","WZ_MOVING","WZ_OTHER","WZ_SHLDER_MDN","WZ_WORKERS_INJ_KILLED"
"2014110867","","2","0","0","0","0","0","0","0","0","4","0","","02","11","2014","7","40.435789","-79.961171","","11","0","0","0","0","0","0","0","0","","0","0","0","","","2","","1","","40 26:08.841","","0","79 57:40.215","3","0","0","0","2301","0","0","0","N","0","0","0","2","02301","1","","1.0","","1","N","N","","0","","1","0","0","","2","","","2","2","0","0","0","0","0","2","0","2","","","","N","","","","","","","","","",""
"2014108146","","2","0","0","0","0","0","0","0","0","4","0","","02","11","2014","7","40.383559","-79.858712","","11","0","0","0","0","0","0","0","0","1","0","0","0","","","0","","2","","40 23:00.814","2","0","79 51:31.363","0","0","0","0","2303","0","0","0","N","0","0","0","4","02303","0","","1.0","","9","N","N","","0","","0","0","0","","3","Y","","2","0","0","0","0","0","0","2","0","2","","","","N","","","","","","","","","",""
"2014108678","","1","0","0","0","0","0","0","0","0","8","0","","02","11","2014","2","40.440425","-79.994868","","11","0","0","0","0","0","0","0","0","","0","0","0","","","1","","1","","40 26:25.530","","0","79 59:41.524","8","0","0","0","2301","1","0","0","N","1","0","0","2","02301","0","","1.0","","1","N","N","","0","","0","0","0","","0","","","2","1","0","0","0","1","0","2","0","1","","","","N","","","","","","","","","",""
"2014106435","","2","0","0","0","0","0","0","0","0","4","0","","02","10","2014","3","40.405968","-80.043732","","11","0","0","1","0","0","0","0","0","2","0","0","0","","","3","","0","","40 24:21.484","6","1","80 02:37.435","8","0","0","0","2301","0","0","0","N","0","0","0","3","02301","0","","1.0","","9","N","N","","0","","0","0","0","","0","Y","","2","3","0","0","0","3","0","2","0","2","","","","N","","","","","","","","","",""
"2014110869","","1","0","0","0","0","0","0","0","0","7","0","","02","11","2014","7","40.390773","-80.201581","","11","0","1","0","0","0","0","0","0","2","0","0","0","","","0","","0","","40 23:26.784","6","0","80 12:05.691","0","0","0","0","2214","0","0","0","N","0","0","0","1","02214","0","","5.0","","9","N","N","","0","","0","0","0","","0","N","","1","0","0","0","0","0","0","2","0","1","","","","N","","","","","","","","","",""
"2014108679","","2","0","0","0","0","0","0","0","0","2","0","","02","11","2014","2","40.479239","-79.840083","","11","0","0","0","0","0","0","0","0","2","0","0","0","","","1","","0","","40 28:45.259","6","0","79 50:24.299","3","0","0","0","2113","0","0","0","N","0","0","0","2","02113","0","","1.0","","1","N","N","","0","","1","0","0","","0","Y","","2","1","0","0","0","0","0","2","0","2","","","","N","","","","","","","","","",""
"2014106568","","2","0","0","0","0","0","0","0","0","4","0","","02","10","2014","3","40.61235","-80.054333","","11","0","1","0","0","0","1","0","0","1","0","0","0","","","0","","1","","40 36:44.459","1","0","80 03:15.599","0","0","0","0","2108","0","0","0","N","0","0","0","4","02108","0","","1.0","","1","N","N","","0","","0","0","1","","2","N","","3","0","0","0","0","0","0","2","0","3","","","","N","","","","","","","","","",""
"2014105884","","1","0","0","0","0","0","0","0","0","7","0","","02","10","2014","2","40.458699","-79.854216","","11","0","0","0","0","0","0","1","0","2","0","0","0","","","0","","0","","40 27:31.316","4","0","79 51:15.177","0","0","0","0","2113","0","0","0","N","0","0","0","1","02113","0","","4.0","","1","N","N","","0","","0","0","0","","0","N","","1","0","0","0","0","0","0","2","0","1","","","","N","","","","","","","","","",""
"2014109314","","2","0","0","0","0","0","0","0","0","2","0","","02","11","2014","4","40.545954","-80.194285","","11","0","0","1","0","0","0","0","0","1","0","0","0","","","1","","1","","40 32:45.435","1","0","80 11:39.426","3","0","0","0","2427","0","0","0","N","0","0","0","2","02427","0","","1.0","","1","N","N","","0","","1","0","0","","2","N","","2","1","0","0","0","0","0","2","0","2","","","","N","","","","","","","","","",""
"2014110132","","1","0","0","0","0","0","0","0","0","7","0","","02","10","2014","7","40.395214","-79.902128","","11","0","0","0","1","0","0","0","0","","0","0","0","","","0","","0","","40 23:42.770","","0","79 54:07.660","0","0","0","0","2448","0","0","0","N","0","0","0","1","02448","0","","4.0","","1","N","N","","0","","0","0","0","","0","","","1","0","0","0","0","0","0","2","0","1","","","","N","","","","","","","","","",""
"2014109449","","1","0","0","0","0","0","0","0","0","8","0","","02","10","2014","5","40.386867","-80.027467","","11","0","0","0","0","0","1","0","0","2","0","0","0","","","1","","0","","40 23:12.720","6","0","80 01:38.880","2","0","0","0","2109","1","0","1","N","1","0","1","2","02109","0","","4.0","","1","N","N","","0","","0","1","0","","0","N","","2","1","0","0","0","0","0","2","0","1","","","","N","","","","","","","","","",""
"2014105823","","1","0","0","0","0","0","0","0","0","7","0","","02","10","2014","2","40.467623","-79.908835","","11","0","0","0","0","0","0","0","0","2","0","0","0","","","1","","0","","40 28:03.442","5","0","79 54:31.805","4","0","0","0","2301","0","0","0","N","0","0","0","3","02301","1","","4.0","","1","N","N","","0","","0","0","0","","0","Y","","1","1","0","0","0","0","0","2","0","1","","","","N","","","","","","","","","",""
"2014107389","","1","0","0","0","0","0","0","0","0","2","0","","02","10","2014","5","40.365958","-79.856242","","11","0","1","0","0","0","0","0","0","","0","0","0","","","0","","0","","40 21:57.450","","0","79 51:22.470","0","0","0","0","2303","0","0","0","N","0","0","0","1","02303","0","","2.0","","1","N","N","","0","","0","0","1","","0","","","2","0","0","0","0","0","0","2","0","2","","","","N","","","","","","","","","",""
"2014109450","","3","0","0","0","0","0","0","0","0","1","0","","02","10","2014","6","40.505748","-79.946321","","11","0","0","0","0","1","0","0","0","","0","0","0","","","0","","0","","40 30:20.691","","0","79 56:46.756","0","0","0","0","2430","0","0","0","N","0","0","0","5","02430","0","","1.0","","9","N","N","","0","","0","0","0","","0","","","3","0","0","0","0","0","0","2","0","3","","","","N","","","","","","","","","",""
"2014108015","","1","0","0","0","0","0","0","0","0","1","0","","02","11","2014","7","40.446193","-79.827919","","11","0","0","0","0","0","0","0","0","1","0","0","0","","","2","","2","","40 26:46.296","2","0","79 49:40.507","4","0","0","0","2113","0","0","0","N","0","0","0","3","02113","2","","1.0","","1","N","N","","0","","0","0","1","","2","N","","2","2","0","0","0","0","0","2","0","2","","","","N","","","","","","","","","",""
"2014105824","","2","0","0","0","0","0","0","0","0","1","0","","02","10","2014","2","40.424691","-80.191853","","11","0","0","1","0","0","0","0","0","2","0","0","0","","","0","","0","","40 25:28.888","1","0","80 11:30.670","0","0","0","0","2214","0","0","0","N","0","0","0","2","02214","0","","1.0","","1","N","N","","0","","0","0","0","","0","N","","2","0","0","0","0","0","0","1","0","2","","","","N","","","","","","","","","",""
"2014110071","","2","0","0","0","0","0","0","0","0","1","0","","02","11","2014","4","40.457225","-79.937492","","11","0","0","0","0","0","1","0","0","","0","0","0","","","1","","0","","40 27:26.010","","0","79 56:14.971","8","0","0","0","2301","0","0","0","N","0","0","0","3","02301","0","","4.0","","1","N","N","","0","","0","0","0","","0","","","2","1","0","0","0","1","0","2","0","2","","","","N","","","","","","","","","",""
"2014107950","","1","0","0","0","0","0","0","0","0","99","0","","02","10","2014","6","40.578072","-79.785447","","11","0","0","0","0","0","0","0","0","","0","0","0","","","0","","0","","40 34:41.058","","0","79 47:07.608","0","0","0","0","2104","0","0","0","N","0","0","0","1","68D02","0","","1.0","","9","N","N","","0","","0","0","0","","0","","","1","0","0","0","0","0","0","2","0","1","","","","N","","","","","","","","","",""
"2014108016","","2","0","0","0","0","0","0","0","0","4","0","","02","11","2014","1","40.457265","-79.997847","","11","0","0","0","0","0","0","0","0","","0","0","0","","","0","","1","","40 27:26.154","","0","79 59:52.249","9","0","0","0","2301","0","0","0","N","0","0","0","2","02301","0","","1.0","","1","N","N","","0","","0","0","0","","2","","","2","0","0","0","0","0","1","2","0","2","","","","N","","","","","","","","","",""
"2014105813","","1","0","0","0","0","0","1","0","0","1","1","","02","10","2014","2","40.45289","-79.920715","","11","0","0","0","0","0","1","0","1","1","0","0","0","","","1","","1","","40 27:10.404","1","0","79 55:14.574","4","0","0","0","2301","0","0","0","N","0","0","0","2","02503","1","","1.0","","1","N","N","","0","","0","0","0","","2","Y","","2","1","0","0","0","0","0","2","0","2","","","","N","","","","","","","","","",""
"2014108268","","1","0","0","0","0","0","0","0","0","7","0","","02","11","2014","2","40.465652","-79.900531","","11","0","0","0","0","0","0","0","0","","0","0","0","","","0","","2","","40 27:56.347","","0","79 54:01.911","0","0","0","0","2301","0","0","0","N","0","0","0","1","02301","0","","2.0","","1","N","N","","0","","0","0","0","","0","","","1","0","1","0","0","0","0","2","0","1","","","","N","","","","","","","","","",""
"2014108017","0448","1","0","0","0","0","0","0","0","0","7","0","","02","11","2014","7","40.435856","-79.965905","0442","11","0","0","0","0","0","0","0","0","","0","0","0","","","0","","0","","40 26:09.081","","0","79 57:57.258","0","0","0","0","2301","0","0","0","N","0","0","0","2","02301","0","","2.0","","9","N","N","","0","","0","0","0","","0","","","1","0","0","0","0","0","0","2","0","1","","","","N","","","","","","","","","",""
"2014105814","1523","2","0","0","0","0","0","0","0","0","4","0","","02","10","2014","2","40.517566","-80.267396","1517","11","0","0","0","0","0","1","0","0","1","0","0","0","","","0","","0","","40 31:03.236","1","0","80 16:02.625","0","0","0","0","2203","0","0","0","N","0","0","0","3","02203","0","","1.0","","1","N","N","","0","","0","0","0","","0","N","","2","0","0","0","0","0","0","2","0","2","","","","N","","","","","","","","","",""
"2014107392","1533","1","0","0","0","0","0","1","0","0","4","1","","02","10","2014","4","40.642568","-80.067372","1532","11","0","0","0","0","0","1","0","0","2","0","0","0","","","1","","1","","40 38:33.246","2","0","80 04:02.538","3","0","0","0","2216","0","0","0","N","0","0","0","2","02505","0","","1.0","","1","Y","N","","0","","1","0","0","","2","Y","","2","1","0","0","0","0","0","2","0","2","","","","N","","","","","","","","","",""
"2014110074","2149","1","0","0","0","0","0","0","0","0","7","0","","02","11","2014","2","40.615579","-79.937041","2145","11","0","0","0","0","0","1","0","0","","0","0","0","","","1","","0","","40 36:56.085","","0","79 56:13.348","4","0","0","0","2217","0","0","0","N","0","0","0","1","02505","1","","4.0","","1","N","N","","0","","0","0","0","","0","","","1","1","0","0","0","0","0","2","0","1","","","","N","","","","","","","","","",""
"2014105750","0921","2","0","0","0","0","0","0","0","0","1","0","","02","10","2014","2","40.419293","-80.055544","0918","11","0","0","0","0","0","0","0","0","","0","0","0","","","0","","0","","40 25:09.453","","0","80 03:19.957","0","0","0","0","2435","0","0","0","N","0","0","0","3","02435","0","","1.0","","1","N","N","","0","","0","0","0","","7","","","2","0","2","0","0","0","0","2","0","2","","","","N","","","","","","","","","",""
"2014108079","1259","2","0","0","0","0","0","0","0","0","4","0","","02","10","2014","6","40.55391","-79.958264","1253","11","0","1","0","0","0","0","0","1","1","0","0","0","","","2","","0","","40 33:14.076","5","7","79 57:29.751","8","0","0","0","2118","0","0","0","N","0","0","0","2","02118","0","","1.0","","9","N","N","","0","","0","0","0","","0","N","","2","2","0","0","0","2","0","2","0","2","","","","N","","","","","","","","","",""
"2014108080","1215","1","0","0","0","0","0","0","0","0","7","0","","02","10","2014","6","40.667162","-80.102503","1210","11","0","0","0","0","0","0","0","0","","0","0","0","","","0","","0","","40 40:01.783","","0","80 06:09.009","0","0","0","0","2212","0","0","0","N","0","0","0","1","02505","0","","2.0","","9","N","N","","0","","0","0","0","","0","","","1","0","0","0","0","0","0","2","0","1","","","","N","","","","","","","","","",""
"2014108686","1628","2","0","0","0","0","0","0","0","0","4","0","","02","11","2014","2","40.370519","-79.975201","1621","11","0","0","0","0","0","1","0","0","","0","0","0","","","1","","2","","40 22:13.868","","0","79 58:30.723","8","0","0","0","2413","0","0","0","N","0","0","0","3","02476","0","","1.0","","1","N","N","","0","","0","0","0","","0","","","2","1","0","0","0","1","0","2","0","2","","","","N","","","","","","","","","",""
"2014107192","1916","0","0","0","0","0","0","0","0","0","4","0","","02","10","2014","1","40.429083","-79.998303","1913","11","0","0","0","0","0","1","0","0","1","0","0","0","","","1","","1","","40 25:44.700","1","0","79 59:53.890","8","0","0","0","2301","0","0","0","N","0","0","0","3","02301","0","","1.0","","9","N","N","","1","","0","0","0","","2","N","","2","1","0","0","0","1","0","2","1","2","","","","N","","","","","","","","","",""
"2014105829","1614","0","0","0","0","0","0","0","0","0","1","0","","02","10","2014","2","40.337096","-79.809323","1612","11","0","0","0","0","0","0","0","0","1","0","0","0","","","0","","0","","40 20:13.546","1","0","79 48:33.563","9","0","0","0","2477","0","0","0","N","0","0","0","6","02477","0","","1.0","","1","N","N","","0","","0","0","2","","0","N","","2","0","0","0","0","0","1","2","0","2","","","","N","","","","","","","","","",""
"2014106592","1129","1","0","0","0","0","0","0","0","0","4","0","","02","10","2014","4","40.275004","-79.893395","1122","11","0","0","0","0","0","2","0","0","2","0","0","0","","","0","","6","","40 16:30.016","5","2","79 53:36.222","0","0","0","0","2440","0","0","0","N","0","0","0","2","02440","0","","1.0","","1","N","N","","1","","0","0","0","","4","N","","2","0","0","0","0","0","0","2","0","2","","","","N","","","","","","","","","",""
"2014105753","0947","1","0","0","0","0","0","0","0","0","1","0","","02","10","2014","2","40.322113","-80.140954","0944","11","0","0","0","0","0","1","0","0","","0","0","0","","","0","","0","","40 19:19.605","","0","80 08:27.436","0","0","0","0","2119","0","0","0","N","0","0","0","2","02119","0","","1.0","","1","N","N","","1","","0","0","0","","0","","","2","0","0","0","0","0","0","2","0","2","","","","N","","","","","","","","","",""
"2014110142","0608","2","0","0","0","0","0","0","0","0","6","0","","02","11","2014","7","40.408672","-79.991253","0555","11","0","0","0","0","0","0","0","0","","0","0","0","","","0","","0","","40 24:31.219","","0","79 59:28.510","0","0","0","0","2301","0","0","0","N","0","0","0","1","02301","0","","2.0","","1","N","N","","0","","0","0","0","","0","","","2","0","0","0","0","0","0","2","0","2","","","","N","","","","","","","","","",""
"2014106445","0440","1","0","0","0","0","0","0","0","0","7","0","","02","10","2014","1","40.390603","-80.199026","0440","11","0","0","0","1","0","0","0","0","","0","0","0","","","1","","2","","40 23:26.170","","0","80 11:56.495","4","0","0","0","2214","0","0","0","N","0","0","0","3","02214","1","","5.0","","1","N","N","","0","","0","0","0","","0","","","1","1","0","0","0","0","0","2","0","1","","","","N","","","","","","","","","",""
"2014105766","1830","1","0","0","0","0","0","0","0","0","6","0","","02","10","2014","6","40.561161","-80.03935","1829","11","0","0","0","0","0","0","1","0","2","0","0","0","","","1","","0","","40 33:40.179","5","7","80 02:21.659","4","0","0","0","2108","0","0","0","N","0","0","0","2","02108","1","","1.0","","1","N","N","","1","","0","0","0","","0","N","","2","1","0","0","0","0","0","2","0","2","","","","N","","","","","","","","","",""
"2014110879","0305","3","0","0","0","0","0","0","0","0","1","0","","02","11","2014","7","40.488427","-79.937107","0301","11","0","0","0","0","0","0","0","0","1","0","0","0","","","0","","1","","40 29:18.336","4","0","79 56:13.586","0","0","0","0","2301","0","0","0","N","0","0","0","5","02301","0","","1.0","","1","N","N","","0","","0","0","0","","2","Y","","3","0","0","0","0","0","0","2","0","3","","","","N","","","","","","","","","",""
"2014105767","1346","1","0","0","0","0","0","0","0","0","1","0","","02","10","2014","7","40.585611","-80.036054","1312","11","0","0","0","0","0","1","0","1","2","0","0","0","","","2","","1","","40 35:08.199","1","0","80 02:09.795","4","0","0","0","2108","0","0","0","N","0","0","0","2","02108","1","","1.0","","1","N","N","","0","","0","0","1","","2","N","","2","2","0","0","0","1","0","2","0","2","","","","N","","","","","","","","","",""
"2014108097","0615","0","0","0","0","0","0","1","0","0","1","1","","02","10","2014","6","40.522455","-80.083804","0615","11","0","0","0","0","0","0","1","0","","0","0","0","","","0","","0","","40 31:20.838","","0","80 05:01.695","0","0","0","0","2215","0","0","0","N","0","0","0","2","02215","0","","1.0","","1","Y","N","","0","","0","0","1","","0","","","2","0","0","0","0","0","0","2","0","2","","","","N","","","","","","","","","",""
"2014106595","1355","0","0","0","0","0","0","0","0","0","8","0","","02","10","2014","3","40.444449","-79.995637","1350","11","0","0","0","0","0","1","0","0","","0","0","0","","","1","","1","","40 26:40.016","","0","79 59:44.293","4","0","0","0","2301","1","0","0","","1","0","0","2","02301","1","","1.0","","1","","","","0","","0","0","0","","2","","","2","1","0","0","0","0","0","2","1","1","","","","N","","","","","","","","","",""
"2014109389","1250","2","0","0","0","0","0","0","0","0","6","0","","02","11","2014","3","40.458522","-79.975043","1239","11","0","0","0","0","0","0","0","0","","0","0","0","","","1","","1","","40 27:30.679","","0","79 58:30.154","8","0","0","0","2301","0","0","0","N","0","0","0","2","02301","0","","1.0","","1","N","N","","0","","0","0","0","","3","","","2","1","0","0","0","1","0","2","0","2","","","","N","","","","","","","","","",""
"2014109404","1803","2","0","0","0","0","0","0","0","0","4","0","","02","11","2014","3","40.514589","-79.879092","1800","11","0","1","0","0","0","1","0","0","","0","0","0","","","0","","0","","40 30:52.520","","7","79 52:44.730","0","0","0","0","2432","0","0","0","N","0","0","0","3","02432","0","","1.0","","1","N","N","","0","","0","0","0","","0","","","2","0","0","0","0","0","0","2","0","2","","","","N","","","","","","","","","",""
"2014110156","1605","1","0","0","0","0","0","0","0","0","1","0","","02","10","2014","4","40.565035","-79.956669","1556","11","0","0","0","0","0","2","0","0","","0","0","0","","","0","","0","","40 33:54.125","","0","79 57:24.008","0","0","0","0","2207","0","0","0","N","0","0","0","3","02207","0","","1.0","","1","N","N","","2","","0","0","0","","0","","","4","0","0","0","0","0","0","2","0","3","","","","N","","","","","","","","","",""
"2014108024","0220","0","0","0","0","0","0","0","0","0","7","0","","02","11","2014","1","40.45027","-80.065404","0217","11","0","0","0","0","0","0","0","0","1","0","0","0","","","0","","2","","40 27:00.972","6","0","80 03:55.454","0","0","0","0","2301","0","0","0","N","0","0","0","1","02301","0","","4.0","","1","N","N","","0","","0","0","1","","0","N","","1","0","0","0","0","0","0","2","0","1","","","","N","","","","","","","","","",""
"2014106511","0238","0","0","0","0","0","0","0","0","0","99","0","","02","10","2014","2","40.616127","-79.978685","0219","11","0","0","0","0","0","1","0","0","","0","0","0","","","0","","0","","40 36:58.056","","0","79 58:43.266","0","0","0","0","2217","0","0","0","N","0","0","0","2","68T02","0","","1.0","","1","N","N","","0","","0","0","1","","0","","","1","0","0","0","0","0","0","1","0","1","","","","N","","","","","","","","","",""
"2014105768","1657","2","0","0","0","0","0","0","0","0","2","0","","02","10","2014","7","40.570719","-80.040346","1657","11","0","0","0","0","0","0","0","0","2","0","0","0","","","1","","0","","40 34:14.590","3","0","80 02:25.245","8","0","0","0","2108","0","0","0","N","0","0","0","1","02108","0","","1.0","","1","N","N","","0","","0","0","0","","0","Y","","2","1","0","0","0","1","0","2","0","2","","","","N","","","","","","","","","",""
"2014107400","1903","1","0","0","0","0","0","0","0","0","2","0","","02","10","2014","5","40.381154","-79.811838","1902","11","0","0","0","0","0","0","0","1","","0","0","0","","","1","","1","","40 22:52.153","","0","79 48:42.618","4","0","0","1","2424","0","0","0","N","0","0","0","2","02424","1","","1.0","","1","N","N","","0","","0","0","0","","2","","","2","1","0","0","0","0","0","2","0","2","","","","N","","","","","","","","","",""
"2014107607","1347","1","0","0","0","0","0","0","0","0","1","0","","02","10","2014","6","40.434217","-79.895059","1342","11","0","0","0","0","0","0","0","0","","0","0","0","","","2","","10","","40 26:03.181","","0","79 53:42.212","8","0","0","0","2478","0","0","0","N","0","0","0","5","02463","0","","1.0","","9","N","N","","1","","0","0","0","","0","","","2","2","0","0","0","2","2","2","0","2","","","","N","","","","","","","","","",""
"2014106192","0507","1","0","0","0","0","0","0","0","0","7","0","","02","10","2014","3","40.369942","-79.856703","0505","11","1","0","0","0","0","0","0","0","","0","0","0","","","0","","1","","40 22:11.791","","0","79 51:24.130","9","0","0","0","2303","0","0","0","N","0","0","0","1","02303","0","","5.0","","1","N","N","","0","","0","0","0","","3","","","1","0","0","0","0","0","1","2","0","1","","","","N","","","","","","","","","",""
"2014106261","1506","0","0","0","0","0","0","0","0","0","1","0","","02","10","2014","3","40.434061","-79.848853","1503","11","0","0","0","0","0","1","0","0","","0","0","0","","","0","","2","","40 26:02.619","","0","79 50:55.870","0","0","0","0","2431","0","0","0","N","0","0","0","2","02419","0","","1.0","","1","N","N","","1","","0","0","1","","2","","","2","0","0","0","0","0","0","2","0","2","","","","N","","","","","","","","","",""
"2014105976","1925","1","0","0","0","0","0","0","0","0","1","0","","02","10","2014","3","40.650715","-79.970198","1923","11","0","1","0","0","0","0","0","0","2","0","0","0","","","0","","0","","40 39:02.575","5","0","79 58:12.712","0","0","0","0","2217","0","0","0","N","0","0","0","2","02505","0","","2.0","","9","N","N","","0","","0","0","1","","0","Y","","2","0","0","0","0","0","0","2","0","2","","","","N","","","","","","","","","",""
"2014108210","1801","2","0","0","0","0","0","0","0","0","1","0","","02","11","2014","1","40.484571","-79.855527","1754","11","0","0","0","0","0","1","0","0","1","0","0","0","","","1","","0","","40 29:04.454","1","0","79 51:19.896","8","0","0","0","2113","0","0","0","N","0","0","0","4","02113","0","","1.0","","1","N","N","","0","","0","0","1","","0","N","","3","1","1","0","0","1","0","2","0","3","","","","N","","","","","","","","","",""
"2014106194","1344","2","0","0","0","0","0","0","0","0","6","0","","02","10","2014","7","40.575836","-80.054586","1339","11","0","0","0","0","0","0","0","0","","0","0","0","","","0","","0","","40 34:33.010","","0","80 03:16.510","0","0","0","0","2108","0","0","0","N","0","0","0","2","02108","0","","1.0","","9","N","N","","0","","0","0","0","","0","","","2","0","0","0","0","0","0","2","0","2","","","","N","","","","","","","","","",""
"2014105353","2310","0","0","0","0","0","0","0","0","0","0","0","","02","10","2014","7","40.442437","-80.033446","2301","11","0","0","0","0","0","0","0","0","","0","0","0","","","1","","0","","40 26:32.773","","0","80 02:00.405","4","0","0","1","2301","0","0","0","N","0","0","0","1","02301","1","","1.0","","1","N","N","","0","","0","0","0","","0","","","1","1","0","0","0","0","0","2","0","1","","","","N","","","","","","","","","",""
"2014105419","1358","3","0","0","0","0","0","0","0","0","1","0","","02","10","2014","3","40.408856","-80.081097","1352","11","0","0","0","0","0","0","0","2","","0","0","0","","","0","","2","","40 24:31.883","","0","80 04:51.949","9","0","0","0","2415","0","0","0","N","0","0","0","3","02415","0","","1.0","","1","N","N","","0","","0","0","0","","2","","","3","0","0","0","0","0","1","2","0","3","","","","N","","","","","","","","","",""
"2014105978","0220","1","0","0","0","0","0","0","0","0","7","0","","02","10","2014","1","40.425169","-79.945419","0215","11","0","0","0","0","0","0","0","0","","0","0","0","","","0","","0","","40 25:30.610","","0","79 56:43.510","0","0","0","0","2301","0","0","0","N","0","0","0","1","02301","0","","4.0","","1","N","N","","0","","0","0","0","","0","","","1","0","0","0","0","0","0","2","0","1","","","","N","","","","","","","","","",""
"2014105354","0226","3","0","0","0","0","0","0","0","0","5","0","","02","10","2014","1","40.397889","-79.922444","0224","11","0","0","0","0","0","0","0","0","","0","0","0","","","1","","0","","40 23:52.400","","0","79 55:20.800","4","0","0","0","2472","0","0","0","N","0","0","0","2","02472","1","","6.0","","1","N","N","","0","","0","0","0","","0","","","3","1","2","0","0","0","0","2","0","3","","","","N","","","","","","","","","",""
"2014105420","0723","0","0","0","0","0","0","0","0","0","7","0","","02","10","2014","1","40.458159","-79.998273","0716","11","0","0","0","0","0","0","1","0","","0","0","0","","","0","","2","","40 27:29.371","","3","79 59:53.784","0","0","0","0","2301","0","0","0","N","0","0","0","1","02301","0","","3.0","","1","N","N","","0","","0","0","0","","0","","","1","0","0","0","0","0","0","2","1","1","","","","N","","","","","","","","","",""
"2014105433","1110","1","0","0","0","0","0","0","0","0","4","0","","02","10","2014","4","40.416029","-80.030001","1106","11","0","0","0","0","0","0","0","1","","0","0","0","","","0","","1","","40 24:57.705","","0","80 01:48.002","0","0","0","0","2301","0","0","0","N","0","0","0","4","02301","0","","1.0","","1","N","N","","0","","0","0","1","","2","","","2","0","0","0","0","0","0","2","0","2","","","","N","","","","","","","","","",""
"2014105506","1930","1","0","0","0","0","0","0","0","0","4","0","","02","5","2014","3","40.429786","-79.827728","1930","11","0","0","0","0","0","0","0","0","","0","0","0","","","0","","0","","40 25:47.230","","0","79 49:39.820","0","0","0","0","2124","0","0","0","N","0","0","0","2","02124","0","","1.0","","1","N","Y","","0","","0","0","1","","0","","","2","0","0","0","0","0","0","2","0","2","","","","N","","","","","","","","","",""
"2014108213","0557","1","0","0","0","0","0","0","0","0","7","0","","02","10","2014","6","40.404091","-79.95284","0553","11","0","0","0","0","0","0","0","0","1","0","0","0","","","0","","0","","40 24:14.726","2","0","79 57:10.225","0","0","0","0","2403","0","0","0","N","0","0","0","1","02403","0","","2.0","","1","N","N","","0","","0","0","0","","0","N","","1","0","0","0","0","0","0","2","0","1","","","","N","","","","","","","","","",""
"2014106265","1628","1","0","0","0","0","0","0","0","0","7","0","","02","10","2014","3","40.439658","-79.993344","1621","11","0","0","0","0","0","0","0","0","3","0","0","0","","","1","","3","","40 26:22.770","1","2","79 59:36.038","4","0","0","0","2301","0","0","0","Y","0","0","0","1","02301","1","","7.0","","1","N","N","","0","","0","0","0","","0","N","","1","1","0","0","0","0","0","2","0","1","","","","N","","","","","","","","","",""