"CRN","ARRIVAL_TM","AUTOMOBILE_COUNT","BELTED_DEATH_COUNT","BELTED_SUSP_SERIOUS_INJ_COUNT","BICYCLE_COUNT","BICYCLE_DEATH_COUNT","BICYCLE_SUSP_SERIOUS_INJ_COUNT","BUS_COUNT","CHLDPAS_DEATH_COUNT","CHLDPAS_SUSP_SERIOUS_INJ_COUNT","COLLISION_TYPE","COMM_VEH_COUNT","CONS_ZONE_SPD_LIM","COUNTY","CRASH_MONTH","CRASH_YEAR","DAY_OF_WEEK","DEC_LATITUDE","DEC_LONGITUDE","DISPATCH_TM","DISTRICT","DRIVER_COUNT_16YR","DRIVER_COUNT_17YR","DRIVER_COUNT_18YR","DRIVER_COUNT_19YR","DRIVER_COUNT_20YR","DRIVER_COUNT_50_64YR","DRIVER_COUNT_65_74YR","DRIVER_COUNT_75PLUS","EST_HRS_CLOSED","FATAL_COUNT","HEAVY_TRUCK_COUNT","HORSE_BUGGY_COUNT","HOUR_OF_DAY","ILLUMINATION","INJURY_COUNT","INTERSECTION_RELATED","INTERSECT_TYPE","LANE_CLOSED","LATITUDE","LN_CLOSE_DIR","LOCATION_TYPE","LONGITUDE","MAX_SEVERITY_LEVEL","MCYCLE_DEATH_COUNT","MCYCLE_SUSP_SERIOUS_INJ_COUNT","MOTORCYCLE_COUNT","MUNICIPALITY","NONMOTR_COUNT","NONMOTR_DEATH_COUNT","NONMOTR_SUSP_SERIOUS_INJ_COUNT","NTFY_HIWY_MAINT","PED_COUNT","PED_DEATH_COUNT","PED_SUSP_SERIOUS_INJ_COUNT","PERSON_COUNT","POLICE_AGCY","POSSIBLE_INJ_COUNT","RDWY_SURF_TYPE_CD","RELATION_TO_ROAD","ROADWAY_CLEARED","ROAD_CONDITION","SCH_BUS_IND","SCH_ZONE_IND","SECONDARY_CRASH","SMALL_TRUCK_COUNT","SPEC_JURIS_CD","SUSP_MINOR_INJ_COUNT","SUSP_SERIOUS_INJ_COUNT","SUV_COUNT","TCD_FUNC_CD","TCD_TYPE","TFC_DETOUR_IND","TIME_OF_DAY","TOTAL_UNITS","TOT_INJ_COUNT","UNBELTED_OCC_COUNT","UNB_DEATH_COUNT","UNB_SUSP_SERIOUS_INJ_COUNT","UNK_INJ_DEG_COUNT","UNK_INJ_PER_COUNT","URBAN_RURAL","VAN_COUNT","VEHICLE_COUNT","WEATHER1","WEATHER2","WORKERS_PRES","WORK_ZONE_IND","WORK_ZONE_LOC","WORK_ZONE_TYPE","WZ_CLOSE_DETOUR","WZ_FLAGGER","WZ_LAW_OFFCR_IND","WZ_LN_CLOSURE","WZ_MOVING","WZ_OTHER","WZ_SHLDER_MDN","WZ_WORKERS_INJ_KILLED"
"2014112514","0147","1","0","0","0","0","0","0","0","0","7","0","","02","11","2014","7","40.439926","-79.965566","0140","11","0","0","0","0","0","0","0","0","","0","0","0","","","0","","0","","40 26:23.733","","0","79 57:56.037","0","0","0","0","2301","0","0","0","N","0","0","0","1","02301","0","","2.0","","1","N","N","","0","","0","0","0","","0","","","1","0","0","0","0","0","0","2","0","1","","","","N","","","","","","","","","",""
"2014112528","1751","1","0","0","0","0","0","0","0","0","1","0","","02","11","2014","6","40.524105","-80.179066","1748","11","0","0","0","0","0","0","0","0","","0","0","0","","","0","","0","","40 31:26.777","","0","80 10:44.636","0","0","0","0","2213","0","0","0","N","0","0","0","3","02213","0","","1.0","","1","N","N","","0","","0","0","1","","0","","","2","0","0","0","0","0","0","2","0","2","","","","N","","","","","","","","","",""
"2014107827","0915","2","0","0","0","0","0","0","0","0","4","0","","02","11","2014","7","40.438023","-79.913084","0909","11","0","0","0","0","0","1","0","0","","0","0","0","","","0","","1","","40 26:16.882","","0","79 54:47.102","0","0","0","0","2301","0","0","0","N","0","0","0","2","02301","0","","1.0","","9","N","N","","0","","0","0","0","","2","","","2","0","0","0","0","0","0","2","0","2","","","","N","","","","","","","","","",""
"2014107894","2223","1","0","0","0","0","0","0","0","0","7","0","","02","10","2014","6","40.409011","-80.019336","2223","11","0","0","0","0","0","0","1","0","1","0","0","0","","","0","","0","","40 24:32.440","4","0","80 01:09.610","0","0","0","0","2301","0","0","0","N","0","0","0","1","02301","0","","4.0","","9","N","N","","0","","0","0","0","","0","N","","1","0","0","0","0","0","0","2","0","1","","","","N","","","","","","","","","",""
"2014107907","1445","0","0","0","0","0","0","0","0","0","4","0","","02","3","2014","2","40.358332","-80.105266","1440","11","0","0","0","0","0","1","1","0","1","0","0","0","","","0","","2","","40 21:29.995","6","0","80 06:18.957","0","0","0","0","2414","0","0","0","N","0","0","0","2","02414","0","","1.0","","1","N","N","","1","","0","0","1","","3","Y","","2","0","0","0","0","0","0","2","0","2","","","","N","","","","","","","","","",""
"2014111874","0828","0","0","0","0","0","0","0","0","0","1","0","","02","11","2014","3","40.386474","-80.088745","0825","11","0","0","0","0","0","1","0","0","","0","0","0","","","1","","2","","40 23:11.305","","0","80 05:19.481","4","0","0","0","2117","0","0","0","N","0","0","0","2","02117","1","","1.0","","1","N","N","","2","","0","0","0","","2","","","2","1","0","0","0","0","0","2","0","2","","","","N","","","","","","","","","",""
"2014107082","0602","1","0","0","0","0","0","0","0","0","4","0","","02","10","2014","5","40.477742","-79.960339","0554","11","0","0","0","0","0","0","0","0","","0","0","0","","","1","","9","","40 28:39.870","","0","79 57:37.220","4","0","0","0","2301","0","0","0","N","0","0","0","1","02301","1","","1.0","","1","N","N","","0","","0","0","0","","6","","","2","1","0","0","0","0","0","2","0","1","","","","N","","","","","","","","","",""
"2014107908","0227","1","0","0","0","0","0","0","0","0","7","0","","02","3","2014","4","40.358436","-80.104311","0225","11","0","0","0","0","0","0","0","0","2","0","0","0","","","1","","0","","40 21:30.370","6","0","80 06:15.520","4","0","0","0","2414","0","0","0","N","0","0","0","1","02414","1","","5.0","","1","N","N","","0","","0","0","0","","0","Y","","1","1","0","0","0","0","0","2","0","1","","","","N","","","","","","","","","",""
"2014107163","0938","0","0","0","0","0","0","0","0","0","4","0","","02","10","2014","4","40.425799","-79.891702","0937","11","0","0","0","0","0","0","0","0","1","0","0","0","","","0","","7","","40 25:32.876","3","2","79 53:30.127","0","0","0","0","2463","0","0","0","N","0","0","0","2","02463","0","","1.0","","1","N","N","","1","","0","0","0","","3","N","","2","0","2","0","0","0","0","2","1","2","","","","N","","","","","","","","","",""
"2014114227","2211","1","0","0","0","0","0","0","0","0","7","0","","02","11","2014","1","40.415824","-80.012993","2200","11","0","0","0","0","0","0","0","0","","0","0","0","","","0","","3","","40 24:56.966","","0","80 00:46.774","0","0","0","0","2301","0","0","0","N","0","0","0","1","02301","0","","2.0","","9","N","N","","0","","0","0","0","","0","","","1","0","0","0","0","0","0","2","0","1","","","","N","","","","","","","","","",""
"2014112826","1618","0","0","0","0","0","0","0","0","0","7","0","","02","11","2014","5","40.58594","-79.938648","1615","11","0","0","1","0","0","0","0","0","1","0","0","0","","","0","","0","","40 35:09.385","5","0","79 56:19.133","0","0","0","0","2207","0","0","0","N","0","0","0","1","02207","0","","2.0","","9","N","N","","0","","0","0","1","","0","N","","1","0","0","0","0","0","0","2","0","1","","","","N","","","","","","","","","",""
"2014113037","1232","1","0","0","0","0","0","0","0","0","4","0","","02","10","2014","3","40.522539","-80.174719","1231","11","0","0","0","0","1","0","0","0","","0","0","0","","","0","","1","","40 31:21.140","","0","80 10:28.990","9","0","0","0","2420","0","0","0","N","0","0","0","2","02420","0","","1.0","","1","N","N","","0","","0","0","1","","3","","","2","0","0","0","0","0","1","2","0","2","","","","N","","","","","","","","","",""
"2014111350","0756","0","0","0","0","0","0","0","0","0","7","0","","02","11","2014","7","40.56306","-80.060543","0748","11","0","0","0","0","0","0","0","0","","0","0","0","","","0","","2","","40 33:47.017","","0","80 03:37.953","0","0","0","0","2108","0","0","0","N","0","0","0","1","02108","0","","4.0","","1","N","N","","0","","0","0","1","","0","","","1","0","0","0","0","0","0","2","0","1","","","","N","","","","","","","","","",""
"2014112958","1938","2","0","0","0","0","0","0","0","0","5","1","","02","11","2014","5","40.452409","-80.00141","1933","11","0","0","0","0","0","0","0","0","9","0","1","0","","","1","","0","","40 27:08.672","7","0","80 00:05.077","2","0","0","0","2301","1","0","1","N","1","0","1","2","02301","0","","5.0","","9","N","N","","0","","0","1","1","","0","Y","","5","1","0","0","0","0","0","2","0","4","","","","N","","","","","","","","","",""
"2014112254","1300","1","0","0","0","0","0","0","0","0","4","0","","02","11","2014","4","40.46212","-79.940382","1254","11","0","0","0","0","0","0","0","0","","0","0","0","","","0","","1","","40 27:43.632","","0","79 56:25.375","0","0","0","0","2301","0","0","0","N","0","0","0","3","02301","0","","1.0","","1","N","N","","0","","0","0","0","","3","","","2","0","0","0","0","0","0","2","1","2","","","","N","","","","","","","","","",""
"2014112746","1538","2","0","0","0","0","0","0","0","0","2","0","","02","11","2014","5","40.498873","-79.790279","1524","11","0","0","0","0","0","2","0","0","","0","0","0","","","0","","0","","40 29:55.942","","7","79 47:25.004","0","0","0","0","2113","0","0","0","N","0","0","0","2","02113","0","","1.0","","9","N","N","","0","","0","0","0","","0","","","2","0","0","0","0","0","0","2","0","2","","","","N","","","","","","","","","",""
"2014111351","1338","2","0","0","0","0","0","0","0","0","4","0","","02","10","2014","7","40.507733","-80.22328","1335","11","0","0","0","0","0","0","0","0","1","0","0","0","","","0","","0","","40 30:27.838","1","0","80 13:23.807","0","0","0","0","2213","0","0","0","N","0","0","0","5","02213","0","","1.0","","1","N","N","","0","","0","0","0","","0","N","","2","0","0","0","0","0","0","2","0","2","","","","N","","","","","","","","","",""
"2014112817","0831","2","0","0","0","0","0","0","0","0","1","0","","02","10","2014","6","40.491351","-79.888579","0755","11","0","0","0","0","0","0","1","0","2","0","0","0","","","1","","0","","40 29:28.864","2","0","79 53:18.884","4","0","0","0","2112","0","0","0","N","0","0","0","2","68D02","1","","1.0","","1","N","N","","0","","0","0","0","","0","N","","2","1","0","0","0","0","0","2","0","2","","","","N","","","","","","","","","",""
"2014111352","2123","2","0","0","0","0","0","0","0","0","1","0","","02","10","2014","2","40.333279","-80.02394","2121","11","0","0","1","0","0","0","0","0","","0","0","0","","","0","","0","","40 19:59.806","","0","80 01:26.185","0","0","0","0","2407","0","0","0","N","0","0","0","2","02407","0","","1.0","","1","N","N","","0","","0","0","0","","0","","","2","0","0","0","0","0","0","2","0","2","","","","N","","","","","","","","","",""
"2014113771","1710","2","0","0","0","0","0","0","0","0","2","0","","02","11","2014","6","40.345074","-79.972813","1709","11","0","0","0","0","0","0","1","0","","0","0","0","","","1","","0","","40 20:42.266","","0","79 58:22.126","8","0","0","0","2403","0","0","0","N","0","0","0","4","02403","0","","1.0","","1","N","N","","0","","0","0","0","","0","","","2","1","0","0","0","1","0","2","0","2","","","","N","","","","","","","","","",""
"2014111894","1033","0","0","0","0","0","0","0","0","0","1","1","","02","11","2014","3","40.411014","-80.005933","1028","11","0","0","0","0","0","0","0","0","","0","1","0","","","1","","2","","40 24:39.651","","0","80 00:21.360","4","0","0","0","2301","0","0","0","N","0","0","0","2","02301","1","","1.0","","1","N","N","","1","","0","0","0","","0","","","2","1","0","0","0","0","0","2","0","2","","","","N","","","","","","","","","",""
"2014112748","1701","2","0","0","0","0","0","0","0","0","4","0","","02","10","2014","5","40.503358","-80.000936","1656","11","0","0","0","0","0","0","0","0","1","0","0","0","","","1","","0","","40 30:12.088","2","0","80 00:03.371","4","0","0","0","2116","0","0","0","N","0","0","0","3","02116","1","","1.0","","1","N","N","","0","","0","0","0","","0","N","","2","1","0","0","0","0","0","2","0","2","","","","N","","","","","","","","","",""
"2014111353","1355","1","0","0","0","0","0","0","0","0","1","0","","02","10","2014","6","40.347106","-80.039775","1349","11","0","0","0","0","0","0","0","0","","0","0","0","","","0","","1","","40 20:49.581","","0","80 02:23.190","0","0","0","0","2407","0","0","0","N","0","0","0","2","02407","0","","1.0","","9","N","N","","1","","0","0","0","","3","","","2","0","0","0","0","0","0","2","0","2","","","","N","","","","","","","","","",""
"2014112108","0055","1","0","0","0","0","0","0","0","0","7","0","","02","11","2014","4","40.474057","-80.002022","0046","11","0","0","0","0","0","1","0","0","","0","0","0","","","1","","0","","40 28:26.605","","0","80 00:07.279","4","0","0","0","2301","0","0","0","N","0","0","0","1","02301","1","","5.0","","1","N","N","","0","","0","0","0","","0","","","1","1","0","0","0","0","0","2","0","1","","","","N","","","","","","","","","",""
"2014111416","1526","1","0","0","0","0","0","0","0","0","1","0","","02","11","2014","2","40.433033","-79.996603","1519","11","0","0","0","0","0","0","0","0","1","0","0","0","","","1","","0","","40 25:58.920","1","4","79 59:47.769","8","0","0","0","2301","0","0","0","Y","0","0","0","3","02301","0","","1.0","","1","N","N","","0","","0","0","1","","0","N","","2","1","0","0","0","1","0","2","0","2","","","","N","","","","","","","","","",""
"2014113773","1319","1","0","0","0","0","0","0","0","0","4","0","","02","11","2014","6","40.448785","-79.9101","1317","11","0","0","0","0","0","0","0","0","2","0","0","0","","","1","","1","","40 26:55.627","4","0","79 54:36.360","4","0","0","0","2301","0","0","0","N","0","0","0","2","02301","1","","1.0","","1","N","N","","0","","0","0","0","","2","Y","","2","1","0","0","0","0","1","2","1","2","","","","N","","","","","","","","","",""
"2014114361","0754","0","0","0","0","0","0","0","0","0","8","0","","02","11","2014","2","40.441805","-79.960761","0746","11","0","0","0","0","0","0","0","0","","0","0","0","","","2","","1","","40 26:30.498","","0","79 57:38.739","3","0","0","0","2301","2","0","0","N","2","0","0","3","02301","0","","1.0","","9","N","N","","0","","2","0","1","","3","","","3","2","0","0","0","0","0","2","0","1","","","","N","","","","","","","","","",""
"2014111354","1715","1","0","0","0","0","0","0","0","0","4","0","","02","10","2014","6","40.347106","-80.039775","1711","11","0","0","0","1","0","0","0","1","","0","0","0","","","1","","1","","40 20:49.581","","0","80 02:23.190","8","0","0","0","2407","0","0","0","N","0","0","0","3","02407","0","","1.0","","9","N","N","","0","","0","0","1","","3","","","2","1","0","0","0","1","0","2","0","2","","","","N","","","","","","","","","",""
"2014112190","1446","1","0","0","0","0","0","0","0","0","5","0","","02","11","2014","1","40.487347","-80.039027","1436","11","0","0","0","0","0","0","0","1","","0","0","0","","","0","","0","","40 29:14.449","","0","80 02:20.497","0","0","0","0","2301","0","0","0","N","0","0","0","2","02301","0","","1.0","","1","N","N","","0","","0","0","0","","0","","","2","0","0","0","0","0","0","2","1","2","","","","N","","","","","","","","","",""
"2014112679","","1","0","0","0","0","0","0","0","0","4","0","","02","6","2014","2","40.440466","-79.991536","","11","0","0","0","0","0","1","0","0","","0","0","0","","","1","","5","","40 26:25.678","","2","79 59:29.530","8","0","0","0","2301","0","0","0","N","0","0","0","2","00000","0","","1.0","","1","N","N","","0","","0","0","0","","2","","","2","1","0","0","0","1","0","2","0","2","","","","N","","","","","","","","","",""
"2014114233","2220","1","0","0","0","0","0","0","0","0","7","0","","02","11","2014","6","40.370232","-80.144096","2215","11","0","0","0","0","0","1","0","0","","0","0","0","","","0","","0","","40 22:12.835","","0","80 08:38.745","0","0","0","0","2119","0","0","0","N","0","0","0","1","02119","0","","2.0","","1","N","N","","0","","0","0","0","","0","","","1","0","0","0","0","0","0","2","0","1","","","","N","","","","","","","","","",""
"2014111355","0247","1","0","0","0","0","0","0","0","0","7","0","","02","11","2014","3","40.328121","-80.039613","0245","11","0","0","0","0","0","0","0","0","","0","0","0","","","0","","0","","40 19:41.236","","0","80 02:22.605","0","0","0","0","2407","0","0","0","N","0","0","0","1","02407","0","","5.0","","1","Y","N","","0","","0","0","0","","0","","","1","0","0","0","0","0","0","2","0","1","","","","N","","","","","","","","","",""
"2014111965","1608","0","0","0","1","0","0","0","0","0","8","0","","02","11","2014","3","40.449067","-80.063572","1603","11","0","0","0","0","0","0","0","0","","0","0","0","","","1","","2","","40 26:56.641","","0","80 03:48.859","8","0","0","0","2301","1","0","0","N","0","0","0","4","02301","0","","1.0","","1","N","N","","0","","0","0","0","","3","","","2","1","0","0","0","1","0","2","1","1","","","","N","","","","","","","","","",""
"2014111356","1055","3","0","0","0","0","0","0","0","0","1","0","","02","11","2014","7","40.338231","-80.051292","1050","11","0","0","0","0","0","1","0","0","","0","0","0","","","0","","0","","40 20:17.630","","7","80 03:04.650","0","0","0","0","2407","0","0","0","N","0","0","0","3","02407","0","","1.0","","1","N","N","","0","","0","0","0","","0","","","3","0","0","0","0","0","0","2","0","3","","","","N","","","","","","","","","",""
"2014112980","2150","1","0","0","0","0","0","0","0","0","4","0","","02","11","2014","5","40.406043","-79.991706","2150","11","0","0","0","0","0","0","0","0","","0","0","0","","","1","","0","","40 24:21.754","","0","79 59:30.141","4","0","0","0","2301","0","0","0","N","0","0","0","2","02301","1","","1.0","","9","N","N","","1","","0","0","0","","0","","","2","1","0","0","0","0","0","2","0","2","","","","N","","","","","","","","","",""
"2014112044","1753","2","0","0","0","0","0","0","0","0","6","0","","02","11","2014","3","40.486934","-79.887064","1753","11","0","0","0","0","0","0","0","1","","0","0","0","","","0","","0","","40 29:12.962","","7","79 53:13.430","0","0","0","0","2301","0","0","0","N","0","0","0","2","02301","0","","1.0","","1","N","N","","0","","0","0","0","","3","","","2","0","0","0","0","0","0","2","0","2","","","","N","","","","","","","","","",""
"2014112114","0109","0","0","0","0","0","0","0","0","0","99","0","","02","11","2014","2","40.438033","-80.043923","0105","11","0","0","0","0","0","0","0","0","","0","0","0","","","1","","0","","40 26:16.918","","0","80 02:38.122","3","0","0","0","2301","0","0","0","","0","0","0","2","02301","0","","1.0","","1","N","N","","0","","1","0","0","","0","","","1","1","1","0","0","0","0","2","1","1","","","","N","","","","","","","","","",""
"2014114238","0309","1","0","0","0","0","0","0","0","0","7","0","","02","11","2014","1","40.441156","-79.961492","0303","11","0","0","0","0","1","0","0","0","","0","0","0","","","0","","0","","40 26:28.160","","0","79 57:41.370","0","0","0","0","2301","0","0","0","N","0","0","0","3","02301","0","","5.0","","1","N","N","","0","","0","0","0","","0","","","1","0","0","0","0","0","0","2","0","1","","","","N","","","","","","","","","",""
"2014112195","0824","1","0","0","1","0","0","0","0","0","8","0","","02","11","2014","4","40.438322","-79.97947","0817","11","0","0","0","0","0","0","0","0","","0","0","0","","","1","","2","","40 26:17.959","","0","79 58:46.092","4","0","0","0","2301","1","0","0","","0","0","0","2","02301","1","","1.0","","9","","","","0","","0","0","0","","3","","","2","1","0","0","0","0","0","2","0","1","","","","N","","","","","","","","","",""
"2014114239","0320","1","0","0","0","0","0","0","0","0","4","0","","02","11","2014","3","40.451737","-79.884745","0314","11","0","0","0","0","0","0","0","0","","0","0","0","","","0","","2","","40 27:06.253","","0","79 53:05.082","0","0","0","0","2301","0","0","0","N","0","0","0","2","02301","0","","1.0","","1","N","N","","0","","0","0","1","","3","","","2","0","0","0","0","0","0","2","0","2","","","","N","","","","","","","","","",""
"2014112047","1821","2","0","0","0","0","0","0","0","0","4","0","","02","11","2014","3","40.422268","-79.843137","1819","11","0","0","0","0","0","0","0","2","2","0","0","0","","","0","","2","","40 25:20.164","3","0","79 50:35.293","9","0","0","0","2431","0","0","0","Y","0","0","0","3","02431","0","","1.0","","1","N","N","","0","","0","0","0","","3","N","","2","0","0","0","0","0","1","2","0","2","","","","N","","","","","","","","","",""
"2014112265","1245","1","0","0","0","0","0","0","0","0","4","0","","02","11","2014","3","40.487249","-80.05545","1240","11","0","0","0","0","0","0","0","1","","0","0","0","","","1","","0","","40 29:14.095","","7","80 03:19.619","4","0","0","0","2404","0","0","0","N","0","0","0","2","02404","1","","1.0","","1","N","N","","1","","0","0","0","","0","","","2","1","0","0","0","0","0","2","0","2","","","","N","","","","","","","","","",""
"2014111971","1730","1","0","0","0","0","0","0","0","0","4","0","","02","11","2014","3","40.441431","-79.959011","1725","11","0","0","0","0","0","0","0","0","","0","0","0","","","0","","0","","40 26:29.150","","0","79 57:32.440","0","0","0","0","2301","0","0","0","N","0","0","0","2","02301","0","","1.0","","1","N","N","","0","","0","0","1","","0","","","2","0","0","0","0","0","0","2","0","2","","","","N","","","","","","","","","",""
"2014112266","1742","0","0","0","0","0","0","0","0","0","7","0","","02","11","2014","3","40.445598","-79.953204","1742","11","0","0","0","0","0","0","0","0","","0","0","0","","","1","","0","","40 26:44.154","","0","79 57:11.534","4","0","0","1","2301","0","0","0","N","0","0","0","1","02506","1","","2.0","","1","N","N","","0","","0","0","0","","0","","","2","1","0","0","0","0","0","2","0","1","","","","N","","","","","","","","","",""
"2014112989","0701","2","0","0","0","0","0","0","0","0","4","0","","02","11","2014","5","40.438283","-79.996078","0654","11","0","0","0","0","0","2","0","0","","0","0","0","","","0","","1","","40 26:17.818","","0","79 59:45.880","0","0","0","0","2301","0","0","0","N","0","0","0","2","02301","0","","1.0","","1","N","N","","0","","0","0","0","","2","","","2","0","0","0","0","0","0","2","0","2","","","","N","","","","","","","","","",""
"2014113929","2358","0","0","0","0","0","0","0","0","0","7","0","","02","10","2014","7","40.390294","-79.765983","2352","11","0","0","0","0","0","0","0","0","2","0","0","0","","","1","","0","","40 23:25.057","3","0","79 45:57.540","8","0","0","0","2446","0","0","0","N","0","0","0","1","02446","0","","5.0","","1","N","N","","0","","0","0","1","","0","N","","1","1","0","0","0","1","0","2","0","1","","","","N","","","","","","","","","",""
"2014113187","1340","0","0","0","0","0","0","0","0","0","0","0","","02","11","2014","2","40.452844","-79.928597","1330","11","0","0","0","0","0","0","0","0","","0","0","0","","","1","","0","","40 27:10.240","","0","79 55:42.950","4","0","0","1","2301","0","0","0","N","0","0","0","1","02301","1","","1.0","","98","N","N","","0","","0","0","0","","0","","","1","1","0","0","0","0","0","2","0","1","","","","N","","","","","","","","","",""
"2014117035","1751","1","0","0","0","0","0","0","0","0","1","0","","02","10","2014","4","40.435904","-79.978067","1748","11","0","0","0","0","0","0","0","0","","0","0","0","","","1","","0","","40 26:09.253","","0","79 58:41.042","4","0","0","0","2301","0","0","0","N","0","0","0","4","68B03","1","","1.0","","1","N","N","","0","","0","0","1","","0","","","2","1","0","0","0","0","0","2","0","2","","","","N","","","","","","","","","",""
"2014112051","1820","2","0","0","0","0","0","0","0","0","4","0","","02","11","2014","3","40.388912","-80.011936","1803","11","0","0","0","0","0","0","1","0","1","0","0","0","","","0","","1","","40 23:20.083","7","0","80 00:42.969","0","0","0","0","2301","0","0","0","N","0","0","0","2","02301","0","","1.0","","1","N","N","","0","","0","0","0","","3","N","","2","0","0","0","0","0","0","2","0","2","","","","N","","","","","","","","","",""
"2014113638","0413","0","0","0","0","0","0","0","0","0","7","0","","02","11","2014","4","40.275972","-79.891134","0407","11","0","0","0","0","0","0","0","0","2","0","0","0","","","1","","7","","40 16:33.498","1","2","79 53:28.084","8","0","0","0","2440","0","0","0","N","0","0","0","1","02440","0","","7.0","","9","N","N","","0","","0","0","1","","0","N","","1","1","1","0","0","1","0","2","0","1","","","","N","","","","","","","","","",""
"2014112135","0044","0","0","0","0","0","0","0","0","0","0","0","","02","10","2014","6","40.457585","-80.111822","0032","11","0","0","0","0","0","0","0","0","","0","0","0","","","2","","0","","40 27:27.305","","0","80 06:42.560","4","0","0","0","2126","0","0","0","N","0","0","0","2","68B03","2","","2.0","","1","N","N","","1","","0","0","0","","0","","","1","2","0","0","0","0","0","2","0","1","","","","N","","","","","","","","","",""
"2014113054","0220","0","0","0","0","0","0","0","0","0","7","0","","02","10","2014","1","40.429959","-79.957249","0210","11","0","0","0","0","0","0","0","0","2","0","0","0","","","1","","0","","40 25:47.853","4","0","79 57:26.097","3","0","0","0","2301","0","0","0","Y","0","0","0","1","68B03","0","","3.0","","1","N","N","","0","","1","0","1","","0","N","","1","1","1","0","0","0","0","2","0","1","","","","N","","","","","","","","","",""
"2014112122","0443","1","0","0","0","0","0","0","0","0","7","0","","02","11","2014","4","40.415824","-80.012993","0440","11","0","0","0","0","1","0","0","0","","0","0","0","","","0","","5","","40 24:56.966","","0","80 00:46.774","0","0","0","0","2301","0","0","0","N","0","0","0","1","02301","0","","5.0","","9","N","N","","0","","0","0","0","","0","","","1","0","0","0","0","0","0","2","0","1","","","","N","","","","","","","","","",""
"2014112136","2359","1","0","0","0","0","0","0","0","0","7","0","45","02","10","2014","1","40.411686","-80.076146","2350","11","0","0","0","0","0","0","0","0","","0","0","0","","","0","","0","","40 24:42.071","","0","80 04:34.127","0","0","0","0","2117","0","0","0","N","0","0","0","2","68B03","0","","1.0","","1","N","N","","0","","0","0","0","","0","","","1","0","0","0","0","0","0","2","0","1","","","N","Y","4","1","N","N","N","N","N","N","Y",""
"2014113055","1112","0","0","0","0","0","0","0","0","0","5","0","","02","10","2014","6","40.44262","-80.159871","1112","11","0","0","0","1","0","0","0","0","","0","0","0","","","0","","0","","40 26:33.433","","0","80 09:35.534","0","0","0","0","2115","0","0","0","N","0","0","0","2","68B03","0","","1.0","","1","N","N","","0","","0","0","2","","0","","","2","0","0","0","0","0","0","2","0","2","","","","N","","","","","","","","","",""
"2014112778","1512","1","0","0","0","0","0","0","0","0","1","0","","02","11","2014","3","40.494379","-79.859962","1510","11","0","0","0","0","0","1","0","0","","0","0","0","","","1","","0","","40 29:39.766","","0","79 51:35.864","2","0","1","1","2408","0","0","0","N","0","0","0","6","02408","0","","1.0","","1","N","N","","0","","0","1","1","","0","","","3","1","0","0","0","0","0","2","0","3","","","","N","","","","","","","","","",""
"2014114246","0208","0","0","0","0","0","0","0","0","0","7","0","","02","11","2014","7","40.438558","-79.707872","0206","11","0","0","0","0","0","0","0","0","2","0","0","0","","","1","","0","","40 26:18.808","3","0","79 42:28.339","4","0","0","0","2446","0","0","0","N","0","0","0","1","02446","1","","5.0","","1","N","N","","1","","0","0","0","","0","N","","1","1","0","0","0","0","0","2","0","1","","","","N","","","","","","","","","",""
"2014113641","1736","1","0","0","0","0","0","0","0","0","4","0","","02","11","2014","5","40.398993","-80.103972","1730","11","0","0","0","0","0","1","0","0","2","0","0","0","","","0","","2","","40 23:56.374","3","2","80 06:14.300","0","0","0","0","2102","0","0","0","N","0","0","0","3","02102","0","","1.0","","9","N","N","","0","","0","0","1","","0","N","","2","0","0","0","0","0","0","2","0","2","","","","N","","","","","","","","","",""
"2014112137","0423","1","0","0","0","0","0","0","0","0","7","0","","02","11","2014","5","40.458768","-79.999172","0404","11","0","0","0","0","0","0","0","0","","0","0","0","","","0","","0","","40 27:31.566","","0","79 59:57.018","0","0","0","0","2301","0","0","0","N","0","0","0","2","68B03","0","","2.0","","9","N","N","","0","","0","0","0","","0","","","1","0","0","0","0","0","0","2","0","1","","","","N","","","","","","","","","",""
"2014113056","0227","1","0","0","0","0","0","0","0","0","7","0","","02","11","2014","7","40.427806","-79.949632","0210","11","0","0","0","0","0","0","0","0","","0","0","0","","","0","","0","","40 25:40.102","","0","79 56:58.676","0","0","0","0","2301","0","0","0","N","0","0","0","1","68B03","0","","3.0","","9","N","N","","0","","0","0","0","","0","","","1","0","0","0","0","0","0","2","0","1","","","","N","","","","","","","","","",""
"2014113642","2237","1","0","0","0","0","0","0","0","0","7","0","","02","11","2014","6","40.448765","-80.020483","2214","11","0","0","0","0","0","0","0","0","","0","0","0","","","0","","2","","40 26:55.555","","0","80 01:13.738","0","0","0","0","2301","0","0","0","N","0","0","0","1","02301","0","","2.0","","1","N","N","","0","","0","0","0","","0","","","1","0","0","0","0","0","0","2","0","1","","","","N","","","","","","","","","",""
"2014112124","1231","1","0","0","0","0","0","0","0","0","1","0","","02","11","2014","3","40.529919","-79.771404","1231","11","0","0","0","0","1","0","0","0","","0","0","0","","","0","","2","","40 31:47.709","","0","79 46:17.054","0","0","0","0","2466","0","0","0","N","0","0","0","2","02466","0","","1.0","","1","N","N","","1","","0","0","0","","0","","","2","0","0","0","0","0","0","1","0","2","","","","N","","","","","","","","","",""