"CRN","ARRIVAL_TM","AUTOMOBILE_COUNT","BELTED_DEATH_COUNT","BELTED_SUSP_SERIOUS_INJ_COUNT","BICYCLE_COUNT","BICYCLE_DEATH_COUNT","BICYCLE_SUSP_SERIOUS_INJ_COUNT","BUS_COUNT","CHLDPAS_DEATH_COUNT","CHLDPAS_SUSP_SERIOUS_INJ_COUNT","COLLISION_TYPE","COMM_VEH_COUNT","CONS_ZONE_SPD_LIM","COUNTY","CRASH_MONTH","CRASH_YEAR","DAY_OF_WEEK","DEC_LATITUDE","DEC_LONGITUDE","DISPATCH_TM","DISTRICT","DRIVER_COUNT_16YR","DRIVER_COUNT_17YR","DRIVER_COUNT_18YR","DRIVER_COUNT_19YR","DRIVER_COUNT_20YR","DRIVER_COUNT_50_64YR","DRIVER_COUNT_65_74YR","DRIVER_COUNT_75PLUS","EST_HRS_CLOSED","FATAL_COUNT","HEAVY_TRUCK_COUNT","HORSE_BUGGY_COUNT","HOUR_OF_DAY","ILLUMINATION","INJURY_COUNT","INTERSECTION_RELATED","INTERSECT_TYPE","LANE_CLOSED","LATITUDE","LN_CLOSE_DIR","LOCATION_TYPE","LONGITUDE","MAX_SEVERITY_LEVEL","MCYCLE_DEATH_COUNT","MCYCLE_SUSP_SERIOUS_INJ_COUNT","MOTORCYCLE_COUNT","MUNICIPALITY","NONMOTR_COUNT","NONMOTR_DEATH_COUNT","NONMOTR_SUSP_SERIOUS_INJ_COUNT","NTFY_HIWY_MAINT","PED_COUNT","PED_DEATH_COUNT","PED_SUSP_SERIOUS_INJ_COUNT","PERSON_COUNT","POLICE_AGCY","POSSIBLE_INJ_COUNT","RDWY_SURF_TYPE_CD","RELATION_TO_ROAD","ROADWAY_CLEARED","ROAD_CONDITION","SCH_BUS_IND","SCH_ZONE_IND","SECONDARY_CRASH","SMALL_TRUCK_COUNT","SPEC_JURIS_CD","SUSP_MINOR_INJ_COUNT","SUSP_SERIOUS_INJ_COUNT","SUV_COUNT","TCD_FUNC_CD","TCD_TYPE","TFC_DETOUR_IND","TIME_OF_DAY","TOTAL_UNITS","TOT_INJ_COUNT","UNBELTED_OCC_COUNT","UNB_DEATH_COUNT","UNB_SUSP_SERIOUS_INJ_COUNT","UNK_INJ_DEG_COUNT","UNK_INJ_PER_COUNT","URBAN_RURAL","VAN_COUNT","VEHICLE_COUNT","WEATHER1","WEATHER2","WORKERS_PRES","WORK_ZONE_IND","WORK_ZONE_LOC","WORK_ZONE_TYPE","WZ_CLOSE_DETOUR","WZ_FLAGGER","WZ_LAW_OFFCR_IND","WZ_LN_CLOSURE","WZ_MOVING","WZ_OTHER","WZ_SHLDER_MDN","WZ_WORKERS_INJ_KILLED"
"2014111344","1349","2","0","0","0","0","0","0","0","0","4","0","","02","11","2014","5","40.449706","-80.025099","1344","11","0","0","0","0","0","0","1","0","1","0","0","0","","","2","","1","","40 26:58.940","2","8","80 01:30.356","3","0","0","0","2301","0","0","0","N","0","0","0","2","02301","1","","1.0","","1","N","N","","0","","1","0","0","","2","Y","","2","2","0","0","0","0","0","2","0","2","","","","N","","","","","","","","","",""
"2014112951","2314","1","0","0","0","0","0","0","0","0","7","0","","02","11","2014","7","40.422555","-79.761501","2300","11","0","0","0","1","0","0","0","0","","0","0","0","","","0","","2","","40 25:21.198","","0","79 45:41.403","0","0","0","0","2446","0","0","0","N","0","0","0","1","02446","0","","5.0","","1","N","N","","0","","0","0","0","","3","","","1","0","0","0","0","0","0","2","0","1","","","","N","","","","","","","","","",""
"2014113763","1045","1","0","0","0","0","0","0","0","0","1","0","","02","11","2014","7","40.429084","-80.024318","1030","11","0","0","0","0","0","0","0","0","","0","0","0","","","0","","6","","40 25:44.701","","2","80 01:27.544","0","0","0","0","2301","0","0","0","N","0","0","0","2","02301","0","","1.0","","1","N","N","","0","","0","0","1","","4","","","2","0","0","0","0","0","0","2","0","2","","","","N","","","","","","","","","",""
"2014114353","0830","2","0","0","0","0","0","0","0","0","1","0","","02","11","2014","2","40.368265","-79.929349","0828","11","0","0","0","0","0","0","0","1","","0","0","0","","","2","","2","","40 22:05.753","","0","79 55:45.658","8","0","0","0","2473","0","0","0","N","0","0","0","2","02473","0","","1.0","","9","N","N","","0","","0","0","0","","0","","","2","2","0","0","0","2","0","2","0","2","","","","N","","","","","","","","","",""
"2014111346","1921","2","0","0","0","0","0","0","0","0","4","0","","02","11","2014","6","40.4104","-80.114768","1912","11","0","0","0","0","0","1","0","0","2","0","0","0","","","0","","2","","40 24:37.441","3","0","80 06:53.166","0","0","0","0","2102","0","0","0","N","0","0","0","3","02102","0","","1.0","","1","N","N","","0","","0","0","0","","3","N","","2","0","0","0","0","0","0","2","0","2","","","","N","","","","","","","","","",""
"2014113765","0901","1","0","0","0","0","0","0","0","0","4","0","","02","11","2014","2","40.537522","-80.011307","0857","11","0","0","0","0","0","1","0","0","1","0","0","0","","","1","","1","","40 32:15.080","2","0","80 00:40.705","4","0","0","0","2116","0","0","0","N","0","0","0","2","02116","1","","1.0","","1","N","N","","1","","0","0","0","","2","N","","2","1","0","0","0","0","0","2","0","2","","","","N","","","","","","","","","",""
"2014113621","1839","1","0","0","0","0","0","0","0","0","8","0","","02","11","2014","6","40.427089","-79.967117","1832","11","0","0","0","0","0","0","0","0","1","0","0","0","","","1","","1","","40 25:37.519","4","0","79 58:01.620","3","0","0","0","2301","1","0","0","N","1","0","0","2","02301","0","","1.0","","1","N","N","","0","","1","0","0","","2","N","","2","1","0","0","0","0","0","2","0","1","","","","N","","","","","","","","","",""
"2014112972","2155","0","0","0","0","0","0","0","0","0","8","0","","02","11","2014","5","40.481559","-80.034949","2145","11","0","0","0","0","0","0","0","0","","0","0","0","","","1","","1","","40 28:53.611","","0","80 02:05.816","3","0","0","0","2301","1","0","0","N","1","0","0","2","02301","0","","1.0","","1","N","N","","0","","1","0","1","","3","","","2","1","0","0","0","0","1","2","0","1","","","","N","","","","","","","","","",""
"2014113036","0355","0","0","0","0","0","0","0","0","0","99","0","","02","11","2014","4","40.485298","-80.202256","0352","11","0","0","0","0","0","0","0","0","2","0","0","0","","","1","","0","","40 29:07.071","3","0","80 12:08.120","4","0","0","0","2213","0","0","0","N","0","0","0","2","02213","1","","1.0","","9","N","N","","0","","0","0","1","","0","N","","1","1","0","0","0","0","0","2","0","1","","","","N","","","","","","","","","",""
"2014113111","0739","1","0","0","0","0","0","0","0","0","4","0","","02","10","2014","6","40.364364","-79.983632","0735","11","0","1","0","0","0","0","0","1","","0","0","0","","","0","","2","","40 21:51.710","","0","79 59:01.075","0","0","0","0","2413","0","0","0","N","0","0","0","2","02413","0","","1.0","","1","N","N","","0","","0","0","1","","0","","","2","0","0","0","0","0","0","2","0","2","","","","N","","","","","","","","","",""
"2014113112","","1","0","0","0","0","0","0","0","0","7","0","","02","4","2014","5","40.459449","-79.984867","","11","0","0","0","0","0","0","0","0","","0","0","0","","","0","","0","","40 27:34.015","","0","79 59:05.522","0","0","0","0","2301","0","0","0","N","0","0","0","1","00000","0","","1.0","","9","N","N","","0","","0","0","0","","0","","","1","0","0","0","0","0","0","2","0","1","","","","N","","","","","","","","","",""
"2014113173","1013","0","0","0","0","0","0","0","0","0","4","0","","02","11","2014","6","40.458246","-80.013855","1010","11","0","0","0","0","0","0","0","1","1","0","0","0","","","1","","1","","40 27:29.685","4","0","80 00:49.878","8","0","0","0","2301","0","0","0","N","0","0","0","4","02301","0","","1.0","","1","N","N","","0","","0","0","2","","3","Y","","2","1","0","0","0","1","0","2","0","2","","","","N","","","","","","","","","",""
"2014112459","1851","2","0","0","0","0","0","0","0","0","1","0","","02","11","2014","4","40.384413","-79.977884","1851","11","0","0","0","0","0","1","0","0","","0","0","0","","","1","","2","","40 23:03.886","","0","79 58:40.382","4","0","0","0","2301","0","0","0","N","0","0","0","3","02301","1","","1.0","","1","N","N","","0","","0","0","0","","2","","","2","1","0","0","0","0","0","2","0","2","","","","N","","","","","","","","","",""
"2014113980","0835","0","0","0","0","0","0","0","0","0","2","0","","02","11","2014","7","40.345231","-80.096785","0830","11","0","1","0","0","0","0","0","0","","0","0","0","","","0","","0","","40 20:42.831","","0","80 05:48.426","0","0","0","0","2123","0","0","0","N","0","0","0","1","02123","0","","1.0","","1","N","N","","1","","0","0","1","","0","","","2","0","0","0","0","0","0","2","0","2","","","","N","","","","","","","","","",""
"2014116385","0700","0","0","0","0","0","0","0","0","0","4","0","","02","11","2014","6","40.66734","-80.096368","0655","11","0","0","0","0","0","0","0","0","","0","0","0","","","0","","1","","40 40:02.423","","0","80 05:46.925","0","0","0","0","2212","0","0","0","N","0","0","0","2","02505","0","","1.0","","1","N","N","","1","","0","0","1","","2","","","2","0","0","0","0","0","0","2","0","2","","","","N","","","","","","","","","",""
"2014112323","1749","1","0","0","0","0","0","0","0","0","7","0","40","02","11","2014","4","40.275433","-79.892061","1737","11","0","0","0","0","0","0","0","1","2","0","0","0","","","0","","0","","40 16:31.558","2","3","79 53:31.421","0","0","0","0","2440","0","0","0","Y","0","0","0","1","02440","0","","3.0","","1","N","N","","0","","0","0","0","","0","Y","","1","0","0","0","0","0","0","2","0","1","","","N","Y","4","1","","","N","Y","","","",""
"2014113981","0755","2","0","0","0","0","0","0","0","0","1","0","","02","11","2014","4","40.513347","-80.004101","0751","11","0","0","0","0","0","0","0","0","2","0","0","0","","","1","","0","","40 30:48.050","2","0","80 00:14.765","4","0","0","0","2116","0","0","0","N","0","0","0","4","02116","1","","1.0","","1","N","N","","0","","0","0","2","","0","N","","4","1","0","0","0","0","0","2","0","4","","","","N","","","","","","","","","",""
"2014112461","1741","1","0","0","0","0","0","0","0","0","5","0","","02","11","2014","4","40.449091","-80.022728","1730","11","0","0","0","0","0","0","0","0","2","0","0","0","","","1","","0","","40 26:56.726","1","0","80 01:21.821","8","0","0","0","2301","0","0","0","N","0","0","0","2","02301","0","","1.0","","1","N","N","","0","","0","0","1","","0","Y","","2","1","0","0","0","1","0","2","0","2","","","","N","","","","","","","","","",""
"2014114762","0624","1","0","0","0","0","0","0","0","0","7","0","","02","11","2014","2","40.316409","-79.918142","0615","11","0","0","0","0","0","0","0","0","","0","0","0","","","0","","0","","40 18:59.071","","0","79 55:05.312","0","0","0","0","2440","0","0","0","N","0","0","0","1","02440","0","","4.0","","1","N","N","","0","","0","0","0","","0","","","1","0","0","0","0","0","0","2","0","1","","","","N","","","","","","","","","",""
"2014117154","1149","0","0","0","0","0","0","0","0","0","7","0","","02","11","2014","7","40.200316","-79.915349","1138","11","0","0","0","0","0","0","0","1","3","0","0","0","","","1","","0","","40 12:01.139","6","3","79 54:55.258","8","0","0","0","2204","0","0","0","N","0","0","0","1","02204","0","","3.0","","2","N","N","","0","","0","0","1","","0","N","","1","1","1","0","0","1","0","1","0","1","","","","N","","","","","","","","","",""
"2014117089","1117","2","0","0","0","0","0","0","0","0","7","0","","02","11","2014","7","40.450799","-79.977663","1056","11","0","0","0","0","0","1","0","0","3","0","0","0","","","0","","0","","40 27:02.876","4","0","79 58:39.587","0","0","0","0","2301","0","0","0","N","0","0","0","5","02301","0","","2.0","","2","N","N","","0","","0","0","0","","0","N","","2","0","0","0","0","0","0","2","0","2","","","","N","","","","","","","","","",""
"2014116387","1129","0","0","0","0","0","0","0","0","0","1","0","","02","11","2014","5","40.416141","-79.847897","1127","11","0","0","0","0","0","0","1","0","2","0","0","0","","","1","","1","","40 24:58.108","3","0","79 50:52.429","4","0","0","0","2431","0","0","0","N","0","0","0","6","02431","1","","1.0","","1","N","N","","1","","0","0","2","","2","N","","3","1","0","0","0","0","0","2","0","3","","","","N","","","","","","","","","",""
"2014116401","0828","0","0","0","0","0","0","0","0","0","1","2","","02","11","2014","6","40.500511","-80.012199","0825","11","0","0","0","0","0","1","0","0","","0","2","0","","","0","","0","","40 30:01.840","","0","80 00:43.917","0","0","0","0","2301","0","0","0","N","0","0","0","3","02301","0","","1.0","","1","N","N","","0","","0","0","0","","0","","","2","0","0","0","0","0","0","2","0","2","","","","N","","","","","","","","","",""
"2014113918","0010","1","0","0","0","0","0","0","0","0","4","0","","02","11","2014","6","40.435297","-80.014715","2351","11","0","0","0","0","0","0","0","0","","0","0","0","","","0","","0","","40 26:07.069","","0","80 00:52.974","0","0","0","0","2301","0","0","0","N","0","0","0","1","02301","0","","1.0","","1","N","N","","0","","0","0","1","","0","","","2","0","0","0","0","0","0","2","0","2","","","","N","","","","","","","","","",""
"2014113983","0855","2","0","0","0","0","0","0","0","0","1","0","","02","11","2014","7","40.48692","-80.055027","0852","11","0","0","0","0","0","0","0","0","","0","0","0","","","0","","2","","40 29:12.911","","0","80 03:18.096","0","0","0","0","2404","0","0","0","N","0","0","0","4","02404","0","","1.0","","1","N","N","","0","","0","0","0","","0","","","2","0","0","0","0","0","0","2","0","2","","","","N","","","","","","","","","",""
"2014112463","1902","3","0","0","0","0","0","0","0","0","1","0","","02","11","2014","4","40.478908","-80.043019","1858","11","0","0","0","0","0","0","0","0","","0","0","0","","","0","","1","","40 28:44.067","","0","80 02:34.868","9","0","0","0","2301","0","0","0","N","0","0","0","4","02301","0","","1.0","","1","N","N","","0","","0","0","0","","0","","","3","0","0","0","0","0","1","2","0","3","","","","N","","","","","","","","","",""
"2014116256","1905","2","0","0","0","0","0","0","0","0","5","0","","02","11","2014","5","40.434936","-79.992768","1900","11","0","0","0","0","0","0","0","0","","0","0","0","","","0","","0","","40 26:05.769","","0","79 59:33.963","0","0","0","0","2301","0","0","0","","0","0","0","2","02301","0","","1.0","","1","","","","0","","0","0","0","","0","","","2","0","0","0","0","0","0","2","0","2","","","","N","","","","","","","","","",""
"2014112465","1854","2","0","0","0","0","0","0","0","0","4","0","","02","11","2014","4","40.496072","-80.007819","1846","11","0","0","0","0","0","1","1","0","2","0","0","0","","","0","","1","","40 29:45.859","1","0","80 00:28.148","0","0","0","0","2301","0","0","0","N","0","0","0","2","02301","0","","1.0","","1","N","N","","0","","0","0","0","","3","N","","2","0","0","0","0","0","0","2","0","2","","","","N","","","","","","","","","",""
"2014113058","2346","1","0","0","0","0","0","0","0","0","7","0","","02","11","2014","1","40.437671","-80.199883","2333","11","0","0","0","0","0","0","0","0","","0","0","0","","","0","","0","","40 26:15.615","","0","80 11:59.580","0","0","0","0","2214","0","0","0","N","0","0","0","1","68B03","0","","3.0","","1","Y","N","","0","","0","0","0","","0","","","1","0","0","0","0","0","0","2","0","1","","","","N","","","","","","","","","",""
"2014114767","0535","2","0","0","0","0","0","0","0","0","1","0","","02","11","2014","2","40.429267","-79.999168","0535","11","0","0","0","0","0","1","0","0","","0","0","0","","","0","","1","","40 25:45.362","","0","79 59:57.003","0","0","0","0","2301","0","0","0","N","0","0","0","2","02301","0","","1.0","","9","N","N","","0","","0","0","0","","2","","","2","0","0","0","0","0","0","2","0","2","","","","N","","","","","","","","","",""
"2014116263","0730","1","0","0","0","0","0","0","0","0","4","0","","02","11","2014","5","40.446256","-80.009911","0726","11","0","0","0","0","0","2","0","0","","0","0","0","","","0","","2","","40 26:46.521","","0","80 00:35.679","0","0","0","0","2301","0","0","0","N","0","0","0","2","02301","0","","1.0","","1","N","N","","0","","0","0","1","","0","","","2","0","0","0","0","0","0","2","0","2","","","","N","","","","","","","","","",""
"2014116395","0916","2","0","0","0","0","0","0","0","0","1","0","35","02","11","2014","4","40.433041","-79.715918","0903","11","0","0","0","0","0","2","1","0","2","0","0","0","","","1","","0","","40 25:58.946","4","0","79 42:57.303","8","0","0","0","2446","0","0","0","N","0","0","0","4","02446","0","","1.0","","1","N","N","","0","","0","0","2","","0","N","","4","1","0","0","0","1","0","2","0","4","","","Y","Y","4","1","","","N","","Y","Y","Y",""
"2014113926","0119","2","0","0","0","0","0","0","0","0","4","0","","02","11","2014","1","40.437658","-79.985151","0116","11","0","0","0","0","0","0","0","0","","0","0","0","","","0","","1","","40 26:15.568","","0","79 59:06.543","0","0","0","0","2301","0","0","0","N","0","0","0","3","02301","0","","1.0","","1","N","N","","0","","0","0","0","","1","","","2","0","0","0","0","0","0","2","0","2","","","","N","","","","","","","","","",""
"2014113989","1914","1","0","0","0","0","0","0","0","0","7","0","","02","11","2014","5","40.359938","-79.933534","1909","11","0","0","0","0","0","1","0","0","2","0","0","0","","","1","","0","","40 21:35.776","5","0","79 56:00.722","8","0","0","0","2473","0","0","0","Y","0","0","0","1","02473","0","","3.0","","1","N","N","","0","","0","0","0","","0","Y","","1","1","0","0","0","1","0","2","0","1","","","","N","","","","","","","","","",""
"2014111693","1730","1","0","0","0","0","0","0","0","0","7","0","","02","11","2014","2","40.41796","-79.88013","1725","11","0","0","0","0","0","0","0","0","2","0","0","0","","","0","","2","","40 25:04.656","5","0","79 52:48.468","0","0","0","0","2463","0","0","0","N","0","0","0","1","02463","0","","5.0","","1","N","N","","0","","0","0","0","","3","Y","","1","0","1","0","0","0","0","2","0","1","","","","N","","","","","","","","","",""
"2014116264","1709","0","0","0","0","0","0","0","0","0","7","0","","02","11","2014","5","40.61076","-79.853048","1704","11","0","0","0","0","0","1","0","0","","0","0","0","","","0","","0","","40 36:38.735","","7","79 51:10.971","0","0","0","0","2220","0","0","0","N","0","0","0","1","02220","0","","9.0","","1","N","N","","1","","0","0","0","","0","","","1","0","0","0","0","0","0","2","0","1","","","","N","","","","","","","","","",""
"2014113843","0719","0","0","0","0","0","0","0","0","0","1","0","","02","11","2014","5","40.496766","-79.867579","0704","11","0","0","0","0","0","3","0","0","2","0","0","0","","","1","","0","","40 29:48.359","2","0","79 52:03.286","8","0","0","0","2112","0","0","0","N","0","0","0","5","68D02","0","","1.0","","1","N","N","","2","","0","0","3","","0","N","","5","1","0","0","0","1","0","2","0","5","","","","N","","","","","","","","","",""
"2014117033","0749","0","0","0","0","0","0","0","0","0","7","0","45","02","10","2014","3","40.412835","-80.07955","0727","11","0","0","0","0","0","0","0","0","1","0","0","0","","","0","","0","","40 24:46.207","3","0","80 04:46.381","0","0","0","0","2117","0","0","0","N","0","0","0","2","68B03","0","","7.0","","1","N","N","","0","","0","0","0","","0","N","","1","0","1","0","0","0","0","2","1","1","","","N","Y","4","1","N","N","N","N","N","N","Y",""
"2014117034","1715","1","0","0","0","0","0","0","0","0","1","0","","02","10","2014","2","40.428638","-79.934867","1640","11","0","0","0","0","0","0","0","0","","0","0","0","","","0","","0","","40 25:43.098","","0","79 56:05.521","0","0","0","0","2301","0","0","0","N","0","0","0","3","68B03","0","","1.0","","1","N","N","","1","","0","0","0","","0","","","2","0","0","0","0","0","0","2","0","2","","","","N","","","","","","","","","",""
"2014117179","1449","1","0","0","0","0","0","0","0","0","4","0","","02","11","2014","1","40.385417","-79.821869","1446","11","0","0","0","0","0","0","0","0","1","0","0","0","","","0","","0","","40 23:07.500","5","7","79 49:18.730","0","0","0","0","2111","0","0","0","N","0","0","0","3","02424","0","","1.0","","1","N","N","","0","","0","0","1","","0","Y","","2","0","0","0","0","0","0","2","0","2","","","","N","","","","","","","","","",""
"2014115672","1933","0","0","0","0","0","0","0","0","0","7","0","","02","11","2014","6","40.488997","-79.709616","1928","11","0","0","0","0","0","0","0","0","1","0","0","0","","","0","","0","","40 29:20.388","3","0","79 42:34.617","0","0","0","0","2466","0","0","0","N","0","0","0","1","02466","0","","5.0","","1","N","N","","1","","0","0","0","","0","N","","1","0","0","0","0","0","0","2","0","1","","","","N","","","","","","","","","",""
"2014117036","0627","0","0","0","0","0","0","0","0","0","99","0","","02","11","2014","2","40.576033","-80.093976","0609","11","0","0","0","0","0","1","0","0","","0","0","0","","","1","","0","","40 34:33.719","","0","80 05:38.312","8","0","0","0","2481","0","0","0","N","0","0","0","1","68B03","0","","1.0","","1","N","N","","0","","0","0","1","","0","","","1","1","0","0","0","1","0","2","0","1","","","","N","","","","","","","","","",""
"2014115674","1650","1","0","0","0","0","0","1","0","0","1","1","","02","11","2014","4","40.457699","-80.027512","1646","11","0","0","0","0","0","0","0","0","","0","0","0","","","1","","1","","40 27:27.716","","0","80 01:39.043","8","0","0","0","2301","0","0","0","N","0","0","0","18","02301","0","","1.0","","1","Y","N","","0","","0","0","0","","3","","","2","1","2","0","0","1","1","2","0","2","","","","N","","","","","","","","","",""
"2014114973","0913","0","0","0","0","0","0","0","0","0","7","0","","02","11","2014","5","40.424715","-79.989162","0910","11","0","0","0","0","0","0","0","0","1","0","0","0","","","0","","0","","40 25:28.973","5","0","79 59:20.984","0","0","0","0","2301","0","0","0","N","0","0","0","4","02301","0","","4.0","","9","N","N","","0","","0","0","1","","0","N","","1","0","0","0","0","0","0","2","0","1","","","","N","","","","","","","","","",""
"2014115059","1301","2","0","0","0","0","0","0","0","0","1","0","","02","11","2014","3","40.439522","-79.895358","1255","11","0","0","0","0","0","1","0","0","","0","0","0","","","0","","0","","40 26:22.280","","0","79 53:43.290","0","0","0","0","2301","0","0","0","N","0","0","0","1","02301","0","","6.0","","1","N","N","","0","","0","0","0","","0","","","2","0","0","0","0","0","0","2","0","2","","","","N","","","","","","","","","",""
"2014117037","2110","1","0","0","0","0","0","0","0","0","99","0","","02","11","2014","5","40.420099","-80.050356","2110","11","0","0","0","0","0","0","0","0","1","0","0","0","","","0","","0","","40 25:12.356","3","0","80 03:01.281","0","0","0","0","2435","0","0","0","N","0","0","0","1","68B03","0","","1.0","","1","N","N","","0","","0","0","0","","0","N","","1","0","0","0","0","0","0","2","0","1","","","","N","","","","","","","","","",""
"2014115676","1850","2","0","0","0","0","0","0","0","0","4","0","","02","11","2014","1","40.538573","-80.050237","1841","11","0","0","0","0","0","0","0","0","","0","0","0","","","0","","1","","40 32:18.863","","0","80 03:00.854","0","0","0","0","2116","0","0","0","N","0","0","0","3","02116","0","","1.0","","9","N","N","","0","","0","0","0","","2","","","2","0","0","0","0","0","0","2","0","2","","","","N","","","","","","","","","",""
"2014116478","1238","2","0","0","0","0","0","0","0","0","4","0","","02","11","2014","6","40.330433","-79.945361","1233","11","0","0","0","0","0","1","0","1","1","0","0","0","","","0","","0","","40 19:49.560","1","7","79 56:43.301","0","0","0","0","2454","0","0","0","N","0","0","0","3","02454","0","","1.0","","1","N","N","","0","","0","0","0","","0","N","","2","0","0","0","0","0","0","2","0","2","","","","N","","","","","","","","","",""
"2014114987","0941","0","0","0","0","0","0","0","0","0","1","0","","02","11","2014","3","40.485279","-80.042037","0932","11","0","0","0","0","0","0","0","0","","0","0","0","","","1","","0","","40 29:07.004","","0","80 02:31.333","8","0","0","0","2301","0","0","0","N","0","0","0","3","02301","0","","1.0","","9","N","N","","0","","0","0","2","","0","","","2","1","0","0","0","1","0","2","0","2","","","","N","","","","","","","","","",""
"2014116270","2024","3","0","0","0","0","0","0","0","0","5","0","","02","11","2014","5","40.460203","-80.030751","2013","11","0","0","0","0","0","0","0","0","1","0","0","0","","","0","","0","","40 27:36.731","1","0","80 01:50.705","9","0","0","0","2301","0","0","0","N","0","0","0","3","02301","0","","1.0","","9","N","N","","0","","0","0","0","","0","N","","3","0","0","0","0","0","1","2","0","3","","","","N","","","","","","","","","",""
"2014117038","0754","2","0","0","0","0","0","0","0","0","1","0","","02","11","2014","2","40.503101","-80.027308","0750","11","0","0","0","0","0","0","0","0","1","0","0","0","","","0","","0","","40 30:11.165","2","0","80 01:38.309","0","0","0","0","2116","0","0","0","N","0","0","0","3","68B03","0","","1.0","","9","N","N","","0","","0","0","1","","0","N","","3","0","0","0","0","0","0","2","0","3","","","","N","","","","","","","","","",""
"2014115678","1601","2","0","0","0","0","0","0","0","0","4","0","","02","11","2014","4","40.397048","-80.029705","1600","11","0","0","0","1","1","0","0","0","","0","0","0","","","0","","2","","40 23:49.374","","0","80 01:46.938","0","0","0","0","2422","0","0","0","N","0","0","0","2","02422","0","","1.0","","1","N","N","","0","","0","0","0","","3","","","2","0","0","0","0","0","0","2","0","2","","","","N","","","","","","","","","",""
"2014114975","","1","0","0","0","0","0","0","0","0","1","0","","02","1","2014","1","40.427499","-79.751215","","11","0","0","0","0","0","1","0","0","","0","0","0","","","1","","2","","40 25:38.996","","0","79 45:04.374","8","0","0","0","2446","0","0","0","N","0","0","0","2","00000","0","","1.0","","1","N","N","","0","","0","0","0","","4","","","2","1","0","0","0","1","0","2","0","2","","","","N","","","","","","","","","",""
"2014113192","1057","0","0","0","0","0","0","0","0","0","2","0","","02","11","2014","4","40.440095","-80.086126","1054","11","0","0","0","0","0","0","0","0","2","0","0","0","","","1","","0","","40 26:24.343","4","0","80 05:10.053","8","0","0","0","2115","0","0","0","N","0","0","0","3","02115","0","","1.0","","1","N","N","","2","","0","0","0","","0","N","","2","1","0","0","0","1","0","2","0","2","","","","N","","","","","","","","","",""
"2014116480","1129","1","0","0","0","0","0","0","0","0","4","0","","02","11","2014","5","40.438176","-79.773709","1125","11","0","0","0","0","0","1","0","0","2","0","0","0","","","1","","0","","40 26:17.434","6","0","79 46:25.353","8","0","0","0","2446","0","0","0","N","0","0","0","2","02446","0","","1.0","","1","N","N","","0","","0","0","0","","0","N","","2","1","0","0","0","1","0","2","1","2","","","","N","","","","","","","","","",""
"2014117040","1842","2","0","0","0","0","0","0","0","0","1","0","","02","11","2014","5","40.434191","-79.995115","1816","11","0","0","0","0","0","0","0","0","","0","0","0","","","0","","0","","40 26:03.089","","0","79 59:42.413","0","0","0","0","2301","0","0","0","N","0","0","0","2","68B03","0","","1.0","","1","N","N","","0","","0","0","0","","0","","","2","0","0","0","0","0","0","2","0","2","","","","N","","","","","","","","","",""
"2014117119","1248","0","0","0","0","0","0","0","0","0","7","0","","02","11","2014","7","40.370399","-79.854199","1248","11","0","0","0","0","0","0","0","0","3","0","0","0","","","0","","2","","40 22:13.436","5","0","79 51:15.116","0","0","0","0","2303","0","0","0","N","0","0","0","1","02303","0","","4.0","","2","N","N","","0","","0","0","1","","0","N","","1","0","0","0","0","0","0","2","0","1","","","","N","","","","","","","","","",""
"2014117185","1544","1","0","0","0","0","0","0","0","0","7","0","","02","11","2014","1","40.532626","-79.938839","1533","11","0","0","0","0","0","0","0","0","1","0","0","0","","","0","","2","","40 31:57.453","5","0","79 56:19.820","0","0","0","0","2118","0","0","0","N","0","0","0","1","02118","0","","2.0","","1","N","N","","0","","0","0","0","","0","N","","1","0","0","0","0","0","0","2","0","1","","","","N","","","","","","","","","",""
"2014117120","1110","2","0","0","0","0","0","0","0","0","4","0","","02","11","2014","1","40.458623","-80.015081","1110","11","0","0","0","0","0","0","0","0","","0","0","0","","","0","","2","","40 27:31.042","","0","80 00:54.291","0","0","0","0","2301","0","0","0","N","0","0","0","2","02301","0","","1.0","","1","N","N","","0","","0","0","0","","0","","","2","0","0","0","0","0","0","2","0","2","","","","N","","","","","","","","","",""
"2014117121","1105","0","0","0","0","0","0","0","0","0","1","0","","02","11","2014","7","40.544546","-80.218553","1100","11","0","0","0","0","0","1","0","0","","0","0","0","","","0","","0","","40 32:40.366","","0","80 13:06.792","0","0","0","0","2103","0","0","0","N","0","0","0","2","02103","0","","1.0","","2","N","N","","2","","0","0","0","","0","","","2","0","0","0","0","0","0","2","0","2","","","","N","","","","","","","","","",""
"2014117187","1436","2","0","0","0","0","0","0","0","0","7","0","","02","11","2014","1","40.514803","-80.004306","1433","11","0","0","0","0","0","1","0","1","1","0","0","0","","","0","","2","","40 30:53.291","2","0","80 00:15.503","0","0","0","0","2116","0","0","0","N","0","0","0","3","02116","0","","2.0","","1","N","N","","0","","0","0","0","","2","N","","2","0","0","0","0","0","0","2","0","2","","","","N","","","","","","","","","",""
"2014117043","0700","3","0","0","0","0","0","0","0","0","1","0","","02","10","2014","3","40.508281","-79.856539","0630","11","0","0","0","1","0","1","0","0","2","0","0","0","","","0","","0","","40 30:29.811","2","0","79 51:23.540","0","0","0","0","2208","0","0","0","N","0","0","0","4","68D02","0","","1.0","","1","N","N","","0","","0","0","1","","0","N","","4","0","0","0","0","0","0","2","0","4","","","","N","","","","","","","","","",""