"CRN","ARRIVAL_TM","AUTOMOBILE_COUNT","BELTED_DEATH_COUNT","BELTED_SUSP_SERIOUS_INJ_COUNT","BICYCLE_COUNT","BICYCLE_DEATH_COUNT","BICYCLE_SUSP_SERIOUS_INJ_COUNT","BUS_COUNT","CHLDPAS_DEATH_COUNT","CHLDPAS_SUSP_SERIOUS_INJ_COUNT","COLLISION_TYPE","COMM_VEH_COUNT","CONS_ZONE_SPD_LIM","COUNTY","CRASH_MONTH","CRASH_YEAR","DAY_OF_WEEK","DEC_LATITUDE","DEC_LONGITUDE","DISPATCH_TM","DISTRICT","DRIVER_COUNT_16YR","DRIVER_COUNT_17YR","DRIVER_COUNT_18YR","DRIVER_COUNT_19YR","DRIVER_COUNT_20YR","DRIVER_COUNT_50_64YR","DRIVER_COUNT_65_74YR","DRIVER_COUNT_75PLUS","EST_HRS_CLOSED","FATAL_COUNT","HEAVY_TRUCK_COUNT","HORSE_BUGGY_COUNT","HOUR_OF_DAY","ILLUMINATION","INJURY_COUNT","INTERSECTION_RELATED","INTERSECT_TYPE","LANE_CLOSED","LATITUDE","LN_CLOSE_DIR","LOCATION_TYPE","LONGITUDE","MAX_SEVERITY_LEVEL","MCYCLE_DEATH_COUNT","MCYCLE_SUSP_SERIOUS_INJ_COUNT","MOTORCYCLE_COUNT","MUNICIPALITY","NONMOTR_COUNT","NONMOTR_DEATH_COUNT","NONMOTR_SUSP_SERIOUS_INJ_COUNT","NTFY_HIWY_MAINT","PED_COUNT","PED_DEATH_COUNT","PED_SUSP_SERIOUS_INJ_COUNT","PERSON_COUNT","POLICE_AGCY","POSSIBLE_INJ_COUNT","RDWY_SURF_TYPE_CD","RELATION_TO_ROAD","ROADWAY_CLEARED","ROAD_CONDITION","SCH_BUS_IND","SCH_ZONE_IND","SECONDARY_CRASH","SMALL_TRUCK_COUNT","SPEC_JURIS_CD","SUSP_MINOR_INJ_COUNT","SUSP_SERIOUS_INJ_COUNT","SUV_COUNT","TCD_FUNC_CD","TCD_TYPE","TFC_DETOUR_IND","TIME_OF_DAY","TOTAL_UNITS","TOT_INJ_COUNT","UNBELTED_OCC_COUNT","UNB_DEATH_COUNT","UNB_SUSP_SERIOUS_INJ_COUNT","UNK_INJ_DEG_COUNT","UNK_INJ_PER_COUNT","URBAN_RURAL","VAN_COUNT","VEHICLE_COUNT","WEATHER1","WEATHER2","WORKERS_PRES","WORK_ZONE_IND","WORK_ZONE_LOC","WORK_ZONE_TYPE","WZ_CLOSE_DETOUR","WZ_FLAGGER","WZ_LAW_OFFCR_IND","WZ_LN_CLOSURE","WZ_MOVING","WZ_OTHER","WZ_SHLDER_MDN","WZ_WORKERS_INJ_KILLED"
"2014115534","1318","1","0","0","0","0","0","0","0","0","4","0","","02","11","2014","4","40.501535","-79.837707","1307","11","0","0","0","0","0","1","0","1","2","0","0","0","","","1","","2","","40 30:05.526","2","0","79 50:15.745","4","0","0","0","2113","0","0","0","N","0","0","0","2","02113","1","","1.0","","1","N","N","","0","","0","0","0","","3","N","","2","1","0","0","0","0","0","2","1","2","","","","N","","","","","","","","","",""
"2014113135","0817","1","0","0","0","0","0","0","0","0","1","0","","02","11","2014","6","40.458977","-79.823253","0811","11","0","0","0","0","0","1","0","0","2","0","0","0","","","1","","10","","40 27:32.318","5","0","79 49:23.709","4","0","0","0","2113","0","0","0","N","0","0","0","3","02113","1","","1.0","","2","N","N","","1","","0","0","0","","0","N","","2","1","0","0","0","0","0","2","0","2","","","","N","","","","","","","","","",""
"2014113938","1209","1","0","0","0","0","0","0","0","0","7","0","","02","10","2014","1","40.462538","-80.111337","1146","11","0","0","0","0","0","0","0","0","","0","0","0","","","1","","0","","40 27:45.135","","0","80 06:40.814","4","0","0","0","2126","0","0","0","Y","0","0","0","1","68B03","1","","4.0","","1","N","N","","0","","0","0","0","","0","","","1","1","0","0","0","0","0","2","0","1","","","","N","","","","","","","","","",""
"2014117123","1142","1","0","0","0","0","0","0","0","0","7","0","","02","11","2014","7","40.631516","-79.990136","1134","11","0","0","0","0","0","0","0","0","","0","0","0","","","0","","0","","40 37:53.458","","0","79 59:24.488","0","0","0","0","2217","0","0","0","N","0","0","0","2","02505","0","","2.0","","2","N","N","","0","","0","0","0","","0","","","1","0","0","0","0","0","0","1","0","1","","","","N","","","","","","","","","",""
"2014113939","0609","1","0","0","0","0","0","0","0","0","7","0","","02","11","2014","4","40.427615","-79.953739","0557","11","0","0","0","0","0","1","0","0","1","0","0","0","","","0","","0","","40 25:39.415","4","0","79 57:13.459","0","0","0","0","2301","0","0","0","N","0","0","0","1","68B03","0","","4.0","","9","N","N","","0","","0","0","0","","0","N","","1","0","0","0","0","0","0","2","0","1","","","","N","","","","","","","","","",""
"2014116278","1905","2","0","0","0","0","0","0","0","0","1","0","","02","11","2014","5","40.391126","-79.967074","1905","11","0","0","0","0","0","0","0","0","3","0","0","0","","","1","","0","","40 23:28.052","6","0","79 58:01.465","4","0","0","0","2403","0","0","0","N","0","0","0","4","02403","1","","1.0","","1","N","N","","0","","0","0","0","","0","N","","3","1","1","0","0","0","0","2","1","3","","","","N","","","","","","","","","",""
"2014113940","1449","1","0","0","0","0","0","0","0","0","1","0","","02","11","2014","4","40.440072","-80.009158","1430","11","0","0","0","0","0","1","0","0","1","0","0","0","","","1","","6","","40 26:24.259","2","3","80 00:32.967","8","0","0","0","2301","0","0","0","N","0","0","0","3","68B03","0","","1.0","","1","N","N","","1","","0","0","0","","3","N","","2","1","0","0","0","1","1","2","0","2","","","","N","","","","","","","","","",""
"2014113952","1810","0","0","0","0","0","0","0","0","0","7","0","","02","11","2014","5","40.667085","-79.715849","1810","11","0","0","0","0","0","0","0","0","","0","0","0","","","0","","0","","40 40:01.507","","0","79 42:57.055","0","0","0","0","2106","0","0","0","Y","0","0","0","1","68D02","0","","5.0","","2","N","N","","1","","0","0","0","","0","","","1","0","0","0","0","0","0","2","0","1","","","","N","","","","","","","","","",""
"2014117046","1852","1","0","0","0","0","0","0","0","0","7","0","","02","11","2014","1","40.569108","-79.79806","1834","11","0","0","0","1","0","0","0","0","","0","0","0","","","0","","7","","40 34:08.788","","2","79 47:53.015","0","0","0","0","2206","0","0","0","N","0","0","0","1","68D02","0","","5.0","","1","N","N","","0","","0","0","0","","2","","","1","0","0","0","0","0","0","2","0","1","","","","N","","","","","","","","","",""
"2014115537","1258","0","0","0","0","0","0","0","0","0","7","0","","02","11","2014","4","40.409218","-79.816088","1251","11","0","0","0","0","0","1","0","0","","0","0","0","","","0","","0","","40 24:33.185","","0","79 48:57.917","0","0","0","0","2467","0","0","0","N","0","0","0","1","02467","0","","4.0","","1","N","N","","0","","0","0","1","","0","","","1","0","0","0","0","0","0","2","0","1","","","","N","","","","","","","","","",""
"2014117125","0711","0","0","0","0","0","0","0","0","0","7","0","","02","11","2014","6","40.478411","-79.75405","0703","11","0","0","0","0","0","0","0","0","4","1","0","0","","","0","","0","","40 28:42.280","6","0","79 45:14.581","1","0","0","0","2466","0","0","0","Y","0","0","0","1","02466","0","2","5.0","","1","N","N","","0","0","0","0","1","","0","Y","","1","0","1","1","0","0","0","2","0","1","","","","N","","","","","","","","","",""
"2014117194","1555","1","0","0","0","0","0","0","0","0","5","0","","02","11","2014","1","40.457852","-80.014831","1554","11","0","0","0","0","0","1","0","0","","0","0","0","","","1","","0","","40 27:28.267","","0","80 00:53.391","4","0","0","0","2301","0","0","0","N","0","0","0","1","02301","1","","6.0","","1","N","N","","0","","0","0","1","","0","","","2","1","0","0","0","0","0","2","0","2","","","","N","","","","","","","","","",""
"2014113941","0742","2","0","0","0","0","0","0","0","0","1","0","","02","11","2014","5","40.514897","-80.277985","0735","11","0","0","0","0","0","0","0","0","1","0","0","0","","","0","","0","","40 30:53.628","3","0","80 16:40.747","0","0","0","0","2203","0","0","0","N","0","0","0","2","68B03","0","","1.0","","1","N","N","","0","","0","0","0","","0","N","","2","0","0","0","0","0","0","1","0","2","","","","N","","","","","","","","","",""
"2014114785","0150","5","0","0","0","0","0","0","0","0","1","0","","02","11","2014","3","40.428596","-79.977639","0145","11","0","0","0","0","0","0","0","0","","0","0","0","","","0","","1","","40 25:42.947","","0","79 58:39.500","0","0","0","0","2301","0","0","0","N","0","0","0","1","02301","0","","1.0","","1","N","N","","0","","0","0","0","","2","","","5","0","0","0","0","0","0","2","0","5","","","","N","","","","","","","","","",""
"2014114921","1227","1","0","0","0","0","0","0","0","0","4","0","","02","11","2014","2","40.461124","-79.866306","1222","11","0","0","0","0","0","1","0","1","","0","0","0","","","0","","1","","40 27:40.047","","0","79 51:58.700","0","0","0","0","2113","0","0","0","N","0","0","0","2","02113","0","","1.0","","9","N","N","","0","","0","0","1","","2","","","2","0","0","0","0","0","0","2","0","2","","","","N","","","","","","","","","",""
"2014113942","1221","1","0","0","0","0","0","0","0","0","99","0","","02","11","2014","5","40.390283","-80.099212","1208","11","0","0","0","0","0","1","0","0","","0","0","0","","","0","","0","","40 23:25.019","","0","80 05:57.162","0","0","0","0","2102","0","0","0","N","0","0","0","1","68B03","0","","1.0","","1","N","N","","0","","0","0","0","","0","","","1","0","0","0","0","0","0","2","0","1","","","","N","","","","","","","","","",""
"2014113151","0746","2","0","0","0","0","0","0","0","0","4","0","","02","11","2014","6","40.36852","-79.976663","0744","11","0","0","0","0","0","1","0","0","","0","0","0","","","0","","2","","40 22:06.672","","0","79 58:35.986","0","0","0","0","2413","0","0","0","N","0","0","0","2","02413","0","","1.0","","1","N","N","","0","","0","0","0","","0","","","2","0","0","0","0","0","0","2","0","2","","","","N","","","","","","","","","",""
"2014117196","1100","0","0","0","0","0","0","0","0","0","7","0","","02","11","2014","7","40.639107","-79.956365","1100","11","0","0","0","0","0","0","1","0","","0","0","0","","","0","","0","","40 38:20.785","","0","79 57:22.914","0","0","0","0","2217","0","0","0","N","0","0","0","1","02505","0","","5.0","","2","N","N","","0","","0","0","1","","0","","","1","0","0","0","0","0","0","2","0","1","","","","N","","","","","","","","","",""
"2014113943","1907","3","0","0","0","0","0","0","0","0","1","0","","02","11","2014","5","40.424851","-80.114484","1857","11","0","0","0","0","0","0","0","1","1","0","0","0","","","0","","0","","40 25:29.462","3","0","80 06:52.144","0","0","0","0","2102","0","0","0","Y","0","0","0","3","68B03","0","","1.0","","1","N","N","","0","","0","0","0","","0","Y","","3","0","0","0","0","0","0","2","0","3","","","","N","","","","","","","","","",""
"2014113216","1303","1","0","0","0","0","0","0","0","0","4","0","","02","11","2014","5","40.368274","-79.816714","1301","11","0","0","0","0","0","0","0","0","2","0","0","0","","","0","","2","","40 22:05.786","5","0","79 49:00.171","0","0","0","0","2111","0","0","0","N","0","0","0","2","02111","0","","1.0","","1","N","N","","1","","0","0","0","","3","N","","2","0","0","0","0","0","0","2","0","2","","","","N","","","","","","","","","",""
"2014117049","1116","1","0","0","0","0","0","0","0","0","7","0","","02","11","2014","7","40.639281","-79.937806","1113","11","0","0","0","0","0","0","0","1","","0","0","0","","","1","","0","","40 38:21.411","","0","79 56:16.101","8","0","0","0","2217","0","0","0","N","0","0","0","1","02505","0","","5.0","","2","N","N","","0","","0","0","0","","0","","","1","1","0","0","0","1","0","2","0","1","","","","N","","","","","","","","","",""
"2014116425","0953","1","0","0","0","0","0","0","0","0","4","0","","02","11","2014","6","40.347644","-79.947269","0950","11","0","0","0","0","0","0","0","1","1","0","0","0","","","2","","1","","40 20:51.520","3","0","79 56:50.170","8","0","0","0","2473","0","0","0","N","0","0","0","4","02473","0","","1.0","","1","N","N","","0","","0","0","1","","3","N","","2","2","0","0","0","2","0","2","0","2","","","","N","","","","","","","","","",""
"2014113141","0656","0","0","0","0","0","0","0","0","0","7","0","35","02","11","2014","5","40.274385","-79.894471","0649","11","0","0","0","0","0","0","0","0","","0","0","0","","","0","","0","","40 16:27.787","","0","79 53:40.094","0","0","0","0","2440","0","0","0","N","0","0","0","1","02440","0","","4.0","","1","N","N","","1","","0","0","0","","0","","","1","0","0","0","0","0","0","2","0","1","","","Y","Y","4","1","","","N","Y","","","",""
"2014113944","1829","1","0","0","0","0","0","0","0","0","1","0","","02","11","2014","6","40.41246","-80.07826","1820","11","0","0","0","0","0","0","0","0","1","0","0","0","","","0","","0","","40 24:44.855","4","3","80 04:41.736","0","0","0","0","2117","0","0","0","N","0","0","0","3","68B03","0","","1.0","","1","N","N","","0","","0","0","2","","0","N","","3","0","0","0","0","0","0","2","0","3","","","","N","","","","","","","","","",""
"2014117050","1104","0","0","0","0","0","0","0","0","0","7","0","","02","11","2014","7","","","1104","11","0","0","0","0","0","0","0","0","","0","0","0","","","0","","1","","","","0","","0","0","0","0","2415","0","0","0","N","0","0","0","1","02415","0","","4.0","","6","N","N","","1","","0","0","0","","0","","","1","0","0","0","0","0","0","1","0","1","","","","N","","","","","","","","","",""
"2014116426","1424","0","0","0","0","0","0","0","0","0","4","0","","02","11","2014","6","40.369557","-79.815344","1420","11","0","0","0","0","0","0","1","0","1","0","0","0","","","1","","0","","40 22:10.405","1","0","79 48:55.238","4","0","0","0","2111","0","0","0","N","0","0","0","1","02111","1","","5.0","","1","N","N","","0","","0","0","1","","0","N","","2","1","1","0","0","0","0","2","1","2","","","","N","","","","","","","","","",""
"2014117198","1547","2","0","0","0","0","0","0","0","0","4","0","","02","11","2014","1","40.452824","-79.981496","1545","11","0","0","0","0","0","0","0","0","","0","0","0","","","2","","1","","40 27:10.166","","0","79 58:53.385","8","0","0","0","2301","1","0","0","N","1","0","0","4","02301","0","","1.0","","1","N","N","","0","","0","0","0","","3","","","3","2","0","0","0","2","0","2","0","2","","","","N","","","","","","","","","",""
"2014117051","1142","0","0","0","0","0","0","0","0","0","7","0","","02","11","2014","7","40.631516","-79.990136","1134","11","0","0","0","0","0","0","0","0","","0","0","0","","","0","","0","","40 37:53.458","","0","79 59:24.488","0","0","0","0","2216","0","0","0","N","0","0","0","2","02505","0","","2.0","","2","N","N","","1","","0","0","0","","0","","","1","0","0","0","0","0","0","1","0","1","","","","N","","","","","","","","","",""
"2014116286","0620","1","0","0","0","0","0","0","0","0","4","0","","02","11","2014","5","40.364724","-79.869713","0618","11","0","0","0","0","0","0","0","0","1","0","0","0","","","0","","5","","40 21:53.006","2","0","79 52:10.966","0","0","0","0","2473","0","0","0","N","0","0","0","2","02473","0","","1.0","","1","N","N","","1","","0","0","0","","2","N","","2","0","1","0","0","0","0","2","0","2","","","","N","","","","","","","","","",""
"2014114792","0625","1","0","0","0","0","0","0","0","0","99","0","","02","11","2014","7","40.401267","-79.76623","0621","11","0","0","0","0","0","0","0","0","","0","0","0","","","1","","0","","40 24:04.560","","0","79 45:58.427","3","0","0","0","2446","0","0","0","N","0","0","0","1","02446","0","","1.0","","1","N","N","","0","","1","0","0","","0","","","1","1","0","0","0","0","0","2","0","1","","","","N","","","","","","","","","",""
"2014115560","1630","1","0","0","0","0","0","0","0","0","1","0","","02","11","2014","4","40.440738","-80.007083","1619","11","0","0","0","0","0","0","0","0","1","0","0","0","","","0","","0","","40 26:26.658","3","2","80 00:25.498","0","0","0","0","2301","0","0","0","N","0","0","0","3","02301","0","","1.0","","1","N","N","","0","","0","0","1","","0","N","","2","0","0","0","0","0","0","2","0","2","","","","N","","","","","","","","","",""
"2014117054","1202","0","0","0","0","0","0","0","0","0","1","0","","02","11","2014","7","40.574441","-79.821296","1146","11","0","0","0","0","0","0","0","1","2","0","0","0","","","0","","0","","40 34:27.989","6","0","79 49:16.664","0","0","0","0","2209","0","0","0","N","0","0","0","2","02209","0","","1.0","","2","N","N","","0","","0","0","1","","0","Y","","2","0","0","0","0","0","0","2","1","2","","","","N","","","","","","","","","",""
"2014116430","0937","0","0","0","0","0","0","0","0","0","7","0","","02","11","2014","6","40.457636","-80.079617","0933","11","0","0","0","0","0","1","0","0","3","0","0","0","","","1","","0","","40 27:27.490","7","0","80 04:46.620","4","0","0","0","2301","0","0","0","N","0","0","0","2","02301","1","","5.0","","1","Y","N","","1","","0","0","0","","0","Y","","2","1","0","0","0","0","0","2","1","2","","","","N","","","","","","","","","",""
"2014113225","1801","1","0","0","0","0","0","0","0","0","1","0","","02","11","2014","5","40.537822","-79.834532","1756","11","0","0","0","0","0","1","0","0","1","0","0","0","","","1","","0","","40 32:16.159","1","0","79 50:04.314","4","0","0","0","2208","0","0","0","N","0","0","0","2","02208","1","","1.0","","1","N","N","","1","","0","0","0","","0","Y","","2","1","0","0","0","0","0","2","0","2","","","","N","","","","","","","","","",""
"2014114796","1014","0","0","0","0","0","0","0","0","0","7","1","","02","10","2014","2","40.537773","-80.200529","1011","11","0","0","0","0","0","0","0","0","4","0","0","0","","","2","","0","","40 32:15.984","3","0","80 12:01.903","8","0","0","0","2213","0","0","0","Y","0","0","0","2","02213","0","","4.0","","1","N","N","","1","","0","0","0","","0","N","","1","2","0","0","0","2","0","2","0","1","","","","N","","","","","","","","","",""
"2014117070","1040","0","0","0","0","0","0","0","0","0","1","0","","02","11","2014","7","40.544546","-80.218553","1030","11","0","0","0","0","0","1","0","0","","0","0","0","","","0","","0","","40 32:40.366","","0","80 13:06.792","0","0","0","0","2103","0","0","0","N","0","0","0","2","02103","0","","1.0","","2","N","N","","2","","0","0","0","","0","","","2","0","0","0","0","0","0","2","0","2","","","","N","","","","","","","","","",""
"2014112443","1203","1","0","0","0","0","0","0","0","0","1","1","","02","10","2014","3","40.415346","-79.730278","1145","11","0","0","0","0","0","0","0","0","4","1","1","0","","","0","","0","","40 24:55.244","3","0","79 43:49.002","1","0","0","0","2446","0","0","0","N","0","0","0","2","68T09","0","2","1.0","","9","N","N","","0","0","0","0","0","","0","N","","2","0","0","0","0","0","0","2","0","2","","","","N","","","","","","","","","",""
"2014113226","1002","1","0","0","0","0","0","0","0","0","1","0","","02","11","2014","6","40.41698","-80.023218","0956","11","0","0","0","0","0","0","0","0","","0","0","0","","","1","","0","","40 25:01.128","","1","80 01:23.584","4","0","0","0","2301","0","0","0","N","0","0","0","2","02301","1","","1.0","","1","N","N","","1","","0","0","0","","0","","","2","1","0","0","0","0","0","2","0","2","","","","N","","","","","","","","","",""
"2014114797","1852","1","0","0","0","0","0","0","0","0","99","0","","02","11","2014","5","40.526669","-80.208422","1849","11","0","0","0","0","0","0","1","0","","0","0","0","","","0","","0","","40 31:36.008","","0","80 12:30.319","0","0","0","0","2213","0","0","0","N","0","0","0","2","02213","0","","1.0","","1","N","N","","0","","0","0","0","","0","","","1","0","0","0","0","0","0","2","0","1","","","","N","","","","","","","","","",""
"2014117071","1100","1","0","0","0","0","0","0","0","0","7","0","","02","11","2014","7","40.644456","-80.127571","1100","11","0","0","0","0","0","0","0","0","1","0","0","0","","","0","","0","","40 38:40.042","4","0","80 07:39.256","0","0","0","0","2212","0","0","0","N","0","0","0","1","02505","0","","5.0","","2","N","N","","0","","0","0","0","","0","N","","1","0","0","0","0","0","0","1","0","1","","","","N","","","","","","","","","",""
"2014116370","1004","1","0","0","0","0","0","0","0","0","7","0","","02","11","2014","2","40.524161","-79.819564","0953","11","0","0","0","0","0","0","0","0","","0","0","0","","","1","","0","","40 31:26.979","","3","79 49:10.431","4","0","0","0","2466","0","0","0","N","0","0","0","1","68T02","1","","5.0","","9","N","N","","0","","0","0","0","","0","","","1","1","0","0","0","0","0","2","0","1","","","","N","","","","","","","","","",""
"2014113160","0817","1","0","0","0","0","0","0","0","0","7","0","","02","11","2014","6","40.458977","-79.823253","0811","11","0","0","0","0","0","0","0","0","2","0","0","0","","","1","","10","","40 27:32.318","6","0","79 49:23.709","4","0","0","0","2113","0","0","0","N","0","0","0","1","02113","1","","5.0","","2","N","N","","0","","0","0","0","","0","N","","1","1","0","0","0","0","0","2","0","1","","","","N","","","","","","","","","",""
"2014116303","0030","2","0","0","0","0","0","0","0","0","6","0","","02","11","2014","6","40.405675","-79.945097","0025","11","0","0","0","0","0","0","0","0","1","0","0","0","","","0","","0","","40 24:20.430","1","0","79 56:42.350","9","0","0","0","2301","0","0","0","N","0","0","0","1","02301","0","","6.0","","1","N","N","","0","","0","0","1","","0","N","","3","0","0","0","0","0","1","2","0","3","","","","N","","","","","","","","","",""
"2014116371","1922","1","0","0","0","0","0","0","0","0","7","0","55","02","11","2014","2","40.554326","-79.83799","1912","11","0","0","0","0","0","0","0","0","1","0","0","0","","","0","","0","","40 33:15.574","4","0","79 50:16.765","0","0","0","0","2208","0","0","0","N","0","0","0","1","68T02","0","","1.0","","1","N","N","","0","","0","0","0","","0","N","","1","0","0","0","0","0","0","2","0","1","","","N","Y","4","1","N","N","N","N","N","N","Y",""
"2014114932","1417","0","0","0","0","0","0","0","0","0","2","0","","02","11","2014","2","40.415631","-80.071877","1413","11","0","0","0","0","0","0","0","0","1","0","0","0","","","1","","0","","40 24:56.270","3","0","80 04:18.758","8","0","0","0","2435","0","0","0","N","0","0","0","5","02435","0","","1.0","","9","N","N","","1","","0","0","1","","0","N","","2","1","3","0","0","1","0","2","0","2","","05","","N","","","","","","","","","",""
"2014116446","1444","2","0","0","0","0","0","0","0","0","1","0","","02","11","2014","7","40.35675","-80.02842","1438","11","0","0","0","0","0","0","0","0","","0","0","0","","","1","","0","","40 21:24.300","","0","80 01:42.312","4","0","0","0","2407","0","0","0","N","0","0","0","5","02407","1","","1.0","","1","N","N","","0","","0","0","0","","0","","","2","1","1","0","0","0","0","2","0","2","","","","N","","","","","","","","","",""
"2014112307","1635","1","0","0","0","0","0","0","0","0","2","0","","02","11","2014","4","40.476444","-79.82377","1629","11","0","0","0","0","0","0","0","0","","0","0","0","","","1","","0","","40 28:35.198","","0","79 49:25.572","8","0","0","0","2113","0","0","0","N","0","0","0","7","02113","0","","1.0","","1","N","N","","0","","0","0","1","","0","","","2","1","0","0","0","1","0","2","0","2","","","","N","","","","","","","","","",""
"2014112445","1328","0","0","0","0","0","0","0","0","0","99","0","","02","11","2014","1","40.429716","-79.742669","1310","11","0","0","0","0","0","0","0","1","","0","0","0","","","0","","0","","40 25:46.978","","0","79 44:33.610","0","0","0","0","2446","0","0","0","N","0","0","0","1","68T09","0","","1.0","","1","N","N","","0","","0","0","1","","0","","","1","0","0","0","0","0","0","2","0","1","","","","N","","","","","","","","","",""
"2014116292","0705","0","0","0","0","0","0","0","0","0","0","0","","02","11","2014","4","40.395744","-79.985155","0700","11","0","0","0","0","0","0","0","0","2","0","0","0","","","1","","0","","40 23:44.678","2","7","79 59:06.558","3","0","0","0","2301","0","0","0","N","0","0","0","1","02301","0","","5.0","","1","N","N","","1","","1","0","0","","0","Y","","1","1","0","0","0","0","0","2","0","1","","","","N","","","","","","","","","",""
"2014116304","0633","2","0","0","0","0","0","0","0","0","4","0","","02","11","2014","5","40.498358","-80.020306","0630","11","0","0","0","0","0","1","0","0","1","0","0","0","","","0","","2","","40 29:54.088","5","0","80 01:13.103","0","0","0","0","2116","0","0","0","N","0","0","0","2","02116","0","","1.0","","9","N","N","","0","","0","0","0","","2","N","","2","0","0","0","0","0","0","2","0","2","","","","N","","","","","","","","","",""
"2014117073","1125","1","0","0","0","0","0","1","0","0","1","1","","02","11","2014","7","40.369604","-79.912473","1115","11","0","0","0","0","0","1","1","0","","0","0","0","","","1","","0","","40 22:10.575","","0","79 54:44.901","4","0","0","0","2473","0","0","0","N","0","0","0","5","02503","1","","1.0","","2","N","N","","0","","0","0","1","","0","","","3","1","0","0","0","0","0","2","0","3","","","","N","","","","","","","","","",""
"2014116434","0850","1","0","0","0","0","0","0","0","0","1","0","","02","11","2014","5","40.33255","-79.998869","0844","11","0","0","0","0","0","0","0","0","2","0","0","0","","","1","","2","","40 19:57.181","4","0","79 59:55.928","4","0","0","0","2219","0","0","0","N","0","0","0","2","02219","1","","1.0","","1","N","N","","0","","0","0","1","","3","N","","2","1","0","0","0","0","0","2","0","2","","","","N","","","","","","","","","",""
"2014113882","1649","1","0","0","0","0","0","0","0","0","1","0","","02","11","2014","7","40.446666","-80.009939","1644","11","0","0","0","0","0","0","1","0","","0","0","0","","","1","","0","","40 26:47.999","","0","80 00:35.782","8","0","0","0","2301","0","0","0","N","0","0","0","3","02301","0","","1.0","","1","N","N","","0","","0","0","1","","0","","","2","1","0","0","0","1","0","2","0","2","","","","N","","","","","","","","","",""
"2014111671","0115","0","0","0","0","0","0","0","0","0","99","0","","02","10","2014","5","40.652511","-80.054045","0050","11","0","0","0","0","0","0","0","0","","0","0","0","","","0","","0","","40 39:09.039","","0","80 03:14.563","0","0","0","0","2216","0","0","0","N","0","0","0","2","68T02","0","","1.0","","1","N","N","","0","","0","0","1","","0","","","1","0","0","0","0","0","0","2","0","1","","","","N","","","","","","","","","",""
"2014112446","0908","0","0","0","0","0","0","0","0","0","0","1","","02","11","2014","3","40.436033","-79.749182","0851","11","0","0","0","0","0","1","0","0","4","0","1","0","","","0","","0","","40 26:09.718","2","2","79 44:57.055","0","0","0","0","2446","0","0","0","N","0","0","0","1","68T09","0","","3.0","","1","N","N","","0","","0","0","0","","0","N","","1","0","0","0","0","0","0","2","0","1","","","","N","","","","","","","","","",""
"2014116373","0805","1","0","0","0","0","0","0","0","0","5","0","","02","11","2014","4","40.606731","-79.941293","0754","11","0","0","0","0","0","0","1","0","1","0","0","0","","","1","","0","","40 36:24.231","3","0","79 56:28.653","4","0","0","0","2207","0","0","0","N","0","0","0","3","68T02","1","","1.0","","9","N","N","","1","","0","0","0","","9","N","","2","1","0","0","0","0","0","2","0","2","","","","N","","","","","","","","","",""
"2014116435","1337","0","0","0","0","0","0","0","0","0","7","0","","02","11","2014","7","40.393098","-79.826329","1334","11","0","0","0","0","0","0","0","0","3","0","0","0","","","2","","0","","40 23:35.152","3","0","79 49:34.784","2","0","0","0","2111","0","0","0","N","0","0","0","2","02111","1","","5.0","","1","N","N","","0","","0","1","1","","0","Y","","1","2","0","0","0","0","0","2","0","1","","","","N","","","","","","","","","",""
"2014117061","1215","2","0","0","0","0","0","0","0","0","1","0","","02","11","2014","7","40.463586","-79.952975","1204","11","0","1","0","0","0","0","0","1","","0","0","0","","","0","","10","","40 27:48.909","","3","79 57:10.710","0","0","0","0","2301","0","0","0","N","0","0","0","4","02301","0","","1.0","","2","N","N","","0","","0","0","0","","0","","","2","0","1","0","0","0","0","2","0","2","","","","N","","","","","","","","","",""
"2014116374","0331","1","0","0","0","0","0","0","0","0","5","0","","02","11","2014","6","40.467663","-79.898202","0326","11","0","0","0","0","0","1","0","0","","0","0","0","","","0","","0","","40 28:03.586","","0","79 53:53.527","0","0","0","0","2301","0","0","0","N","0","0","0","2","02301","0","","2.0","","98","N","N","","0","","0","0","1","","0","","","2","0","0","0","0","0","0","2","0","2","","","","N","","","","","","","","","",""
"2014116295","1600","1","0","0","0","0","0","0","0","0","1","0","","02","11","2014","4","40.42682","-80.000835","1551","11","0","0","0","0","0","0","0","0","1","0","0","0","","","0","","0","","40 25:36.553","1","4","80 00:03.005","0","0","0","0","2301","0","0","0","Y","0","0","0","2","02301","0","","1.0","","1","N","N","","0","","0","0","1","","0","N","","2","0","1","0","0","0","0","2","0","2","","","","N","","","","","","","","","",""
"2014117062","1051","4","0","2","0","0","0","0","0","0","7","1","","02","11","2014","7","40.362011","-80.118701","1048","11","0","0","0","1","0","1","0","0","","0","1","0","","","6","","0","","40 21:43.240","","3","80 07:07.324","2","0","0","0","2119","0","0","0","Y","0","0","0","14","02119","0","","2.0","","2","N","N","","0","","2","2","2","","0","","","7","6","0","0","0","2","2","2","0","7","","","","N","","","","","","","","","",""
"2014116308","0453","1","0","0","0","0","0","0","0","0","4","0","","02","11","2014","2","40.432648","-79.915105","0443","11","0","0","0","0","0","0","0","0","","0","0","0","","","0","","1","","40 25:57.532","","0","79 54:54.378","9","0","0","0","2301","0","0","0","N","0","0","0","3","02301","0","","1.0","","9","N","N","","0","","0","0","0","","1","","","2","0","0","0","0","0","1","2","0","2","","","","N","","","","","","","","","",""