"CRN","ARRIVAL_TM","AUTOMOBILE_COUNT","BELTED_DEATH_COUNT","BELTED_SUSP_SERIOUS_INJ_COUNT","BICYCLE_COUNT","BICYCLE_DEATH_COUNT","BICYCLE_SUSP_SERIOUS_INJ_COUNT","BUS_COUNT","CHLDPAS_DEATH_COUNT","CHLDPAS_SUSP_SERIOUS_INJ_COUNT","COLLISION_TYPE","COMM_VEH_COUNT","CONS_ZONE_SPD_LIM","COUNTY","CRASH_MONTH","CRASH_YEAR","DAY_OF_WEEK","DEC_LATITUDE","DEC_LONGITUDE","DISPATCH_TM","DISTRICT","DRIVER_COUNT_16YR","DRIVER_COUNT_17YR","DRIVER_COUNT_18YR","DRIVER_COUNT_19YR","DRIVER_COUNT_20YR","DRIVER_COUNT_50_64YR","DRIVER_COUNT_65_74YR","DRIVER_COUNT_75PLUS","EST_HRS_CLOSED","FATAL_COUNT","HEAVY_TRUCK_COUNT","HORSE_BUGGY_COUNT","HOUR_OF_DAY","ILLUMINATION","INJURY_COUNT","INTERSECTION_RELATED","INTERSECT_TYPE","LANE_CLOSED","LATITUDE","LN_CLOSE_DIR","LOCATION_TYPE","LONGITUDE","MAX_SEVERITY_LEVEL","MCYCLE_DEATH_COUNT","MCYCLE_SUSP_SERIOUS_INJ_COUNT","MOTORCYCLE_COUNT","MUNICIPALITY","NONMOTR_COUNT","NONMOTR_DEATH_COUNT","NONMOTR_SUSP_SERIOUS_INJ_COUNT","NTFY_HIWY_MAINT","PED_COUNT","PED_DEATH_COUNT","PED_SUSP_SERIOUS_INJ_COUNT","PERSON_COUNT","POLICE_AGCY","POSSIBLE_INJ_COUNT","RDWY_SURF_TYPE_CD","RELATION_TO_ROAD","ROADWAY_CLEARED","ROAD_CONDITION","SCH_BUS_IND","SCH_ZONE_IND","SECONDARY_CRASH","SMALL_TRUCK_COUNT","SPEC_JURIS_CD","SUSP_MINOR_INJ_COUNT","SUSP_SERIOUS_INJ_COUNT","SUV_COUNT","TCD_FUNC_CD","TCD_TYPE","TFC_DETOUR_IND","TIME_OF_DAY","TOTAL_UNITS","TOT_INJ_COUNT","UNBELTED_OCC_COUNT","UNB_DEATH_COUNT","UNB_SUSP_SERIOUS_INJ_COUNT","UNK_INJ_DEG_COUNT","UNK_INJ_PER_COUNT","URBAN_RURAL","VAN_COUNT","VEHICLE_COUNT","WEATHER1","WEATHER2","WORKERS_PRES","WORK_ZONE_IND","WORK_ZONE_LOC","WORK_ZONE_TYPE","WZ_CLOSE_DETOUR","WZ_FLAGGER","WZ_LAW_OFFCR_IND","WZ_LN_CLOSURE","WZ_MOVING","WZ_OTHER","WZ_SHLDER_MDN","WZ_WORKERS_INJ_KILLED"
"2014117076","1245","2","0","0","0","0","0","0","0","0","1","0","","02","11","2014","7","40.463586","-79.952975","1245","11","0","0","0","0","0","0","0","0","","0","0","0","","","0","","10","","40 27:48.909","","3","79 57:10.710","0","0","0","0","2301","0","0","0","N","0","0","0","4","02301","0","","1.0","","2","N","N","","0","","0","0","0","","0","","","2","0","3","0","0","0","0","2","0","2","","","","N","","","","","","","","","",""
"2014113903","1736","0","0","0","0","0","0","0","0","0","4","1","","02","11","2014","7","40.371994","-79.981996","1735","11","0","0","0","0","0","1","0","0","4","0","1","0","","","1","","0","","40 22:19.178","5","0","79 58:55.186","4","0","0","0","2413","0","0","0","N","0","0","0","2","02413","1","","1.0","","1","N","N","","0","","0","0","1","","0","N","","2","1","0","0","0","0","0","2","0","2","","","","N","","","","","","","","","",""
"2014116296","2047","1","0","0","0","0","0","0","0","0","4","0","","02","11","2014","5","40.458752","-79.947075","2035","11","0","0","0","0","0","0","0","0","","0","0","0","","","0","","1","","40 27:31.507","","0","79 56:49.470","0","0","0","0","2301","0","0","0","N","0","0","0","4","02301","0","","1.0","","9","N","N","","0","","0","0","0","","2","","","2","0","0","0","0","0","0","2","1","2","","05","","N","","","","","","","","","",""
"2014113904","1937","1","0","0","0","0","0","0","0","0","4","0","","02","11","2014","7","40.460119","-79.866406","1937","11","0","0","0","0","0","1","0","0","2","0","0","0","","","2","","0","","40 27:36.429","2","0","79 51:59.060","8","0","0","0","2113","0","0","0","N","0","0","0","7","02113","0","","1.0","","1","N","N","","1","","0","0","0","","0","N","","2","2","0","0","0","2","0","2","0","2","","","","N","","","","","","","","","",""
"2014117064","1137","0","0","0","0","0","0","0","0","0","7","0","","02","11","2014","7","40.353931","-79.843922","1136","11","0","0","0","0","0","0","0","0","4","0","1","0","","","2","","0","","40 21:14.151","4","0","79 50:38.119","4","0","0","0","2304","0","0","0","N","0","0","0","2","02304","1","","3.0","","2","N","N","","0","","0","0","0","","0","Y","","1","2","0","0","0","1","0","2","0","1","","","","N","","","","","","","","","",""
"2014116311","0237","0","0","0","0","0","0","0","0","0","7","0","","02","11","2014","6","40.492351","-80.087371","0229","11","0","0","0","0","0","0","0","0","2","0","0","0","","","1","","0","","40 29:32.463","5","0","80 05:14.537","4","0","0","0","2122","0","0","0","N","0","0","0","1","02122","1","","3.0","","7","N","N","","0","","0","0","1","","0","N","","1","1","0","0","0","0","0","2","0","1","","","","N","","","","","","","","","",""
"2014116312","0528","1","0","0","0","0","0","0","0","0","7","0","","02","11","2014","7","40.465995","-79.922728","0528","11","0","0","0","0","0","0","0","0","3","0","0","0","","","0","","1","","40 27:57.582","3","0","79 55:21.820","0","0","0","0","2301","0","0","0","Y","0","0","0","2","02301","0","","3.0","","1","N","N","","0","","0","0","0","","2","Y","","1","0","0","0","0","0","0","2","0","1","","","","N","","","","","","","","","",""
"2014117146","0728","1","0","0","0","0","0","0","0","0","4","0","","02","11","2014","1","40.396219","-79.880878","0724","11","0","0","0","0","0","0","0","0","","0","0","0","","","0","","2","","40 23:46.387","","0","79 52:51.160","9","0","0","0","2473","0","0","0","N","0","0","0","1","02473","0","","1.0","","98","N","N","","1","","0","0","0","","0","","","2","0","0","0","0","0","1","2","0","2","","","","N","","","","","","","","","",""
"2014113974","1325","1","0","0","0","0","0","0","0","0","4","0","","02","11","2014","1","40.537542","-80.036872","1321","11","0","0","0","0","0","0","1","0","","0","0","0","","","1","","0","","40 32:15.150","","0","80 02:12.740","8","0","0","0","2116","0","0","0","N","0","0","0","1","02116","0","","2.0","","1","N","N","","1","","0","0","0","","0","","","3","1","0","0","0","1","0","2","1","3","","","","N","","","","","","","","","",""
"2014112454","1754","1","0","0","0","0","0","1","0","0","4","1","","02","11","2014","4","40.466818","-79.964268","1751","11","0","0","0","0","0","0","0","0","1","0","0","0","","","2","","1","","40 28:00.544","1","0","79 57:51.365","4","0","0","0","2301","0","0","0","N","0","0","0","4","02503","2","","1.0","","1","N","N","","0","","0","0","0","","3","N","","2","2","0","0","0","0","0","2","0","2","","","","N","","","","","","","","","",""
"2014117080","1126","0","0","0","0","0","0","0","0","0","0","1","","02","11","2014","6","40.366029","-79.949445","1124","11","0","0","0","0","0","1","0","0","5","0","1","0","","","1","","0","","40 21:57.706","6","3","79 56:58.003","4","0","0","0","2473","0","0","0","Y","0","0","0","1","02473","1","","1.0","","1","N","N","","0","","0","0","0","","0","Y","","1","1","1","0","0","0","0","2","0","1","","","","N","","","","","","","","","",""
"2014116379","0720","0","0","0","0","0","0","0","0","0","7","0","","02","11","2014","2","40.385296","-79.933354","0705","11","0","0","0","0","0","0","0","0","","0","0","0","","","0","","0","","40 23:07.067","","0","79 56:00.074","9","0","0","0","2301","0","0","0","N","0","0","0","1","02301","0","","2.0","","1","N","N","","0","","0","0","1","","0","","","1","0","1","0","0","0","1","2","0","1","","","","N","","","","","","","","","",""
"2014112317","1749","2","0","0","0","0","0","0","0","0","4","0","","02","11","2014","4","40.459701","-79.925854","1737","11","0","0","0","0","0","1","0","0","","0","0","0","","","0","","0","","40 27:34.922","","0","79 55:33.073","0","0","0","0","2301","0","0","0","N","0","0","0","3","02301","0","","1.0","","1","N","N","","0","","0","0","0","","0","","","2","0","0","0","0","0","0","2","0","2","","","","N","","","","","","","","","",""
"2014113907","2009","0","0","0","0","0","0","0","0","0","7","0","","02","11","2014","7","40.453653","-80.025872","2003","11","0","0","0","0","0","0","0","0","","0","0","0","","","0","","0","","40 27:13.150","","0","80 01:33.140","0","0","0","0","2301","0","0","0","N","0","0","0","1","02301","0","","5.0","","1","N","N","","0","","0","0","0","","0","","","1","0","0","0","0","0","0","2","1","1","","","","N","","","","","","","","","",""
"2014117082","1101","0","0","0","0","0","0","0","0","0","7","0","","02","11","2014","7","40.349344","-79.849606","1101","11","0","0","0","0","0","0","0","0","3","0","0","0","","","0","","0","","40 20:57.640","1","0","79 50:58.580","0","0","0","0","2304","0","0","0","N","0","0","0","1","02304","0","","4.0","","2","N","N","","0","","0","0","1","","0","Y","","1","0","0","0","0","0","0","2","0","1","","","","N","","","","","","","","","",""
"2014116443","1037","2","0","0","0","0","0","0","0","0","1","0","","02","11","2014","6","40.468517","-80.009783","1037","11","0","0","0","1","0","0","0","0","","0","0","0","","","1","","0","","40 28:06.660","","0","80 00:35.220","4","0","0","0","2301","0","0","0","N","0","0","0","2","02301","1","","1.0","","9","N","N","","1","","0","0","0","","0","","","3","1","0","0","0","0","0","2","0","3","","","","N","","","","","","","","","",""
"2014113908","1320","2","0","0","0","0","0","0","0","0","1","0","","02","11","2014","7","40.332422","-79.933883","1317","11","0","0","0","0","0","0","1","0","","0","0","0","","","1","","1","","40 19:56.719","","0","79 56:01.978","4","0","0","0","2473","0","0","0","N","0","0","0","2","02473","1","","1.0","","1","N","N","","0","","0","0","0","","2","","","2","1","0","0","0","0","0","2","0","2","","","","N","","","","","","","","","",""
"2014112456","2050","1","0","0","0","0","0","1","0","0","4","1","","02","11","2014","6","40.440619","-79.958253","2045","11","0","0","0","0","0","1","0","0","1","0","0","0","","","0","","1","","40 26:26.229","3","0","79 57:29.710","0","0","0","0","2301","0","0","0","N","0","0","0","2","02506","0","","1.0","","1","N","N","","0","","0","0","0","","2","N","","2","0","0","0","0","0","0","2","0","2","","","","N","","","","","","","","","",""
"2014116444","2012","1","0","0","0","0","0","0","0","0","7","0","","02","11","2014","4","40.453306","-80.166667","2010","11","0","0","0","0","0","0","0","0","","0","0","0","","","1","","0","","40 27:11.900","","0","80 10:00.000","4","0","0","0","2115","0","0","0","N","0","0","0","1","02115","1","","4.0","","1","N","N","","0","","0","0","0","","0","","","1","1","0","0","0","0","0","2","0","1","","","","N","","","","","","","","","",""
"2014116445","1903","0","0","0","0","0","0","0","0","0","4","0","","02","11","2014","4","40.451806","-80.161008","1858","11","0","0","0","0","0","1","0","0","1","0","0","0","","","0","","1","","40 27:06.500","1","0","80 09:39.630","0","0","0","0","2115","0","0","0","N","0","0","0","2","02115","0","","1.0","","1","N","N","","0","","0","0","2","","2","N","","2","0","0","0","0","0","0","2","0","2","","","","N","","","","","","","","","",""
"2014114956","1255","1","0","0","0","0","0","0","0","0","1","0","","02","11","2014","7","40.488493","-80.0572","1252","11","0","0","0","0","0","0","0","0","","0","0","0","","","0","","0","","40 29:18.573","","7","80 03:25.921","0","0","0","0","2404","0","0","0","N","0","0","0","2","02404","0","","1.0","","1","N","N","","0","","0","0","1","","0","","","2","0","0","0","0","0","0","2","0","2","","","","N","","","","","","","","","",""
"2014116527","1553","1","0","0","0","0","0","0","0","0","1","0","","02","11","2014","6","40.381464","-79.825189","1551","11","0","0","0","0","0","1","0","0","1","0","0","0","","","1","","0","","40 22:53.270","2","0","79 49:30.680","4","0","0","0","2111","0","0","0","N","0","0","0","2","02111","1","","1.0","","1","N","N","","0","","0","0","0","","0","N","","2","1","0","0","0","0","0","2","1","2","","","","N","","","","","","","","","",""
"2014117344","2233","1","0","0","0","0","0","0","0","0","7","0","","02","11","2014","5","40.652019","-80.056719","2228","11","0","1","0","0","0","0","0","0","1","0","0","0","","","0","","0","","40 39:07.268","6","0","80 03:24.187","0","0","0","0","2216","0","0","0","N","0","0","0","1","02505","0","","5.0","","2","N","N","","0","","0","0","0","","0","N","","1","0","0","0","0","0","0","2","0","1","","","","N","","","","","","","","","",""
"2014114404","1321","1","0","0","0","0","0","0","0","0","1","0","","02","11","2014","2","40.351889","-80.050704","1317","11","0","0","0","0","0","0","0","0","","0","0","0","","","2","","0","","40 21:06.802","","0","80 03:02.535","4","0","0","0","2109","0","0","0","N","0","0","0","5","02109","2","","1.0","","1","N","N","","0","","0","0","1","","0","","","2","2","0","0","0","0","0","2","0","2","","","","N","","","","","","","","","",""
"2014117276","1803","1","0","0","0","0","0","0","0","0","99","0","","02","11","2014","1","40.535003","-79.764945","1757","11","0","0","0","0","0","1","0","0","","0","0","0","","","0","","0","","40 32:06.009","","0","79 45:53.802","0","0","0","0","2466","0","0","0","N","0","0","0","1","02466","0","","1.0","","1","N","N","","0","","0","0","0","","0","","","1","0","0","0","0","0","0","1","0","1","","","","N","","","","","","","","","",""
"2014116667","2335","2","0","0","0","0","0","0","0","0","4","0","","02","11","2014","5","40.438043","-79.919366","2330","11","0","0","0","0","0","0","0","0","","0","0","0","","","0","","1","","40 26:16.954","","0","79 55:09.717","0","0","0","0","2301","0","0","0","N","0","0","0","2","02301","0","","1.0","","2","N","N","","0","","0","0","0","","2","","","2","0","0","0","0","0","0","2","0","2","","","","N","","","","","","","","","",""
"2014114405","0715","1","0","0","0","0","0","0","0","0","4","0","","02","11","2014","6","40.392888","-80.045594","0710","11","0","0","0","0","0","0","1","0","","0","0","0","","","0","","1","","40 23:34.395","","0","80 02:44.140","0","0","0","0","2109","0","0","0","N","0","0","0","2","02109","0","","1.0","","1","N","N","","0","","0","0","1","","3","","","2","0","0","0","0","0","0","2","0","2","","","","N","","","","","","","","","",""
"2014115784","1956","0","0","0","0","0","0","0","0","0","7","0","","02","11","2014","6","40.420419","-79.7469","1953","11","0","0","0","0","0","0","0","0","","0","0","0","","","1","","0","","40 25:13.510","","0","79 44:48.840","4","0","0","0","2449","0","0","0","N","0","0","0","2","02446","1","","5.0","","9","N","N","","1","","0","0","0","","0","","","1","1","0","0","0","0","0","2","0","1","","","","N","","","","","","","","","",""
"2014114406","0755","0","0","0","0","0","0","0","0","0","7","0","","02","11","2014","1","40.394444","-80.048367","0748","11","0","0","0","0","0","0","0","0","","0","0","0","","","0","","0","","40 23:40.000","","0","80 02:54.120","0","0","0","0","2109","0","0","0","N","0","0","0","2","02109","0","","4.0","","1","N","N","","0","","0","0","0","","0","","","1","0","0","0","0","0","0","2","1","1","","","","N","","","","","","","","","",""
"2014116463","0815","0","0","0","0","0","0","0","0","0","4","1","","02","11","2014","6","40.337709","-79.951406","0813","11","0","0","0","0","0","0","0","1","2","0","0","0","","","4","","0","","40 20:15.751","1","7","79 57:05.060","8","0","0","0","2454","0","0","0","N","0","0","0","5","02454","0","","1.0","","1","Y","N","","0","","0","0","0","","2","Y","","2","4","1","0","0","4","0","2","2","2","","","","N","","","","","","","","","",""
"2014114960","0638","1","0","0","0","0","0","0","0","0","7","0","","02","11","2014","3","40.456242","-80.002953","0632","11","0","0","0","0","0","0","0","0","","0","0","0","","","1","","0","","40 27:22.470","","0","80 00:10.630","4","0","0","0","2301","0","0","0","N","0","0","0","1","02301","1","","5.0","","1","N","N","","0","","0","0","0","","0","","","1","1","0","0","0","0","0","2","0","1","","","","N","","","","","","","","","",""
"2014116669","1555","2","0","0","0","0","0","0","0","0","1","0","","02","11","2014","4","40.433358","-79.797696","1550","11","0","0","0","0","0","0","0","1","","0","0","0","","","1","","1","","40 26:00.088","","0","79 47:51.706","8","0","0","0","2446","0","0","0","N","0","0","0","3","02446","0","","1.0","","1","N","N","","0","","0","0","0","","2","","","2","1","0","0","0","1","0","2","0","2","","","","N","","","","","","","","","",""
"2014114407","1901","2","0","0","0","0","0","0","0","0","4","0","","02","11","2014","1","40.378251","-80.064729","1858","11","0","0","0","0","0","0","0","0","","0","0","0","","","0","","2","","40 22:41.703","","0","80 03:53.023","0","0","0","0","2109","0","0","0","N","0","0","0","3","02109","0","","1.0","","1","N","N","","0","","0","0","0","","2","","","2","0","0","0","0","0","0","2","0","2","","","","N","","","","","","","","","",""
"2014116545","0743","2","0","0","0","0","0","0","0","0","4","0","","02","11","2014","2","40.382933","-80.032467","0735","11","0","0","0","0","0","2","0","0","","0","0","0","","","0","","0","","40 22:58.560","","7","80 01:56.880","0","0","0","0","2109","0","0","0","N","0","0","0","3","02109","0","","1.0","","9","N","N","","0","","0","0","0","","0","","","2","0","0","0","0","0","0","2","0","2","","","","N","","","","","","","","","",""
"2014117279","2342","1","0","0","0","0","0","0","0","0","4","0","25","02","11","2014","5","40.440743","-79.995968","2342","11","0","0","0","0","0","0","0","1","","0","0","0","","","0","","1","","40 26:26.674","","0","79 59:45.484","0","0","0","0","2301","0","0","0","N","0","0","0","2","02301","0","","1.0","","9","N","N","","0","","0","0","0","","2","","","2","0","0","0","0","0","0","2","1","2","","","Y","Y","8","1","","","Y","Y","","","",""
"2014115114","1729","2","0","0","0","0","0","0","0","0","1","0","","02","11","2014","2","40.30776","-79.887766","1726","11","0","0","0","0","0","0","0","0","1","0","0","0","","","1","","0","","40 18:27.935","5","0","79 53:15.958","8","0","0","0","2302","0","0","0","N","0","0","0","1","02302","0","","2.0","","1","N","N","","0","","0","0","0","","0","Y","","2","1","0","0","0","1","0","2","0","2","","","","N","","","","","","","","","",""
"2014114408","0952","0","0","0","0","0","0","0","0","0","7","0","","02","11","2014","5","40.311086","-80.03299","0946","11","0","0","0","0","0","0","0","0","","0","0","0","","","0","","2","","40 18:39.908","","0","80 01:58.763","0","0","0","0","2407","0","0","0","Y","0","0","0","1","02407","0","","2.0","","1","N","N","","1","","0","0","0","","2","","","1","0","0","0","0","0","0","2","0","1","","","","N","","","","","","","","","",""
"2014116546","1036","1","0","0","0","0","0","0","0","0","4","0","","02","11","2014","4","40.355418","-80.050203","1034","11","0","0","0","0","0","1","0","0","","0","0","0","","","0","","10","","40 21:19.503","","0","80 03:00.732","0","0","0","0","2109","0","0","0","N","0","0","0","2","02109","0","","1.0","","1","N","N","","0","","0","0","0","","0","","","2","0","0","0","0","0","0","2","1","2","","","","N","","","","","","","","","",""
"2014114409","1653","0","0","0","0","0","0","0","0","0","7","0","","02","11","2014","7","40.324656","-80.053794","1648","11","0","0","0","0","0","1","0","0","","0","0","0","","","0","","2","","40 19:28.761","","0","80 03:13.657","0","0","0","0","2407","0","0","0","N","0","0","0","2","02407","0","","4.0","","1","N","Y","","0","","0","0","1","","3","","","1","0","0","0","0","0","0","2","0","1","","","","N","","","","","","","","","",""
"2014114964","1848","1","0","0","0","0","0","0","0","0","2","0","","02","11","2014","2","40.552384","-80.145413","1845","11","0","0","0","0","0","1","0","0","","0","0","0","","","2","","0","","40 33:08.582","","0","80 08:43.485","3","0","0","0","2459","0","0","0","N","0","0","0","5","02459","1","","1.0","","2","N","N","","0","","1","0","1","","0","","","2","2","0","0","0","0","0","1","0","2","","","","N","","","","","","","","","",""
"2014116547","2215","1","0","0","0","0","0","0","0","0","99","0","","02","11","2014","4","40.361304","-80.063365","2210","11","0","0","0","0","0","0","0","0","2","0","0","0","","","0","","0","","40 21:40.696","3","0","80 03:48.115","0","0","0","0","2109","0","0","0","N","0","0","0","2","02109","0","","1.0","","1","N","N","","0","","0","0","0","","0","N","","1","0","0","0","0","0","0","2","0","1","","","","N","","","","","","","","","",""
"2014115800","1913","0","0","0","0","0","0","0","0","0","8","0","","02","11","2014","4","40.443015","-80.052733","1913","11","0","0","0","0","0","1","0","0","1","0","0","0","","","1","","2","","40 26:34.854","5","0","80 03:09.838","3","0","0","0","2301","1","0","0","N","1","0","0","2","02301","0","","1.0","","1","N","N","","1","","1","0","0","","2","Y","","2","1","1","0","0","0","0","2","0","1","","","","N","","","","","","","","","",""
"2014116010","1320","1","0","0","0","0","0","0","0","0","1","0","","02","11","2014","4","40.475117","-79.77592","1315","11","0","0","0","0","0","0","0","1","","0","0","0","","","0","","0","","40 28:30.421","","0","79 46:33.311","0","0","0","0","2466","0","0","0","N","0","0","0","2","02466","0","","1.0","","9","N","N","","0","","0","0","1","","0","","","2","0","1","0","0","0","0","2","0","2","","","","N","","","","","","","","","",""
"2014116469","1051","0","0","0","0","0","0","0","0","0","0","1","","02","11","2014","4","40.647439","-79.807414","1040","11","0","0","0","0","0","0","0","0","4","0","1","0","","","1","","0","","40 38:50.779","6","0","79 48:26.692","3","0","0","0","2202","0","0","0","N","0","0","0","1","02202","0","","4.0","","1","N","N","","0","","1","0","0","","0","N","","1","1","0","0","0","0","0","1","0","1","","","","N","","","","","","","","","",""
"2014114965","0938","2","0","0","0","0","0","0","0","0","4","0","","02","11","2014","6","40.541364","-80.006475","0931","11","0","0","0","0","0","0","0","0","1","0","0","0","","","0","","0","","40 32:28.910","2","7","80 00:23.310","0","0","0","0","2116","0","0","0","N","0","0","0","3","02116","0","","1.0","","1","N","N","","0","","0","0","0","","0","N","","2","0","0","0","0","0","0","2","0","2","","","","N","","","","","","","","","",""
"2014117283","0450","2","0","0","0","0","0","0","0","0","4","0","","02","11","2014","6","40.43531","-79.91899","0445","11","0","0","0","0","0","1","0","0","","0","0","0","","","1","","1","","40 26:07.116","","0","79 55:08.364","8","0","0","0","2301","0","0","0","N","0","0","0","2","02301","0","","1.0","","1","N","N","","0","","0","0","0","","2","","","2","1","0","0","0","1","0","2","0","2","","","","N","","","","","","","","","",""
"2014116688","0125","0","0","0","0","0","0","0","0","0","5","0","","02","11","2014","7","40.488573","-79.88311","0125","11","1","0","0","0","0","0","0","0","1","0","0","0","","","0","","2","","40 29:18.862","4","2","79 52:59.196","0","0","0","0","2112","0","0","0","N","0","0","0","3","02112","0","","1.0","","1","N","N","","0","","0","0","1","","2","N","","2","0","0","0","0","0","0","2","1","2","","","","N","","","","","","","","","",""
"2014116749","0227","1","0","0","0","0","0","0","0","0","7","0","","02","11","2014","7","40.488531","-80.021927","0222","11","0","0","1","0","0","0","0","0","2","0","0","0","","","3","","0","","40 29:18.711","5","0","80 01:18.937","3","0","0","0","2301","0","0","0","N","0","0","0","5","02301","1","","5.0","","1","N","N","","0","","2","0","0","","0","Y","","1","3","4","0","0","0","0","2","0","1","","","","N","","","","","","","","","",""
"2014116813","1149","1","0","0","0","0","0","0","0","0","7","0","","02","11","2014","7","40.435353","-80.009665","1149","11","0","0","0","0","0","1","0","0","3","0","0","0","","","0","","0","","40 26:07.270","6","0","80 00:34.795","0","0","0","0","2301","0","0","0","N","0","0","0","2","02301","0","","2.0","","2","N","N","","0","","0","0","0","","0","Y","","1","0","0","0","0","0","0","2","0","1","","","","N","","","","","","","","","",""
"2014117285","1751","2","0","0","0","0","0","0","0","0","4","0","","02","11","2014","1","40.278854","-79.875329","1751","11","0","0","0","0","1","1","0","0","2","0","0","0","","","0","","1","","40 16:43.875","7","0","79 52:31.186","0","0","0","0","2105","0","0","0","N","0","0","0","4","02105","0","","1.0","","1","N","N","","0","","0","0","1","","2","N","","3","0","0","0","0","0","0","1","0","3","","","","N","","","","","","","","","",""
"2014116472","0959","1","0","0","0","0","0","0","0","0","4","0","","02","11","2014","5","40.414819","-79.752181","0956","11","0","0","0","0","0","0","0","1","","0","0","0","","","2","","2","","40 24:53.348","","0","79 45:07.851","8","0","0","0","2446","0","0","0","N","0","0","0","2","02446","0","","1.0","","1","N","N","","0","","0","0","0","","0","","","2","2","0","0","0","2","0","2","1","2","","","","N","","","","","","","","","",""
"2014115051","1010","0","0","0","0","0","0","0","0","0","4","1","","02","11","2014","3","40.407332","-79.831106","1010","11","0","0","0","0","0","1","0","0","","0","1","0","","","1","","2","","40 24:26.395","","0","79 49:51.980","8","0","0","0","2467","0","0","0","N","0","0","0","2","02467","0","","1.0","","1","N","N","","1","","0","0","0","","2","","","2","1","0","0","0","1","0","2","0","2","","","","N","","","","","","","","","",""
"2014116014","","1","0","0","0","0","0","0","0","0","1","0","","02","2","2014","6","40.425533","-79.907808","","11","0","0","0","0","1","0","0","0","","0","0","0","","","2","","0","","40 25:31.919","","0","79 54:28.110","4","0","0","0","2301","0","0","0","N","0","0","0","4","00000","1","","1.0","","2","N","N","","1","","0","0","0","","0","","","3","2","0","0","0","1","0","2","0","3","","","","N","","","","","","","","","",""
"2014115807","1619","3","0","0","0","0","0","0","0","0","4","0","","02","11","2014","4","40.461274","-79.812906","1615","11","0","0","0","0","3","0","0","0","2","0","0","0","","","0","","2","","40 27:40.586","6","0","79 48:46.461","0","0","0","0","2113","0","0","0","N","0","0","0","4","02113","0","","1.0","","1","N","N","","0","","0","0","0","","0","Y","","3","0","0","0","0","0","0","2","0","3","","","","N","","","","","","","","","",""
"2014117287","1905","1","0","0","0","0","0","0","0","0","6","0","","02","11","2014","3","40.534224","-80.049972","1905","11","0","0","0","0","0","1","0","1","","0","0","0","","","0","","3","","40 32:03.205","","0","80 02:59.900","0","0","0","0","2116","0","0","0","","0","0","0","2","02116","0","","1.0","","1","","","","0","","0","0","1","","3","","","2","0","0","0","0","0","0","2","0","2","","","","N","","","","","","","","","",""
"2014116015","","0","0","0","0","0","0","0","0","0","1","0","","02","5","2014","3","40.461689","-79.968601","","11","0","0","0","0","0","0","0","0","","0","0","0","","","1","","0","","40 27:42.079","","7","79 58:06.965","8","0","0","1","2301","0","0","0","N","0","0","0","4","00000","0","","1.0","","1","N","N","","0","","0","0","0","","0","","","2","1","0","0","0","1","3","2","0","2","","","","N","","","","","","","","","",""
"2014116816","1118","0","0","0","0","0","0","0","0","0","7","0","","02","11","2014","7","40.437081","-79.972458","1103","11","0","0","0","0","0","0","0","0","2","0","0","0","","","0","","2","","40 26:13.490","4","2","79 58:20.848","0","0","0","0","2301","0","0","0","N","0","0","0","2","02301","0","","2.0","","2","N","N","","0","","0","0","1","","2","N","","1","0","0","0","0","0","0","2","0","1","","","","N","","","","","","","","","",""
"2014115671","1652","1","0","0","0","0","0","0","0","0","4","0","","02","11","2014","4","40.44021","-80.192479","1646","11","0","0","1","0","0","0","0","0","","0","0","0","","","1","","0","","40 26:24.756","","0","80 11:32.924","4","0","0","0","2214","0","0","0","N","0","0","0","2","02214","1","","1.0","","1","N","N","","0","","0","0","1","","0","","","2","1","0","0","0","0","0","2","0","2","","","","N","","","","","","","","","",""
"2014114495","2241","2","0","0","0","0","0","0","0","0","5","0","","02","11","2014","1","40.435579","-80.013988","2239","11","0","0","0","0","0","0","0","0","","0","0","0","","","0","","0","","40 26:08.085","","0","80 00:50.355","9","0","0","0","2301","0","0","0","N","0","0","0","1","02301","0","","2.0","","9","N","N","","0","","0","0","0","","0","","","2","0","0","0","0","0","1","2","0","2","","","","N","","","","","","","","","",""
"2014116475","1810","1","0","0","0","0","0","0","0","0","4","0","","02","11","2014","4","40.534028","-80.019144","1807","11","0","0","0","0","0","2","0","0","1","0","0","0","","","1","","1","","40 32:02.502","1","0","80 01:08.918","4","0","0","0","2116","0","0","0","N","0","0","0","2","02116","1","","1.0","","9","N","N","","1","","0","0","0","","3","N","","2","1","1","0","0","0","0","2","0","2","","","","N","","","","","","","","","",""
"2014116681","2243","2","0","0","0","0","0","0","0","0","4","0","","02","11","2014","6","40.459039","-79.907802","2243","11","0","0","0","0","0","0","0","0","","0","0","0","","","0","","0","","40 27:32.539","","7","79 54:28.088","0","0","0","0","2301","0","0","0","N","0","0","0","2","02301","0","","1.0","","1","N","N","","0","","0","0","0","","0","","","2","0","0","0","0","0","0","2","0","2","","","","N","","","","","","","","","",""
"2014116756","1354","0","0","0","0","0","0","0","0","0","1","1","","02","11","2014","4","40.452738","-80.10461","1351","11","0","0","0","0","0","1","0","0","","0","1","0","","","1","","2","","40 27:09.856","","0","80 06:16.596","8","0","0","0","2126","0","0","0","N","0","0","0","2","02126","0","","1.0","","1","N","N","","1","","0","0","0","","0","","","2","1","0","0","0","1","0","2","0","2","","","","N","","","","","","","","","",""