"CRN","ARRIVAL_TM","AUTOMOBILE_COUNT","BELTED_DEATH_COUNT","BELTED_SUSP_SERIOUS_INJ_COUNT","BICYCLE_COUNT","BICYCLE_DEATH_COUNT","BICYCLE_SUSP_SERIOUS_INJ_COUNT","BUS_COUNT","CHLDPAS_DEATH_COUNT","CHLDPAS_SUSP_SERIOUS_INJ_COUNT","COLLISION_TYPE","COMM_VEH_COUNT","CONS_ZONE_SPD_LIM","COUNTY","CRASH_MONTH","CRASH_YEAR","DAY_OF_WEEK","DEC_LATITUDE","DEC_LONGITUDE","DISPATCH_TM","DISTRICT","DRIVER_COUNT_16YR","DRIVER_COUNT_17YR","DRIVER_COUNT_18YR","DRIVER_COUNT_19YR","DRIVER_COUNT_20YR","DRIVER_COUNT_50_64YR","DRIVER_COUNT_65_74YR","DRIVER_COUNT_75PLUS","EST_HRS_CLOSED","FATAL_COUNT","HEAVY_TRUCK_COUNT","HORSE_BUGGY_COUNT","HOUR_OF_DAY","ILLUMINATION","INJURY_COUNT","INTERSECTION_RELATED","INTERSECT_TYPE","LANE_CLOSED","LATITUDE","LN_CLOSE_DIR","LOCATION_TYPE","LONGITUDE","MAX_SEVERITY_LEVEL","MCYCLE_DEATH_COUNT","MCYCLE_SUSP_SERIOUS_INJ_COUNT","MOTORCYCLE_COUNT","MUNICIPALITY","NONMOTR_COUNT","NONMOTR_DEATH_COUNT","NONMOTR_SUSP_SERIOUS_INJ_COUNT","NTFY_HIWY_MAINT","PED_COUNT","PED_DEATH_COUNT","PED_SUSP_SERIOUS_INJ_COUNT","PERSON_COUNT","POLICE_AGCY","POSSIBLE_INJ_COUNT","RDWY_SURF_TYPE_CD","RELATION_TO_ROAD","ROADWAY_CLEARED","ROAD_CONDITION","SCH_BUS_IND","SCH_ZONE_IND","SECONDARY_CRASH","SMALL_TRUCK_COUNT","SPEC_JURIS_CD","SUSP_MINOR_INJ_COUNT","SUSP_SERIOUS_INJ_COUNT","SUV_COUNT","TCD_FUNC_CD","TCD_TYPE","TFC_DETOUR_IND","TIME_OF_DAY","TOTAL_UNITS","TOT_INJ_COUNT","UNBELTED_OCC_COUNT","UNB_DEATH_COUNT","UNB_SUSP_SERIOUS_INJ_COUNT","UNK_INJ_DEG_COUNT","UNK_INJ_PER_COUNT","URBAN_RURAL","VAN_COUNT","VEHICLE_COUNT","WEATHER1","WEATHER2","WORKERS_PRES","WORK_ZONE_IND","WORK_ZONE_LOC","WORK_ZONE_TYPE","WZ_CLOSE_DETOUR","WZ_FLAGGER","WZ_LAW_OFFCR_IND","WZ_LN_CLOSURE","WZ_MOVING","WZ_OTHER","WZ_SHLDER_MDN","WZ_WORKERS_INJ_KILLED"
"2014114531","1530","1","0","0","0","0","0","0","0","0","7","0","","02","11","2014","2","40.449288","-80.025453","1520","11","0","0","0","0","0","0","0","0","1","0","0","0","","","0","","10","","40 26:57.435","2","0","80 01:31.632","0","0","0","0","2301","0","0","0","N","0","0","0","1","02301","0","","3.0","","9","N","N","","0","","0","0","0","","0","N","","1","0","0","0","0","0","0","2","0","1","","","","N","","","","","","","","","",""
"2014115914","1708","2","0","0","0","0","0","0","0","0","1","0","","02","11","2014","2","40.494468","-79.904584","1638","11","0","0","0","0","0","0","1","0","","0","0","0","","","0","","0","","40 29:40.084","","0","79 54:16.504","0","0","0","0","2401","0","0","0","N","0","0","0","4","68D02","0","","1.0","","9","N","N","","0","","0","0","0","","0","","","2","0","0","0","0","0","0","2","0","2","","","","N","","","","","","","","","",""
"2014115990","","2","0","0","0","0","0","0","0","0","4","0","","02","5","2014","2","40.457215","-79.997827","","11","0","0","0","0","0","0","0","0","","0","0","0","","","0","","1","","40 27:25.975","","0","79 59:52.178","9","0","0","0","2301","0","0","0","N","0","0","0","2","00000","0","","1.0","","1","N","N","","0","","0","0","0","","2","","","2","0","0","0","0","0","1","2","0","2","","","","N","","","","","","","","","",""
"2014116790","0940","1","0","0","0","0","0","0","0","0","7","0","","02","11","2014","7","40.461431","-79.922917","0935","11","0","0","0","0","0","0","1","0","","0","0","0","","","0","","0","","40 27:41.150","","7","79 55:22.500","9","0","0","0","2301","0","0","0","N","0","0","0","2","02301","0","","2.0","","1","N","N","","0","","0","0","0","","0","","","1","0","0","0","0","0","2","2","0","1","","","","N","","","","","","","","","",""
"2014114534","1726","1","0","0","0","0","0","0","0","0","99","0","","02","11","2014","2","40.493369","-80.197124","1724","11","0","0","0","0","0","0","1","0","2","0","0","0","","","0","","0","","40 29:36.130","4","0","80 11:49.648","0","0","0","0","2213","0","0","0","N","0","0","0","2","02213","0","","1.0","","1","N","N","","0","","0","0","0","","0","N","","1","0","0","0","0","0","0","2","0","1","","","","N","","","","","","","","","",""
"2014116515","1505","1","0","0","0","0","0","0","0","0","8","0","","02","11","2014","6","40.424253","-79.99392","1457","11","0","0","0","0","0","0","0","0","","0","0","0","","","1","","1","","40 25:27.310","","0","79 59:38.112","3","0","0","0","2301","1","0","0","N","1","0","0","2","02301","0","","1.0","","1","N","Y","","0","","1","0","0","","3","","","2","1","1","0","0","0","0","2","0","1","","","","N","","","","","","","","","",""
"2014115847","0203","2","0","0","0","0","0","0","0","0","1","0","","02","11","2014","4","40.465018","-79.920004","0203","11","0","0","0","0","0","0","0","0","","0","0","0","","","0","","1","","40 27:54.064","","0","79 55:12.014","0","0","0","0","2301","0","0","0","N","0","0","0","1","02301","0","","1.0","","1","N","N","","0","","0","0","0","","0","","","2","0","0","0","0","0","0","2","0","2","","","","N","","","","","","","","","",""
"2014115915","0752","2","0","0","0","0","0","0","0","0","1","0","","02","11","2014","4","40.495922","-79.939773","0657","11","0","0","0","0","0","0","0","0","2","0","0","0","","","4","","0","","40 29:45.318","2","3","79 56:23.182","4","0","0","0","2112","0","0","0","N","0","0","0","4","68D02","1","","1.0","","1","N","N","","0","","0","0","1","","0","Y","","3","4","2","0","0","3","0","2","0","3","","","","N","","","","","","","","","",""
"2014114455","1125","0","0","0","0","0","0","0","0","0","7","0","","02","11","2014","2","40.659695","-79.965536","1119","11","0","0","0","0","0","0","0","0","1","0","0","0","","","0","","0","","40 39:34.902","5","0","79 57:55.929","0","0","0","0","2217","0","0","0","N","0","0","0","1","02505","0","","5.0","","9","N","N","","1","","0","0","0","","0","Y","","1","0","0","0","0","0","0","2","0","1","","","","N","","","","","","","","","",""
"2014114535","1632","0","0","0","0","0","0","0","0","0","1","0","","02","11","2014","2","40.536503","-80.184432","1627","11","0","0","0","0","0","2","0","0","","0","0","0","","","0","","1","","40 32:11.411","","0","80 11:03.955","0","0","0","0","2458","0","0","0","N","0","0","0","2","02458","0","","1.0","","1","N","N","","0","","0","0","2","","2","","","2","0","0","0","0","0","0","2","0","2","","","","N","","","","","","","","","",""
"2014116516","1505","0","0","0","0","0","0","0","0","0","7","0","","02","11","2014","6","40.411033","-80.01323","1459","11","0","0","0","0","0","0","0","0","2","0","0","0","","","0","","0","","40 24:39.718","3","7","80 00:47.628","0","0","0","0","2301","0","0","0","N","0","0","0","1","02301","0","","5.0","","1","N","N","","1","","0","0","0","","0","Y","","1","0","0","0","0","0","0","2","0","1","","","","N","","","","","","","","","",""
"2014115848","2245","1","0","0","0","0","0","0","0","0","7","0","","02","10","2014","7","40.227914","-79.874968","2240","11","0","0","0","0","0","1","0","0","1","0","0","0","","","0","","0","","40 13:40.491","2","0","79 52:29.885","0","0","0","0","2204","0","0","0","N","0","0","0","1","02204","0","","2.0","","1","N","N","","0","","0","0","0","","0","N","","1","0","0","0","0","0","0","1","0","1","","","","N","","","","","","","","","",""
"2014115099","1600","0","0","0","0","0","0","0","0","0","1","0","","02","11","2014","3","40.447698","-79.896955","1544","11","0","0","0","0","0","1","0","0","","0","0","0","","","1","","0","","40 26:51.711","","0","79 53:49.038","4","0","0","0","2301","0","0","0","N","0","0","0","2","02301","1","","1.0","","1","N","N","","2","","0","0","0","","0","","","2","1","0","0","0","0","0","2","0","2","","","","N","","","","","","","","","",""
"2014114457","1459","1","0","0","0","0","0","0","0","0","4","0","","02","11","2014","3","40.460975","-80.076326","1455","11","0","0","0","0","0","1","0","1","1","0","0","0","","","0","","0","","40 27:39.510","2","0","80 04:34.773","0","0","0","0","2301","0","0","0","N","0","0","0","3","02301","0","","1.0","","1","N","N","","1","","0","0","0","","0","N","","2","0","0","0","0","0","0","2","0","2","","","","N","","","","","","","","","",""
"2014115086","1610","1","0","0","0","0","0","0","0","0","7","0","","02","11","2014","5","40.486763","-80.266911","1608","11","0","0","0","0","0","0","0","0","","0","0","0","","","1","","0","","40 29:12.345","","8","80 16:00.880","8","0","0","0","2203","0","0","0","N","0","0","0","1","02501","0","","2.0","","2","N","N","","0","","0","0","0","","0","","","1","1","0","0","0","1","0","2","0","1","","","","N","","","","","","","","","",""
"2014117266","0818","1","0","0","0","0","0","0","0","0","99","0","","02","11","2014","1","40.613889","-79.957909","0811","11","0","0","0","0","0","0","0","0","","0","0","0","","","0","","0","","40 36:50.002","","0","79 57:28.471","0","0","0","0","2207","0","0","0","N","0","0","0","1","68T02","0","","1.0","","1","N","N","","0","","0","0","0","","0","","","1","0","0","0","0","0","0","2","0","1","","","","N","","","","","","","","","",""
"2014115853","0750","1","0","0","0","0","0","0","0","0","1","0","","02","11","2014","2","40.615711","-80.093056","0737","11","0","0","0","0","0","1","0","0","","0","0","0","","","1","","0","","40 36:56.560","","0","80 05:35.000","4","0","0","0","2481","0","0","0","N","0","0","0","2","02481","1","","1.0","","9","N","N","","0","","0","0","1","","0","","","2","1","0","0","0","0","0","2","0","2","","","","N","","","","","","","","","",""
"2014114458","1004","1","0","0","0","0","0","0","0","0","1","1","","02","11","2014","7","40.355735","-79.834399","1002","11","0","0","0","0","0","0","1","0","","0","1","0","","","0","","0","","40 21:20.646","","0","79 50:03.837","0","0","0","0","2304","0","0","0","N","0","0","0","2","02304","0","","1.0","","1","N","N","","0","","0","0","0","","0","","","2","0","0","0","0","0","0","2","0","2","","","","N","","","","","","","","","",""
"2014114948","1249","1","0","0","0","0","0","0","0","0","8","0","","02","11","2014","2","40.462323","-79.865259","1248","11","0","0","0","0","0","0","0","1","","0","0","0","","","1","","0","","40 27:44.362","","7","79 51:54.931","8","0","0","0","2113","1","0","0","N","1","0","0","2","02113","0","","1.0","","1","N","N","","0","","0","0","0","","8","","","2","1","0","0","0","1","0","2","0","1","","","","N","","","","","","","","","",""
"2014115017","0741","2","0","0","0","0","0","0","0","0","1","0","","02","11","2014","2","40.567121","-80.024394","0737","11","0","1","0","0","0","0","1","0","1","0","0","0","","","1","","0","","40 34:01.637","2","0","80 01:27.819","8","0","0","0","2108","0","0","0","N","0","0","0","4","02108","0","","1.0","","9","N","N","","0","","0","0","0","","0","N","","2","1","0","0","0","1","0","2","0","2","","","","N","","","","","","","","","",""
"2014117267","2255","1","0","0","0","0","0","0","0","0","7","0","55","02","11","2014","2","40.591423","-79.889907","2240","11","0","0","0","0","0","1","0","0","2","0","0","0","","","1","","0","","40 35:29.123","4","0","79 53:23.666","8","0","0","0","2209","0","0","0","N","0","0","0","2","68T02","0","","2.0","","2","N","N","","0","","0","0","0","","0","N","","1","1","0","0","0","1","0","1","0","1","","","N","Y","4","1","N","N","N","Y","N","N","N",""
"2014115854","0600","3","0","0","0","0","0","0","0","0","1","0","","02","11","2014","4","40.528499","-79.850278","0557","11","0","0","0","0","0","1","0","0","2","0","0","0","","","1","","2","","40 31:42.598","3","3","79 51:01.000","4","0","0","0","2208","0","0","0","N","0","0","0","4","02208","1","","1.0","","9","N","N","","1","","0","0","0","","2","Y","","4","1","0","0","0","0","0","2","0","4","","","","N","","","","","","","","","",""
"2014116656","2020","2","0","0","0","0","0","0","0","0","6","0","","02","11","2014","6","40.418622","-79.964916","2010","11","0","0","0","0","0","1","0","0","1","0","0","0","","","0","","0","","40 25:07.039","2","0","79 57:53.697","0","0","0","0","2301","0","0","0","N","0","0","0","2","02301","0","","1.0","","1","N","N","","0","","0","0","0","","0","N","","2","0","0","0","0","0","0","2","0","2","","","","N","","","","","","","","","",""
"2014114472","1034","1","0","0","0","0","0","0","0","0","7","0","","02","11","2014","2","40.437099","-80.039842","1021","11","0","0","0","0","0","0","0","0","","0","0","0","","","2","","0","","40 26:13.558","","0","80 02:23.432","8","0","0","0","2301","0","0","0","N","0","0","0","2","02301","0","","4.0","","9","N","N","","0","","0","0","0","","0","","","1","2","2","0","0","2","0","2","0","1","","","","N","","","","","","","","","",""
"2014116796","1045","1","0","0","0","0","0","0","0","0","4","0","","02","11","2014","7","40.487098","-80.033372","1040","11","0","0","0","0","0","0","1","0","","0","0","0","","","0","","2","","40 29:13.552","","0","80 02:00.139","0","0","0","0","2301","0","0","0","N","0","0","0","4","02301","0","","1.0","","9","N","N","","0","","0","0","1","","3","","","2","0","0","0","0","0","0","2","0","2","","","","N","","","","","","","","","",""
"2014115303","2212","0","0","0","0","0","0","0","0","0","7","0","","02","11","2014","2","40.39367","-79.9963","2137","11","0","0","0","0","0","0","0","0","","0","0","0","","","1","","0","","40 23:37.212","","0","79 59:46.680","8","0","0","0","2301","0","0","0","N","0","0","0","1","02301","0","","4.0","","1","N","N","","1","","0","0","0","","0","","","1","1","0","0","0","1","0","2","0","1","","","","N","","","","","","","","","",""
"2014115018","1051","1","0","0","0","0","0","0","0","0","1","0","","02","11","2014","6","40.426986","-80.125174","1048","11","0","0","0","0","0","2","0","0","","0","0","0","","","0","","1","","40 25:37.149","","0","80 07:30.626","0","0","0","0","2115","0","0","0","N","0","0","0","2","02115","0","","1.0","","1","N","N","","0","","0","0","1","","2","","","2","0","0","0","0","0","0","2","0","2","","","","N","","","","","","","","","",""
"2014115787","1754","1","0","0","0","0","0","0","0","0","4","0","","02","11","2014","5","40.600555","-79.950296","1749","11","0","0","0","0","0","1","1","0","2","0","0","0","","","1","","2","","40 36:01.998","5","0","79 57:01.065","8","0","0","0","2207","0","0","0","N","0","0","0","2","02207","0","","1.0","","9","N","N","","0","","0","0","1","","3","Y","","2","1","0","0","0","1","0","2","0","2","","","","N","","","","","","","","","",""
"2014115102","0403","1","0","0","0","0","0","0","0","0","7","0","","02","11","2014","1","40.355298","-79.878428","0359","11","0","0","0","0","0","0","0","0","1","0","0","0","","","0","","0","","40 21:19.073","2","0","79 52:42.340","9","0","0","0","2423","0","0","0","N","0","0","0","1","02304","0","","2.0","","1","N","N","","0","","0","0","0","","0","N","","1","0","0","0","0","0","1","2","0","1","","","","N","","","","","","","","","",""
"2014115304","1959","2","0","0","0","0","0","0","0","0","1","0","","02","11","2014","3","40.479225","-79.96637","1959","11","0","0","0","0","0","1","0","0","1","0","0","0","","","0","","6","","40 28:45.210","1","2","79 57:58.931","0","0","0","0","2118","0","0","0","N","0","0","0","4","02118","0","","7.0","","1","N","N","","0","","0","0","1","","3","N","","3","0","0","0","0","0","0","2","0","3","","","","N","","","","","","","","","",""
"2014115019","0810","1","0","0","0","0","0","0","0","0","1","0","","02","11","2014","2","40.439831","-80.091322","0805","11","0","0","0","0","0","1","0","0","1","0","0","0","","","1","","0","","40 26:23.393","4","0","80 05:28.760","4","0","0","0","2115","0","0","0","N","0","0","0","2","02115","1","","1.0","","9","Y","N","","1","","0","0","0","","0","N","","2","1","0","0","0","0","0","2","0","2","","","","N","","","","","","","","","",""
"2014115856","0450","0","0","0","0","0","0","0","0","0","7","0","","02","11","2014","1","40.409982","-80.039431","0440","11","0","0","0","0","0","0","0","0","","0","0","0","","","0","","0","","40 24:35.935","","0","80 02:21.951","0","0","0","0","2301","0","0","0","N","0","0","0","1","02301","0","","5.0","","1","N","N","","0","","0","0","1","","0","","","1","0","1","0","0","0","0","2","0","1","","","","N","","","","","","","","","",""
"2014116658","2055","1","0","0","0","0","0","0","0","0","7","0","","02","11","2014","6","40.481399","-80.013558","2046","11","0","0","0","0","0","0","0","0","","0","0","0","","","0","","0","","40 28:53.037","","0","80 00:48.809","0","0","0","0","2301","0","0","0","N","0","0","0","1","02301","0","","5.0","","1","N","N","","0","","0","0","0","","0","","","1","0","1","0","0","0","0","2","0","1","","","","N","","","","","","","","","",""
"2014116522","1500","0","0","0","0","0","0","0","0","0","4","0","","02","11","2014","6","40.387745","-79.904172","1457","11","0","0","0","0","0","0","0","0","1","0","0","0","","","0","","1","","40 23:15.882","5","0","79 54:15.019","0","0","0","0","2448","0","0","0","","0","0","0","5","02448","0","","1.0","","1","","","","0","","0","0","0","","3","N","","2","0","0","0","0","0","0","2","2","2","","","","N","","","","","","","","","",""
"2014116660","1340","0","0","0","0","0","0","0","0","0","7","0","","02","11","2014","3","40.348301","-80.164195","1335","11","0","0","0","0","0","0","0","0","9","0","0","0","","","0","","0","","40 20:53.883","6","0","80 09:51.102","0","0","0","0","2119","0","0","0","N","0","0","0","1","02119","0","","5.0","","1","N","N","","0","","0","0","1","","0","Y","","1","0","1","0","0","0","0","2","0","1","","","","N","","","","","","","","","",""
"2014114462","1252","1","0","0","0","0","0","0","0","0","2","0","","02","11","2014","2","40.660283","-80.116592","1245","11","0","0","1","0","0","0","0","0","1","0","0","0","","","1","","0","","40 39:37.020","6","0","80 06:59.730","3","0","0","0","2212","0","0","0","N","0","0","0","3","02505","0","","1.0","","2","N","N","","1","","1","0","0","","0","N","","2","1","0","0","0","0","0","2","0","2","","","","N","","","","","","","","","",""
"2014114953","0850","1","0","0","0","0","0","0","0","0","4","0","","02","11","2014","3","40.614181","-80.054899","0847","11","0","0","0","0","0","1","0","0","","0","0","0","","","0","","2","","40 36:51.050","","0","80 03:17.636","0","0","0","0","2216","0","0","0","N","0","0","0","2","02505","0","","1.0","","1","N","N","","0","","0","0","1","","3","","","2","0","0","0","0","0","0","1","0","2","","","","N","","","","","","","","","",""
"2014117341","0505","1","0","0","0","0","0","0","0","0","7","0","","02","11","2014","2","40.448109","-80.011461","0459","11","0","0","0","0","1","0","0","0","1","0","0","0","","","0","","0","","40 26:53.194","1","2","80 00:41.258","0","0","0","0","2301","0","0","0","N","0","0","0","1","02301","0","","2.0","","9","N","N","","0","","0","0","0","","0","N","","1","0","0","0","0","0","0","2","0","1","","","","N","","","","","","","","","",""
"2014116525","1553","1","0","0","0","0","0","0","0","0","1","0","","02","11","2014","6","40.427804","-79.928568","1339","11","0","0","0","0","0","0","0","0","1","0","0","0","","","1","","6","","40 25:40.096","3","2","79 55:42.843","8","0","0","0","2301","0","0","0","N","0","0","0","2","02301","0","","1.0","","1","N","N","","0","","0","0","1","","0","Y","","2","1","0","0","0","1","0","2","0","2","","","","N","","","","","","","","","",""
"2014114402","1823","1","0","0","0","0","0","0","0","0","7","0","40","02","11","2014","5","40.597358","-80.047602","1817","11","1","0","0","0","0","0","0","0","1","0","0","0","","","0","","0","","40 35:50.488","2","0","80 02:51.366","0","0","0","0","2108","0","0","0","Y","0","0","0","1","02108","0","","3.0","","9","N","N","","0","","0","0","0","","0","N","","1","0","1","0","0","0","0","2","0","1","","","N","Y","8","1","N","N","N","N","N","N","N",""
"2014114479","","0","0","0","0","0","0","0","0","0","1","0","","02","7","2014","5","40.395124","-79.986798","","11","0","0","0","0","0","0","1","0","","0","0","0","","","0","","1","","40 23:42.446","","0","79 59:12.472","9","0","0","0","2301","0","0","0","N","0","0","0","2","00000","0","","1.0","","1","N","N","","1","","0","0","1","","0","","","2","0","0","0","0","0","1","2","0","2","","","","N","","","","","","","","","",""
"2014117274","1931","2","0","0","0","0","0","0","0","0","1","0","","02","11","2014","6","40.389044","-79.830838","1930","11","0","0","0","0","0","0","0","0","1","0","0","0","","","2","","0","","40 23:20.558","3","0","79 49:51.017","4","0","0","0","2111","0","0","0","N","0","0","0","2","02111","2","","1.0","","1","N","N","","0","","0","0","0","","0","N","","2","2","0","0","0","0","0","2","0","2","","","","N","","","","","","","","","",""
"2014115109","1636","1","0","0","0","0","0","0","0","0","1","0","","02","11","2014","3","40.470831","-79.821309","1621","11","0","0","0","0","0","0","1","0","","0","0","0","","","0","","2","","40 28:14.991","","0","79 49:16.713","0","0","0","0","2113","0","0","0","N","0","0","0","2","02113","0","","1.0","","1","N","N","","0","","0","0","1","","0","","","2","0","0","0","0","0","0","2","0","2","","","","N","","","","","","","","","",""
"2014114403","1944","2","0","0","0","0","0","0","0","0","4","0","","02","11","2014","6","40.55936","-80.023385","1934","11","0","0","0","0","0","0","1","0","1","0","0","0","","","0","","1","","40 33:33.696","2","0","80 01:24.186","0","0","0","0","2108","0","0","0","N","0","0","0","3","02108","0","","1.0","","1","N","N","","0","","0","0","0","","3","N","","2","0","0","0","0","0","0","2","0","2","","","","N","","","","","","","","","",""
"2014116002","1027","0","0","0","0","0","0","0","0","0","6","0","","02","11","2014","2","40.642056","-79.897211","1014","11","0","0","0","0","0","0","0","0","2","0","0","0","","","1","","0","","40 38:31.400","5","0","79 53:49.960","4","0","0","0","2220","0","0","0","N","0","0","0","5","02220","1","","1.0","","9","N","N","","0","","0","0","1","","0","Y","","2","1","0","0","0","0","0","1","0","2","","","","N","","","","","","","","","",""
"2014116145","1715","2","0","0","0","0","0","0","0","0","1","0","90","02","11","2014","5","40.455988","-79.991635","1710","11","0","0","0","1","0","0","0","0","","0","0","0","","","0","","0","","40 27:21.555","","0","79 59:29.886","0","0","0","0","2301","0","0","0","N","0","0","0","4","02301","0","","1.0","","1","N","N","","0","","0","0","0","","0","","","2","0","0","0","0","0","0","2","0","2","","","Y","Y","4","1","","","N","","","","Y",""
"2014116885","1117","1","0","0","0","0","0","0","0","0","7","0","","02","11","2014","7","40.44341","-79.99179","1056","11","0","0","0","0","0","0","1","0","3","0","0","0","","","0","","0","","40 26:36.277","4","2","79 59:30.443","0","0","0","0","2301","0","0","0","N","0","0","0","1","02301","0","","2.0","","2","N","N","","0","","0","0","0","","0","N","","1","0","0","0","0","0","0","2","0","1","","","","N","","","","","","","","","",""
"2014116146","1520","1","0","0","0","0","0","0","0","0","5","0","25","02","11","2014","5","40.444535","-79.713654","1510","11","0","0","0","0","0","1","1","0","2","0","0","0","","","1","","0","","40 26:40.326","2","0","79 42:49.155","8","0","0","0","2446","0","0","0","N","0","0","0","3","02446","0","","1.0","","1","N","N","","0","","0","0","2","","0","Y","","3","1","1","0","0","1","0","2","0","3","","","N","Y","8","1","","","N","","","Y","",""
"2014115462","0821","2","0","0","0","0","0","0","0","0","4","0","","02","11","2014","4","40.420437","-79.841702","0821","11","0","0","0","0","0","0","0","0","1","0","0","0","","","1","","2","","40 25:13.573","2","0","79 50:30.127","4","0","0","0","2431","0","0","0","N","0","0","0","2","02431","1","","1.0","","1","N","N","","0","","0","0","0","","3","Y","","2","1","0","0","0","0","0","2","0","2","","","","N","","","","","","","","","",""
"2014100376","0813","2","0","0","0","0","0","0","0","0","4","0","","02","10","2014","2","40.444378","-79.948705","0806","11","0","0","0","0","0","1","0","0","","0","0","0","","","1","","1","","40 26:39.760","","0","79 56:55.338","4","0","0","0","2301","0","0","0","N","0","0","0","6","02301","1","","1.0","","1","N","N","","0","","0","0","0","","2","","","2","1","0","0","0","0","0","2","0","2","","","","N","","","","","","","","","",""
"2014100448","1433","1","0","0","0","0","0","0","0","0","4","0","","02","10","2014","2","40.462519","-79.840714","1430","11","0","0","0","0","0","0","0","0","","0","0","0","","","1","","2","","40 27:45.067","","0","79 50:26.571","4","0","0","1","2113","0","0","0","N","0","0","0","4","02113","1","","1.0","","1","N","N","","0","","0","0","0","","3","","","2","1","0","0","0","0","0","2","0","2","","","","N","","","","","","","","","",""
"2014100461","1500","1","0","0","0","0","0","0","0","0","4","0","","02","10","2014","2","40.521899","-79.84262","1458","11","0","0","0","0","0","0","1","1","1","0","0","0","","","1","","1","","40 31:18.835","2","0","79 50:33.432","8","0","0","0","2451","0","0","0","N","0","0","0","3","02451","0","","1.0","","1","N","N","","0","","0","0","1","","3","Y","","2","1","0","0","0","1","0","2","0","2","","","","N","","","","","","","","","",""
"2014115313","1715","1","0","0","0","0","0","0","0","0","4","0","","02","10","2014","6","40.532","-80.065885","1709","11","0","0","0","0","0","1","0","0","1","0","0","0","","","1","","0","","40 31:55.199","4","0","80 03:57.185","8","0","0","0","2116","0","0","0","N","0","0","0","4","02116","0","","1.0","","9","N","N","","0","","0","0","1","","0","N","","2","1","0","0","0","1","0","2","0","2","","","","N","","","","","","","","","",""
"2014100378","0710","2","0","0","0","0","0","0","0","0","4","0","","02","10","2014","2","40.444475","-79.758881","0708","11","0","0","0","0","0","1","0","0","1","0","0","0","","","1","","1","","40 26:40.109","1","0","79 45:31.973","3","0","0","0","2446","0","0","0","N","0","0","0","2","02446","0","","1.0","","1","N","N","","0","","1","0","0","","2","Y","","2","1","0","0","0","0","0","2","0","2","","","","N","","","","","","","","","",""
"2014114699","0426","1","0","0","0","0","0","0","0","0","1","0","","02","11","2014","1","40.576856","-80.099847","0421","11","0","0","0","0","0","0","0","0","1","0","0","0","","","0","","0","","40 34:36.680","6","0","80 05:59.450","0","0","0","0","2481","0","0","0","N","0","0","0","1","02481","0","","1.0","","1","N","N","","0","","0","0","1","","0","N","","2","0","0","0","0","0","0","2","0","2","","","","N","","","","","","","","","",""
"2014099600","1953","0","0","0","0","0","0","0","0","0","1","0","","02","9","2014","2","40.582766","-79.951112","1951","11","0","0","0","0","0","0","0","0","2","0","0","0","","","1","","0","","40 34:57.957","2","0","79 57:04.004","8","0","0","0","2207","0","0","0","N","0","0","0","8","02207","0","","1.0","","1","N","N","","2","","0","0","0","","0","Y","","2","1","1","0","0","1","0","2","0","2","","","","N","","","","","","","","","",""
"2014100379","0912","1","0","0","0","0","0","0","0","0","1","0","","02","10","2014","2","40.447137","-79.895168","0909","11","0","0","0","0","0","0","1","0","","0","0","0","","","0","","1","","40 26:49.694","","0","79 53:42.603","9","0","0","0","2301","0","0","0","N","0","0","0","2","02301","0","","1.0","","9","N","N","","1","","0","0","0","","2","","","2","0","0","0","0","0","1","2","0","2","","","","N","","","","","","","","","",""
"2014116888","1510","2","0","0","0","0","0","0","0","0","7","0","","02","11","2014","7","40.453719","-79.995821","1504","11","0","0","0","0","0","0","0","0","","0","0","0","","","0","","0","","40 27:13.390","","2","79 59:44.956","0","0","0","0","2301","0","0","0","N","0","0","0","2","02301","0","","2.0","","2","N","N","","0","","0","0","0","","0","","","2","0","0","0","0","0","0","2","0","2","","","","N","","","","","","","","","",""
"2014116150","1512","0","0","0","0","0","0","0","0","0","1","0","","02","11","2014","5","40.520688","-80.169804","1511","11","0","0","0","0","0","0","0","0","1","0","0","0","","","0","","1","","40 31:14.478","1","0","80 10:11.295","9","0","0","0","2420","0","0","0","N","0","0","0","3","02420","0","","1.0","","1","N","N","","1","","0","0","1","","2","N","","3","0","0","0","0","0","2","2","0","2","","","","N","","","","","","","","","",""
"2014114700","1605","0","0","0","0","0","0","0","0","0","7","0","","02","11","2014","2","40.477767","-79.935143","1557","11","0","0","0","0","0","0","0","0","9","0","0","0","","","0","","0","","40 28:39.961","7","0","79 56:06.514","0","0","0","0","2301","0","0","0","N","0","0","0","1","02301","0","","2.0","","9","N","N","","1","","0","0","0","","0","Y","","1","0","0","0","0","0","0","2","0","1","","","","N","","","","","","","","","",""
"2014101949","1939","1","0","0","0","0","0","0","0","0","8","0","","02","10","2014","5","40.440126","-79.996436","1936","11","0","0","0","0","0","0","0","0","","0","0","0","","","1","","1","","40 26:24.453","","0","79 59:47.169","3","0","0","0","2301","1","0","0","N","1","0","0","2","02301","0","","1.0","","1","N","N","","0","","1","0","0","","2","","","2","1","0","0","0","0","0","2","0","1","","","","N","","","","","","","","","",""
"2014100464","1556","3","0","0","0","0","0","0","0","0","1","0","","02","10","2014","2","40.46472","-79.979724","1547","11","0","0","0","0","1","0","0","0","","0","0","0","","","1","","6","","40 27:52.991","","2","79 58:47.005","8","0","0","0","2301","0","0","0","N","0","0","0","4","02301","0","","1.0","","1","N","N","","0","","0","0","0","","2","","","3","1","0","0","0","1","1","2","0","3","","","","N","","","","","","","","","",""