"CRN","ARRIVAL_TM","AUTOMOBILE_COUNT","BELTED_DEATH_COUNT","BELTED_SUSP_SERIOUS_INJ_COUNT","BICYCLE_COUNT","BICYCLE_DEATH_COUNT","BICYCLE_SUSP_SERIOUS_INJ_COUNT","BUS_COUNT","CHLDPAS_DEATH_COUNT","CHLDPAS_SUSP_SERIOUS_INJ_COUNT","COLLISION_TYPE","COMM_VEH_COUNT","CONS_ZONE_SPD_LIM","COUNTY","CRASH_MONTH","CRASH_YEAR","DAY_OF_WEEK","DEC_LATITUDE","DEC_LONGITUDE","DISPATCH_TM","DISTRICT","DRIVER_COUNT_16YR","DRIVER_COUNT_17YR","DRIVER_COUNT_18YR","DRIVER_COUNT_19YR","DRIVER_COUNT_20YR","DRIVER_COUNT_50_64YR","DRIVER_COUNT_65_74YR","DRIVER_COUNT_75PLUS","EST_HRS_CLOSED","FATAL_COUNT","HEAVY_TRUCK_COUNT","HORSE_BUGGY_COUNT","HOUR_OF_DAY","ILLUMINATION","INJURY_COUNT","INTERSECTION_RELATED","INTERSECT_TYPE","LANE_CLOSED","LATITUDE","LN_CLOSE_DIR","LOCATION_TYPE","LONGITUDE","MAX_SEVERITY_LEVEL","MCYCLE_DEATH_COUNT","MCYCLE_SUSP_SERIOUS_INJ_COUNT","MOTORCYCLE_COUNT","MUNICIPALITY","NONMOTR_COUNT","NONMOTR_DEATH_COUNT","NONMOTR_SUSP_SERIOUS_INJ_COUNT","NTFY_HIWY_MAINT","PED_COUNT","PED_DEATH_COUNT","PED_SUSP_SERIOUS_INJ_COUNT","PERSON_COUNT","POLICE_AGCY","POSSIBLE_INJ_COUNT","RDWY_SURF_TYPE_CD","RELATION_TO_ROAD","ROADWAY_CLEARED","ROAD_CONDITION","SCH_BUS_IND","SCH_ZONE_IND","SECONDARY_CRASH","SMALL_TRUCK_COUNT","SPEC_JURIS_CD","SUSP_MINOR_INJ_COUNT","SUSP_SERIOUS_INJ_COUNT","SUV_COUNT","TCD_FUNC_CD","TCD_TYPE","TFC_DETOUR_IND","TIME_OF_DAY","TOTAL_UNITS","TOT_INJ_COUNT","UNBELTED_OCC_COUNT","UNB_DEATH_COUNT","UNB_SUSP_SERIOUS_INJ_COUNT","UNK_INJ_DEG_COUNT","UNK_INJ_PER_COUNT","URBAN_RURAL","VAN_COUNT","VEHICLE_COUNT","WEATHER1","WEATHER2","WORKERS_PRES","WORK_ZONE_IND","WORK_ZONE_LOC","WORK_ZONE_TYPE","WZ_CLOSE_DETOUR","WZ_FLAGGER","WZ_LAW_OFFCR_IND","WZ_LN_CLOSURE","WZ_MOVING","WZ_OTHER","WZ_SHLDER_MDN","WZ_WORKERS_INJ_KILLED"
"2014097291","0310","1","0","0","0","0","0","0","0","0","7","0","","02","10","2014","1","40.413251","-80.016919","0304","11","0","0","0","0","0","0","0","0","","0","0","0","","","0","","2","","40 24:47.703","","0","80 01:00.908","9","0","0","0","2301","0","0","0","N","0","0","0","2","02301","0","","5.0","","1","N","N","","0","","0","0","0","","0","","","1","0","0","0","0","0","1","2","0","1","","","","N","","","","","","","","","",""
"2014098192","1720","2","0","0","0","0","0","0","0","0","4","0","","02","10","2014","3","40.425944","-79.953796","1713","11","0","1","0","0","0","1","0","0","","0","0","0","","","0","","2","","40 25:33.399","","0","79 57:13.665","0","0","0","0","2301","0","0","0","N","0","0","0","4","02301","0","","1.0","","9","N","N","","0","","0","0","0","","1","","","2","0","0","0","0","0","0","2","0","2","","","","N","","","","","","","","","",""
"2014097292","0939","0","0","0","0","0","0","0","0","0","4","0","","02","10","2014","5","40.398696","-80.104258","0937","11","0","0","0","0","0","0","0","0","2","0","0","0","","","1","","6","","40 23:55.307","5","2","80 06:15.327","8","0","0","0","2102","0","0","0","N","0","0","0","2","02102","0","","1.0","","1","N","N","","2","","0","0","0","","0","N","","2","1","1","0","0","1","0","2","0","2","","","","N","","","","","","","","","",""
"2014097358","1455","1","0","0","0","0","0","0","0","0","8","0","","02","9","2014","3","40.555896","-79.807269","1452","11","0","0","0","0","0","0","0","0","","0","0","0","","","1","","1","","40 33:21.224","","0","79 48:26.170","3","0","0","0","2121","1","0","0","N","1","0","0","2","02121","0","","1.0","","1","N","N","","0","","1","0","0","","3","","","2","1","0","0","0","0","0","2","0","1","","","","N","","","","","","","","","",""
"2014099436","0218","3","0","0","0","0","0","0","0","0","5","0","","02","10","2014","6","40.456823","-80.01552","0218","11","0","0","0","0","0","1","0","0","3","0","0","0","","","1","","0","","40 27:24.562","5","0","80 00:55.872","2","0","0","0","2301","0","0","0","N","0","0","0","1","02301","0","","6.0","","1","N","N","","1","","0","1","0","","0","N","","4","1","1","0","1","0","0","2","0","4","","","","N","","","","","","","","","",""
"2014101786","1521","0","0","0","0","0","0","0","0","0","0","0","","02","10","2014","5","40.423886","-80.191904","1517","11","0","0","0","0","0","0","0","0","","0","0","0","","","0","","0","","40 25:25.990","","0","80 11:30.854","0","0","0","0","2214","0","0","0","N","0","0","0","3","02214","0","","1.0","","1","N","N","","1","","0","0","0","","0","","","1","0","0","0","0","0","0","2","0","1","","","","N","","","","","","","","","",""
"2014101115","0320","1","0","0","0","0","0","0","0","0","7","0","","02","10","2014","6","40.322308","-80.026786","0314","11","0","0","0","0","0","1","0","0","","0","0","0","","","0","","0","","40 19:20.309","","0","80 01:36.430","0","0","0","0","2407","0","0","0","N","0","0","0","1","02407","0","","2.0","","1","N","N","","0","","0","0","0","","0","","","1","0","0","0","0","0","0","2","0","1","","","","N","","","","","","","","","",""
"2014097425","2227","0","0","0","0","0","0","0","0","0","99","0","","02","10","2014","7","40.626795","-79.832755","2222","11","0","0","0","0","0","0","0","0","","0","0","0","","","0","","2","","40 37:36.462","","0","79 49:57.918","0","0","0","0","2220","0","0","0","N","0","0","0","2","02220","0","","1.0","","1","N","N","","0","","0","0","1","","0","","","1","0","0","0","0","0","0","2","0","1","","","","N","","","","","","","","","",""
"2014100914","1455","2","0","0","0","0","0","0","0","0","1","0","","02","10","2014","3","40.424976","-80.249907","1450","11","0","2","0","1","0","0","0","0","","0","0","0","","","0","","2","","40 25:29.913","","0","80 14:59.665","0","0","0","0","2214","0","0","0","N","0","0","0","4","02214","0","","1.0","","9","N","N","","0","","0","0","1","","0","","","3","0","0","0","0","0","0","2","0","3","","","","N","","","","","","","","","",""
"2014100222","2100","1","0","0","0","0","0","0","0","0","4","0","","02","10","2014","1","40.402261","-79.909435","2100","11","0","0","0","0","0","0","0","0","2","0","0","0","","","0","","1","","40 24:08.139","7","0","79 54:33.966","0","0","0","0","2438","0","0","0","N","0","0","0","4","02438","0","","1.0","","1","N","N","","0","","0","0","1","","3","Y","","2","0","0","0","0","0","0","2","0","2","","","","N","","","","","","","","","",""
"2014098038","0718","1","0","0","0","0","0","0","0","0","4","0","","02","10","2014","3","40.437138","-79.919235","0713","11","0","0","0","0","0","2","0","0","","0","0","0","","","0","","1","","40 26:13.696","","0","79 55:09.246","0","0","0","0","2301","0","0","0","N","0","0","0","2","02301","0","","1.0","","1","N","N","","0","","0","0","1","","3","","","2","0","0","0","0","0","0","2","0","2","","","","N","","","","","","","","","",""
"2014098948","0040","2","0","0","0","0","0","0","0","0","4","0","","02","10","2014","2","40.440391","-79.951102","0035","11","0","0","0","0","0","0","0","0","","0","0","0","","","0","","0","","40 26:25.407","","0","79 57:03.967","0","0","0","0","2301","0","0","0","N","0","0","0","1","02301","0","","6.0","","1","N","N","","0","","0","0","0","","0","","","2","0","0","0","0","0","0","2","0","2","","","","N","","","","","","","","","",""
"2014101788","2345","3","0","0","0","0","0","0","0","0","2","0","","02","9","2014","7","40.470854","-80.060679","2345","11","0","0","0","0","0","0","0","0","","0","0","0","","","0","","0","","40 28:15.073","","0","80 03:38.445","0","0","0","0","2444","0","0","0","N","0","0","0","3","02444","0","","1.0","","1","N","N","","0","","0","0","0","","0","","","3","0","2","0","0","0","0","2","0","3","","","","N","","","","","","","","","",""
"2014098039","0752","2","0","0","0","0","0","0","0","0","1","0","","02","10","2014","3","40.474215","-79.90821","0733","11","0","0","0","0","0","0","0","0","","0","0","0","","","0","","1","","40 28:27.175","","0","79 54:29.557","0","0","0","0","2301","0","0","0","N","0","0","0","2","02301","0","","1.0","","9","N","N","","0","","0","0","0","","2","","","2","0","0","0","0","0","0","2","0","2","","","","N","","","","","","","","","",""
"2014097361","0820","1","0","0","0","0","0","0","0","0","1","0","","02","10","2014","6","40.526932","-79.988275","0812","11","0","0","0","0","0","0","1","0","","0","0","0","","","1","","2","","40 31:36.955","","0","79 59:17.790","8","0","0","0","2116","0","0","0","N","0","0","0","2","02116","0","","1.0","","1","N","N","","1","","0","0","0","","3","","","2","1","0","0","0","1","0","2","0","2","","","","N","","","","","","","","","",""
"2014100916","1555","2","0","0","0","0","0","0","0","0","4","1","","02","9","2014","5","40.519683","-80.167126","1552","11","0","1","0","0","0","0","0","0","","0","1","0","","","0","","0","","40 31:10.858","","0","80 10:01.654","0","0","0","0","2420","0","0","0","N","0","0","0","3","02420","0","","1.0","","1","N","N","","0","","0","0","0","","0","","","3","0","0","0","0","0","0","2","0","3","","","","N","","","","","","","","","",""
"2014101710","0739","2","0","0","0","0","0","0","0","0","4","0","","02","10","2014","5","40.453686","-79.990698","0726","11","0","0","0","0","0","0","0","0","","0","0","0","","","0","","2","","40 27:13.269","","0","79 59:26.512","0","0","0","0","2301","0","0","0","N","0","0","0","2","02301","0","","1.0","","1","N","N","","0","","0","0","0","","3","","","2","0","0","0","0","0","0","2","0","2","","","","N","","","","","","","","","",""
"2014100224","1930","2","0","0","0","0","0","0","0","0","1","0","","02","10","2014","1","40.396269","-79.983455","1925","11","0","0","0","0","0","0","0","0","","0","0","0","","","0","","0","","40 23:46.568","","0","79 59:00.438","0","0","0","0","2301","0","0","0","","0","0","0","1","02301","0","","1.0","","1","","","","0","","0","0","0","","0","","","2","0","0","0","0","0","0","2","0","2","","","","N","","","","","","","","","",""
"2014100288","0511","1","0","0","0","0","0","0","0","0","4","0","","02","10","2014","6","40.449472","-80.002558","0509","11","0","0","0","0","0","1","0","0","1","0","0","0","","","0","","1","","40 26:58.099","2","0","80 00:09.210","0","0","0","0","2301","0","0","0","N","0","0","0","4","02301","0","","1.0","","1","N","N","","0","","0","0","1","","1","Y","","2","0","0","0","0","0","0","2","0","2","","","","N","","","","","","","","","",""
"2014100917","1350","2","0","0","0","0","0","0","0","0","7","0","","02","9","2014","1","40.519084","-80.165516","1349","11","0","0","0","0","0","0","0","1","","0","0","0","","","0","","0","","40 31:08.702","","0","80 09:55.857","0","0","0","0","2420","0","0","0","N","0","0","0","1","02420","0","","4.0","","1","N","N","","1","","0","0","0","","0","","","3","0","0","0","0","0","0","2","0","3","","","","N","","","","","","","","","",""
"2014100918","2048","2","0","0","0","0","0","0","0","0","1","0","","02","10","2014","5","40.516825","-80.159532","2045","11","0","0","0","0","0","0","0","0","","0","0","0","","","0","","0","","40 31:00.570","","0","80 09:34.314","0","0","0","0","2420","0","0","0","N","0","0","0","1","02420","0","","6.0","","1","N","N","","0","","0","0","0","","0","","","2","0","1","0","0","0","0","2","0","2","","","","N","","","","","","","","","",""
"2014101791","2131","1","0","0","0","0","0","0","0","0","4","1","","02","10","2014","4","40.445181","-79.889262","2125","11","0","0","0","0","0","1","0","0","","0","1","0","","","1","","0","","40 26:42.652","","7","79 53:21.344","8","0","0","0","2425","0","0","0","N","0","0","0","2","02425","0","","1.0","","1","N","N","","0","","0","0","0","","0","","","2","1","1","0","0","1","0","2","0","2","","","","N","","","","","","","","","",""
"2014100290","0200","1","0","0","0","0","0","0","0","0","7","0","","02","10","2014","2","40.459612","-79.810065","0151","11","0","0","0","0","0","0","0","0","2","0","0","0","","","0","","2","","40 27:34.604","6","0","79 48:36.233","0","0","0","0","2113","0","0","0","N","0","0","0","2","02113","0","","5.0","","1","N","N","","0","","0","0","0","","0","N","","1","0","0","0","0","0","0","2","0","1","","","","N","","","","","","","","","",""
"2014097364","1255","0","0","0","0","0","0","1","0","0","8","1","","02","9","2014","6","40.441249","-79.959225","1250","11","0","0","0","0","0","1","0","0","","0","0","0","","","1","","2","","40 26:28.496","","0","79 57:33.210","4","0","0","0","2301","1","0","0","N","1","0","0","2","02503","1","","1.0","","98","N","N","","0","","0","0","0","","1","","","2","1","0","0","0","0","0","2","0","1","","","","N","","","","","","","","","",""
"2014098952","2204","2","0","0","0","0","0","0","0","0","1","0","","02","10","2014","3","40.424095","-79.988339","2154","11","0","0","0","0","0","0","0","0","","0","0","0","","","0","","0","","40 25:26.742","","0","79 59:18.020","0","0","0","0","2301","0","0","0","N","0","0","0","1","02301","0","","1.0","","9","N","N","","1","","0","0","0","","0","","","3","0","0","0","0","0","0","2","0","3","","","","N","","","","","","","","","",""
"2014100919","0322","0","0","0","0","0","0","0","0","0","5","0","","02","10","2014","6","40.514715","-80.157012","0322","11","0","0","0","0","0","0","0","0","1","0","0","0","","","0","","0","","40 30:52.974","4","0","80 09:25.242","0","0","0","0","2420","0","0","0","N","0","0","0","1","02420","0","","6.0","","1","N","N","","1","","0","0","1","","0","N","","2","0","0","0","0","0","0","2","0","2","","","","N","","","","","","","","","",""
"2014101715","1335","2","0","0","0","0","0","0","0","0","4","0","","02","10","2014","7","40.530569","-80.010199","1330","11","0","0","0","0","0","0","0","0","1","0","0","0","","","0","","5","","40 31:50.048","3","0","80 00:36.716","0","0","0","0","2116","0","0","0","N","0","0","0","2","02116","0","","1.0","","1","N","N","","0","","0","0","0","","0","N","","2","0","0","0","0","0","0","2","0","2","","","","N","","","","","","","","","",""
"2014096525","1603","1","0","0","0","0","0","0","0","0","5","1","55","02","10","2014","4","40.552615","-79.832627","1550","11","0","0","0","0","0","2","0","0","","0","1","0","","","2","","0","","40 33:09.415","","0","79 49:57.457","4","0","0","0","2208","0","0","0","N","0","0","0","2","68T02","2","","3.0","","1","N","N","","0","","0","0","0","","0","","","2","2","0","0","0","0","0","2","0","2","","","N","Y","4","1","N","N","N","N","N","N","Y",""
"2014096593","0001","1","0","0","0","0","0","0","0","0","1","0","","02","9","2014","1","40.405397","-79.907039","0001","11","0","0","0","0","0","0","0","0","2","0","0","0","","","2","","0","","40 24:19.429","5","0","79 54:25.340","4","0","0","0","2438","0","0","0","N","0","0","0","2","02438","1","","1.0","","1","N","N","","0","","0","0","1","","0","Y","","2","2","2","0","0","1","0","2","0","2","","","","N","","","","","","","","","",""
"2014100920","1404","2","0","0","0","0","0","0","0","0","1","0","","02","10","2014","1","40.51704","-80.160092","1402","11","0","0","0","0","0","0","0","1","","0","0","0","","","0","","0","","40 31:01.344","","0","80 09:36.332","0","0","0","0","2420","0","0","0","N","0","0","0","1","02420","0","","6.0","","1","N","N","","0","","0","0","0","","0","","","2","0","0","0","0","0","0","2","0","2","","","","N","","","","","","","","","",""
"2014101716","1422","1","0","0","0","0","0","0","0","0","4","0","","02","10","2014","1","40.575045","-80.075417","1414","11","0","0","0","0","0","0","0","0","","0","0","0","","","1","","1","","40 34:30.163","","0","80 04:31.501","4","0","0","0","2481","0","0","0","N","0","0","0","3","02481","1","","1.0","","1","N","N","","0","","0","0","1","","3","","","2","1","0","0","0","0","0","2","0","2","","","","N","","","","","","","","","",""
"2014100292","0403","0","0","0","0","0","0","0","0","0","7","0","","02","10","2014","2","40.46258","-79.894497","0358","11","0","0","0","0","0","0","0","0","","0","0","0","","","0","","3","","40 27:45.288","","0","79 53:40.189","0","0","0","0","2301","0","0","0","N","0","0","0","0","02301","0","","5.0","","1","N","N","","1","","0","0","0","","0","","","1","0","0","0","0","0","0","2","0","1","","","","N","","","","","","","","","",""
"2014101069","2044","2","0","0","0","0","0","0","0","0","4","0","","02","10","2014","3","40.457215","-79.997827","2042","11","0","0","0","0","0","1","0","0","1","0","0","0","","","2","","1","","40 27:25.975","3","0","79 59:52.178","8","0","0","0","2301","0","0","0","N","0","0","0","5","02301","0","","1.0","","9","N","N","","0","","0","0","0","","2","N","","2","2","0","0","0","2","0","2","0","2","","","","N","","","","","","","","","",""
"2014098045","0735","2","0","0","0","0","0","0","0","0","1","0","","02","10","2014","3","40.429894","-79.99877","0721","11","0","0","0","0","0","0","0","0","","0","0","0","","","0","","0","","40 25:47.617","","3","79 59:55.571","0","0","0","0","2301","0","0","0","N","0","0","0","6","02301","0","","1.0","","9","N","N","","1","","0","0","1","","0","","","5","0","1","0","0","0","0","2","1","5","","","","N","","","","","","","","","",""
"2014098130","0858","0","0","0","0","0","0","0","0","0","7","0","","02","10","2014","3","40.608042","-80.158408","0852","11","0","0","0","0","0","0","0","1","3","0","0","0","","","1","","0","","40 36:28.950","5","0","80 09:30.268","4","0","0","0","2480","0","0","0","N","0","0","0","1","02480","1","","2.0","","9","N","N","","1","","0","0","0","","0","Y","","1","1","0","0","0","0","0","1","0","1","","","","N","","","","","","","","","",""
"2014099448","1953","1","0","0","0","0","0","0","0","0","4","0","","02","10","2014","2","40.361568","-80.06384","1948","11","0","0","0","0","0","1","0","0","1","0","0","0","","","0","","2","","40 21:41.645","4","0","80 03:49.823","0","0","0","0","2109","0","0","0","N","0","0","0","3","02109","0","","1.0","","9","N","N","","1","","0","0","0","","2","N","","2","0","0","0","0","0","0","2","0","2","","","","N","","","","","","","","","",""
"2014101058","1650","1","0","1","0","0","0","0","0","0","7","0","","02","9","2014","4","40.397668","-79.769328","1644","11","0","0","0","0","0","0","0","1","1","0","0","0","","","1","","1","","40 23:51.606","4","0","79 46:09.579","2","0","0","0","2446","0","0","0","N","0","0","0","2","02446","0","","4.0","","1","N","N","","0","","0","1","0","","2","N","","1","1","0","0","0","0","0","2","0","1","","","","N","","","","","","","","","",""
"2014098131","1145","2","0","0","0","0","0","0","0","0","5","0","","02","10","2014","3","40.436402","-79.997105","1135","11","0","0","0","0","0","1","0","0","","0","0","0","","","2","","0","","40 26:11.047","","0","79 59:49.578","8","0","0","0","2301","0","0","0","N","0","0","0","3","02301","0","","1.0","","1","N","N","","0","","0","0","0","","0","","","2","2","0","0","0","2","0","2","0","2","","","","N","","","","","","","","","",""
"2014101072","1904","1","0","0","0","0","0","0","0","0","1","0","","02","10","2014","3","40.327717","-80.066157","1903","11","0","0","0","0","0","0","0","0","2","0","0","0","","","1","","2","","40 19:39.782","4","0","80 03:58.166","8","0","0","0","2123","0","0","0","N","0","0","0","3","02123","0","","1.0","","1","N","N","","0","","0","0","1","","0","N","","2","1","0","0","0","1","0","2","0","2","","","","N","","","","","","","","","",""
"2014099365","1701","2","0","0","0","0","0","0","0","0","2","0","","02","10","2014","5","40.470569","-79.962774","1658","11","0","0","0","0","0","1","0","0","","0","0","0","","","1","","1","","40 28:14.048","","0","79 57:45.986","8","0","0","0","2301","0","0","0","N","0","0","0","4","02301","0","","1.0","","1","N","N","","0","","0","0","1","","3","","","3","1","0","0","0","1","0","2","0","3","","","","N","","","","","","","","","",""
"2014100232","1940","1","0","1","0","0","0","0","0","0","2","0","","02","10","2014","1","40.576732","-79.970262","1930","11","0","1","0","0","0","0","1","0","2","0","0","0","","","1","","3","","40 34:36.236","6","0","79 58:12.943","2","0","0","0","2207","0","0","0","N","0","0","0","2","02207","0","","1.0","","1","N","N","","0","","0","1","1","","3","Y","","2","1","0","0","0","0","0","2","0","2","","","","N","","","","","","","","","",""
"2014100296","0423","0","0","0","0","0","0","0","0","0","7","0","","02","10","2014","2","40.478439","-80.103317","0423","11","0","0","0","1","0","0","0","0","1","0","0","0","","","0","","0","","40 28:42.381","6","0","80 06:11.942","0","0","0","0","2126","0","0","0","N","0","0","0","1","02126","0","","5.0","","1","N","N","","1","","0","0","0","","0","Y","","1","0","0","0","0","0","0","2","0","1","","","","N","","","","","","","","","",""
"2014101061","1637","2","0","0","0","0","0","0","0","0","2","0","","02","10","2014","3","40.463905","-79.80101","1632","11","0","0","0","0","0","1","0","0","2","0","0","0","","","2","","2","","40 27:50.058","4","0","79 48:03.636","8","0","0","0","2113","0","0","0","N","0","0","0","2","02113","0","","1.0","","1","N","N","","0","","0","0","0","","3","Y","","2","2","0","0","0","2","0","2","0","2","","","","N","","","","","","","","","",""
"2014098051","2136","2","0","0","0","0","0","0","0","0","4","0","","02","10","2014","6","40.544451","-80.193161","2135","11","0","0","0","0","0","0","0","0","1","0","0","0","","","2","","0","","40 32:40.024","1","0","80 11:35.378","4","0","0","0","2427","0","0","0","N","0","0","0","4","02427","2","","1.0","","9","N","N","","0","","0","0","0","","0","N","","2","2","0","0","0","0","0","2","0","2","","","","N","","","","","","","","","",""
"2014098135","1125","0","0","0","0","0","0","0","0","0","2","0","","02","10","2014","3","40.45824","-79.972156","1125","11","0","0","0","0","0","0","0","1","2","0","0","0","","","3","","2","","40 27:29.664","6","0","79 58:19.761","8","0","0","0","2301","0","0","0","N","0","0","0","3","02301","0","","1.0","","1","N","N","","0","","0","0","1","","0","Y","","2","3","0","0","0","3","0","2","1","2","","","","N","","","","","","","","","",""
"2014097371","0320","2","0","0","0","0","0","0","0","0","4","0","","02","10","2014","1","40.436541","-79.994376","0314","11","0","0","0","0","0","0","0","0","2","0","0","0","","","3","","7","","40 26:11.548","5","2","79 59:39.752","4","0","0","0","2301","0","0","0","N","0","0","0","6","02301","3","","1.0","","1","N","N","","0","","0","0","0","","0","N","","2","3","0","0","0","0","1","2","0","2","","","","N","","","","","","","","","",""
"2014101800","1610","1","0","0","0","0","0","0","0","0","4","0","","02","10","2014","5","40.35205","-79.964629","1608","11","0","0","0","0","0","1","0","0","","0","0","0","","","0","","1","","40 21:07.381","","0","79 57:52.663","0","0","0","0","2403","0","0","0","N","0","0","0","3","02403","0","","1.0","","9","N","N","","1","","0","0","0","","3","","","2","0","0","0","0","0","0","2","0","2","","","","N","","","","","","","","","",""
"2014101076","1541","2","0","0","0","0","0","0","0","0","4","0","","02","10","2014","3","40.340068","-79.859901","1538","11","0","0","0","0","0","2","0","0","","0","0","0","","","1","","2","","40 20:24.246","","3","79 51:35.643","4","0","0","0","2304","0","0","0","N","0","0","0","2","02304","1","","1.0","","1","N","N","","0","","0","0","0","","2","","","2","1","0","0","0","0","0","2","0","2","","","","N","","","","","","","","","",""
"2014100299","0350","0","0","0","0","0","0","0","0","0","4","0","","02","10","2014","2","40.554719","-79.971177","0346","11","0","0","1","0","0","0","0","0","","0","0","0","","","0","","0","","40 33:16.988","","0","79 58:16.236","0","0","0","0","2207","0","0","0","N","0","0","0","2","02207","0","","6.0","","1","N","N","","4","","0","0","0","","0","","","5","0","0","0","0","0","0","2","1","5","","","","N","","","","","","","","","",""
"2014099370","1637","1","0","0","0","0","0","0","0","0","4","0","","02","10","2014","5","40.330054","-79.987351","1634","11","0","0","0","0","0","1","0","0","","0","0","0","","","1","","1","","40 19:48.194","","0","79 59:14.462","4","0","0","0","2219","0","0","0","N","0","0","0","3","02219","1","","1.0","","1","N","N","","1","","0","0","0","","2","","","2","1","0","0","0","0","0","2","0","2","","","","N","","","","","","","","","",""
"2014100171","1546","1","0","0","0","0","0","0","0","0","1","0","","02","10","2014","1","40.381154","-79.811838","1543","11","0","0","0","0","0","0","0","0","","0","0","0","","","0","","2","","40 22:52.153","","0","79 48:42.618","0","0","0","0","2424","0","0","0","N","0","0","0","5","02424","0","","1.0","","1","N","N","","0","","0","0","0","","0","","","2","0","0","0","0","0","0","2","1","2","","","","N","","","","","","","","","",""
"2014101802","1546","2","0","0","0","0","0","0","0","0","1","0","","02","10","2014","5","40.45329","-79.911284","1542","11","0","0","0","0","0","0","0","0","","0","0","0","","","0","","2","","40 27:11.843","","0","79 54:40.622","9","0","0","0","2301","0","0","0","N","0","0","0","6","02301","0","","1.0","","1","N","N","","0","","0","0","1","","0","","","3","0","0","0","0","0","1","2","0","3","","","","N","","","","","","","","","",""
"2014100160","2038","2","0","0","0","0","0","0","0","0","5","0","","02","10","2014","1","40.489088","-80.052272","2034","11","0","0","0","0","1","0","0","0","","0","0","0","","","0","","0","","40 29:20.716","","0","80 03:08.179","0","0","0","0","2404","0","0","0","N","0","0","0","1","02404","0","","6.0","","1","N","N","","0","","0","0","1","","0","","","3","0","0","0","0","0","0","2","0","3","","","","N","","","","","","","","","",""
"2014101819","1100","2","0","0","0","0","0","0","0","0","4","0","","02","10","2014","5","40.451738","-80.132265","1059","11","0","0","0","0","0","1","1","0","1","0","0","0","","","1","","0","","40 27:06.256","4","7","80 07:56.154","4","0","0","0","2115","0","0","0","N","0","0","0","2","02115","1","","1.0","","1","N","N","","0","","0","0","0","","0","N","","2","1","0","0","0","0","0","2","0","2","","","","N","","","","","","","","","",""
"2014098893","1648","0","0","0","0","0","0","0","0","0","7","0","","02","10","2014","4","40.406341","-80.018441","1630","11","0","0","0","0","0","0","0","0","3","0","0","0","","","0","","10","","40 24:22.829","3","0","80 01:06.389","0","0","0","0","2301","0","0","0","N","0","0","0","1","02301","0","","5.0","","1","N","N","","0","","0","0","1","","0","N","","1","0","0","0","0","0","0","2","0","1","","","","N","","","","","","","","","",""
"2014096609","1949","0","0","0","0","0","0","0","0","0","1","0","","02","9","2014","7","40.359788","-80.048316","1948","11","0","0","1","0","0","0","0","0","2","0","0","0","","","0","","0","","40 21:35.237","1","0","80 02:53.937","0","0","0","0","2109","0","0","0","N","0","0","0","2","02109","0","","1.0","","1","N","N","","0","","0","0","2","","0","N","","2","0","0","0","0","0","0","2","0","2","","","","N","","","","","","","","","",""
"2014097390","0933","2","0","0","0","0","0","0","0","0","1","0","","02","10","2014","6","40.625294","-80.058468","0925","11","0","0","0","0","0","0","0","0","","0","0","0","","","1","","0","","40 37:31.058","","0","80 03:30.483","4","0","0","0","2216","0","0","0","N","0","0","0","2","02505","1","","1.0","","1","N","N","","0","","0","0","0","","0","","","2","1","0","0","0","0","0","2","0","2","","","","N","","","","","","","","","",""
"2014100162","1540","1","0","0","0","0","0","0","0","0","1","0","","02","10","2014","1","40.618296","-79.904835","1535","11","0","0","0","0","0","0","0","0","2","0","0","0","","","1","","2","","40 37:05.866","3","0","79 54:17.406","4","0","0","0","2220","0","0","0","N","0","0","0","6","02220","1","","1.0","","1","N","N","","0","","0","0","1","","0","Y","","2","1","0","0","0","0","0","2","0","2","","","","N","","","","","","","","","",""
"2014099460","1455","1","0","0","0","0","0","0","0","0","7","0","","02","9","2014","6","40.441975","-79.793218","1422","11","0","0","0","0","0","0","0","0","2","0","0","0","","","1","","0","","40 26:31.110","3","0","79 47:35.585","4","0","0","0","2446","0","0","0","N","0","0","0","1","68B03","1","","3.0","","1","N","N","","0","","0","0","0","","0","N","","2","1","0","0","0","0","0","2","0","1","","","","N","","","","","","","","","",""
"2014099461","1651","2","0","0","0","0","0","0","0","0","5","0","","02","9","2014","2","40.428451","-79.947082","1640","11","0","0","0","0","0","0","0","0","2","0","0","0","","","1","","0","","40 25:42.423","4","0","79 56:49.495","8","0","0","0","2301","0","0","0","N","0","0","0","3","68B03","0","","1.0","","1","N","N","","0","","0","0","0","","0","N","","2","1","1","0","0","1","0","2","0","2","","","","N","","","","","","","","","",""
"2014099462","1239","2","0","0","0","0","0","0","0","0","5","0","","02","10","2014","4","40.427953","-79.890041","1232","11","0","0","0","0","1","0","0","0","1","0","0","0","","","0","","0","","40 25:40.632","3","0","79 53:24.147","0","0","0","0","2426","0","0","0","N","0","0","0","6","68B03","0","","1.0","","1","N","N","","0","","0","0","1","","0","N","","3","0","0","0","0","0","0","2","0","3","","","","N","","","","","","","","","",""
"2014099463","1604","2","0","0","0","0","0","0","0","0","1","1","45","02","10","2014","6","40.410646","-80.073436","1542","11","0","0","0","0","0","1","0","0","1","0","1","0","","","5","","0","","40 24:38.324","3","0","80 04:24.371","4","0","0","0","2117","0","0","0","N","0","0","0","9","68B03","5","","1.0","","9","N","N","","0","","0","0","0","","0","N","","4","5","0","0","0","0","0","2","1","4","","","N","Y","4","1","N","N","N","N","N","N","Y",""