"CRN","ARRIVAL_TM","AUTOMOBILE_COUNT","BELTED_DEATH_COUNT","BELTED_SUSP_SERIOUS_INJ_COUNT","BICYCLE_COUNT","BICYCLE_DEATH_COUNT","BICYCLE_SUSP_SERIOUS_INJ_COUNT","BUS_COUNT","CHLDPAS_DEATH_COUNT","CHLDPAS_SUSP_SERIOUS_INJ_COUNT","COLLISION_TYPE","COMM_VEH_COUNT","CONS_ZONE_SPD_LIM","COUNTY","CRASH_MONTH","CRASH_YEAR","DAY_OF_WEEK","DEC_LATITUDE","DEC_LONGITUDE","DISPATCH_TM","DISTRICT","DRIVER_COUNT_16YR","DRIVER_COUNT_17YR","DRIVER_COUNT_18YR","DRIVER_COUNT_19YR","DRIVER_COUNT_20YR","DRIVER_COUNT_50_64YR","DRIVER_COUNT_65_74YR","DRIVER_COUNT_75PLUS","EST_HRS_CLOSED","FATAL_COUNT","HEAVY_TRUCK_COUNT","HORSE_BUGGY_COUNT","HOUR_OF_DAY","ILLUMINATION","INJURY_COUNT","INTERSECTION_RELATED","INTERSECT_TYPE","LANE_CLOSED","LATITUDE","LN_CLOSE_DIR","LOCATION_TYPE","LONGITUDE","MAX_SEVERITY_LEVEL","MCYCLE_DEATH_COUNT","MCYCLE_SUSP_SERIOUS_INJ_COUNT","MOTORCYCLE_COUNT","MUNICIPALITY","NONMOTR_COUNT","NONMOTR_DEATH_COUNT","NONMOTR_SUSP_SERIOUS_INJ_COUNT","NTFY_HIWY_MAINT","PED_COUNT","PED_DEATH_COUNT","PED_SUSP_SERIOUS_INJ_COUNT","PERSON_COUNT","POLICE_AGCY","POSSIBLE_INJ_COUNT","RDWY_SURF_TYPE_CD","RELATION_TO_ROAD","ROADWAY_CLEARED","ROAD_CONDITION","SCH_BUS_IND","SCH_ZONE_IND","SECONDARY_CRASH","SMALL_TRUCK_COUNT","SPEC_JURIS_CD","SUSP_MINOR_INJ_COUNT","SUSP_SERIOUS_INJ_COUNT","SUV_COUNT","TCD_FUNC_CD","TCD_TYPE","TFC_DETOUR_IND","TIME_OF_DAY","TOTAL_UNITS","TOT_INJ_COUNT","UNBELTED_OCC_COUNT","UNB_DEATH_COUNT","UNB_SUSP_SERIOUS_INJ_COUNT","UNK_INJ_DEG_COUNT","UNK_INJ_PER_COUNT","URBAN_RURAL","VAN_COUNT","VEHICLE_COUNT","WEATHER1","WEATHER2","WORKERS_PRES","WORK_ZONE_IND","WORK_ZONE_LOC","WORK_ZONE_TYPE","WZ_CLOSE_DETOUR","WZ_FLAGGER","WZ_LAW_OFFCR_IND","WZ_LN_CLOSURE","WZ_MOVING","WZ_OTHER","WZ_SHLDER_MDN","WZ_WORKERS_INJ_KILLED"
"2014101810","1530","1","0","0","0","0","0","0","0","0","1","0","","02","10","2014","5","40.352556","-79.850203","1530","11","0","0","0","0","0","1","0","0","","0","0","0","","","1","","0","","40 21:09.202","","0","79 51:00.729","4","0","0","0","2304","0","0","0","N","0","0","0","2","02304","1","","1.0","","1","N","N","","0","","0","0","1","","2","","","2","1","0","0","0","0","0","2","0","2","","","","N","","","","","","","","","",""
"2014096540","1700","1","0","0","0","0","0","0","0","0","1","0","","02","10","2014","5","40.474348","-79.787486","1655","11","0","0","0","0","0","1","0","0","2","0","0","0","","","1","","0","","40 28:27.652","2","0","79 47:14.949","8","0","0","0","2113","0","0","0","N","0","0","0","3","02113","0","","1.0","","1","N","N","","0","","0","0","0","","0","N","","2","1","0","0","0","1","0","2","0","2","","","","N","","","","","","","","","",""
"2014099379","1917","1","0","0","0","0","0","0","0","0","1","0","","02","10","2014","5","40.408651","-79.991262","1917","11","0","0","0","0","0","1","0","0","","0","0","0","","","2","","0","","40 24:31.143","","0","79 59:28.543","3","0","0","0","2301","0","0","0","N","0","0","0","3","02301","1","","1.0","","1","N","N","","1","","1","0","1","","0","","","3","2","0","0","0","0","0","2","0","3","","","","N","","","","","","","","","",""
"2014101748","0824","1","0","0","0","0","0","0","0","0","1","0","30","02","10","2014","5","40.37864","-79.992941","0824","11","0","0","0","0","0","1","0","0","2","0","0","0","","","0","","0","","40 22:43.104","1","0","79 59:34.589","0","0","0","0","2476","0","0","0","N","0","0","0","2","02476","0","","1.0","","1","N","N","","0","","0","0","1","","0","N","","2","0","0","0","0","0","0","2","0","2","","","Y","Y","3","1","","","N","","","","",""
"2014099464","1440","1","0","0","0","0","0","0","0","0","1","0","","02","10","2014","7","40.425539","-79.907678","1411","11","0","0","0","0","1","0","0","0","","0","0","0","","","0","","0","","40 25:31.940","","0","79 54:27.641","0","0","0","0","2301","0","0","0","N","0","0","0","2","68B03","0","","1.0","","9","N","N","","0","","0","0","1","","0","","","2","0","0","0","0","0","0","2","0","2","","","","N","","","","","","","","","",""
"2014101811","1732","1","0","0","0","0","0","0","0","0","4","0","","02","10","2014","5","40.420219","-79.990788","1732","11","0","0","0","0","0","0","0","0","1","0","0","0","","","1","","2","","40 25:12.788","1","0","79 59:26.836","3","0","0","1","2301","0","0","0","N","0","0","0","2","02301","0","","1.0","","1","N","N","","0","","1","0","0","","0","Y","","2","1","0","0","0","0","0","2","0","2","","","","N","","","","","","","","","",""
"2014098900","2008","2","0","0","0","0","0","0","0","0","6","0","","02","10","2014","3","40.282315","-80.002015","2008","11","0","0","0","0","0","0","1","0","","0","0","0","","","1","","2","","40 16:56.335","","0","80 00:07.254","8","0","0","0","2219","0","0","0","N","0","0","0","2","02219","0","","1.0","","9","N","N","","0","","0","0","0","","3","","","2","1","0","0","0","1","0","2","0","2","","","","N","","","","","","","","","",""
"2014101680","2024","1","0","0","0","0","0","0","0","0","8","0","","02","10","2014","7","40.362109","-79.860259","2020","11","0","0","0","0","0","0","0","0","1","0","0","0","","","1","","0","","40 21:43.592","6","0","79 51:36.932","8","0","0","0","2473","1","0","0","N","1","0","0","2","02473","0","","1.0","","1","N","N","","0","","0","0","0","","0","Y","","2","1","0","0","0","1","0","2","0","1","","","","N","","","","","","","","","",""
"2014101749","1013","2","0","0","0","0","0","0","0","0","4","0","","02","10","2014","4","40.51513","-80.162452","1012","11","0","0","0","0","0","0","1","1","","0","0","0","","","0","","1","","40 30:54.468","","0","80 09:44.827","0","0","0","0","2420","0","0","0","N","0","0","0","2","02420","0","","1.0","","1","N","N","","0","","0","0","0","","3","","","2","0","0","0","0","0","0","2","0","2","","","","N","","","","","","","","","",""
"2014099465","0650","0","0","0","0","0","0","0","0","0","1","0","","02","10","2014","2","40.439928","-79.860479","0617","11","0","0","0","0","0","2","0","0","","0","0","0","","","0","","0","","40 26:23.741","","0","79 51:37.725","0","0","0","0","2419","0","0","0","N","0","0","0","3","68B03","0","","1.0","","1","N","N","","1","","0","0","2","","0","","","3","0","0","0","0","0","0","2","0","3","","","","N","","","","","","","","","",""
"2014099529","1112","1","0","0","0","0","0","0","0","0","7","0","","02","10","2014","3","40.43307","-79.884751","1112","11","0","0","0","0","0","0","0","0","1","0","0","0","","","1","","2","","40 25:59.052","2","0","79 53:05.103","3","0","0","0","2426","0","0","0","N","0","0","0","3","02426","0","","4.0","","1","N","N","","0","","1","0","0","","2","N","","1","1","0","0","0","0","1","2","0","1","","","","N","","","","","","","","","",""
"2014098066","0714","0","0","0","0","0","0","1","0","0","6","1","","02","10","2014","3","40.514348","-79.878851","0714","11","0","1","0","0","0","0","1","0","2","0","0","0","","","0","","0","","40 30:51.653","6","0","79 52:43.865","9","0","0","0","2432","0","0","0","N","0","0","0","2","02432","0","","1.0","","1","Y","N","","0","","0","0","0","","2","Y","","2","0","0","0","0","0","1","2","1","2","","","","N","","","","","","","","","",""
"2014100951","0729","0","0","0","0","0","0","0","0","0","1","0","","02","10","2014","5","40.500068","-79.863573","0700","11","0","0","0","0","0","0","1","0","","0","0","0","","","0","","0","","40 30:00.243","","0","79 51:48.863","0","0","0","0","2112","0","0","0","N","0","0","0","2","68D02","0","","1.0","","1","N","N","","1","","0","0","0","","0","","","2","0","0","0","0","0","0","2","1","2","","","","N","","","","","","","","","",""
"2014099466","0833","1","0","0","0","0","0","0","0","0","1","0","","02","10","2014","2","40.432983","-79.961628","0821","11","0","0","0","0","0","1","0","0","1","0","0","0","","","1","","0","","40 25:58.738","4","0","79 57:41.859","4","0","0","0","2301","0","0","0","N","0","0","0","4","68B03","1","","1.0","","1","N","N","","0","","0","0","0","","0","N","","3","1","0","0","0","0","0","2","2","3","","","","N","","","","","","","","","",""
"2014098067","1439","1","0","0","0","0","0","0","0","0","4","0","","02","10","2014","2","40.336431","-79.971576","1437","11","0","0","0","0","0","0","0","0","1","0","0","0","","","1","","2","","40 20:11.152","3","0","79 58:17.672","3","0","0","0","2454","0","0","0","N","0","0","0","2","02454","0","","1.0","","9","N","N","","0","","1","0","1","","2","Y","","2","1","0","0","0","0","0","2","0","2","","","","N","","","","","","","","","",""
"2014098171","1730","2","0","0","0","0","0","0","0","0","4","0","","02","10","2014","2","","","1730","11","0","0","0","0","0","0","0","0","2","0","0","0","","","1","","0","","","7","0","","4","0","0","0","2455","0","0","0","N","0","0","0","2","02455","1","","1.0","","9","N","N","","0","","0","0","0","","0","Y","","2","1","0","0","0","0","0","1","0","2","","","","N","","","","","","","","","",""
"2014097397","1229","2","0","0","0","0","0","0","0","0","4","0","","02","10","2014","6","40.672726","-80.069462","1211","11","0","0","0","0","0","0","0","0","1","0","0","0","","","0","","1","","40 40:21.814","7","0","80 04:10.064","0","0","0","0","2216","0","0","0","N","0","0","0","4","02505","0","","1.0","","9","N","N","","0","","0","0","0","","3","N","","2","0","0","0","0","0","0","2","0","2","","","","N","","","","","","","","","",""
"2014100952","1651","1","0","0","0","0","0","0","0","0","99","0","","02","10","2014","5","40.519473","-79.853387","1651","11","0","0","0","0","0","0","0","0","","0","0","0","","","0","","0","","40 31:10.104","","0","79 51:12.192","0","0","0","0","2112","0","0","0","N","0","0","0","1","68D02","0","","1.0","","1","N","N","","0","","0","0","0","","0","","","1","0","0","0","0","0","0","2","0","1","","","","N","","","","","","","","","",""
"2014099543","0800","0","0","0","0","0","0","1","0","0","8","1","","02","10","2014","6","40.442475","-79.999533","0744","11","0","0","0","0","0","1","0","0","","0","0","0","","","1","","0","","40 26:32.910","","0","79 59:58.318","2","0","0","0","2301","1","0","1","N","1","0","1","2","02301","0","","6.0","","1","N","N","","0","","0","1","0","","0","","","2","1","0","0","0","0","0","2","0","1","","","","N","","","","","","","","","",""
"2014096545","1812","2","0","0","0","0","0","0","0","0","4","0","","02","10","2014","5","40.431711","-80.013701","1758","11","0","0","0","0","0","0","0","0","3","0","0","0","","","3","","1","","40 25:54.159","3","0","80 00:49.323","4","0","0","0","2301","0","0","0","N","0","0","0","5","02301","3","","1.0","","1","N","N","","0","","0","0","0","","0","N","","2","3","2","0","0","0","0","2","0","2","","","","N","","","","","","","","","",""
"2014098172","1527","1","0","0","0","0","0","0","0","0","2","0","","02","10","2014","3","40.45329","-80.001665","1523","11","0","0","0","0","0","0","0","0","","0","0","0","","","2","","1","","40 27:11.845","","0","80 00:05.994","4","0","0","0","2301","0","0","0","N","0","0","0","3","02301","1","","1.0","","9","N","N","","0","","0","0","1","","2","","","2","2","0","0","0","1","0","2","0","2","","","","N","","","","","","","","","",""
"2014100886","1515","1","0","0","0","0","0","0","0","0","8","0","","02","10","2014","3","40.434056","-79.989667","1509","11","0","0","0","0","0","0","0","0","","0","0","0","","","1","","0","","40 26:02.600","","0","79 59:22.800","3","0","0","0","2301","1","0","0","N","1","0","0","2","02301","0","","1.0","","1","N","N","","0","","1","0","0","","2","","","2","1","1","0","0","0","0","2","0","1","","","","N","","","","","","","","","",""
"2014100263","0110","2","0","0","0","0","0","0","0","0","5","0","","02","10","2014","1","40.44414","-80.028092","0105","11","0","0","0","0","0","0","0","0","","0","0","0","","","1","","5","","40 26:38.905","","8","80 01:41.132","8","0","0","0","2301","0","0","0","N","0","0","0","2","02301","0","","1.0","","1","N","N","","0","","0","0","0","","2","","","2","1","0","0","0","1","1","2","0","2","","","","N","","","","","","","","","",""
"2014096548","2115","1","0","0","0","0","0","0","0","0","1","0","","02","9","2014","1","40.487231","-79.957252","2109","11","0","0","0","0","0","1","0","0","","0","0","0","","","0","","0","","40 29:14.032","","0","79 57:26.106","0","0","0","0","2118","0","0","0","N","0","0","0","5","02118","0","","1.0","","1","N","N","","0","","0","0","1","","0","","","2","0","0","0","0","0","0","2","0","2","","","","N","","","","","","","","","",""
"2014097336","0218","5","0","0","0","0","0","0","0","0","8","0","","02","10","2014","1","40.457878","-79.937103","0218","11","0","0","0","0","0","0","0","0","","0","0","0","","","1","","0","","40 27:28.360","","0","79 56:13.570","4","0","0","0","2301","1","0","0","N","1","0","0","3","02301","1","","1.0","","1","N","N","","2","","0","0","1","","0","","","9","1","1","0","0","0","0","2","0","8","","","","N","","","","","","","","","",""
"2014098174","1740","2","0","0","0","0","0","0","0","0","4","0","","02","10","2014","4","40.310553","-79.826666","1732","11","0","0","0","0","0","0","0","0","","0","0","0","","","0","","5","","40 18:37.992","","3","79 49:35.996","0","0","0","0","2105","0","0","0","N","0","0","0","2","02105","0","","1.0","","1","N","N","","0","","0","0","0","","2","","","2","0","0","0","0","0","0","2","0","2","","","","N","","","","","","","","","",""
"2014101818","1450","1","0","0","0","0","0","0","0","0","4","0","","02","10","2014","5","","","1445","11","0","1","0","0","0","1","0","0","1","0","0","0","","","0","","0","","","3","0","","0","0","0","0","2301","0","0","0","N","0","0","0","2","02301","0","","1.0","","1","N","N","","0","","0","0","1","","0","N","","2","0","0","0","0","0","0","1","0","2","","","","N","","","","","","","","","",""
"2014099056","0838","2","0","0","0","0","0","0","0","0","4","0","","02","10","2014","5","40.449496","-80.000931","0827","11","0","0","0","0","0","1","0","0","1","0","0","0","","","0","","5","","40 26:58.185","2","0","80 00:03.353","0","0","0","0","2301","0","0","0","N","0","0","0","2","02301","0","","1.0","","1","N","N","","0","","0","0","0","","2","N","","2","0","0","0","0","0","0","2","0","2","","","","N","","","","","","","","","",""
"2014097624","1340","1","0","0","0","0","0","0","0","0","7","0","","02","10","2014","6","40.343369","-79.940655","1332","11","0","0","0","0","0","0","0","0","","0","0","0","","","0","","2","","40 20:36.128","","0","79 56:26.358","0","0","0","0","2473","0","0","0","N","0","0","0","1","02473","0","","4.0","","9","N","N","","0","","0","0","0","","2","","","1","0","0","0","0","0","0","2","0","1","","","","N","","","","","","","","","",""
"2014097481","1312","2","0","0","0","0","0","0","0","0","4","0","","02","10","2014","6","40.584434","-79.950806","1310","11","0","0","0","0","0","0","0","0","","0","0","0","","","1","","2","","40 35:03.962","","0","79 57:02.900","4","0","0","0","2207","0","0","0","N","0","0","0","2","02207","1","","1.0","","9","N","N","","0","","0","0","0","","2","","","2","1","0","0","0","0","0","2","0","2","","","","N","","","","","","","","","",""
"2014096985","2244","1","0","0","0","0","0","0","0","0","2","0","","02","10","2014","6","40.517034","-80.267567","2238","11","0","0","0","0","0","0","0","0","","0","0","0","","","0","","0","","40 31:01.321","","0","80 16:03.241","0","0","0","0","2203","0","0","0","","0","0","0","3","02203","0","","1.0","","9","N","N","","0","","0","0","1","","0","","","2","0","0","0","0","0","0","2","0","2","","","","N","","","","","","","","","",""
"2014097758","1735","2","0","0","0","0","0","0","0","0","4","0","","02","10","2014","2","40.437138","-79.919235","1728","11","0","0","0","0","0","0","0","0","","0","0","0","","","0","","1","","40 26:13.696","","0","79 55:09.246","0","0","0","0","2301","0","0","0","N","0","0","0","2","02301","0","","1.0","","9","N","N","","0","","0","0","0","","0","","","2","0","0","0","0","0","0","2","0","2","","","","N","","","","","","","","","",""
"2014097554","0429","0","0","0","0","0","0","0","0","0","7","0","","02","10","2014","1","40.33467","-79.792977","0426","11","0","0","0","0","0","0","0","0","3","1","0","0","","","0","","0","","40 20:04.813","6","0","79 47:34.717","1","0","0","0","2477","0","0","0","N","0","0","0","1","02477","0","2","4.0","","1","N","N","","0","0","0","0","1","","0","Y","","1","0","1","1","0","0","0","2","0","1","","","","N","","","","","","","","","",""
"2014097409","1145","1","0","0","0","0","0","0","0","0","1","0","","02","10","2014","1","40.462718","-79.705661","1143","11","1","0","0","0","0","0","0","0","1","0","0","0","","","0","","0","","40 27:45.783","6","7","79 42:20.379","0","0","0","0","2466","0","0","0","N","0","0","0","3","02466","0","","1.0","","1","N","N","","0","","0","0","1","","0","N","","2","0","0","0","0","0","0","2","0","2","","","","N","","","","","","","","","",""
"2014097484","1624","1","0","0","0","0","0","0","0","0","7","0","","02","9","2014","7","40.492091","-79.950329","1619","11","0","0","0","0","0","0","0","0","2","0","0","0","","","3","","0","","40 29:31.526","2","0","79 57:01.186","3","0","0","0","2430","0","0","0","N","0","0","0","4","02430","0","","4.0","","1","N","N","","0","","2","0","0","","0","N","","1","3","3","0","0","1","0","2","0","1","","","","N","","","","","","","","","",""
"2014097555","0614","0","0","0","0","0","0","0","0","0","4","0","","02","10","2014","1","40.440896","-79.856332","0614","11","0","0","0","0","0","1","0","0","","0","0","0","","","0","","7","","40 26:27.227","","2","79 51:22.795","0","0","0","0","2419","0","0","0","N","0","0","0","2","02419","0","","1.0","","1","N","N","","0","","0","0","1","","2","","","2","0","0","0","0","0","0","2","1","2","","","","N","","","","","","","","","",""
"2014099190","1704","2","0","0","0","0","0","0","0","0","1","0","","02","10","2014","4","40.344557","-79.797156","1700","11","0","0","0","0","0","0","1","0","","0","0","0","","","0","","0","","40 20:40.404","","0","79 47:49.761","0","0","0","0","2477","0","0","0","N","0","0","0","4","02477","0","","1.0","","1","N","N","","1","","0","0","0","","0","","","3","0","0","0","0","0","0","2","0","3","","","","N","","","","","","","","","",""
"2014097628","0023","1","0","0","0","0","0","0","0","0","7","0","","02","10","2014","1","40.450439","-79.89857","0018","11","0","0","0","0","0","0","0","0","","0","0","0","","","2","","2","","40 27:01.580","","0","79 53:54.852","2","0","0","0","2301","0","0","0","N","0","0","0","2","02301","0","","2.0","","1","N","N","","0","","0","2","0","","3","","","1","2","2","0","2","0","0","2","0","1","","","","N","","","","","","","","","",""
"2014098527","1341","0","0","0","0","0","0","0","0","0","7","0","","02","10","2014","4","40.531769","-80.000457","1338","11","0","0","0","0","0","0","0","0","","0","0","0","","","1","","2","","40 31:54.368","","0","80 00:01.645","8","0","0","0","2116","0","0","0","N","0","0","0","1","02116","0","","5.0","","9","N","N","","0","","0","0","1","","0","","","1","1","1","0","0","1","0","2","0","1","","","","N","","","","","","","","","",""
"2014097412","1327","3","0","0","0","0","0","0","0","0","1","0","","02","10","2014","1","40.652874","-80.054141","1320","11","0","0","0","0","0","2","0","0","1","0","0","0","","","4","","2","","40 39:10.346","1","0","80 03:14.909","3","0","0","0","2216","0","0","0","N","0","0","0","4","02505","3","","1.0","","1","N","N","","0","","1","0","0","","0","N","","3","4","0","0","0","0","0","2","0","3","","","","N","","","","","","","","","",""
"2014099062","0825","1","0","0","0","0","0","0","0","0","5","0","","02","10","2014","5","40.214468","-79.841829","0823","11","0","0","0","0","0","0","0","0","","0","0","0","","","1","","0","","40 12:52.086","","0","79 50:30.586","4","0","0","0","2204","0","0","0","N","0","0","0","2","02204","1","","1.0","","1","N","N","","0","","0","0","1","","2","","","2","1","0","0","0","0","0","1","0","2","","","","N","","","","","","","","","",""
"2014097630","0542","1","0","0","0","0","0","0","0","0","7","0","","02","10","2014","4","40.302694","-80.012767","0538","11","0","0","0","1","0","0","0","0","","0","0","0","","","1","","2","","40 18:09.698","","0","80 00:45.961","8","0","0","0","2219","0","0","0","N","0","0","0","1","02219","0","","5.0","","1","N","N","","0","","0","0","0","","0","","","1","1","1","0","0","1","0","2","0","1","","","","N","","","","","","","","","",""
"2014098390","1648","1","0","0","0","0","0","0","0","0","1","0","","02","10","2014","3","40.456414","-79.709666","1639","11","0","0","0","0","0","1","0","0","","0","0","0","","","2","","0","","40 27:23.090","","0","79 42:34.798","4","0","0","0","2466","0","0","0","N","0","0","0","3","02466","1","","1.0","","9","N","N","","0","","0","0","2","","0","","","3","2","0","0","0","1","0","2","0","3","","","","N","","","","","","","","","",""
"2014097492","2001","1","0","0","0","0","0","0","0","0","1","0","","02","10","2014","6","40.67285","-80.094713","1956","11","0","0","1","0","0","1","0","0","1","0","0","0","","","0","","0","","40 40:22.260","3","3","80 05:40.966","0","0","0","0","2212","0","0","0","N","0","0","0","2","02505","0","","1.0","","9","N","N","","0","","0","0","1","","0","N","","2","0","0","0","0","0","0","2","0","2","","","","N","","","","","","","","","",""
"2014096150","1908","0","0","0","0","0","0","0","0","0","0","0","","02","10","2014","4","40.318176","-79.946097","1904","11","0","0","0","0","0","0","0","0","","0","0","0","","","1","","0","","40 19:05.433","","0","79 56:45.949","2","0","1","1","2454","0","0","0","N","0","0","0","1","02454","0","","1.0","","1","N","N","","0","","0","1","0","","0","","","1","1","0","0","0","0","0","2","0","1","","","","N","","","","","","","","","",""
"2014097417","1340","2","0","0","0","0","0","0","0","0","4","0","","02","10","2014","1","40.450547","-79.983319","1330","11","0","0","0","0","0","0","0","0","","0","0","0","","","0","","2","","40 27:01.969","","0","79 58:59.948","0","0","0","0","2301","0","0","0","N","0","0","0","3","02301","0","","1.0","","1","N","N","","0","","0","0","0","","3","","","2","0","0","0","0","0","0","2","0","2","","","","N","","","","","","","","","",""
"2014098406","2345","1","0","0","0","0","0","0","0","0","7","0","","02","10","2014","3","40.452974","-80.028018","2337","11","0","0","0","0","0","0","0","0","","0","0","0","","","1","","2","","40 27:10.705","","0","80 01:40.866","4","0","0","0","2301","0","0","0","N","0","0","0","1","02301","1","","5.0","","9","N","N","","0","","0","0","0","","3","","","1","1","0","0","0","0","0","2","0","1","","","","N","","","","","","","","","",""
"2014096152","2008","2","0","0","0","0","0","0","0","0","5","0","","02","10","2014","4","40.419724","-79.929733","2004","11","0","0","0","0","0","0","0","0","3","0","0","0","","","1","","0","","40 25:11.006","6","0","79 55:47.038","4","0","0","0","2301","0","0","0","N","0","0","0","1","02301","1","","1.0","","1","N","N","","1","","0","0","0","","0","Y","","3","1","0","0","0","0","0","2","0","3","","","","N","","","","","","","","","",""
"2014098535","1225","1","0","0","0","0","0","0","0","0","4","0","","02","10","2014","7","40.572128","-80.023673","1221","11","0","0","0","0","0","0","1","0","1","0","0","0","","","1","","1","","40 34:19.660","6","0","80 01:25.221","8","0","0","0","2108","0","0","0","N","0","0","0","2","02108","0","","1.0","","1","N","N","","0","","0","0","1","","2","N","","2","1","0","0","0","1","0","2","0","2","","","","N","","","","","","","","","",""
"2014097712","1119","1","0","0","0","0","0","0","0","0","6","0","","02","10","2014","2","40.673863","-80.116529","1112","11","0","0","0","0","0","0","0","0","1","0","0","0","","","1","","0","","40 40:25.905","2","0","80 06:59.505","4","0","0","0","2212","0","0","0","N","0","0","0","2","02505","1","","1.0","","1","N","N","","0","","0","0","1","","0","N","","2","1","0","0","0","0","0","2","0","2","","","","N","","","","","","","","","",""
"2014097494","1906","1","0","0","0","0","0","0","0","0","7","0","","02","10","2014","6","40.659544","-80.114692","1903","11","0","0","0","0","0","0","0","0","2","0","0","0","","","1","","0","","40 39:34.360","6","0","80 06:52.890","4","0","0","0","2212","0","0","0","N","0","0","0","1","02505","1","","5.0","","9","N","N","","0","","0","0","0","","0","N","","1","1","0","0","0","0","0","2","0","1","","","","N","","","","","","","","","",""
"2014096941","1743","2","0","0","0","0","0","0","0","0","4","0","","02","10","2014","6","40.458319","-79.933818","1734","11","0","0","0","0","0","0","0","0","","0","0","0","","","0","","1","","40 27:29.947","","0","79 56:01.745","0","0","0","0","2301","0","0","0","N","0","0","0","2","02301","0","","1.0","","9","N","N","","0","","0","0","0","","9","","","2","0","0","0","0","0","0","2","0","2","","","","N","","","","","","","","","",""
"2014099136","1438","1","0","0","0","0","0","0","0","0","1","0","","02","10","2014","4","40.472167","-79.963354","1430","11","0","0","0","0","0","0","0","0","","0","0","0","","","0","","1","","40 28:19.801","","0","79 57:48.074","9","0","0","1","2301","0","0","0","N","0","0","0","2","02301","0","","1.0","","1","N","N","","0","","0","0","0","","3","","","2","0","0","0","0","0","1","2","0","2","","","","N","","","","","","","","","",""
"2014098395","2203","1","0","0","0","0","0","0","0","0","7","0","","02","10","2014","3","40.414138","-80.0095","2145","11","0","0","0","0","0","0","0","0","2","0","0","0","","","0","","7","","40 24:50.897","1","2","80 00:34.199","0","0","0","0","2301","0","0","0","N","0","0","0","2","02301","0","","5.0","","9","N","N","","0","","0","0","0","","0","N","","1","0","0","0","0","0","0","2","0","1","","","","N","","","","","","","","","",""
"2014096942","1728","1","0","0","0","0","0","0","0","0","1","0","","02","10","2014","6","40.442124","-80.183249","1726","11","0","0","0","0","0","0","0","0","","0","0","0","","","0","","0","","40 26:31.648","","0","80 10:59.697","0","0","0","0","2214","0","0","0","N","0","0","0","3","02214","0","","1.0","","9","N","N","","0","","0","0","1","","0","","","2","0","0","0","0","0","0","2","0","2","","","","N","","","","","","","","","",""
"2014096943","1555","2","0","0","0","0","0","0","0","0","6","0","","02","10","2014","6","40.457531","-79.843471","1550","11","0","0","0","0","0","0","0","0","","0","0","0","","","0","","0","","40 27:27.112","","0","79 50:36.496","0","0","0","0","2113","0","0","0","N","0","0","0","2","02113","0","","1.0","","9","N","N","","0","","0","0","0","","0","","","2","0","0","0","0","0","0","2","0","2","","","","N","","","","","","","","","",""
"2014098748","1157","1","0","0","0","0","0","0","0","0","7","0","","02","10","2014","2","40.389795","-80.047712","1156","11","0","0","0","0","0","0","0","1","","0","0","0","","","1","","0","","40 23:23.261","","0","80 02:51.763","8","0","0","0","2109","0","0","0","N","0","0","0","1","02109","0","","5.0","","1","N","N","","0","","0","0","0","","2","","","1","1","0","0","0","1","0","2","0","1","","","","N","","","","","","","","","",""
"2014099073","0858","0","0","0","0","0","0","0","0","0","7","0","","02","10","2014","5","40.361927","-79.982919","0858","11","0","0","0","0","0","0","0","0","","0","0","0","","","0","","0","","40 21:42.938","","0","79 58:58.510","0","0","0","0","2413","0","0","0","Y","0","0","0","1","02413","0","","2.0","","1","N","N","","0","","0","0","1","","0","","","1","0","0","0","0","0","0","2","0","1","","","","N","","","","","","","","","",""
"2014097091","0712","1","0","0","0","0","0","0","0","0","4","0","","02","10","2014","7","40.438522","-79.984147","0710","11","0","0","0","0","0","0","0","0","","0","0","0","","","0","","1","","40 26:18.679","","0","79 59:02.929","9","0","0","0","2301","0","0","0","N","0","0","0","4","02301","0","","1.0","","9","N","N","","0","","0","0","0","","2","","","2","0","0","0","0","0","2","2","0","2","","","","N","","","","","","","","","",""
"2014096869","1554","0","0","0","0","0","0","0","0","0","99","0","","02","10","2014","6","40.391728","-79.934514","1514","11","0","0","0","0","0","0","0","0","","0","0","0","","","0","","6","","40 23:30.221","","2","79 56:04.249","0","0","0","0","2301","0","0","0","N","0","0","0","0","02301","0","","1.0","","9","N","N","","0","","0","0","1","","0","","","1","0","0","0","0","0","0","2","0","1","","","","N","","","","","","","","","",""
"2014099154","1508","0","0","0","0","0","0","0","0","0","7","0","","02","10","2014","5","40.377794","-80.216707","1502","11","0","0","0","0","0","0","0","0","2","0","0","0","","","1","","2","","40 22:40.058","3","0","80 13:00.145","2","0","1","1","2214","0","0","0","N","0","0","0","1","02214","0","","2.0","","1","N","N","","0","","0","1","0","","0","N","","1","1","0","0","0","0","0","2","0","1","","","","N","","","","","","","","","",""
"2014097644","0831","2","0","0","0","0","0","0","0","0","4","0","","02","10","2014","2","40.438301","-79.897062","0818","11","0","0","0","0","0","1","0","0","3","0","0","0","","","0","","2","","40 26:17.883","1","0","79 53:49.423","0","0","0","0","2301","0","0","0","N","0","0","0","2","02301","0","","1.0","","1","N","N","","0","","0","0","0","","0","N","","2","0","0","0","0","0","0","2","0","2","","","","N","","","","","","","","","",""