"CRN","ARRIVAL_TM","AUTOMOBILE_COUNT","BELTED_DEATH_COUNT","BELTED_SUSP_SERIOUS_INJ_COUNT","BICYCLE_COUNT","BICYCLE_DEATH_COUNT","BICYCLE_SUSP_SERIOUS_INJ_COUNT","BUS_COUNT","CHLDPAS_DEATH_COUNT","CHLDPAS_SUSP_SERIOUS_INJ_COUNT","COLLISION_TYPE","COMM_VEH_COUNT","CONS_ZONE_SPD_LIM","COUNTY","CRASH_MONTH","CRASH_YEAR","DAY_OF_WEEK","DEC_LATITUDE","DEC_LONGITUDE","DISPATCH_TM","DISTRICT","DRIVER_COUNT_16YR","DRIVER_COUNT_17YR","DRIVER_COUNT_18YR","DRIVER_COUNT_19YR","DRIVER_COUNT_20YR","DRIVER_COUNT_50_64YR","DRIVER_COUNT_65_74YR","DRIVER_COUNT_75PLUS","EST_HRS_CLOSED","FATAL_COUNT","HEAVY_TRUCK_COUNT","HORSE_BUGGY_COUNT","HOUR_OF_DAY","ILLUMINATION","INJURY_COUNT","INTERSECTION_RELATED","INTERSECT_TYPE","LANE_CLOSED","LATITUDE","LN_CLOSE_DIR","LOCATION_TYPE","LONGITUDE","MAX_SEVERITY_LEVEL","MCYCLE_DEATH_COUNT","MCYCLE_SUSP_SERIOUS_INJ_COUNT","MOTORCYCLE_COUNT","MUNICIPALITY","NONMOTR_COUNT","NONMOTR_DEATH_COUNT","NONMOTR_SUSP_SERIOUS_INJ_COUNT","NTFY_HIWY_MAINT","PED_COUNT","PED_DEATH_COUNT","PED_SUSP_SERIOUS_INJ_COUNT","PERSON_COUNT","POLICE_AGCY","POSSIBLE_INJ_COUNT","RDWY_SURF_TYPE_CD","RELATION_TO_ROAD","ROADWAY_CLEARED","ROAD_CONDITION","SCH_BUS_IND","SCH_ZONE_IND","SECONDARY_CRASH","SMALL_TRUCK_COUNT","SPEC_JURIS_CD","SUSP_MINOR_INJ_COUNT","SUSP_SERIOUS_INJ_COUNT","SUV_COUNT","TCD_FUNC_CD","TCD_TYPE","TFC_DETOUR_IND","TIME_OF_DAY","TOTAL_UNITS","TOT_INJ_COUNT","UNBELTED_OCC_COUNT","UNB_DEATH_COUNT","UNB_SUSP_SERIOUS_INJ_COUNT","UNK_INJ_DEG_COUNT","UNK_INJ_PER_COUNT","URBAN_RURAL","VAN_COUNT","VEHICLE_COUNT","WEATHER1","WEATHER2","WORKERS_PRES","WORK_ZONE_IND","WORK_ZONE_LOC","WORK_ZONE_TYPE","WZ_CLOSE_DETOUR","WZ_FLAGGER","WZ_LAW_OFFCR_IND","WZ_LN_CLOSURE","WZ_MOVING","WZ_OTHER","WZ_SHLDER_MDN","WZ_WORKERS_INJ_KILLED"
"2014096174","0243","1","0","0","0","0","0","0","0","0","7","0","","02","10","2014","4","40.537795","-80.186744","0243","11","0","0","0","0","0","0","0","0","3","0","0","0","","","1","","0","","40 32:16.063","2","0","80 11:12.278","2","0","0","0","2427","0","0","0","N","0","0","0","1","02427","0","","4.0","","1","N","N","","0","","0","1","0","","0","Y","","1","1","0","0","0","0","0","2","0","1","","","","N","","","","","","","","","",""
"2014097720","1238","4","0","0","0","0","0","0","0","0","1","0","","02","10","2014","6","40.540044","-80.012156","1234","11","0","0","0","0","0","0","1","0","1","0","0","0","","","1","","0","","40 32:24.160","2","0","80 00:43.760","4","0","0","0","2116","0","0","0","N","0","0","0","7","02116","1","","1.0","","1","N","N","","0","","0","0","0","","0","N","","4","1","0","0","0","0","0","2","0","4","","","","N","","","","","","","","","",""
"2014097081","1227","1","0","0","0","0","0","0","0","0","4","1","","02","10","2014","6","40.367511","-79.929831","1226","11","0","0","0","0","0","1","0","0","1","0","1","0","","","1","","0","","40 22:03.039","2","0","79 55:47.392","4","0","0","0","2473","0","0","0","N","0","0","0","3","02473","1","","1.0","","1","N","N","","0","","0","0","0","","0","N","","2","1","1","0","0","0","0","2","0","2","","","","N","","","","","","","","","",""
"2014096734","0943","2","0","0","0","0","0","0","0","0","1","0","","02","10","2014","6","40.403281","-80.040793","0940","11","0","0","0","0","0","1","1","0","2","0","0","0","","","1","","0","","40 24:11.812","1","0","80 02:26.856","8","0","0","0","2301","0","0","0","N","0","0","0","4","02301","0","","1.0","","1","N","N","","0","","0","0","2","","2","N","","4","1","0","0","0","1","0","2","0","4","","","","N","","","","","","","","","",""
"2014099155","1910","1","0","0","0","0","0","0","0","0","7","0","","02","10","2014","3","40.45625","-79.994971","1900","11","0","0","0","0","0","0","0","0","1","0","0","0","","","0","","1","","40 27:22.500","2","0","79 59:41.895","0","0","0","0","2301","0","0","0","N","0","0","0","1","02301","0","","5.0","","9","N","N","","0","","0","0","0","","0","N","","1","0","0","0","0","0","0","2","0","1","","","","N","","","","","","","","","",""
"2014096872","1521","0","0","0","0","0","0","0","0","0","7","0","","02","10","2014","6","40.472132","-79.942726","1510","11","0","0","0","0","0","0","0","0","1","0","0","0","","","1","","2","","40 28:19.675","3","0","79 56:33.813","4","0","0","0","2301","0","0","0","N","0","0","0","1","02301","1","","5.0","","9","N","N","","0","","0","0","1","","0","N","","1","1","0","0","0","0","0","2","0","1","","","","N","","","","","","","","","",""
"2014096238","2019","1","0","0","0","0","0","0","0","0","5","1","","02","9","2014","2","40.419162","-79.732708","2001","11","0","0","0","0","0","1","0","0","2","0","1","0","","","3","","0","","40 25:08.982","3","0","79 43:57.747","4","0","0","0","2446","0","0","0","N","0","0","0","5","68T09","1","","1.0","","1","N","N","","0","","0","0","0","","0","N","","2","3","0","0","0","2","0","2","0","2","","","","N","","","","","","","","","",""
"2014096736","1010","1","0","0","0","0","0","0","0","0","4","0","","02","10","2014","6","40.436185","-79.972864","1003","11","0","0","0","0","0","0","0","0","3","0","0","0","","","0","","1","","40 26:10.266","7","0","79 58:22.309","0","0","0","0","2301","0","0","0","N","0","0","0","5","02301","0","","1.0","","1","N","N","","1","","0","0","0","","2","Y","","2","0","0","0","0","0","0","2","0","2","","","","N","","","","","","","","","",""
"2014099144","1441","0","0","0","0","0","0","0","0","0","6","1","","02","10","2014","5","40.397327","-80.028924","1436","11","0","0","0","0","0","1","0","0","2","0","1","0","","","2","","0","","40 23:50.376","4","0","80 01:44.127","8","0","0","0","2301","0","0","0","N","0","0","0","4","02301","0","","1.0","","1","N","N","","0","","0","0","1","","0","N","","3","2","0","0","0","2","0","2","1","3","","","","N","","","","","","","","","",""
"2014097585","0920","0","0","0","0","0","0","0","0","0","7","0","","02","9","2014","6","40.581015","-79.78268","0914","11","0","0","0","0","0","0","0","1","","0","0","0","","","0","","0","","40 34:51.655","","0","79 46:57.649","0","0","0","0","2104","0","0","0","Y","0","0","0","1","68D02","0","","3.0","","1","N","N","","0","","0","0","1","","0","","","1","0","0","0","0","0","0","2","0","1","","","","N","","","","","","","","","",""
"2014098416","0233","0","0","0","0","0","0","0","0","0","7","0","","02","9","2014","2","40.498477","-80.061772","0230","11","0","0","0","0","0","0","0","0","2","0","0","0","","","1","","0","","40 29:54.517","6","0","80 03:42.379","4","0","0","0","2404","0","0","0","N","0","0","0","1","02404","1","","5.0","","1","N","N","","0","","0","0","1","","0","Y","","1","1","0","0","0","0","0","2","0","1","","","","N","","","","","","","","","",""
"2014096875","1626","1","0","0","0","0","0","0","0","0","1","0","","02","10","2014","6","40.478906","-79.732683","1620","11","0","0","0","0","0","0","0","0","1","0","0","0","","","2","","0","","40 28:44.063","6","7","79 43:57.660","8","0","0","0","2466","0","0","0","N","0","0","0","2","02466","0","","1.0","","9","N","N","","0","","0","0","1","","0","N","","2","2","0","0","0","2","0","2","0","2","","","","N","","","","","","","","","",""
"2014096669","1934","0","0","0","0","0","0","0","0","0","7","0","","02","9","2014","5","40.522701","-79.768344","1930","11","0","0","0","0","0","0","0","0","1","0","0","0","","","1","","0","","40 31:21.724","2","0","79 46:06.039","8","0","0","1","2466","0","0","0","N","0","0","0","1","02466","0","","4.0","","1","N","N","","0","","0","0","0","","0","N","","1","1","0","0","0","1","0","2","0","1","","","","N","","","","","","","","","",""
"2014099145","1559","1","0","0","0","0","0","0","0","0","4","0","","02","10","2014","5","40.440889","-80.043747","1545","11","0","0","0","0","0","2","0","0","","0","0","0","","","0","","2","","40 26:27.200","","0","80 02:37.489","0","0","0","0","2301","0","0","0","N","0","0","0","2","02301","0","","1.0","","1","N","N","","1","","0","0","0","","0","","","2","0","0","0","0","0","0","2","0","2","","","","N","","","","","","","","","",""
"2014096876","1838","2","0","0","0","0","0","0","0","0","4","0","","02","9","2014","1","40.537522","-80.011307","1836","11","0","0","0","0","0","0","1","0","","0","0","0","","","0","","1","","40 32:15.080","","0","80 00:40.705","0","0","0","0","2116","0","0","0","N","0","0","0","2","02116","0","","1.0","","1","N","N","","0","","0","0","0","","0","","","2","0","2","0","0","0","0","2","0","2","","","","N","","","","","","","","","",""
"2014097725","0854","1","0","0","0","0","0","0","0","0","7","0","","02","10","2014","2","40.527692","-79.986747","0851","11","0","0","0","0","0","0","1","0","2","0","0","0","","","1","","0","","40 31:39.692","6","0","79 59:12.290","8","0","0","0","2118","0","0","0","N","0","0","0","1","02118","0","","2.0","","1","N","N","","0","","0","0","0","","0","Y","","1","1","0","0","0","1","0","2","0","1","","","","N","","","","","","","","","",""
"2014096241","0159","1","0","0","0","0","0","0","0","0","0","0","","02","9","2014","6","40.408737","-79.822567","0155","11","0","0","0","0","0","0","0","0","3","0","0","0","","","3","","3","","40 24:31.453","5","0","79 49:21.241","8","0","0","0","2467","0","0","0","N","0","0","0","4","02467","0","","5.0","","1","N","N","","0","","0","0","0","","3","Y","","1","3","0","0","0","3","1","2","0","1","","","","N","","","","","","","","","",""
"2014098213","1324","1","0","0","0","0","0","0","0","0","7","0","","02","7","2014","6","40.337151","-80.133616","1307","11","0","0","0","0","0","0","0","0","1","0","0","0","","","1","","0","","40 20:13.743","1","0","80 08:01.019","8","0","0","0","2119","0","0","0","N","0","0","0","1","68B03","0","","3.0","","1","N","N","","0","","0","0","0","","0","N","","1","1","0","0","0","1","0","2","0","1","","","","N","","","","","","","","","",""
"2014097441","1556","1","0","0","0","0","0","0","0","0","4","0","","02","10","2014","1","40.452219","-79.950882","1549","11","0","0","0","0","0","0","0","0","","0","0","0","","","1","","1","","40 27:07.988","","0","79 57:03.175","4","0","0","0","2301","0","0","0","N","0","0","0","2","02301","1","","1.0","","1","N","N","","1","","0","0","0","","2","","","2","1","0","0","0","0","0","2","0","2","","","","N","","","","","","","","","",""
"2014098418","0208","0","0","0","0","0","0","0","0","0","7","0","","02","10","2014","4","40.451639","-80.027849","0204","11","0","0","0","0","0","0","0","0","3","0","0","0","","","1","","0","","40 27:05.900","1","0","80 01:40.258","4","0","0","0","2301","0","0","0","N","0","0","0","1","02301","1","","2.0","","1","N","N","","1","","0","0","0","","0","N","","1","1","0","0","0","0","0","2","0","1","","","","N","","","","","","","","","",""
"2014096940","1729","1","0","0","0","0","0","0","0","0","4","0","","02","10","2014","6","40.396242","-79.998126","1711","11","0","0","0","0","0","1","0","0","","0","0","0","","","0","","1","","40 23:46.470","","0","79 59:53.254","0","0","0","0","2301","0","0","0","N","0","0","0","3","02301","0","","1.0","","9","N","N","","0","","0","0","1","","2","","","2","0","1","0","0","0","0","2","0","2","","","","N","","","","","","","","","",""
"2014098494","0725","2","0","0","0","0","0","0","0","0","4","0","","02","10","2014","4","40.431166","-80.001905","0715","11","0","0","0","0","0","0","0","0","","0","0","0","","","0","","1","","40 25:52.198","","0","80 00:06.858","0","0","0","0","2301","0","0","0","N","0","0","0","3","02301","0","","1.0","","1","N","N","","0","","0","0","0","","2","","","2","0","1","0","0","0","0","2","0","2","","","","N","","","","","","","","","",""
"2014096741","1210","2","0","0","0","0","0","0","0","0","1","0","","02","10","2014","6","40.54246","-79.80423","1210","11","0","0","0","0","0","0","0","1","","0","0","0","","","1","","1","","40 32:32.855","","0","79 48:15.227","2","0","0","0","2418","0","0","0","N","0","0","0","2","02418","0","","1.0","","1","N","N","","0","","0","1","0","","7","","","2","1","0","0","0","0","1","2","0","2","","","","N","","","","","","","","","",""
"2014099147","1442","1","0","0","0","0","0","0","0","0","7","0","","02","10","2014","4","40.65893","-79.8831","1437","11","0","0","0","0","0","1","0","0","3","0","0","0","","","1","","0","","40 39:32.148","4","0","79 52:59.161","4","0","0","0","2220","0","0","0","Y","0","0","0","1","02220","1","","5.0","","1","N","N","","2","","0","0","1","","0","Y","","4","1","0","0","0","0","0","1","0","4","","","","N","","","","","","","","","",""
"2014098419","0210","1","0","0","0","0","0","0","0","0","7","0","","02","10","2014","4","40.450839","-80.027483","0205","11","0","0","0","0","0","0","0","0","1","0","0","0","","","0","","0","","40 27:03.019","1","0","80 01:38.940","0","0","0","0","2301","0","0","0","N","0","0","0","2","02301","0","","2.0","","1","N","N","","0","","0","0","0","","0","N","","1","0","0","0","0","0","0","2","0","1","","","","N","","","","","","","","","",""
"2014098215","0834","2","0","0","0","0","0","0","0","0","1","0","","02","9","2014","2","40.501809","-80.133047","0815","11","0","0","0","0","0","1","0","0","2","0","0","0","","","0","","0","","40 30:06.511","1","0","80 07:58.969","9","0","0","0","2115","0","0","0","N","0","0","0","4","68B03","0","","1.0","","1","N","N","","1","","0","0","1","","0","N","","4","0","0","0","0","0","1","2","0","4","","","","N","","","","","","","","","",""
"2014098967","0229","1","0","0","0","0","0","0","0","0","7","0","","02","10","2014","5","40.452288","-79.88694","0228","11","0","0","0","0","0","0","0","0","","0","0","0","","","2","","0","","40 27:08.236","","0","79 53:12.984","2","0","0","0","2301","0","0","0","N","0","0","0","2","02301","0","","5.0","","1","N","N","","0","","0","2","0","","0","","","1","2","2","0","2","0","0","2","0","1","","","","N","","","","","","","","","",""
"2014099149","1610","2","0","0","0","0","0","0","0","0","4","0","","02","10","2014","5","40.450559","-79.93008","1603","11","0","0","0","0","0","0","0","0","","0","0","0","","","1","","1","","40 27:02.012","","0","79 55:48.288","4","0","0","0","2301","0","0","0","N","0","0","0","2","02301","1","","1.0","","1","N","N","","0","","0","0","0","","3","","","2","1","0","0","0","0","0","2","0","2","","","","N","","","","","","","","","",""
"2014098356","0642","1","0","0","0","0","0","0","0","0","7","1","","02","10","2014","3","40.541042","-79.804943","0637","11","0","0","0","0","0","0","0","0","","0","1","0","","","0","","0","","40 32:27.751","","7","79 48:17.794","0","0","0","0","2418","0","0","0","N","0","0","0","1","02418","0","","4.0","","9","N","N","","0","","0","0","0","","0","","","2","0","0","0","0","0","0","2","0","2","","","","N","","","","","","","","","",""
"2014096956","1659","2","0","0","0","0","0","0","0","0","6","0","","02","10","2014","6","40.485177","-80.034583","1653","11","0","0","0","1","0","0","0","0","1","0","0","0","","","0","","2","","40 29:06.637","2","0","80 02:04.498","0","0","0","0","2301","0","0","0","N","0","0","0","2","02301","0","","1.0","","9","N","N","","1","","0","0","0","","0","N","","3","0","0","0","0","0","0","2","0","3","","","","N","","","","","","","","","",""
"2014098216","1005","2","0","0","0","0","0","0","0","0","5","0","45","02","9","2014","3","40.419536","-80.090555","1005","11","0","0","0","0","0","1","0","1","3","0","0","0","","","0","","0","","40 25:10.329","3","0","80 05:25.997","0","0","0","0","2457","0","0","0","N","0","0","0","3","68B03","0","","1.0","","1","N","N","","0","","0","0","0","","0","N","","2","0","0","0","0","0","0","2","0","2","","","N","Y","4","1","N","N","N","N","N","N","Y",""
"2014099151","1536","0","0","0","0","0","0","0","0","0","4","0","","02","10","2014","5","40.456922","-79.894133","1534","11","0","0","0","0","0","1","0","0","1","0","0","0","","","1","","1","","40 27:24.919","2","0","79 53:38.878","8","0","0","0","2301","0","0","0","N","0","0","0","2","02301","0","","1.0","","1","N","N","","1","","0","0","1","","3","Y","","2","1","0","0","0","1","0","2","0","2","","","","N","","","","","","","","","",""
"2014098499","0650","2","0","0","0","0","0","0","0","0","4","0","","02","9","2014","5","40.398696","-80.104258","0645","11","0","0","0","0","0","0","0","0","2","0","0","0","","","1","","6","","40 23:55.307","4","0","80 06:15.327","4","0","0","0","2102","0","0","0","Y","0","0","0","2","02102","1","","1.0","","1","N","N","","0","","0","0","0","","0","N","","2","1","0","0","0","0","0","2","0","2","","","","N","","","","","","","","","",""
"2014098217","0645","1","0","0","0","0","0","0","0","0","4","1","","02","9","2014","6","40.41075","-80.107609","0634","11","0","0","0","0","0","0","1","0","","0","1","0","","","0","","0","","40 24:38.700","","0","80 06:27.392","0","0","0","0","2102","0","0","0","N","0","0","0","1","68B03","0","","1.0","","1","N","N","","0","","0","0","0","","0","","","2","0","0","0","0","0","0","2","0","2","","","","N","","","","","","","","","",""
"2014098970","0508","0","0","0","0","0","0","0","0","0","4","1","","02","10","2014","5","40.491601","-80.061176","0507","11","0","0","0","0","0","2","0","0","","0","1","0","","","0","","2","","40 29:29.763","","0","80 03:40.233","0","0","0","0","2404","0","0","0","N","0","0","0","2","02404","0","","1.0","","1","N","N","","1","","0","0","0","","0","","","2","0","0","0","0","0","0","2","0","2","","","","N","","","","","","","","","",""
"2014096744","1212","2","0","0","0","0","0","0","0","0","1","0","","02","10","2014","6","40.396674","-79.998589","1202","11","0","0","0","0","0","1","0","0","","0","0","0","","","1","","0","","40 23:48.028","","0","79 59:54.922","8","0","0","0","2301","0","0","0","N","0","0","0","2","02301","0","","1.0","","1","N","N","","0","","0","0","0","","0","","","2","1","0","0","0","1","0","2","0","2","","","","N","","","","","","","","","",""
"2014098422","0315","1","0","0","0","0","0","0","0","0","7","0","","02","10","2014","3","40.337489","-79.82335","0315","11","0","0","0","0","0","0","0","0","","0","0","0","","","0","","0","","40 20:14.960","","0","79 49:24.060","0","0","0","0","2304","0","0","0","N","0","0","0","1","02304","0","","5.0","","9","N","N","","0","","0","0","0","","0","","","1","0","0","0","0","0","0","2","0","1","","","","N","","","","","","","","","",""
"2014096184","0531","1","0","0","0","0","0","0","0","0","7","0","","02","10","2014","5","40.407646","-80.231772","0528","11","0","0","0","0","0","0","0","0","","0","0","0","","","0","","0","","40 24:27.525","","0","80 13:54.379","0","0","0","0","2214","0","0","0","N","0","0","0","1","02214","0","","5.0","","1","N","N","","0","","0","0","0","","0","","","1","0","0","0","0","0","0","1","0","1","","","","N","","","","","","","","","",""
"2014098218","0703","1","0","0","0","0","0","0","0","0","4","1","","02","9","2014","2","40.424068","-80.030668","0644","11","0","0","0","0","0","0","0","0","1","0","1","0","","","0","","0","","40 25:26.646","4","0","80 01:50.405","0","0","0","0","2301","0","0","0","N","0","0","0","3","68B03","0","","1.0","","1","N","N","","1","","0","0","0","","0","N","","3","0","0","0","0","0","0","2","0","3","","","","N","","","","","","","","","",""
"2014096745","1023","2","0","0","0","0","0","0","0","0","5","0","","02","10","2014","6","40.347042","-80.05512","1023","11","0","0","0","0","0","0","1","0","1","0","0","0","","","0","","0","","40 20:49.350","3","0","80 03:18.433","0","0","0","0","2123","0","0","0","N","0","0","0","2","02123","0","","1.0","","1","N","N","","0","","0","0","0","","0","N","","2","0","0","0","0","0","0","2","0","2","","","","N","","","","","","","","","",""
"2014098360","1734","0","0","0","0","0","0","0","0","0","5","0","","02","10","2014","3","40.459824","-79.971302","1727","11","0","0","0","0","0","0","0","0","","0","0","0","","","0","","1","","40 27:35.367","","0","79 58:16.686","0","0","0","0","2301","0","0","0","N","0","0","0","2","02301","0","","1.0","","9","N","N","","0","","0","0","2","","2","","","2","0","0","0","0","0","0","2","0","2","","","","N","","","","","","","","","",""
"2014096959","2013","0","0","0","0","0","0","0","0","0","7","0","","02","10","2014","4","40.443454","-80.066551","2011","11","0","0","0","0","0","1","0","0","","0","0","0","","","0","","0","","40 26:36.434","","0","80 03:59.583","0","0","0","0","2439","0","0","0","N","0","0","0","1","02439","0","","5.0","","1","N","N","","0","","0","0","0","","0","","","1","0","0","0","0","0","0","2","1","1","","","","N","","","","","","","","","",""
"2014098219","1629","1","0","0","0","0","0","0","0","0","1","0","","02","9","2014","2","40.448588","-80.006954","1609","11","0","0","0","0","0","0","1","0","","0","0","0","","","1","","0","","40 26:54.918","","3","80 00:25.034","4","0","0","0","2301","0","0","0","Y","0","0","0","4","68B03","1","","1.0","","1","N","N","","0","","0","0","3","","0","","","4","1","0","0","0","0","0","2","0","4","","","","N","","","","","","","","","",""
"2014098972","0646","3","0","0","0","0","0","0","0","0","1","0","","02","10","2014","4","40.452748","-80.040094","0642","11","0","0","0","0","0","0","0","0","1","0","0","0","","","1","","0","","40 27:09.893","1","4","80 02:24.337","8","0","0","0","2301","0","0","0","N","0","0","0","5","02301","0","","1.0","","1","N","N","","0","","0","0","0","","2","N","","4","1","0","0","0","1","0","2","1","4","","","","N","","","","","","","","","",""
"2014097669","2244","1","0","0","0","0","0","0","0","0","1","0","","02","10","2014","6","40.558681","-80.039618","2239","11","0","0","0","0","0","1","0","0","2","0","0","0","","","1","","0","","40 33:31.251","5","0","80 02:22.623","4","0","0","0","2108","0","0","0","N","0","0","0","2","02108","1","","1.0","","9","N","N","","0","","0","0","1","","0","N","","2","1","0","0","0","0","1","2","0","2","","","","N","","","","","","","","","",""
"2014098220","2130","2","0","0","0","0","0","0","0","0","1","0","","02","9","2014","2","40.559402","-80.08502","2111","11","0","0","0","0","0","1","0","0","1","0","0","0","","","2","","0","","40 33:33.847","2","0","80 05:06.072","4","0","0","0","2481","0","0","0","N","0","0","0","3","68B03","2","","1.0","","1","N","N","","0","","0","0","0","","0","Y","","2","2","0","0","0","0","0","2","0","2","","","","N","","","","","","","","","",""
"2014098362","1847","1","0","0","0","0","0","0","0","0","7","0","","02","10","2014","3","40.513917","-79.762931","1847","11","0","0","0","0","0","0","0","0","2","0","0","0","","","0","","0","","40 30:50.100","5","0","79 45:46.550","0","0","0","0","2466","0","0","0","N","0","0","0","2","02466","0","","4.0","","8","N","N","","0","","0","0","0","","0","Y","","1","0","0","0","0","0","0","2","0","1","","","","N","","","","","","","","","",""
"2014099089","1147","1","0","0","0","0","0","0","0","0","4","0","","02","10","2014","2","40.567176","-80.016471","1142","11","0","0","0","0","0","1","0","0","1","0","0","0","","","0","","1","","40 34:01.833","6","0","80 00:59.294","0","0","0","0","2108","0","0","0","N","0","0","0","5","02108","0","","1.0","","1","N","N","","0","","0","0","1","","2","N","","2","0","0","0","0","0","0","2","0","2","","","","N","","","","","","","","","",""
"2014097670","1226","0","0","0","0","0","0","0","0","0","1","0","","02","10","2014","6","40.432943","-80.139583","1222","11","0","0","0","0","0","1","0","0","1","0","0","0","","","0","","2","","40 25:58.594","3","0","80 08:22.498","0","0","0","0","2115","0","0","0","N","0","0","0","2","02115","0","","1.0","","1","N","N","","1","","0","0","1","","0","N","","2","0","0","0","0","0","0","2","0","2","","","","N","","","","","","","","","",""
"2014097735","1353","1","0","0","0","0","0","0","0","0","1","0","","02","10","2014","1","40.439805","-79.833208","1345","11","0","0","0","0","0","1","0","0","","0","0","0","","","0","","0","","40 26:23.297","","0","79 49:59.550","0","0","0","0","2419","0","0","0","N","0","0","0","3","02419","0","","1.0","","1","N","N","","0","","0","0","1","","0","","","2","0","0","0","0","0","0","2","0","2","","","","N","","","","","","","","","",""
"2014098221","0904","1","0","0","0","0","0","0","0","0","1","0","","02","9","2014","3","40.509144","-80.136367","0845","11","0","0","0","0","0","1","0","0","","0","0","0","","","1","","0","","40 30:32.920","","3","80 08:10.922","4","0","0","0","2110","0","0","0","N","0","0","0","6","68B03","1","","1.0","","1","N","N","","0","","0","0","2","","0","","","4","1","0","0","0","0","0","2","1","4","","","","N","","","","","","","","","",""
"2014099090","1938","1","0","0","0","0","0","0","0","0","4","0","","02","10","2014","3","40.566049","-79.998846","1933","11","0","0","0","0","1","0","0","0","1","0","0","0","","","0","","1","","40 33:57.776","2","0","79 59:55.845","0","0","0","0","2108","0","0","0","N","0","0","0","4","02108","0","","1.0","","9","N","N","","0","","0","0","1","","3","N","","2","0","0","0","0","0","0","2","0","2","","","","N","","","","","","","","","",""
"2014097671","1331","1","0","0","0","0","0","0","0","0","4","0","","02","10","2014","6","40.448948","-80.162827","1330","11","0","0","0","0","0","1","0","0","1","0","0","0","","","2","","1","","40 26:56.212","2","0","80 09:46.177","8","0","0","0","2115","0","0","0","N","0","0","0","6","02115","0","","1.0","","9","N","N","","1","","0","0","1","","8","N","","3","2","0","0","0","2","0","2","0","3","","","","N","","","","","","","","","",""
"2014098222","1640","3","0","0","0","0","0","0","0","0","1","0","","02","10","2014","5","40.440758","-79.761206","1623","11","0","0","0","0","0","1","0","0","","0","0","0","","","1","","0","","40 26:26.729","","2","79 45:40.343","4","0","0","0","2446","0","0","0","N","0","0","0","3","68B03","1","","1.0","","1","N","N","","0","","0","0","0","","0","","","3","1","0","0","0","0","0","2","0","3","","","","N","","","","","","","","","",""
"2014098428","1430","2","0","0","0","0","0","0","0","0","4","0","","02","9","2014","3","40.344797","-80.049142","1422","11","0","0","0","1","0","1","0","0","","0","0","0","","","0","","0","","40 20:41.270","","7","80 02:56.910","0","0","0","0","2407","0","0","0","N","0","0","0","4","02407","0","","1.0","","9","N","N","","1","","0","0","0","","0","","","3","0","0","0","0","0","0","2","0","3","","","","N","","","","","","","","","",""
"2014099091","1425","0","0","0","0","0","0","0","0","0","4","0","","02","10","2014","2","40.461092","-80.151506","1418","11","0","0","0","0","1","0","0","0","1","0","0","0","","","0","","3","","40 27:39.931","3","0","80 09:05.422","0","0","0","0","2115","0","0","0","N","0","0","0","3","02115","0","","1.0","","9","N","N","","0","","0","0","2","","3","N","","2","0","0","0","0","0","0","2","0","2","","","","N","","","","","","","","","",""
"2014097672","0814","1","0","0","0","0","0","0","0","0","1","0","","02","9","2014","4","40.458685","-80.190272","0809","11","0","0","0","0","0","0","0","0","2","0","0","0","","","1","","2","","40 27:31.267","3","0","80 11:24.980","4","0","0","0","2213","0","0","0","N","0","0","0","2","02213","1","","1.0","","1","N","N","","0","","0","0","1","","2","N","","2","1","0","0","0","0","0","2","0","2","","","","N","","","","","","","","","",""
"2014098223","1539","1","0","0","0","0","0","0","0","0","7","0","","02","10","2014","2","40.491629","-80.010242","1528","11","0","0","0","0","0","0","0","0","1","0","0","0","","","0","","6","","40 29:29.865","2","0","80 00:36.872","0","0","0","0","2301","0","0","0","N","0","0","0","1","68B03","0","","2.0","","9","N","N","","0","","0","0","0","","0","N","","1","0","1","0","0","0","0","2","0","1","","","","N","","","","","","","","","",""
"2014098429","1028","1","0","0","0","0","0","0","0","0","1","0","","02","10","2014","7","40.327376","-80.025366","1026","11","0","0","0","0","0","1","0","0","","0","0","0","","","1","","2","","40 19:38.555","","0","80 01:31.317","4","0","0","0","2407","0","0","0","N","0","0","0","3","02407","1","","1.0","","1","N","N","","0","","0","0","0","","0","","","2","1","0","0","0","0","0","2","1","2","","","","N","","","","","","","","","",""
"2014099092","1208","2","0","0","0","0","0","0","0","0","4","0","","02","10","2014","3","40.447926","-80.162439","1207","11","0","0","0","0","0","0","1","0","1","0","0","0","","","0","","1","","40 26:52.534","4","0","80 09:44.781","0","0","0","0","2115","0","0","0","N","0","0","0","3","02115","0","","1.0","","1","N","N","","0","","0","0","0","","2","N","","2","0","0","0","0","0","0","2","0","2","","","","N","","","","","","","","","",""
"2014097673","0247","1","0","0","0","0","0","0","0","0","7","0","","02","9","2014","3","40.461531","-80.192632","0242","11","0","0","0","0","0","0","0","0","2","0","0","0","","","1","","0","","40 27:41.511","4","0","80 11:33.474","3","0","0","0","2213","0","0","0","N","0","0","0","1","02213","0","","2.0","","1","N","N","","0","","1","0","0","","0","N","","1","1","1","0","0","0","0","2","0","1","","","","N","","","","","","","","","",""
"2014096681","1358","2","0","0","0","0","0","0","0","0","4","0","","02","10","2014","5","40.450193","-80.107667","1356","11","0","0","0","1","0","0","0","0","","0","0","0","","","0","","2","","40 27:00.694","","0","80 06:27.601","0","0","0","0","2115","0","0","0","N","0","0","0","2","02126","0","","1.0","","1","N","N","","0","","0","0","0","","0","","","2","0","0","0","0","0","0","2","0","2","","","","N","","","","","","","","","",""