"CRN","ARRIVAL_TM","AUTOMOBILE_COUNT","BELTED_DEATH_COUNT","BELTED_SUSP_SERIOUS_INJ_COUNT","BICYCLE_COUNT","BICYCLE_DEATH_COUNT","BICYCLE_SUSP_SERIOUS_INJ_COUNT","BUS_COUNT","CHLDPAS_DEATH_COUNT","CHLDPAS_SUSP_SERIOUS_INJ_COUNT","COLLISION_TYPE","COMM_VEH_COUNT","CONS_ZONE_SPD_LIM","COUNTY","CRASH_MONTH","CRASH_YEAR","DAY_OF_WEEK","DEC_LATITUDE","DEC_LONGITUDE","DISPATCH_TM","DISTRICT","DRIVER_COUNT_16YR","DRIVER_COUNT_17YR","DRIVER_COUNT_18YR","DRIVER_COUNT_19YR","DRIVER_COUNT_20YR","DRIVER_COUNT_50_64YR","DRIVER_COUNT_65_74YR","DRIVER_COUNT_75PLUS","EST_HRS_CLOSED","FATAL_COUNT","HEAVY_TRUCK_COUNT","HORSE_BUGGY_COUNT","HOUR_OF_DAY","ILLUMINATION","INJURY_COUNT","INTERSECTION_RELATED","INTERSECT_TYPE","LANE_CLOSED","LATITUDE","LN_CLOSE_DIR","LOCATION_TYPE","LONGITUDE","MAX_SEVERITY_LEVEL","MCYCLE_DEATH_COUNT","MCYCLE_SUSP_SERIOUS_INJ_COUNT","MOTORCYCLE_COUNT","MUNICIPALITY","NONMOTR_COUNT","NONMOTR_DEATH_COUNT","NONMOTR_SUSP_SERIOUS_INJ_COUNT","NTFY_HIWY_MAINT","PED_COUNT","PED_DEATH_COUNT","PED_SUSP_SERIOUS_INJ_COUNT","PERSON_COUNT","POLICE_AGCY","POSSIBLE_INJ_COUNT","RDWY_SURF_TYPE_CD","RELATION_TO_ROAD","ROADWAY_CLEARED","ROAD_CONDITION","SCH_BUS_IND","SCH_ZONE_IND","SECONDARY_CRASH","SMALL_TRUCK_COUNT","SPEC_JURIS_CD","SUSP_MINOR_INJ_COUNT","SUSP_SERIOUS_INJ_COUNT","SUV_COUNT","TCD_FUNC_CD","TCD_TYPE","TFC_DETOUR_IND","TIME_OF_DAY","TOTAL_UNITS","TOT_INJ_COUNT","UNBELTED_OCC_COUNT","UNB_DEATH_COUNT","UNB_SUSP_SERIOUS_INJ_COUNT","UNK_INJ_DEG_COUNT","UNK_INJ_PER_COUNT","URBAN_RURAL","VAN_COUNT","VEHICLE_COUNT","WEATHER1","WEATHER2","WORKERS_PRES","WORK_ZONE_IND","WORK_ZONE_LOC","WORK_ZONE_TYPE","WZ_CLOSE_DETOUR","WZ_FLAGGER","WZ_LAW_OFFCR_IND","WZ_LN_CLOSURE","WZ_MOVING","WZ_OTHER","WZ_SHLDER_MDN","WZ_WORKERS_INJ_KILLED"
"2014127948","","2","0","0","0","0","0","0","0","0","1","0","","02","12","2014","2","40.329614","-80.023509","","11","0","0","0","0","0","1","1","0","","0","0","0","","","1","","2","","40 19:46.612","","0","80 01:24.632","4","0","0","0","2407","0","0","0","N","0","0","0","2","02407","1","","1.0","","1","N","N","","0","","0","0","0","","3","","","2","1","1","0","0","0","0","2","0","2","","","","N","","","","","","","","","",""
"2014127736","","1","0","0","0","0","0","0","0","0","1","0","","02","11","2014","2","40.612873","-80.095308","","11","0","0","0","0","0","1","0","0","","0","0","0","","","1","","0","","40 36:46.344","","0","80 05:43.108","4","0","0","0","2481","0","0","0","N","0","0","0","2","68B03","1","","1.0","","1","N","N","","0","","0","0","1","","0","","","2","1","0","0","0","0","0","2","0","2","","","","N","","","","","","","","","",""
"2014126288","","0","0","0","0","0","0","0","0","0","99","0","","02","10","2014","1","40.419333","-80.090171","","11","0","0","0","0","0","0","0","0","","0","0","0","","","2","","0","","40 25:09.597","","0","80 05:24.616","3","0","0","0","2457","0","0","0","N","0","0","0","4","68B03","0","","1.0","","1","N","N","","0","","2","0","1","","0","","","1","2","0","0","0","0","0","2","0","1","","","","N","","","","","","","","","",""
"2014128621","","1","0","0","0","0","0","0","0","0","1","0","","02","11","2014","3","40.425701","-79.91124","","11","0","0","0","0","0","1","0","0","","0","0","0","","","0","","0","","40 25:32.524","","4","79 54:40.463","0","0","0","0","2301","0","0","0","N","0","0","0","6","68B03","0","","1.0","","1","N","N","","1","","0","0","1","","0","","","3","0","0","0","0","0","0","2","0","3","","","","N","","","","","","","","","",""
"2014127949","","0","0","0","0","0","0","0","0","0","1","0","","02","12","2014","3","40.400198","-80.039307","","11","0","0","0","0","0","0","0","0","","0","0","0","","","0","","2","","40 24:00.713","","0","80 02:21.505","0","0","0","0","2422","0","0","0","N","0","0","0","2","02422","0","","2.0","","1","N","N","","0","","0","0","2","","3","","","2","0","0","0","0","0","0","2","0","2","","","","N","","","","","","","","","",""
"2014126973","","1","0","0","0","0","0","0","0","0","8","0","","02","12","2014","3","40.451637","-80.001157","","11","0","0","0","0","0","0","0","0","","0","0","0","","","1","","2","","40 27:05.893","","0","80 00:04.165","3","0","0","0","2301","1","0","0","N","1","0","0","2","02301","0","","1.0","","9","N","N","","0","","1","0","0","","0","","","2","1","0","0","0","0","0","2","0","1","","","","N","","","","","","","","","",""
"2014127737","","2","0","0","0","0","0","0","0","0","1","0","","02","12","2014","4","40.379946","-80.097618","","11","0","0","0","0","0","1","0","0","1","0","0","0","","","0","","0","","40 22:47.804","1","0","80 05:51.426","0","0","0","0","2102","0","0","0","N","0","0","0","2","68B03","0","","1.0","","9","N","N","","0","","0","0","0","","0","N","","2","0","0","0","0","0","0","2","0","2","","","","N","","","","","","","","","",""
"2014126289","","1","0","0","0","0","0","0","0","0","1","0","","02","10","2014","4","40.420039","-80.033904","","11","0","0","0","0","0","0","0","0","1","0","0","0","","","2","","0","","40 25:12.142","4","0","80 02:02.055","4","0","0","0","2301","0","0","0","N","0","0","0","2","68B03","2","","1.0","","1","N","N","","0","","0","0","1","","0","N","","2","2","0","0","0","0","0","2","0","2","","","","N","","","","","","","","","",""
"2014128622","","2","0","0","0","0","0","0","0","0","1","0","","02","11","2014","1","40.425599","-79.906458","","11","0","0","0","0","0","1","0","0","3","0","0","0","","","0","","0","","40 25:32.157","4","0","79 54:23.247","0","0","0","0","2301","0","0","0","N","0","0","0","9","68B03","0","","1.0","","1","N","N","","0","","0","0","3","","0","N","","5","0","0","0","0","0","0","2","0","5","","","","N","","","","","","","","","",""
"2014127109","","1","0","0","0","0","0","0","0","0","1","0","","02","12","2014","2","40.297888","-79.920389","","11","0","0","0","0","0","0","0","0","2","0","0","0","","","3","","0","","40 17:52.395","2","0","79 55:13.401","8","0","0","0","2440","0","0","0","N","0","0","0","4","02440","0","","1.0","","1","N","N","","0","","0","0","2","","2","N","","3","3","0","0","0","3","0","2","0","3","","","","N","","","","","","","","","",""
"2014132680","","2","0","0","0","0","0","0","0","0","1","0","","02","12","2014","4","40.673408","-80.098405","","11","0","0","0","0","0","0","0","0","2","0","0","0","","","1","","1","","40 40:24.270","1","0","80 05:54.259","4","0","0","0","2212","0","0","0","N","0","0","0","2","02505","1","","1.0","","1","N","N","","0","","0","0","0","","2","N","","2","1","0","0","0","0","0","2","0","2","","","","N","","","","","","","","","",""
"2014127738","","0","0","0","0","0","0","0","0","0","99","0","","02","12","2014","7","40.442886","-79.838595","","11","0","0","0","0","0","1","0","0","","0","0","0","","","0","","0","","40 26:34.391","","0","79 50:18.941","9","0","0","0","2419","0","0","0","N","0","0","0","2","68B02","0","","1.0","","1","N","N","","0","","0","0","1","","0","","","1","0","0","0","0","0","1","2","0","1","","","","N","","","","","","","","","",""
"2014126290","","2","0","0","0","0","0","0","0","0","1","0","","02","10","2014","5","40.425866","-79.899251","","11","0","0","0","0","0","1","0","0","","0","0","0","","","1","","0","","40 25:33.119","","0","79 53:57.302","4","0","0","0","2301","0","0","0","N","0","0","0","5","68B03","1","","1.0","","1","N","N","","0","","0","0","1","","0","","","3","1","0","0","0","0","0","2","0","3","","","","N","","","","","","","","","",""
"2014128686","","2","0","0","0","0","0","0","0","0","2","0","","02","12","2014","7","40.411004","-79.955525","","11","0","0","0","0","0","0","0","0","","0","0","0","","","0","","2","","40 24:39.614","","0","79 57:19.891","0","0","0","0","2301","0","0","0","N","0","0","0","3","02301","0","","1.0","","1","N","N","","0","","0","0","0","","2","","","2","0","0","0","0","0","0","2","0","2","","","","N","","","","","","","","","",""
"2014128704","","0","0","0","0","0","0","0","0","0","4","0","","02","12","2014","6","40.474416","-80.064149","","11","0","0","0","0","0","0","0","0","","0","0","0","","","0","","0","","40 28:27.897","","0","80 03:50.935","0","0","0","0","2444","0","0","0","N","0","0","0","1","02444","0","","4.0","","1","N","N","","1","","0","0","1","","0","","","2","0","0","0","0","0","0","2","0","2","","","","N","","","","","","","","","",""
"2014126213","","1","0","0","0","0","0","0","0","0","7","0","","02","12","2014","3","40.520077","-80.016636","","11","0","0","0","0","0","0","0","0","","0","0","0","","","0","","0","","40 31:12.278","","0","80 00:59.889","0","0","0","0","2116","0","0","0","N","0","0","0","1","02116","0","","4.0","","1","N","N","","0","","0","0","0","","0","","","1","0","0","0","0","0","0","2","0","1","","","","N","","","","","","","","","",""
"2014126291","","2","0","0","0","0","0","0","0","0","1","0","","02","10","2014","6","40.428496","-79.936014","","11","0","0","1","0","0","0","0","0","","0","0","0","","","0","","0","","40 25:42.585","","0","79 56:09.649","0","0","0","0","2301","0","0","0","N","0","0","0","4","68B03","0","","1.0","","9","N","N","","0","","0","0","0","","0","","","2","0","0","0","0","0","0","2","0","2","","","","N","","","","","","","","","",""
"2014126417","","1","0","0","0","0","0","0","0","0","2","0","","02","12","2014","2","40.445861","-79.956839","","11","0","0","0","0","0","0","0","0","","0","0","0","","","1","","0","","40 26:45.100","","0","79 57:24.620","8","0","0","0","2301","0","0","0","N","0","0","0","3","02506","0","","1.0","","1","N","N","","0","","0","0","1","","0","","","2","1","0","0","0","1","0","2","0","2","","","","N","","","","","","","","","",""
"2014127740","","1","0","0","0","0","0","0","0","0","7","0","","02","12","2014","1","40.548584","-80.085783","","11","0","0","1","0","0","0","0","0","","0","0","0","","","1","","0","","40 32:54.903","","0","80 05:08.817","4","0","0","0","2215","0","0","0","N","0","0","0","2","68B03","1","","2.0","","9","N","N","","0","","0","0","0","","0","","","1","1","0","0","0","0","0","2","0","1","","","","N","","","","","","","","","",""
"2014128546","","1","0","0","0","0","0","0","0","0","1","0","","02","12","2014","6","40.34101","-79.96501","","11","0","0","0","0","0","0","0","0","2","0","0","0","","","2","","0","","40 20:27.636","2","0","79 57:54.036","8","0","0","0","2413","0","0","0","N","0","0","0","4","02413","0","","1.0","","1","N","N","","0","","0","0","1","","0","N","","2","2","0","0","0","2","0","2","0","2","","","","N","","","","","","","","","",""
"2014126292","","1","0","0","0","0","0","0","0","0","5","0","","02","11","2014","2","40.436882","-80.208703","","11","0","0","0","0","1","0","0","0","2","0","0","0","","","2","","0","","40 26:12.775","4","0","80 12:31.329","4","0","0","0","2214","0","0","0","N","0","0","0","2","68B03","2","","1.0","","1","N","N","","0","","0","0","1","","0","N","","2","2","0","0","0","0","0","2","0","2","","","","N","","","","","","","","","",""
"2014128547","","2","0","0","0","0","0","0","0","0","4","0","","02","12","2014","6","40.368637","-80.102374","","11","0","0","0","0","1","1","0","0","2","0","0","0","","","0","","0","","40 22:07.092","4","7","80 06:08.545","0","0","0","0","2102","0","0","0","N","0","0","0","4","02102","0","","1.0","","9","N","N","","0","","0","0","0","","0","N","","2","0","0","0","0","0","0","2","0","2","","","","N","","","","","","","","","",""
"2014126293","","0","0","0","0","0","0","0","0","0","7","0","","02","11","2014","7","40.420652","-80.103893","","11","0","0","0","0","0","0","0","0","3","0","0","0","","","1","","0","","40 25:14.346","1","0","80 06:14.015","4","0","0","0","2115","0","0","0","N","0","0","0","1","68B03","1","","2.0","","2","N","N","","1","","0","0","0","","0","N","","1","1","0","0","0","0","0","2","0","1","","","","N","","","","","","","","","",""
"2014127114","","1","0","0","0","0","0","0","0","0","1","1","","02","12","2014","3","40.448765","-80.020483","","11","0","0","0","0","0","2","0","0","1","0","1","0","","","0","","10","","40 26:55.555","4","0","80 01:13.738","0","0","0","0","2301","0","0","0","","0","0","0","2","02301","0","","1.0","","9","N","N","","0","","0","0","0","","0","N","","2","0","0","0","0","0","0","2","0","2","","","","N","","","","","","","","","",""
"2014128689","","2","0","0","0","0","0","0","0","0","1","0","","02","12","2014","5","40.395731","-79.899697","","11","0","1","0","0","0","0","0","0","","0","0","0","","","0","","0","","40 23:44.630","","0","79 53:58.910","0","0","0","0","2448","0","0","0","N","0","0","0","3","02448","0","","1.0","","1","N","N","","0","","0","0","0","","0","","","2","0","0","0","0","0","0","2","0","2","","","","N","","","","","","","","","",""
"2014132685","","2","0","0","0","0","0","0","0","0","4","0","","02","12","2014","3","40.406723","-79.829139","","11","0","1","0","0","0","0","0","0","1","0","0","0","","","0","","0","","40 24:24.204","4","0","79 49:44.902","0","0","0","0","2467","0","0","0","N","0","0","0","3","02467","0","","1.0","","9","N","N","","0","","0","0","0","","0","N","","2","0","0","0","0","0","0","2","0","2","","","","N","","","","","","","","","",""
"2014127754","","1","0","0","0","0","0","0","0","0","1","0","","02","12","2014","3","40.490882","-79.880997","","11","0","0","0","0","0","1","0","0","2","0","0","0","","","1","","0","","40 29:27.174","2","0","79 52:51.590","4","0","0","0","2112","0","0","0","Y","0","0","0","3","68D02","1","","1.0","","9","N","N","","0","","0","0","0","","0","N","","2","1","0","0","0","0","0","2","1","2","","","","N","","","","","","","","","",""
"2014128564","","1","0","0","0","0","0","0","0","0","8","0","","02","12","2014","6","40.45329","-80.001665","","11","0","0","0","0","0","0","0","0","","0","0","0","","","1","","1","","40 27:11.845","","0","80 00:05.994","4","0","0","0","2301","1","0","0","N","1","0","0","2","02301","1","","1.0","","1","N","N","","0","","0","0","0","","2","","","2","1","0","0","0","0","0","2","0","1","","","","N","","","","","","","","","",""
"2014126294","","1","0","0","0","0","0","0","0","0","7","0","","02","11","2014","2","40.441116","-79.760814","","11","0","0","0","0","0","0","0","0","2","0","0","0","","","1","","0","","40 26:28.018","4","0","79 45:38.932","4","0","0","0","2446","0","0","0","N","0","0","0","1","68B03","1","","2.0","","1","N","N","","0","","0","0","0","","0","N","","1","1","0","0","0","0","0","2","0","1","","","","N","","","","","","","","","",""
"2014127877","","0","0","0","0","0","0","0","0","0","4","0","","02","12","2014","5","40.457454","-79.877068","","11","0","0","0","0","0","0","2","0","2","0","0","0","","","0","","0","","40 27:26.833","2","0","79 52:37.444","0","0","0","0","2301","0","0","0","N","0","0","0","2","02301","0","","1.0","","1","N","N","","0","","0","0","1","","0","Y","","2","0","0","0","0","0","0","2","1","2","","","","N","","","","","","","","","",""
"2014127878","","1","0","0","0","0","0","0","0","0","8","0","","02","12","2014","5","40.484666","-80.035318","","11","0","0","0","0","0","0","0","0","","0","0","0","","","1","","2","","40 29:04.797","","0","80 02:07.144","3","0","0","0","2301","1","0","0","N","1","0","0","2","02301","0","","1.0","","1","N","N","","0","","1","0","0","","0","","","2","1","0","0","0","0","0","2","0","1","","","","N","","","","","","","","","",""
"2014126436","","1","0","0","0","0","0","0","0","0","1","0","","02","12","2014","6","40.607469","-80.052153","","11","1","1","0","0","0","0","0","0","1","0","0","0","","","0","","0","","40 36:26.888","2","0","80 03:07.750","0","0","0","0","2108","0","0","0","N","0","0","0","2","02108","0","","1.0","","1","N","N","","0","","0","0","1","","0","N","","2","0","0","0","0","0","0","2","0","2","","","","N","","","","","","","","","",""
"2014132505","","1","0","0","0","0","0","0","0","0","7","0","","02","12","2014","2","40.434969","-79.895703","","11","0","0","0","0","0","0","0","0","","0","0","0","","","0","","0","","40 26:05.888","","0","79 53:44.530","0","0","0","0","2301","0","0","0","N","0","0","0","1","02301","0","","2.0","","1","N","N","","0","","0","0","0","","0","","","1","0","0","0","0","0","0","2","0","1","","","","N","","","","","","","","","",""
"2014130288","","1","0","0","0","0","0","0","0","0","4","1","","02","12","2014","6","40.378066","-79.803519","","11","0","0","0","0","0","1","0","0","2","0","1","0","","","0","","0","","40 22:41.036","6","7","79 48:12.669","0","0","0","0","2111","0","0","0","N","0","0","0","2","02111","0","","4.0","","9","N","N","","0","","0","0","0","","0","N","","3","0","0","0","0","0","0","2","1","3","","","","N","","","","","","","","","",""
"2014131160","","0","0","0","0","0","0","0","0","0","4","0","","02","12","2014","6","40.473583","-79.794614","","11","0","0","0","0","0","1","0","0","","0","0","0","","","1","","0","","40 28:24.897","","0","79 47:40.611","4","0","0","0","2113","0","0","0","N","0","0","0","1","02113","1","","1.0","","1","N","N","","0","","0","0","2","","0","","","2","1","0","0","0","0","0","2","0","2","","","","N","","","","","","","","","",""
"2014126437","","1","0","0","0","0","0","0","0","0","4","0","","02","12","2014","6","40.608733","-80.056318","","11","0","1","0","0","0","1","0","0","3","0","0","0","","","2","","1","","40 36:31.438","6","0","80 03:22.744","8","0","0","0","2108","0","0","0","N","0","0","0","3","02108","0","","1.0","","1","N","N","","0","","0","0","0","","3","Y","","2","2","0","0","0","2","0","2","1","2","","","","N","","","","","","","","","",""
"2014132688","","2","0","0","0","0","0","0","0","0","4","0","","02","12","2014","4","40.579601","-80.220776","","11","0","0","0","0","0","0","0","0","","0","0","0","","","0","","3","","40 34:46.563","","0","80 13:14.793","0","0","0","0","2441","0","0","0","N","0","0","0","3","02441","0","","1.0","","1","N","N","","0","","0","0","0","","0","","","2","0","0","0","0","0","0","2","0","2","","","","N","","","","","","","","","",""
"2014132506","","1","0","0","0","0","0","0","0","0","4","0","","02","12","2014","4","40.449472","-80.002558","","11","0","0","0","0","0","1","1","0","1","0","0","0","","","0","","1","","40 26:58.099","4","1","80 00:09.210","0","0","0","0","2301","0","0","0","N","0","0","0","3","02301","0","","1.0","","1","N","N","","0","","0","0","1","","2","N","","2","0","0","0","0","0","0","2","0","2","","","","N","","","","","","","","","",""
"2014131807","","2","0","0","0","0","0","0","0","0","1","0","","02","12","2014","1","40.422877","-79.992636","","11","0","0","0","0","0","0","0","0","","0","0","0","","","1","","0","","40 25:22.357","","0","79 59:33.489","4","0","0","0","2301","0","0","0","N","0","0","0","3","02301","1","","1.0","","1","N","N","","0","","0","0","0","","0","","","2","1","0","0","0","0","0","2","0","2","","","","N","","","","","","","","","",""
"2014126297","","1","0","0","0","0","0","0","0","0","7","0","","02","12","2014","6","40.429321","-79.93147","","11","0","0","0","0","0","0","0","0","","0","0","0","","","0","","0","","40 25:45.557","","2","79 55:53.292","0","0","0","0","2301","0","0","0","N","0","0","0","1","68B03","0","","5.0","","9","N","N","","0","","0","0","0","","8","","","1","0","0","0","0","0","0","2","0","1","","","","N","","","","","","","","","",""
"2014127119","","1","0","0","0","0","0","0","0","0","8","0","","02","12","2014","3","40.408824","-79.991119","","11","0","0","0","0","0","0","0","0","","0","0","0","","","1","","2","","40 24:31.766","","0","79 59:28.028","8","0","0","0","2301","1","0","0","N","1","0","0","2","02301","0","","1.0","","9","N","N","","0","","0","0","0","","2","","","2","1","0","0","0","1","0","2","0","1","","","","N","","","","","","","","","",""
"2014128694","","1","0","0","0","0","0","0","0","0","4","0","","02","12","2014","7","40.410778","-80.081507","","11","0","0","0","0","0","1","0","0","","0","0","0","","","0","","2","","40 24:38.799","","0","80 04:53.425","0","0","0","0","2415","0","0","0","N","0","0","0","3","02415","0","","1.0","","1","N","N","","0","","0","0","1","","3","","","2","0","0","0","0","0","0","2","0","2","","","","N","","","","","","","","","",""
"2014126438","","1","0","0","0","0","0","0","0","0","7","0","","02","12","2014","7","40.582674","-80.038478","","11","0","0","0","1","0","0","0","0","","0","0","0","","","1","","0","","40 34:57.627","","0","80 02:18.520","4","0","0","0","2108","0","0","0","N","0","0","0","1","02108","1","","4.0","","1","N","N","","0","","0","0","0","","0","","","1","1","1","0","0","0","0","2","0","1","","","","N","","","","","","","","","",""
"2014132689","","1","0","0","0","0","0","0","0","0","4","0","","02","12","2014","4","40.459193","-79.970767","","11","0","0","0","1","0","0","0","0","","0","0","0","","","1","","1","","40 27:33.094","","0","79 58:14.761","8","0","0","0","2301","0","0","0","N","0","0","0","2","02301","0","","1.0","","1","N","N","","0","","0","0","1","","0","","","2","1","0","0","0","1","0","2","0","2","","","","N","","","","","","","","","",""
"2014132402","","1","0","0","0","0","0","0","0","0","7","0","","02","12","2014","3","40.327606","-79.825146","","11","0","0","0","0","0","0","0","0","2","0","0","0","","","0","","0","","40 19:39.381","1","0","79 49:30.525","0","0","0","0","2304","0","0","0","N","0","0","0","1","02304","0","","5.0","","1","N","N","","0","","0","0","0","","0","Y","","1","0","0","0","0","0","0","2","0","1","","","","N","","","","","","","","","",""
"2014131808","","1","0","0","0","0","0","0","0","0","7","0","","02","12","2014","1","40.499576","-79.781607","","11","0","1","0","0","0","0","0","0","2","0","0","0","","","0","","0","","40 29:58.474","2","0","79 46:53.784","0","0","0","0","2466","0","0","0","N","0","0","0","2","02466","0","","2.0","","1","N","N","","0","","0","0","0","","0","N","","1","0","0","0","0","0","0","2","0","1","","","","N","","","","","","","","","",""
"2014126298","","1","0","0","0","0","0","0","0","0","7","0","","02","12","2014","7","40.436972","-80.001817","","11","0","0","0","0","0","0","0","0","2","0","0","0","","","0","","0","","40 26:13.098","4","0","80 00:06.541","0","0","0","0","2301","0","0","0","N","0","0","0","1","68B03","0","","4.0","","9","N","N","","0","","0","0","0","","0","N","","1","0","0","0","0","0","0","2","0","1","","","","N","","","","","","","","","",""
"2014126439","","2","0","0","0","0","0","0","0","0","4","0","","02","12","2014","4","40.305161","-80.069837","","11","0","1","0","0","0","1","0","0","3","0","0","0","","","2","","2","","40 18:18.580","5","0","80 04:11.413","4","0","0","0","2407","0","0","0","N","0","0","0","3","02407","1","","1.0","","1","N","N","","0","","0","0","0","","3","Y","","2","2","0","0","0","1","0","2","0","2","","","","N","","","","","","","","","",""
"2014126299","","2","0","0","0","0","0","0","0","0","5","0","50","02","12","2014","7","40.430078","-80.027493","","11","0","0","0","1","0","0","0","0","1","0","0","0","","","0","","0","","40 25:48.281","3","0","80 01:38.974","0","0","0","0","2301","0","0","0","N","0","0","0","4","68B03","0","","1.0","","9","N","N","","0","","0","0","0","","0","N","","2","0","0","0","0","0","0","2","0","2","","","N","Y","3","2","Y","N","N","Y","N","N","N",""
"2014127205","","1","0","0","0","0","0","0","0","0","1","0","","02","12","2014","2","40.502397","-79.861567","","11","0","0","0","0","0","1","0","0","","0","0","0","","","1","","0","","40 30:08.629","","0","79 51:41.640","4","0","0","0","2112","0","0","0","N","0","0","0","2","68D02","1","","1.0","","1","N","N","","0","","0","0","1","","0","","","2","1","1","0","0","0","0","2","0","2","","","","N","","","","","","","","","",""
"2014132353","","1","0","0","0","0","0","0","0","0","7","0","","02","12","2014","7","40.297754","-79.829632","","11","0","0","0","0","0","0","0","0","2","0","0","0","","","1","","0","","40 17:51.916","7","0","79 49:46.675","8","0","0","0","2105","0","0","0","N","0","0","0","1","02443","0","","5.0","","1","N","N","","0","","0","0","0","","0","N","","1","1","0","0","0","1","0","1","0","1","","","","N","","","","","","","","","",""
"2014132590","","0","0","0","0","0","0","0","0","0","4","0","","02","12","2014","4","40.454029","-79.912399","","11","0","0","0","0","0","0","0","0","","0","0","0","","","0","","1","","40 27:14.504","","0","79 54:44.638","0","0","0","0","2301","0","0","0","N","0","0","0","2","02301","0","","1.0","","1","N","N","","0","","0","0","2","","2","","","2","0","0","0","0","0","0","2","0","2","","","","N","","","","","","","","","",""
"2014132354","","1","0","0","0","0","0","0","0","0","1","0","","02","12","2014","3","40.634703","-79.939679","","11","0","0","0","0","2","1","0","0","","0","0","0","","","1","","1","","40 38:04.929","","0","79 56:22.843","8","0","0","0","2217","0","0","0","N","0","0","0","4","02505","0","","1.0","","1","N","N","","0","","0","0","2","","2","","","3","1","0","0","0","1","0","2","0","3","","","","N","","","","","","","","","",""
"2014132406","","1","0","0","0","0","0","0","0","0","8","0","","02","12","2014","7","40.486563","-79.972651","","11","0","0","0","0","0","0","0","0","1","0","0","0","","","1","","0","","40 29:11.626","6","0","79 58:21.543","8","0","0","0","2445","1","0","0","N","1","0","0","2","02445","0","","1.0","","1","N","N","","0","","0","0","0","","0","Y","","2","1","0","0","0","1","0","2","0","1","","","","N","","","","","","","","","",""
"2014132408","","0","0","0","0","0","0","0","0","0","4","0","","02","12","2014","5","40.45082","-79.713563","","11","0","0","0","0","0","1","0","0","","0","0","0","","","1","","1","","40 27:02.952","","0","79 42:48.828","8","0","0","0","2466","0","0","0","N","0","0","0","4","02466","0","","1.0","","1","N","N","","0","","0","0","2","","2","","","2","1","3","0","0","1","0","2","0","2","","","","N","","","","","","","","","",""
"2014128572","","1","0","0","0","0","0","0","0","0","4","0","","02","12","2014","6","40.405565","-79.88572","","11","0","0","0","0","0","0","1","0","","0","0","0","","","1","","0","","40 24:20.035","","0","79 53:08.591","4","0","0","0","2475","0","0","0","N","0","0","0","5","02475","1","","1.0","","1","N","N","","1","","0","0","0","","0","","","2","1","0","0","0","0","0","2","0","2","","","","N","","","","","","","","","",""
"2014127126","","1","0","0","0","0","0","0","0","0","7","0","","02","12","2014","3","40.430024","-79.98866","","11","0","0","0","0","0","0","0","0","1","0","0","0","","","0","","2","","40 25:48.086","2","0","79 59:19.176","0","0","0","0","2301","0","0","0","N","0","0","0","3","02301","0","","2.0","","1","N","N","","0","","0","0","0","","2","N","","1","0","1","0","0","0","0","2","0","1","","","","N","","","","","","","","","",""
"2014127142","","2","0","0","0","0","0","0","0","0","5","0","","02","12","2014","1","40.423292","-79.884357","","11","0","0","0","0","0","0","0","0","","0","0","0","","","0","","0","","40 25:23.851","","0","79 53:03.685","0","0","0","0","2463","0","0","0","N","0","0","0","1","02463","0","","1.0","","9","N","N","","0","","0","0","0","","0","","","2","0","0","0","0","0","0","2","0","2","","","","N","","","","","","","","","",""
"2014132592","","1","0","0","0","0","0","0","0","0","4","0","","02","12","2014","4","40.394542","-80.066274","","11","0","0","0","0","0","0","1","0","1","0","0","0","","","1","","2","","40 23:40.350","2","7","80 03:58.587","4","0","0","0","2117","0","0","0","N","0","0","0","2","02117","1","","1.0","","1","N","N","","0","","0","0","1","","0","N","","2","1","0","0","0","0","0","2","0","2","","","","N","","","","","","","","","",""
"2014132356","","3","0","0","0","0","0","0","0","0","5","0","","02","12","2014","3","40.417078","-79.975713","","11","0","0","0","0","0","0","0","0","","0","0","0","","","0","","0","","40 25:01.480","","0","79 58:32.566","0","0","0","0","2301","0","0","0","N","0","0","0","1","02301","0","","2.0","","1","N","N","","0","","0","0","0","","0","","","3","0","1","0","0","0","0","2","0","3","","","","N","","","","","","","","","",""
"2014126230","","0","0","0","0","0","0","0","0","0","4","0","","02","12","2014","6","40.387641","-80.090992","","11","0","0","0","1","0","0","0","1","","0","0","0","","","0","","1","","40 23:15.509","","0","80 05:27.572","0","0","0","0","2437","0","0","0","N","0","0","0","2","02437","0","","1.0","","1","N","N","","1","","0","0","1","","2","","","2","0","0","0","0","0","0","2","0","2","","","","N","","","","","","","","","",""
"2014132593","","0","0","0","0","0","0","0","0","0","7","0","","02","12","2014","4","40.426631","-79.927014","","11","0","0","0","0","0","1","0","0","","0","0","0","","","0","","0","","40 25:35.870","","0","79 55:37.250","0","0","0","0","2301","0","0","0","N","0","0","0","1","02301","0","","5.0","","1","N","N","","0","","0","0","1","","0","","","1","0","0","0","0","0","0","2","0","1","","","","N","","","","","","","","","",""
"2014126231","","0","0","0","0","0","0","0","0","0","7","0","","02","12","2014","1","40.448478","-80.010465","","11","0","0","0","0","0","0","0","0","","0","0","0","","","0","","0","","40 26:54.520","","0","80 00:37.675","0","0","0","0","2301","0","0","0","N","0","0","0","1","02301","0","","2.0","","9","N","N","","1","","0","0","0","","0","","","1","0","0","0","0","0","0","2","0","1","","","","N","","","","","","","","","",""