"CRN","ARRIVAL_TM","AUTOMOBILE_COUNT","BELTED_DEATH_COUNT","BELTED_SUSP_SERIOUS_INJ_COUNT","BICYCLE_COUNT","BICYCLE_DEATH_COUNT","BICYCLE_SUSP_SERIOUS_INJ_COUNT","BUS_COUNT","CHLDPAS_DEATH_COUNT","CHLDPAS_SUSP_SERIOUS_INJ_COUNT","COLLISION_TYPE","COMM_VEH_COUNT","CONS_ZONE_SPD_LIM","COUNTY","CRASH_MONTH","CRASH_YEAR","DAY_OF_WEEK","DEC_LATITUDE","DEC_LONGITUDE","DISPATCH_TM","DISTRICT","DRIVER_COUNT_16YR","DRIVER_COUNT_17YR","DRIVER_COUNT_18YR","DRIVER_COUNT_19YR","DRIVER_COUNT_20YR","DRIVER_COUNT_50_64YR","DRIVER_COUNT_65_74YR","DRIVER_COUNT_75PLUS","EST_HRS_CLOSED","FATAL_COUNT","HEAVY_TRUCK_COUNT","HORSE_BUGGY_COUNT","HOUR_OF_DAY","ILLUMINATION","INJURY_COUNT","INTERSECTION_RELATED","INTERSECT_TYPE","LANE_CLOSED","LATITUDE","LN_CLOSE_DIR","LOCATION_TYPE","LONGITUDE","MAX_SEVERITY_LEVEL","MCYCLE_DEATH_COUNT","MCYCLE_SUSP_SERIOUS_INJ_COUNT","MOTORCYCLE_COUNT","MUNICIPALITY","NONMOTR_COUNT","NONMOTR_DEATH_COUNT","NONMOTR_SUSP_SERIOUS_INJ_COUNT","NTFY_HIWY_MAINT","PED_COUNT","PED_DEATH_COUNT","PED_SUSP_SERIOUS_INJ_COUNT","PERSON_COUNT","POLICE_AGCY","POSSIBLE_INJ_COUNT","RDWY_SURF_TYPE_CD","RELATION_TO_ROAD","ROADWAY_CLEARED","ROAD_CONDITION","SCH_BUS_IND","SCH_ZONE_IND","SECONDARY_CRASH","SMALL_TRUCK_COUNT","SPEC_JURIS_CD","SUSP_MINOR_INJ_COUNT","SUSP_SERIOUS_INJ_COUNT","SUV_COUNT","TCD_FUNC_CD","TCD_TYPE","TFC_DETOUR_IND","TIME_OF_DAY","TOTAL_UNITS","TOT_INJ_COUNT","UNBELTED_OCC_COUNT","UNB_DEATH_COUNT","UNB_SUSP_SERIOUS_INJ_COUNT","UNK_INJ_DEG_COUNT","UNK_INJ_PER_COUNT","URBAN_RURAL","VAN_COUNT","VEHICLE_COUNT","WEATHER1","WEATHER2","WORKERS_PRES","WORK_ZONE_IND","WORK_ZONE_LOC","WORK_ZONE_TYPE","WZ_CLOSE_DETOUR","WZ_FLAGGER","WZ_LAW_OFFCR_IND","WZ_LN_CLOSURE","WZ_MOVING","WZ_OTHER","WZ_SHLDER_MDN","WZ_WORKERS_INJ_KILLED"
"2014130762","","1","0","0","0","0","0","0","0","0","1","0","","02","12","2014","3","","","","11","0","0","0","0","0","0","0","1","","0","0","0","","","1","","0","","","","0","","4","0","0","0","2217","0","0","0","N","0","0","0","5","02505","1","","1.0","","9","N","N","","0","","0","0","0","","0","","","2","1","0","0","0","0","0","1","1","2","","","","N","","","","","","","","","",""
"2014130078","","2","0","0","0","0","0","0","0","0","1","0","","02","12","2014","3","40.481527","-79.876154","","11","0","0","0","0","0","0","0","0","","0","0","0","","","0","","2","","40 28:53.497","","0","79 52:34.154","9","0","0","0","2113","0","0","0","N","0","0","0","2","02113","0","","1.0","","9","N","N","","0","","0","0","0","","0","","","2","0","0","0","0","0","1","2","0","2","","","","N","","","","","","","","","",""
"2014129179","","1","0","0","0","0","0","0","0","0","1","0","","02","12","2014","4","40.505127","-80.029592","","11","0","0","0","0","0","0","0","0","","0","0","0","","","1","","0","","40 30:18.458","","0","80 01:46.531","8","0","0","0","2116","0","0","0","N","0","0","0","2","68B03","0","","1.0","","1","N","N","","1","","0","0","0","","0","","","2","1","0","0","0","1","0","2","0","2","","","","N","","","","","","","","","",""
"2014131509","","1","0","0","0","0","0","0","0","0","1","0","","02","11","2014","7","40.428892","-79.931435","","11","0","1","0","0","0","1","0","0","","0","0","0","","","2","","0","","40 25:44.012","","0","79 55:53.167","4","0","0","0","2301","0","0","0","N","0","0","0","4","68B03","2","","1.0","","1","N","N","","0","","0","0","1","","0","","","2","2","0","0","0","0","0","2","0","2","","","","N","","","","","","","","","",""
"2014130698","","1","0","0","0","0","0","0","0","0","5","0","","02","12","2014","1","40.456351","-79.928818","","11","0","0","0","0","0","0","0","0","","0","0","0","","","0","","1","","40 27:22.863","","0","79 55:43.744","0","0","0","0","2301","0","0","0","N","0","0","0","2","02301","0","","2.0","","1","N","N","","0","","0","0","1","","3","","","2","0","0","0","0","0","0","2","0","2","","","","N","","","","","","","","","",""
"2014129180","","1","0","0","0","0","0","0","0","0","99","0","","02","12","2014","5","40.47177","-80.247546","","11","0","0","0","0","0","0","0","0","","0","0","0","","","0","","0","","40 28:18.371","","0","80 14:51.166","0","0","0","0","2203","0","0","0","N","0","0","0","1","68B03","0","","1.0","","1","N","N","","0","","0","0","0","","0","","","1","0","0","0","0","0","0","2","0","1","","","","N","","","","","","","","","",""
"2014130685","","1","0","0","0","0","0","0","0","0","1","0","","02","12","2014","4","40.444048","-79.979627","","11","0","0","0","0","0","0","1","0","2","0","0","0","","","1","","2","","40 26:38.572","4","0","79 58:46.657","8","0","0","0","2301","0","0","0","N","0","0","0","1","02301","0","","1.0","","9","N","N","","0","","0","0","1","","0","Y","","2","1","0","0","0","1","0","2","0","2","","","","N","","","","","","","","","",""
"2014131510","","1","0","0","0","0","0","0","0","0","7","0","","02","12","2014","6","40.458969","-80.189803","","11","0","0","0","0","0","0","0","0","2","0","0","0","","","0","","0","","40 27:32.287","3","0","80 11:23.290","0","0","0","0","2213","0","0","0","N","0","0","0","1","68B03","0","","5.0","","9","N","N","","0","","0","0","0","","0","N","","1","0","0","0","0","0","0","2","0","1","","","","N","","","","","","","","","",""
"2014129256","","0","0","0","0","0","0","0","0","0","0","1","","02","12","2014","4","40.351943","-80.146039","","11","0","0","0","0","0","1","0","0","3","0","1","0","","","0","","0","","40 21:06.996","3","0","80 08:45.741","9","0","0","0","2119","0","0","0","Y","0","0","0","1","02119","0","","1.0","","1","N","N","","0","","0","0","0","","0","N","","1","0","0","0","0","0","1","2","0","1","","","","N","","","","","","","","","",""
"2014130080","","2","0","0","0","0","0","0","0","0","1","0","","02","12","2014","6","40.567646","-80.232088","","11","0","0","0","0","0","0","0","1","2","0","0","0","","","2","","0","","40 34:03.526","1","0","80 13:55.515","4","0","0","0","2103","0","0","0","N","0","0","0","2","02103","2","","1.0","","1","N","N","","0","","0","0","0","","0","N","","2","2","0","0","0","0","0","2","0","2","","","","N","","","","","","","","","",""
"2014131379","","3","0","0","0","0","0","0","0","0","5","0","","02","12","2014","7","40.459034","-79.940724","","11","0","0","0","0","0","0","0","0","1","0","0","0","","","0","","0","","40 27:32.522","2","0","79 56:26.606","0","0","0","0","2301","0","0","0","N","0","0","0","1","02301","0","","1.0","","1","N","N","","0","","0","0","0","","0","N","","3","0","0","0","0","0","0","2","0","3","","","","N","","","","","","","","","",""
"2014129181","","3","0","0","0","0","0","0","0","0","1","0","","02","12","2014","5","40.446501","-80.169735","","11","0","0","1","0","0","1","1","0","1","0","0","0","","","1","","0","","40 26:47.404","3","0","80 10:11.047","4","0","0","0","2115","0","0","0","N","0","0","0","3","68B03","1","","1.0","","1","N","N","","0","","0","0","0","","0","N","","3","1","0","0","0","0","0","2","0","3","","","","N","","","","","","","","","",""
"2014129257","","1","0","0","0","0","0","0","0","0","99","0","","02","12","2014","2","40.438056","-79.908861","","11","0","0","0","0","0","0","0","0","1","0","0","0","","","0","","0","","40 26:17.000","2","0","79 54:31.900","0","0","0","0","2301","0","0","0","N","0","0","0","2","02301","0","","1.0","","1","N","N","","0","","0","0","0","","0","Y","","1","0","0","0","0","0","0","2","0","1","","","","N","","","","","","","","","",""
"2014131589","","1","0","0","0","0","0","0","0","0","7","0","","02","12","2014","7","40.464328","-79.918217","","11","0","0","0","0","0","0","0","0","","0","0","0","","","0","","0","","40 27:51.579","","0","79 55:05.582","0","0","0","0","2301","0","0","0","N","0","0","0","0","02301","0","","5.0","","1","N","N","","0","","0","0","0","","0","","","1","0","0","0","0","0","0","2","0","1","","","","N","","","","","","","","","",""
"2014130829","","1","0","0","0","0","0","0","0","0","1","0","","02","12","2014","2","40.488318","-79.912425","","11","0","0","0","0","0","0","0","0","2","0","0","0","","","4","","0","","40 29:17.945","2","3","79 54:44.730","8","0","0","0","2301","0","0","0","N","0","0","0","4","68D02","0","","1.0","","1","N","N","","0","","0","0","1","","0","N","","2","4","1","0","0","4","0","2","0","2","","","","N","","","","","","","","","",""
"2014131380","","2","0","0","0","0","0","0","0","0","1","0","","02","12","2014","7","40.43778","-79.972856","","11","0","0","0","0","0","0","0","0","2","0","0","0","","","0","","1","","40 26:16.008","4","0","79 58:22.281","0","0","0","0","2301","0","0","0","N","0","0","0","2","02301","0","","1.0","","1","N","N","","0","","0","0","0","","2","Y","","2","0","0","0","0","0","0","2","0","2","","","","N","","","","","","","","","",""
"2014129182","","1","0","0","0","0","0","0","0","0","7","0","","02","12","2014","6","40.538323","-80.27213","","11","0","0","0","0","0","0","0","0","","0","0","0","","","0","","0","","40 32:17.964","","0","80 16:19.667","0","0","0","0","2213","0","0","0","Y","0","0","0","1","68B03","0","","4.0","","2","N","N","","0","","0","0","0","","0","","","1","0","0","0","0","0","0","1","0","1","","","","N","","","","","","","","","",""
"2014129807","","2","0","0","0","0","0","0","0","0","1","0","","02","12","2014","6","40.583377","-80.030702","","11","0","0","0","0","0","0","0","0","2","0","0","0","","","1","","3","","40 35:00.157","2","0","80 01:50.528","3","0","0","0","2108","0","0","0","N","0","0","0","3","02108","0","","1.0","","1","N","N","","0","","1","0","0","","0","N","","2","1","2","0","0","0","0","2","0","2","","","","N","","","","","","","","","",""
"2014131382","","0","0","0","0","0","0","0","0","0","7","0","","02","12","2014","7","40.523076","-79.935903","","11","0","0","0","0","0","0","0","0","2","0","0","0","","","0","","0","","40 31:23.075","4","3","79 56:09.249","0","0","0","0","2112","0","0","0","Y","0","0","0","0","02112","0","","4.0","","1","N","N","","0","","0","0","1","","0","N","","1","0","0","0","0","0","0","2","0","1","","","","N","","","","","","","","","",""
"2014129183","","1","0","0","0","0","0","0","0","0","7","0","","02","12","2014","6","40.422843","-80.103004","","11","0","0","0","0","0","0","0","0","","0","0","0","","","0","","6","","40 25:22.234","","2","80 06:10.813","0","0","0","0","2115","0","0","0","Y","0","0","0","1","68B03","0","","4.0","","2","N","N","","0","","0","0","0","","0","","","1","0","0","0","0","0","0","2","0","1","","","","N","","","","","","","","","",""
"2014130703","","1","0","0","0","0","0","0","0","0","7","0","","02","12","2014","1","40.52981","-79.788753","","11","0","0","0","0","0","0","0","0","1","0","0","0","","","1","","0","","40 31:47.316","3","0","79 47:19.510","3","0","0","0","2466","0","0","0","N","0","0","0","1","02466","0","","5.0","","1","N","N","","0","","1","0","0","","0","N","","1","1","1","0","0","0","0","1","0","1","","","","N","","","","","","","","","",""
"2014129259","","0","0","0","0","0","0","0","0","0","4","0","","02","12","2014","2","40.46997","-80.100024","","11","0","0","0","0","0","0","0","0","2","0","0","0","","","1","","1","","40 28:11.892","4","0","80 06:00.086","8","0","0","0","2126","0","0","0","N","0","0","0","3","02126","0","","1.0","","1","N","N","","0","","0","0","2","","3","Y","","2","1","0","0","0","1","0","2","0","2","","","","N","","","","","","","","","",""
"2014129335","","1","0","0","0","0","0","1","0","0","5","1","","02","12","2014","2","40.443827","-79.994378","","11","0","0","0","0","0","2","0","0","","0","0","0","","","0","","0","","40 26:37.777","","0","79 59:39.760","0","0","0","0","2301","0","0","0","N","0","0","0","4","02301","0","","1.0","","1","N","N","","0","","0","0","0","","2","","","2","0","0","0","0","0","0","2","0","2","","","","N","","","","","","","","","",""
"2014129184","","2","0","0","0","0","0","0","0","0","1","1","","02","12","2014","6","40.421523","-80.104629","","11","0","0","0","0","0","1","0","0","1","0","1","0","","","1","","0","","40 25:17.484","1","0","80 06:16.665","8","0","0","0","2115","0","0","0","N","0","0","0","3","68B03","0","","1.0","","9","N","N","","0","","0","0","0","","0","N","","3","1","0","0","0","1","0","2","0","3","","","","N","","","","","","","","","",""
"2014130768","","1","0","0","0","0","0","0","0","0","8","0","","02","12","2014","2","40.455545","-79.710402","","11","0","0","0","0","0","0","0","0","","0","0","0","","","0","","0","","40 27:19.961","","7","79 42:37.446","9","0","0","0","2466","1","0","0","N","1","0","0","2","02466","0","","6.0","","1","N","N","","0","","0","0","0","","0","","","3","0","0","0","0","0","1","2","1","2","","","","N","","","","","","","","","",""
"2014130085","","1","0","0","0","0","0","0","0","0","4","0","","02","12","2014","3","40.44281","-80.186376","","11","0","0","0","0","0","1","0","0","","0","0","0","","","0","","0","","40 26:34.115","","0","80 11:10.955","0","0","0","0","2214","0","0","0","N","0","0","0","2","02214","0","","1.0","","9","N","N","","0","","0","0","1","","0","","","2","0","0","0","0","0","0","2","0","2","","","","N","","","","","","","","","",""
"2014129185","","1","0","0","0","0","0","0","0","0","1","0","","02","12","2014","7","40.450727","-80.16856","","11","0","0","0","0","0","0","0","0","","0","0","0","","","2","","6","","40 27:02.618","","2","80 10:06.816","8","0","0","0","2115","0","0","0","N","0","0","0","4","68B03","0","","1.0","","1","N","N","","1","","0","0","0","","0","","","2","2","0","0","0","2","0","2","0","2","","","","N","","","","","","","","","",""
"2014130705","","0","0","0","0","0","0","0","0","0","7","0","","02","12","2014","7","40.440028","-79.897806","","11","0","0","0","0","0","0","0","0","3","0","0","0","","","0","","0","","40 26:24.100","7","0","79 53:52.100","0","0","0","0","2301","0","0","0","N","0","0","0","2","02301","0","","5.0","","1","N","N","","0","","0","0","1","","2","Y","","1","0","0","0","0","0","0","2","0","1","","","","N","","","","","","","","","",""
"2014129262","","0","0","0","0","0","0","0","0","0","1","0","","02","12","2014","4","40.441735","-80.239164","","11","0","0","0","0","0","0","0","1","","0","0","0","","","0","","5","","40 26:30.247","","0","80 14:20.991","0","0","0","0","2214","0","0","0","N","0","0","0","2","02214","0","","1.0","","9","N","N","","0","","0","0","2","","2","","","3","0","0","0","0","0","0","2","0","2","","","","N","","","","","","","","","",""
"2014131386","","1","0","0","0","0","0","0","0","0","5","1","","02","12","2014","7","40.403703","-79.915509","","11","0","0","0","0","0","0","0","0","","0","1","0","","","1","","0","","40 24:13.330","","0","79 54:55.834","8","0","0","0","2472","0","0","0","N","0","0","0","1","02472","0","","6.0","","1","N","N","","1","","0","0","0","","0","","","3","1","1","0","0","1","0","2","0","3","","","","N","","","","","","","","","",""
"2014131467","","1","0","0","0","0","0","0","0","0","2","0","","02","12","2014","1","40.498358","-80.020306","","11","0","0","0","0","1","0","1","0","1","0","0","0","","","0","","2","","40 29:54.088","7","0","80 01:13.103","0","0","0","0","2116","0","0","0","N","0","0","0","2","02116","0","","1.0","","9","N","N","","0","","0","0","1","","2","Y","","2","0","0","0","0","0","0","2","0","2","","","","N","","","","","","","","","",""
"2014129340","","0","0","0","0","0","0","0","0","0","4","0","","02","12","2014","2","40.552415","-79.934734","","11","0","0","0","0","0","0","0","0","","0","0","0","","","0","","1","","40 33:08.693","","0","79 56:05.044","0","0","0","0","2209","0","0","0","N","0","0","0","4","02209","0","","1.0","","1","N","N","","0","","0","0","1","","3","","","2","0","0","0","0","0","0","2","1","2","","","","N","","","","","","","","","",""
"2014130156","","1","0","0","0","0","0","0","0","0","4","0","","02","12","2014","4","40.545309","-80.038637","","11","0","0","0","0","0","0","0","0","2","0","0","0","","","0","","0","","40 32:43.114","4","0","80 02:19.092","0","0","0","0","2116","0","0","0","","0","0","0","1","02116","0","","1.0","","9","","","","0","","0","0","0","","0","N","","2","0","0","0","0","0","0","2","0","2","","","","N","","","","","","","","","",""
"2014130157","","2","0","0","0","0","0","0","0","0","4","0","","02","12","2014","1","40.391952","-80.015198","","11","0","0","0","0","0","1","0","0","1","0","0","0","","","1","","2","","40 23:31.027","6","0","80 00:54.712","8","0","0","0","2301","0","0","0","N","0","0","0","5","02301","0","","1.0","","1","N","N","","0","","0","0","0","","0","Y","","3","1","0","0","0","1","0","2","1","3","","","","N","","","","","","","","","",""
"2014131388","","2","0","0","0","0","0","0","0","0","1","0","","02","12","2014","4","40.408861","-79.991028","","11","0","0","0","0","0","0","0","0","","0","0","0","","","1","","0","","40 24:31.900","","0","79 59:27.700","4","0","0","0","2301","0","0","0","N","0","0","0","1","02301","1","","2.0","","9","N","N","","0","","0","0","0","","0","","","2","1","1","0","0","0","0","2","0","2","","","","N","","","","","","","","","",""
"2014131598","","6","0","0","0","0","0","0","0","0","4","0","","02","12","2014","2","40.45426","-79.933425","","11","0","0","0","0","0","0","0","0","1","0","0","0","","","1","","0","","40 27:15.336","4","0","79 56:00.330","4","0","0","0","2301","0","0","0","N","0","0","0","1","02301","1","","1.0","","1","N","N","","0","","0","0","0","","0","Y","","6","1","0","0","0","0","0","2","0","6","","","","N","","","","","","","","","",""
"2014130850","","1","0","0","0","0","0","0","0","0","7","0","","02","12","2014","5","40.458633","-79.99836","","11","0","1","0","0","0","0","0","0","1","0","0","0","","","1","","10","","40 27:31.078","2","0","79 59:54.096","4","0","0","0","2301","0","0","0","N","0","0","0","1","02301","1","","3.0","","1","N","N","","0","","0","0","0","","0","N","","1","1","0","0","0","0","0","2","0","1","","","","N","","","","","","","","","",""
"2014129957","","2","0","0","0","0","0","0","0","0","1","0","","02","11","2014","5","40.426365","-79.914537","","11","0","0","0","0","0","3","0","0","2","0","0","0","","","2","","0","","40 25:34.915","4","4","79 54:52.332","4","0","0","0","2301","0","0","0","N","0","0","0","5","68B03","2","","1.0","","1","N","N","","1","","0","0","1","","0","N","","4","2","0","0","0","0","0","2","0","4","","","","N","","","","","","","","","",""
"2014129958","","0","0","0","0","0","0","0","0","0","99","0","","02","11","2014","2","40.325446","-80.142863","","11","0","0","0","0","0","0","1","0","","0","0","0","","","0","","0","","40 19:31.607","","0","80 08:34.306","0","0","0","0","2119","0","0","0","N","0","0","0","1","68B03","0","","1.0","","1","N","N","","0","","0","0","1","","0","","","1","0","0","0","0","0","0","2","0","1","","","","N","","","","","","","","","",""
"2014129268","","0","0","0","0","0","0","0","0","0","7","0","","02","12","2014","6","40.528144","-79.710271","","11","0","0","0","0","0","0","0","0","1","0","0","0","","","0","","0","","40 31:41.320","5","0","79 42:36.975","0","0","0","0","2466","0","0","0","N","0","0","0","1","02466","0","","4.0","","2","N","N","","0","","0","0","1","","0","N","","1","0","0","0","0","0","0","1","0","1","","","","N","","","","","","","","","",""
"2014131676","","1","0","0","0","0","0","0","0","0","7","0","","02","12","2014","1","40.498861","-79.785076","","11","0","0","0","0","0","0","0","0","1","0","0","0","","","1","","0","","40 29:55.900","3","0","79 47:06.272","8","0","0","0","2466","0","0","0","N","0","0","0","1","68T02","0","","3.0","","1","N","N","","0","","0","0","0","","0","N","","1","1","0","0","0","1","0","2","0","1","","","","N","","","","","","","","","",""
"2014130161","","1","0","0","0","0","0","0","0","0","4","0","","02","12","2014","4","40.440126","-79.996436","","11","0","0","0","0","0","1","0","0","","0","0","0","","","0","","1","","40 26:24.453","","0","79 59:47.169","0","0","0","0","2301","0","0","0","N","0","0","0","3","02301","0","","1.0","","9","N","N","","1","","0","0","0","","2","","","2","0","0","0","0","0","0","2","0","2","","","","N","","","","","","","","","",""
"2014129959","","0","0","0","0","0","0","0","0","0","7","0","","02","11","2014","3","40.466391","-80.000331","","11","0","0","0","0","0","0","0","0","1","0","0","0","","","0","","0","","40 27:59.006","1","0","80 00:01.191","0","0","0","0","2301","0","0","0","Y","0","0","0","1","68B03","0","","4.0","","1","N","N","","0","","0","0","1","","0","N","","1","0","0","0","0","0","0","2","0","1","","","","N","","","","","","","","","",""
"2014130853","","1","0","0","0","0","0","0","0","0","1","0","","02","12","2014","4","40.588826","-79.949144","","11","0","0","0","0","0","0","0","0","","0","0","0","","","2","","0","","40 35:19.774","","0","79 56:56.917","4","0","0","0","2207","0","0","0","N","0","0","0","3","02207","1","","1.0","","9","N","N","","0","","0","0","0","","2","","","2","2","0","0","0","1","0","2","0","2","","","","N","","","","","","","","","",""
"2014129960","","1","0","0","0","0","0","0","0","0","0","0","","02","11","2014","5","40.428567","-79.946613","","11","0","0","0","0","1","0","0","1","","0","0","0","","","1","","0","","40 25:42.841","","0","79 56:47.807","3","0","0","0","2301","0","0","0","N","0","0","0","3","68B03","0","","1.0","","1","N","N","","1","","1","0","0","","0","","","2","1","0","0","0","0","0","2","0","2","","","","N","","","","","","","","","",""
"2014131678","","0","0","0","0","0","0","0","0","0","1","2","","02","12","2014","1","40.599212","-79.928991","","11","0","0","0","0","0","0","0","0","","0","2","0","","","1","","0","","40 35:57.162","","0","79 55:44.366","4","0","0","0","2207","0","0","0","N","0","0","0","3","68T02","1","","1.0","","9","N","N","","0","","0","0","0","","0","","","2","1","1","0","0","0","0","1","0","2","","","","N","","","","","","","","","",""
"2014131758","","1","0","0","0","0","0","0","0","0","4","0","","02","12","2014","2","40.339743","-79.963169","","11","0","0","0","0","0","0","0","0","1","0","0","0","","","1","","0","","40 20:23.075","5","0","79 57:47.408","8","0","0","0","2454","0","0","0","N","0","0","0","2","02454","0","","1.0","","1","N","N","","0","","0","0","1","","0","N","","2","1","0","0","0","1","0","2","0","2","","","","N","","","","","","","","","",""
"2014131395","","2","0","0","0","0","0","0","0","0","4","0","","02","12","2014","1","40.450478","-80.045233","","11","0","0","0","0","0","0","0","0","1","0","0","0","","","2","","2","","40 27:01.720","6","0","80 02:42.838","8","0","0","0","2301","0","0","0","","0","0","0","5","02301","0","","1.0","","9","N","","","0","","0","0","0","","1","Y","","2","2","0","0","0","2","0","2","0","2","","","","N","","","","","","","","","",""
"2014131462","","1","0","0","0","0","0","0","0","0","1","1","","02","12","2014","4","40.528627","-80.007646","","11","0","0","0","0","0","0","0","0","1","0","1","0","","","1","","0","","40 31:43.057","2","0","80 00:27.525","4","0","0","0","2116","0","0","0","N","0","0","0","2","02116","1","","1.0","","9","N","N","","0","","0","0","0","","0","N","","2","1","0","0","0","0","0","2","0","2","","","","N","","","","","","","","","",""
"2014129961","","2","0","0","0","0","0","0","0","0","4","0","","02","11","2014","7","40.425347","-80.107639","","11","0","0","0","0","0","2","0","0","3","0","0","0","","","0","","0","","40 25:31.250","2","8","80 06:27.500","0","0","0","0","2115","0","0","0","Y","0","0","0","4","68B03","0","","1.0","","2","N","N","","1","","0","0","0","","8","N","","4","0","0","0","0","0","0","2","1","4","","","","N","","","","","","","","","",""
"2014129962","","2","0","0","0","0","0","0","0","0","1","1","","02","11","2014","3","40.443754","-80.111029","","11","0","0","0","0","0","1","0","0","2","0","1","0","","","0","","0","","40 26:37.515","1","0","80 06:39.703","0","0","0","0","2115","0","0","0","N","0","0","0","3","68B03","0","","1.0","","1","N","N","","0","","0","0","0","","0","N","","3","0","0","0","0","0","0","2","0","3","","","","N","","","","","","","","","",""
"2014131538","","3","0","0","0","0","0","0","0","0","1","0","","02","12","2014","7","40.470993","-80.060772","","11","0","0","0","0","0","0","0","0","2","0","0","0","","","0","","0","","40 28:15.575","5","0","80 03:38.780","0","0","0","0","2444","0","0","0","","0","0","0","1","02444","0","","2.0","","1","","","","1","","0","0","0","","0","Y","","4","0","1","0","0","0","0","2","0","4","","","","N","","","","","","","","","",""
"2014130856","","0","0","0","0","0","0","0","0","0","1","0","","02","12","2014","5","40.404397","-80.093908","","11","0","0","0","0","0","0","0","0","","0","0","0","","","0","","0","","40 24:15.830","","0","80 05:38.070","0","0","0","0","2415","0","0","0","N","0","0","0","1","02415","0","","1.0","","1","N","N","","0","","0","0","2","","0","","","2","0","1","0","0","0","0","2","0","2","","","","N","","","","","","","","","",""
"2014130180","","0","0","0","0","0","0","0","0","0","0","0","","02","12","2014","5","40.377578","-80.041358","","11","0","0","0","0","0","0","0","0","1","0","0","0","","","0","","2","","40 22:39.282","3","0","80 02:28.889","0","0","0","0","2109","0","0","0","N","0","0","0","1","02109","0","","1.0","","1","N","N","","0","","0","0","1","","0","Y","","1","0","0","0","0","0","0","2","0","1","","","","N","","","","","","","","","",""
"2014129963","","0","0","0","0","0","0","0","0","0","7","0","","02","12","2014","3","40.426989","-80.293284","","11","0","0","0","1","0","0","0","0","3","0","0","0","","","0","","0","","40 25:37.162","3","0","80 17:35.824","0","0","0","0","2214","0","0","0","N","0","0","0","1","68B03","0","","2.0","","2","N","N","","1","","0","0","0","","0","N","","1","0","0","0","0","0","0","1","0","1","","","","N","","","","","","","","","",""
"2014131399","","0","0","0","0","0","0","0","0","0","2","0","","02","12","2014","7","40.498102","-80.012922","","11","0","0","0","0","0","1","0","0","1","0","0","0","","","3","","6","","40 29:53.166","2","0","80 00:46.519","4","0","0","0","2301","0","0","0","N","0","0","0","3","02301","1","","1.0","","9","N","N","","0","","0","0","2","","0","Y","","2","3","0","0","0","2","0","2","0","2","","","","N","","","","","","","","","",""
"2014130654","","2","0","0","0","0","0","0","0","0","1","0","","02","11","2014","7","40.433743","-79.796641","","11","0","0","0","0","0","2","0","0","1","0","0","0","","","2","","0","","40 26:01.473","4","0","79 47:47.908","4","0","0","0","2446","0","0","0","N","0","0","0","7","02446","2","","1.0","","9","N","N","","1","","0","0","0","","0","N","","3","2","1","0","0","0","1","2","0","3","","","","N","","","","","","","","","",""
"2014129964","","0","0","0","0","0","0","0","0","0","7","0","","02","12","2014","3","40.436856","-80.211694","","11","0","0","0","0","0","0","0","0","","0","0","0","","","0","","0","","40 26:12.682","","0","80 12:42.098","0","0","0","0","2214","0","0","0","N","0","0","0","1","68B03","0","","3.0","","2","N","N","","0","","0","0","1","","0","","","1","0","0","0","0","0","0","2","0","1","","","","N","","","","","","","","","",""
"2014130719","","1","0","0","0","0","0","0","0","0","7","0","","02","11","2014","7","40.436846","-80.211566","","11","0","0","0","0","0","0","0","0","2","0","0","0","","","0","","0","","40 26:12.644","4","0","80 12:41.637","0","0","0","0","2214","0","0","0","N","0","0","0","1","68B03","0","","2.0","","2","N","N","","0","","0","0","0","","0","N","","1","0","0","0","0","0","0","2","0","1","","","","N","","","","","","","","","",""
"2014129274","","0","0","0","0","0","0","0","0","0","8","0","","02","12","2014","4","40.446831","-79.893514","","11","0","0","0","0","0","0","1","0","","0","0","0","","","1","","0","","40 26:48.590","","7","79 53:36.650","8","0","0","0","2301","1","0","0","N","1","0","0","2","02301","0","","1.0","","1","N","N","","0","","0","0","0","","0","","","2","1","0","0","0","1","0","2","1","1","","","","N","","","","","","","","","",""
"2014130796","","2","0","0","0","0","0","0","0","0","1","0","","02","12","2014","4","40.563457","-80.205094","","11","0","0","0","0","0","0","0","1","1","0","0","0","","","0","","0","","40 33:48.445","5","0","80 12:18.338","0","0","0","0","2441","0","0","0","N","0","0","0","1","02441","0","","4.0","","1","N","N","","0","","0","0","0","","0","N","","2","0","0","0","0","0","0","2","0","2","","","","N","","","","","","","","","",""
"2014129150","","1","0","0","0","0","0","0","0","0","0","0","","02","12","2014","6","40.581606","-79.921793","","11","0","0","0","0","0","1","0","0","1","0","0","0","","","0","","1","","40 34:53.780","4","0","79 55:18.455","0","0","0","0","2207","0","0","0","N","0","0","0","1","02207","0","","1.0","","2","N","N","","0","","0","0","0","","3","N","","1","0","0","0","0","0","0","2","0","1","","","","N","","","","","","","","","",""
"2014131480","","3","0","0","0","0","0","0","0","0","1","0","30","02","12","2014","2","40.442722","-80.059278","","11","0","0","0","0","0","0","0","0","3","0","0","0","","","4","","0","","40 26:33.800","2","0","80 03:33.400","3","0","0","0","2439","0","0","0","N","0","0","0","4","02439","2","","1.0","","1","N","N","","0","","2","0","0","","0","Y","","3","4","1","0","0","0","0","2","0","3","","","Y","Y","2","1","","Y","Y","Y","Y","","",""