"CRN","ARRIVAL_TM","AUTOMOBILE_COUNT","BELTED_DEATH_COUNT","BELTED_SUSP_SERIOUS_INJ_COUNT","BICYCLE_COUNT","BICYCLE_DEATH_COUNT","BICYCLE_SUSP_SERIOUS_INJ_COUNT","BUS_COUNT","CHLDPAS_DEATH_COUNT","CHLDPAS_SUSP_SERIOUS_INJ_COUNT","COLLISION_TYPE","COMM_VEH_COUNT","CONS_ZONE_SPD_LIM","COUNTY","CRASH_MONTH","CRASH_YEAR","DAY_OF_WEEK","DEC_LATITUDE","DEC_LONGITUDE","DISPATCH_TM","DISTRICT","DRIVER_COUNT_16YR","DRIVER_COUNT_17YR","DRIVER_COUNT_18YR","DRIVER_COUNT_19YR","DRIVER_COUNT_20YR","DRIVER_COUNT_50_64YR","DRIVER_COUNT_65_74YR","DRIVER_COUNT_75PLUS","EST_HRS_CLOSED","FATAL_COUNT","HEAVY_TRUCK_COUNT","HORSE_BUGGY_COUNT","HOUR_OF_DAY","ILLUMINATION","INJURY_COUNT","INTERSECTION_RELATED","INTERSECT_TYPE","LANE_CLOSED","LATITUDE","LN_CLOSE_DIR","LOCATION_TYPE","LONGITUDE","MAX_SEVERITY_LEVEL","MCYCLE_DEATH_COUNT","MCYCLE_SUSP_SERIOUS_INJ_COUNT","MOTORCYCLE_COUNT","MUNICIPALITY","NONMOTR_COUNT","NONMOTR_DEATH_COUNT","NONMOTR_SUSP_SERIOUS_INJ_COUNT","NTFY_HIWY_MAINT","PED_COUNT","PED_DEATH_COUNT","PED_SUSP_SERIOUS_INJ_COUNT","PERSON_COUNT","POLICE_AGCY","POSSIBLE_INJ_COUNT","RDWY_SURF_TYPE_CD","RELATION_TO_ROAD","ROADWAY_CLEARED","ROAD_CONDITION","SCH_BUS_IND","SCH_ZONE_IND","SECONDARY_CRASH","SMALL_TRUCK_COUNT","SPEC_JURIS_CD","SUSP_MINOR_INJ_COUNT","SUSP_SERIOUS_INJ_COUNT","SUV_COUNT","TCD_FUNC_CD","TCD_TYPE","TFC_DETOUR_IND","TIME_OF_DAY","TOTAL_UNITS","TOT_INJ_COUNT","UNBELTED_OCC_COUNT","UNB_DEATH_COUNT","UNB_SUSP_SERIOUS_INJ_COUNT","UNK_INJ_DEG_COUNT","UNK_INJ_PER_COUNT","URBAN_RURAL","VAN_COUNT","VEHICLE_COUNT","WEATHER1","WEATHER2","WORKERS_PRES","WORK_ZONE_IND","WORK_ZONE_LOC","WORK_ZONE_TYPE","WZ_CLOSE_DETOUR","WZ_FLAGGER","WZ_LAW_OFFCR_IND","WZ_LN_CLOSURE","WZ_MOVING","WZ_OTHER","WZ_SHLDER_MDN","WZ_WORKERS_INJ_KILLED"
"2014129965","","0","0","0","0","0","0","0","0","0","7","0","","02","12","2014","2","40.400872","-80.106461","","11","0","0","0","0","0","1","0","0","","0","0","0","","","1","","3","","40 24:03.138","","0","80 06:23.260","8","0","0","0","2102","0","0","0","Y","0","0","0","1","68B03","0","","7.0","","1","N","N","","1","","0","0","0","","0","","","1","1","1","0","0","1","0","2","0","1","","","","N","","","","","","","","","",""
"2014130720","","1","0","0","0","0","0","0","0","0","7","0","","02","12","2014","2","40.4938","-80.010838","","11","0","0","0","0","0","0","0","0","","0","0","0","","","1","","0","","40 29:37.679","","0","80 00:39.016","8","0","0","0","2301","0","0","0","N","0","0","0","1","68B03","0","","4.0","","1","N","N","","0","","0","0","0","","0","","","1","1","1","0","0","1","0","2","0","1","","","","N","","","","","","","","","",""
"2014130784","","0","0","0","0","0","0","0","0","0","7","0","","02","12","2014","6","40.62339","-80.053791","","11","0","0","0","0","0","0","0","0","1","0","0","0","","","0","","2","","40 37:24.204","3","0","80 03:13.649","0","0","0","0","2216","0","0","0","N","0","0","0","1","02505","0","","2.0","","2","N","N","","1","","0","0","0","","2","N","","1","0","0","0","0","0","0","1","0","1","","","","N","","","","","","","","","",""
"2014130101","","1","0","0","0","0","0","0","0","0","1","0","","02","12","2014","3","40.408824","-79.991119","","11","0","0","0","0","0","1","0","0","","0","0","0","","","1","","2","","40 24:31.766","","0","79 59:28.028","4","0","0","0","2301","0","0","0","N","0","0","0","2","02301","1","","1.0","","1","N","N","","1","","0","0","0","","0","","","2","1","1","0","0","0","0","2","0","2","","","","N","","","","","","","","","",""
"2014130860","","0","0","0","0","0","0","0","0","0","7","0","","02","12","2014","5","40.460372","-79.806053","","11","0","0","0","0","0","1","0","0","","0","0","0","","","0","","0","","40 27:37.340","","0","79 48:21.790","0","0","0","0","2113","0","0","0","N","0","0","0","1","02113","0","","2.0","","1","N","N","","0","","0","0","1","","0","","","1","0","1","0","0","0","0","2","0","1","","","","N","","","","","","","","","",""
"2014130169","","1","0","0","0","0","0","0","0","0","7","0","","02","12","2014","3","40.415639","-79.785778","","11","0","0","0","0","0","0","0","0","2","0","0","0","","","0","","0","","40 24:56.300","5","0","79 47:08.800","0","0","0","0","2446","0","0","0","N","0","0","0","1","02446","0","","4.0","","1","N","N","","0","","0","0","0","","0","Y","","1","0","0","0","0","0","0","2","0","1","","","","N","","","","","","","","","",""
"2014131401","","1","0","0","0","0","0","0","0","0","8","0","","02","12","2014","1","40.449819","-79.929656","","11","0","0","0","0","0","0","0","0","1","0","0","0","","","2","","1","","40 26:59.348","3","0","79 55:46.761","4","0","0","0","2301","2","0","0","N","2","0","0","3","02301","2","","1.0","","9","N","N","","0","","0","0","0","","2","N","","3","2","0","0","0","0","0","2","0","1","","","","N","","","","","","","","","",""
"2014129151","","0","0","0","0","0","0","0","0","0","7","0","","02","12","2014","1","40.430469","-80.000154","","11","0","0","0","0","0","0","0","0","1","0","0","0","","","0","","0","","40 25:49.690","3","0","80 00:00.556","9","0","0","0","2301","0","0","0","N","0","0","0","1","02301","0","","4.0","","1","N","N","","0","","0","0","1","","0","N","","1","0","0","0","0","0","1","2","0","1","","","","N","","","","","","","","","",""
"2014129904","","1","0","0","0","0","0","0","0","0","4","0","","02","12","2014","3","40.402736","-80.041313","","11","0","0","0","0","0","1","0","0","2","0","0","0","","","1","","0","","40 24:09.848","1","0","80 02:28.728","8","0","0","0","2301","0","0","0","N","0","0","0","2","02301","0","","1.0","","1","N","N","","1","","0","0","0","","0","N","","2","1","0","0","0","1","0","2","0","2","","","","N","","","","","","","","","",""
"2014129966","","2","0","0","0","0","0","0","0","0","1","0","","02","12","2014","4","40.411651","-80.076291","","11","0","0","0","0","0","2","0","0","2","0","0","0","","","0","","6","","40 24:41.945","3","2","80 04:34.647","0","0","0","0","2117","0","0","0","N","0","0","0","3","68B03","0","","1.0","","1","N","N","","0","","0","0","1","","4","N","","3","0","0","0","0","0","0","2","0","3","","","","N","","","","","","","","","",""
"2014130721","","2","0","0","0","0","0","0","0","0","4","0","","02","12","2014","3","40.420427","-80.049597","","11","0","0","0","0","0","0","0","0","","0","0","0","","","1","","0","","40 25:13.537","","0","80 02:58.549","4","0","0","0","2435","0","0","0","N","0","0","0","2","68B03","1","","1.0","","1","N","N","","0","","0","0","0","","0","","","2","1","1","0","0","0","0","2","0","2","","","","N","","","","","","","","","",""
"2014129152","","0","0","0","0","0","0","0","0","0","7","0","","02","12","2014","2","40.462315","-79.931416","","11","0","0","0","0","0","0","0","0","4","0","0","0","","","0","","2","","40 27:44.334","5","0","79 55:53.097","9","0","0","0","2301","0","0","0","N","0","0","0","3","02301","0","","5.0","","1","N","N","","1","","0","0","0","","0","N","","1","0","0","0","0","0","3","2","0","1","","","","N","","","","","","","","","",""
"2014129967","","2","0","0","0","0","0","0","0","0","1","0","","02","12","2014","4","40.43937","-79.861317","","11","0","0","0","0","0","0","0","0","","0","0","0","","","1","","0","","40 26:21.733","","0","79 51:40.742","4","0","0","0","2478","0","0","0","N","0","0","0","4","68B03","1","","1.0","","9","N","N","","0","","0","0","1","","0","","","4","1","0","0","0","0","1","2","0","4","","","","N","","","","","","","","","",""
"2014130722","","1","0","0","0","0","0","0","0","0","7","0","","02","12","2014","5","40.416846","-80.057605","","11","0","0","0","0","0","1","0","0","","0","0","0","","","0","","0","","40 25:00.645","","0","80 03:27.378","0","0","0","0","2435","0","0","0","N","0","0","0","1","68B03","0","","3.0","","1","N","N","","0","","0","0","0","","0","","","1","0","0","0","0","0","0","2","0","1","","","","N","","","","","","","","","",""
"2014131544","","2","0","0","0","0","0","0","0","0","4","0","","02","12","2014","7","40.411358","-79.912994","","11","0","0","0","0","0","0","0","0","","0","0","0","","","0","","2","","40 24:40.890","","0","79 54:46.779","0","0","0","0","2438","0","0","0","N","0","0","0","4","02438","0","","1.0","","1","N","N","","0","","0","0","0","","4","","","2","0","0","0","0","0","0","2","0","2","","","","N","","","","","","","","","",""
"2014129290","","0","0","0","0","0","0","0","0","0","7","0","","02","12","2014","2","40.589432","-79.953028","","11","0","0","0","0","0","0","0","0","","0","0","0","","","0","","0","","40 35:21.956","","0","79 57:10.899","0","0","0","0","2207","0","0","0","N","0","0","0","1","02207","0","","5.0","","1","N","N","","1","","0","0","0","","0","","","1","0","0","0","0","0","0","2","0","1","","","","N","","","","","","","","","",""
"2014131403","","1","0","0","0","0","0","0","0","0","4","0","","02","12","2014","7","40.454917","-79.978453","","11","0","0","0","0","0","0","0","0","1","0","0","0","","","0","","1","","40 27:17.701","4","0","79 58:42.430","0","0","0","0","2301","0","0","0","N","0","0","0","3","02301","0","","1.0","","9","N","N","","0","","0","0","1","","3","N","","2","0","0","0","0","0","0","2","0","2","","","","N","","","","","","","","","",""
"2014129968","","0","0","0","0","0","0","0","0","0","1","0","","02","12","2014","4","40.477388","-80.007454","","11","0","0","0","0","0","1","0","0","","0","0","0","","","0","","0","","40 28:38.595","","0","80 00:26.833","0","0","0","0","2301","0","0","0","N","0","0","0","2","68B03","0","","1.0","","1","N","N","","0","","0","0","2","","0","","","2","0","0","0","0","0","0","2","0","2","","","","N","","","","","","","","","",""
"2014130723","","0","0","0","0","0","0","0","0","0","1","2","","02","12","2014","5","40.42713","-79.919737","","11","0","0","0","0","0","0","0","0","","0","2","0","","","0","","0","","40 25:37.667","","4","79 55:11.054","0","0","0","0","2301","0","0","0","N","0","0","0","3","68B03","0","","1.0","","1","N","N","","0","","0","0","1","","0","","","3","0","0","0","0","0","0","2","0","3","","","","N","","","","","","","","","",""
"2014130173","","1","0","0","0","0","0","0","0","0","7","0","","02","12","2014","4","40.430269","-80.02846","","11","0","0","0","0","0","0","0","0","","0","0","0","","","1","","7","","40 25:48.968","","2","80 01:42.455","8","0","0","0","2301","0","0","0","N","0","0","0","1","02301","0","","1.0","","9","N","N","","0","","0","0","0","","0","","","1","1","0","0","0","1","0","2","0","1","","","","N","","","","","","","","","",""
"2014131698","","1","0","0","0","0","0","0","0","0","0","0","","02","12","2014","2","40.469085","-79.886893","","11","0","0","0","0","0","0","1","0","1","0","0","0","","","0","","3","","40 28:08.706","6","0","79 53:12.814","0","0","0","0","2113","0","0","0","N","0","0","0","1","02113","0","","1.0","","1","N","N","","0","","0","0","0","","0","Y","","1","0","0","0","0","0","0","2","0","1","","","","N","","","","","","","","","",""
"2014129969","","1","0","0","0","0","0","0","0","0","7","0","","02","12","2014","7","40.428662","-80.106482","","11","0","0","0","0","0","0","0","0","","0","0","0","","","0","","0","","40 25:43.182","","0","80 06:23.336","0","0","0","0","2115","0","0","0","Y","0","0","0","1","68B02","0","","4.0","","9","N","N","","0","","0","0","0","","0","","","1","0","0","0","0","0","0","2","0","1","","","","N","","","","","","","","","",""
"2014129292","","2","0","0","0","0","0","0","0","0","4","0","","02","12","2014","2","40.41836","-79.998827","","11","0","0","0","0","0","0","1","0","1","0","0","0","","","0","","1","","40 25:06.096","7","0","79 59:55.777","0","0","0","0","2301","0","0","0","N","0","0","0","2","02301","0","","1.0","","1","N","N","","0","","0","0","0","","3","N","","2","0","0","0","0","0","0","2","0","2","","","","N","","","","","","","","","",""
"2014130802","","2","0","0","0","0","0","0","0","0","4","0","","02","12","2014","4","40.459017","-79.817216","","11","0","0","0","0","0","1","0","0","","0","0","0","","","1","","2","","40 27:32.460","","0","79 49:01.976","8","0","0","0","2113","0","0","0","N","0","0","0","2","02113","0","","1.0","","9","N","N","","0","","0","0","0","","0","","","2","1","0","0","0","1","0","2","0","2","","","","N","","","","","","","","","",""
"2014129359","","1","0","0","0","0","0","0","0","0","1","0","","02","12","2014","2","40.467426","-79.834599","","11","0","0","0","0","0","0","1","0","2","0","0","0","","","2","","2","","40 28:02.732","6","0","79 50:04.558","4","0","0","0","2113","0","0","0","N","0","0","0","3","02113","2","","1.0","","1","N","N","","1","","0","0","0","","0","Y","","2","2","3","0","0","0","0","2","0","2","","","","N","","","","","","","","","",""
"2014129155","","1","0","0","0","0","0","0","0","0","7","0","","02","12","2014","1","40.460828","-79.867444","","11","0","0","0","0","0","0","0","0","3","0","0","0","","","1","","0","","40 27:38.981","6","0","79 52:02.800","4","0","0","0","2113","0","0","0","N","0","0","0","1","02113","1","","5.0","","1","N","N","","0","","0","0","0","","0","Y","","1","1","0","0","0","0","0","2","0","1","","","","N","","","","","","","","","",""
"2014129970","","2","0","0","0","0","0","0","0","0","1","0","","02","12","2014","2","40.425015","-80.118085","","11","0","0","0","0","0","0","0","0","1","0","0","0","","","2","","0","","40 25:30.053","4","0","80 07:05.105","4","0","0","0","2102","0","0","0","N","0","0","0","4","68B03","2","","1.0","","1","N","N","","0","","0","0","1","","0","N","","3","2","0","0","0","0","0","2","0","3","","","","N","","","","","","","","","",""
"2014130725","","1","0","0","0","0","0","0","0","0","7","0","","02","12","2014","1","40.557881","-80.115728","","11","0","1","0","0","0","0","0","0","","0","0","0","","","0","","0","","40 33:28.372","","0","80 06:56.620","0","0","0","0","2460","0","0","0","N","0","0","0","1","68B03","0","","2.0","","1","N","N","","0","","0","0","0","","0","","","1","0","0","0","0","0","0","1","0","1","","","","N","","","","","","","","","",""
"2014129360","","0","0","0","0","0","0","0","0","0","8","0","","02","12","2014","2","40.458801","-79.95828","","11","0","0","0","0","0","1","0","0","","0","0","0","","","1","","1","","40 27:31.683","","0","79 57:29.807","8","0","0","0","2301","1","0","0","N","1","0","0","2","02301","0","","1.0","","1","N","N","","0","","0","0","1","","2","","","2","1","0","0","0","1","0","2","0","1","","","","N","","","","","","","","","",""
"2014130106","","2","0","0","0","0","0","0","0","0","1","0","","02","12","2014","3","40.387641","-80.090992","","11","0","0","0","0","0","1","0","0","1","0","0","0","","","1","","1","","40 23:15.509","2","0","80 05:27.572","8","0","0","0","2437","0","0","0","N","0","0","0","2","02437","0","","1.0","","1","N","N","","0","","0","0","0","","2","N","","2","1","0","0","0","1","0","2","0","2","","","","N","","","","","","","","","",""
"2014129832","","1","0","0","0","0","0","0","0","0","1","0","","02","12","2014","3","40.464202","-79.900907","","11","0","0","0","0","0","0","0","0","","0","0","0","","","1","","2","","40 27:51.127","","0","79 54:03.265","4","0","0","0","2301","0","0","0","N","0","0","0","2","02301","1","","1.0","","1","N","N","","1","","0","0","0","","2","","","2","1","0","0","0","0","0","2","0","2","","","","N","","","","","","","","","",""
"2014129971","","0","0","0","0","0","0","0","0","0","5","0","","02","12","2014","3","40.440173","-79.859891","","11","0","0","0","0","0","0","0","0","","0","0","0","","","1","","0","","40 26:24.622","","0","79 51:35.609","4","0","0","0","2419","0","0","0","N","0","0","0","2","68B03","1","","1.0","","1","N","N","","1","","0","0","1","","0","","","2","1","0","0","0","0","0","2","0","2","","","","N","","","","","","","","","",""
"2014131561","","1","0","0","0","0","0","0","0","0","7","0","","02","12","2014","1","40.46586","-79.922782","","11","0","0","0","0","0","0","0","0","","0","0","0","","","0","","1","","40 27:57.096","","0","79 55:22.015","0","0","0","0","2301","0","0","0","N","0","0","0","1","02301","0","","2.0","","9","N","N","","0","","0","0","0","","2","","","1","0","0","0","0","0","0","2","0","1","","","","N","","","","","","","","","",""
"2014129972","","0","0","0","0","0","0","0","0","0","7","1","","02","12","2014","6","40.618859","-80.096107","","11","0","0","0","0","0","0","0","0","4","0","1","0","","","0","","0","","40 37:07.892","1","0","80 05:45.986","0","0","0","0","2481","0","0","0","Y","0","0","0","1","68B03","0","","4.0","","2","N","N","","0","","0","0","0","","0","N","","1","0","0","0","0","0","0","2","0","1","","","","N","","","","","","","","","",""
"2014131489","","1","0","0","0","0","0","0","0","0","7","0","","02","12","2014","1","40.369328","-79.875703","","11","0","0","0","0","0","0","0","0","1","0","0","0","","","2","","2","","40 22:09.580","2","0","79 52:32.530","3","0","0","0","2473","0","0","0","N","0","0","0","4","02473","0","","5.0","","9","N","N","","0","","2","0","0","","0","N","","1","2","0","0","0","0","0","2","0","1","","","","N","","","","","","","","","",""
"2014129973","","1","0","0","0","0","0","0","0","0","1","0","","02","12","2014","6","40.610151","-80.094614","","11","0","0","0","0","0","0","0","0","","0","1","0","","","0","","0","","40 36:36.542","","0","80 05:40.611","0","0","0","0","2481","0","0","0","N","0","0","0","3","68B03","0","","1.0","","2","N","N","","0","","0","0","0","","0","","","2","0","0","0","0","0","0","2","0","2","","","","N","","","","","","","","","",""
"2014131629","","1","0","0","0","0","0","0","0","0","1","0","","02","12","2014","7","40.440666","-79.859365","","11","1","0","0","0","0","1","0","0","","0","0","0","","","0","","0","","40 26:26.398","","0","79 51:33.714","0","0","0","0","2419","0","0","0","N","0","0","0","5","68B03","0","","1.0","","1","N","N","","1","","0","0","2","","0","","","4","0","0","0","0","0","0","2","0","4","","","","N","","","","","","","","","",""
"2014129363","","2","0","0","0","0","0","0","0","0","5","0","","02","12","2014","5","40.311679","-79.938098","","11","0","0","0","0","0","1","0","0","1","0","0","0","","","0","","1","","40 18:42.046","2","0","79 56:17.153","0","0","0","0","2454","0","0","0","N","0","0","0","4","02454","0","","1.0","","1","N","N","","0","","0","0","0","","2","Y","","3","0","0","0","0","0","0","2","1","3","","","","N","","","","","","","","","",""
"2014129975","","1","0","0","0","0","0","0","0","0","1","0","","02","12","2014","1","40.428065","-79.927114","","11","0","0","0","0","0","1","0","0","","0","0","0","","","0","","0","","40 25:41.034","","0","79 55:37.612","0","0","0","0","2301","0","0","0","N","0","0","0","2","68B03","0","","1.0","","1","N","N","","0","","0","0","1","","0","","","2","0","0","0","0","0","0","2","0","2","","","","N","","","","","","","","","",""
"2014130111","","2","0","0","0","0","0","0","0","0","4","0","","02","12","2014","3","40.496131","-79.976872","","11","0","0","0","0","0","1","0","1","1","0","0","0","","","0","","1","","40 29:46.072","3","0","79 58:36.740","0","0","0","0","2118","0","0","0","N","0","0","0","3","02118","0","","1.0","","1","N","N","","0","","0","0","0","","3","N","","2","0","0","0","0","0","0","2","0","2","","","","N","","","","","","","","","",""
"2014129850","","1","0","0","0","0","0","0","0","0","8","0","","02","12","2014","3","40.457257","-79.909028","","11","0","0","0","0","0","1","0","0","","0","0","0","","","1","","1","","40 27:26.125","","0","79 54:32.499","3","0","0","0","2301","1","0","0","N","1","0","0","2","02301","0","","1.0","","1","N","N","","0","","1","0","0","","2","","","2","1","0","0","0","0","0","2","0","1","","","","N","","","","","","","","","",""
"2014129915","","1","0","0","0","0","0","0","0","0","1","0","","02","12","2014","2","40.450694","-80.173889","","11","0","0","0","0","0","0","0","0","","0","0","0","","","1","","0","","40 27:02.500","","0","80 10:26.000","8","0","0","0","2214","0","0","0","N","0","0","0","3","02214","0","","1.0","","1","N","N","","0","","0","0","1","","2","","","2","1","0","0","0","1","0","2","0","2","","","","N","","","","","","","","","",""
"2014131566","","1","0","0","0","0","0","0","0","0","7","0","","02","12","2014","1","40.460656","-79.804722","","11","0","0","0","0","0","1","0","0","","0","0","0","","","0","","2","","40 27:38.363","","0","79 48:17.000","0","0","0","0","2113","0","0","0","N","0","0","0","1","02113","0","","2.0","","9","N","N","","0","","0","0","0","","3","","","2","0","0","0","0","0","0","2","0","1","","","","N","","","","","","","","","",""
"2014130871","","1","0","0","0","0","0","0","0","0","7","0","","02","12","2014","5","40.459867","-79.946064","","11","0","0","0","0","0","0","0","0","","0","0","0","","","0","","0","","40 27:35.520","","0","79 56:45.830","0","0","0","0","2301","0","0","0","","0","0","0","1","02301","0","","2.0","","1","N","N","","0","","0","0","0","","0","","","1","0","0","0","0","0","0","2","0","1","","","","N","","","","","","","","","",""
"2014130883","","1","0","0","0","0","0","0","0","0","1","0","","02","12","2014","3","40.489349","-79.778258","","11","0","0","0","0","0","0","0","0","","0","0","0","","","1","","1","","40 29:21.656","","0","79 46:41.730","4","0","0","0","2466","0","0","0","N","0","0","0","3","02466","1","","1.0","","1","N","N","","0","","0","0","1","","3","","","2","1","0","0","0","0","0","2","0","2","","","","N","","","","","","","","","",""
"2014131568","","1","0","0","0","0","0","0","0","0","7","0","","02","12","2014","2","40.442328","-79.99165","","11","0","0","0","0","0","1","0","0","","0","0","0","","","0","","0","","40 26:32.382","","0","79 59:29.941","0","0","0","0","2301","0","0","0","N","0","0","0","1","02301","0","","5.0","","9","N","N","","0","","0","0","0","","0","","","1","0","0","0","0","0","0","2","0","1","","","","N","","","","","","","","","",""
"2014129368","","2","0","0","0","0","0","0","0","0","1","0","","02","12","2014","2","40.458397","-79.933559","","11","0","0","0","0","0","2","0","0","","0","0","0","","","0","","0","","40 27:30.229","","0","79 56:00.813","0","0","0","0","2301","0","0","0","N","0","0","0","3","02301","0","","1.0","","1","N","N","","0","","0","0","0","","0","","","2","0","1","0","0","0","0","2","0","2","","","","N","","","","","","","","","",""
"2014129918","","2","0","0","0","0","0","0","0","0","4","0","","02","12","2014","5","40.461313","-79.934164","","11","0","0","0","0","0","1","0","0","2","0","0","0","","","1","","1","","40 27:40.726","4","0","79 56:02.990","4","0","0","0","2301","0","0","0","N","0","0","0","2","02301","1","","1.0","","1","N","N","","0","","0","0","0","","3","Y","","2","1","0","0","0","0","0","2","0","2","","","","N","","","","","","","","","",""
"2014130873","","1","0","0","0","0","0","0","0","0","7","0","","02","12","2014","5","40.444682","-79.989927","","11","0","0","0","0","0","1","0","0","2","0","0","0","","","1","","0","","40 26:40.854","6","0","79 59:23.738","4","0","0","0","2301","0","0","0","N","0","0","0","1","02301","1","","4.0","","1","N","N","","0","","0","0","0","","0","N","","1","1","1","0","0","0","0","2","0","1","","","","N","","","","","","","","","",""
"2014132160","","1","0","0","0","0","0","0","0","0","4","0","","02","12","2014","7","40.586853","-80.041629","","11","0","0","0","0","0","0","0","0","2","0","0","0","","","2","","1","","40 35:12.669","2","0","80 02:29.866","8","0","0","0","2108","0","0","0","N","0","0","0","5","02108","0","","1.0","","1","N","N","","0","","0","0","1","","2","N","","2","2","0","0","0","2","0","2","0","2","","","","N","","","","","","","","","",""
"2014129370","","2","0","0","0","0","0","0","0","0","4","0","","02","12","2014","2","40.425922","-79.94088","","11","0","0","0","0","0","1","1","0","","0","0","0","","","1","","1","","40 25:33.319","","0","79 56:27.168","4","0","0","0","2301","0","0","0","N","0","0","0","3","02301","1","","1.0","","1","N","N","","0","","0","0","0","","3","","","2","1","0","0","0","0","0","2","0","2","","","","N","","","","","","","","","",""
"2014129920","","1","0","0","0","0","0","0","0","0","4","0","","02","12","2014","3","40.527248","-79.850604","","11","0","0","0","0","0","1","0","0","","0","0","0","","","0","","0","","40 31:38.093","","7","79 51:02.173","0","0","0","0","2208","0","0","0","N","0","0","0","2","02208","0","","1.0","","1","N","N","","0","","0","0","1","","0","","","2","0","0","0","0","0","0","2","0","2","","","","N","","","","","","","","","",""
"2014131496","","2","0","0","0","0","0","0","0","0","1","0","","02","12","2014","1","40.482278","-80.047559","","11","0","0","0","0","0","1","0","0","2","0","0","0","","","0","","0","","40 28:56.200","2","0","80 02:51.211","0","0","0","0","2301","0","0","0","N","0","0","0","7","02301","0","","1.0","","1","N","N","","0","","0","0","0","","0","N","","2","0","0","0","0","0","0","2","0","2","","","","N","","","","","","","","","",""
"2014130814","","2","0","0","0","0","0","0","0","0","1","0","","02","12","2014","2","40.525844","-80.069726","","11","0","0","0","0","1","0","0","1","","0","0","0","","","0","","7","","40 31:33.040","","2","80 04:11.014","0","0","0","0","2215","0","0","0","N","0","0","0","2","02215","0","","1.0","","1","N","N","","0","","0","0","0","","2","","","2","0","0","0","0","0","0","2","0","2","","","","N","","","","","","","","","",""
"2014131636","","1","0","0","0","0","0","0","0","0","1","0","","02","12","2014","2","40.494781","-79.906374","","11","0","0","0","0","0","1","0","1","1","0","0","0","","","0","","0","","40 29:41.210","2","0","79 54:22.946","0","0","0","0","2401","0","0","0","N","0","0","0","2","68D02","0","","1.0","","1","N","N","","1","","0","0","0","","0","N","","2","0","0","0","0","0","0","2","0","2","","","","N","","","","","","","","","",""
"2014129856","","1","0","0","0","0","0","0","0","0","7","0","","02","12","2014","3","40.393972","-79.792833","","11","0","0","0","0","1","0","0","0","1","0","0","0","","","0","","0","","40 23:38.300","4","0","79 47:34.200","0","0","0","0","2424","0","0","0","N","0","0","0","1","02424","0","","4.0","","9","N","N","","0","","0","0","0","","0","Y","","1","0","0","0","0","0","0","2","0","1","","","","N","","","","","","","","","",""
"2014131573","","2","0","0","0","0","0","0","0","0","4","0","","02","12","2014","1","40.442442","-80.00323","","11","0","1","0","0","0","0","0","0","","0","0","0","","","0","","1","","40 26:32.791","","0","80 00:11.628","0","0","0","0","2301","0","0","0","N","0","0","0","2","02301","0","","1.0","","1","N","N","","0","","0","0","0","","2","","","2","0","0","0","0","0","0","2","0","2","","","","N","","","","","","","","","",""
"2014131637","","1","0","0","0","0","0","0","0","0","1","0","","02","12","2014","2","40.503226","-79.860475","","11","0","0","0","0","0","2","0","0","1","0","0","0","","","0","","0","","40 30:11.613","1","0","79 51:37.711","0","0","0","0","2112","0","0","0","N","0","0","0","2","68D02","0","","1.0","","1","N","N","","0","","0","0","1","","0","N","","2","0","0","0","0","0","0","2","0","2","","","","N","","","","","","","","","",""
"2014129386","","1","0","0","0","0","0","0","0","0","4","0","","02","12","2014","1","40.389128","-79.875454","","11","0","0","0","0","0","1","0","0","","0","0","0","","","0","","1","","40 23:20.862","","0","79 52:31.635","0","0","0","0","2473","0","0","0","N","0","0","0","2","02473","0","","1.0","","1","N","N","","0","","0","0","0","","3","","","2","0","0","0","0","0","0","2","1","2","","","","N","","","","","","","","","",""
"2014129844","","3","0","0","0","0","0","0","0","0","4","0","","02","12","2014","3","40.454351","-79.947771","","11","0","0","0","0","0","0","0","0","","0","0","0","","","2","","1","","40 27:15.663","","0","79 56:51.974","4","0","0","0","2301","0","0","0","N","0","0","0","3","02301","2","","1.0","","1","N","N","","0","","0","0","0","","2","","","3","2","1","0","0","0","0","2","0","3","","","","N","","","","","","","","","",""
"2014132028","","2","0","0","0","0","0","0","0","0","1","0","","02","12","2014","3","40.454583","-79.994521","","11","0","0","1","0","0","0","0","0","","0","0","0","","","0","","7","","40 27:16.497","","2","79 59:40.277","0","0","0","0","2301","0","0","0","N","0","0","0","3","02301","0","","1.0","","1","N","N","","0","","0","0","0","","0","","","2","0","3","0","0","0","0","2","0","2","","","","N","","","","","","","","","",""
"2014129922","","1","0","0","0","0","0","0","0","0","8","0","","02","12","2014","3","40.428673","-80.008257","","11","0","0","0","0","0","1","0","0","1","0","0","0","","","1","","2","","40 25:43.222","3","1","80 00:29.725","4","0","0","0","2301","1","0","0","N","1","0","0","2","02301","1","","1.0","","1","N","N","","0","","0","0","0","","0","Y","","2","1","0","0","0","0","0","2","0","1","","","","N","","","","","","","","","",""
"2014129387","","0","0","0","0","0","0","0","0","0","7","0","","02","12","2014","1","40.383911","-80.035489","","11","0","1","0","0","0","0","0","0","1","0","0","0","","","1","","0","","40 23:02.080","7","0","80 02:07.760","8","0","0","0","2109","0","0","0","N","0","0","0","1","02109","0","","4.0","","1","N","N","","0","","0","0","1","","0","N","","1","1","1","0","0","1","0","2","0","1","","","","N","","","","","","","","","",""