"CRN","ARRIVAL_TM","AUTOMOBILE_COUNT","BELTED_DEATH_COUNT","BELTED_SUSP_SERIOUS_INJ_COUNT","BICYCLE_COUNT","BICYCLE_DEATH_COUNT","BICYCLE_SUSP_SERIOUS_INJ_COUNT","BUS_COUNT","CHLDPAS_DEATH_COUNT","CHLDPAS_SUSP_SERIOUS_INJ_COUNT","COLLISION_TYPE","COMM_VEH_COUNT","CONS_ZONE_SPD_LIM","COUNTY","CRASH_MONTH","CRASH_YEAR","DAY_OF_WEEK","DEC_LATITUDE","DEC_LONGITUDE","DISPATCH_TM","DISTRICT","DRIVER_COUNT_16YR","DRIVER_COUNT_17YR","DRIVER_COUNT_18YR","DRIVER_COUNT_19YR","DRIVER_COUNT_20YR","DRIVER_COUNT_50_64YR","DRIVER_COUNT_65_74YR","DRIVER_COUNT_75PLUS","EST_HRS_CLOSED","FATAL_COUNT","HEAVY_TRUCK_COUNT","HORSE_BUGGY_COUNT","HOUR_OF_DAY","ILLUMINATION","INJURY_COUNT","INTERSECTION_RELATED","INTERSECT_TYPE","LANE_CLOSED","LATITUDE","LN_CLOSE_DIR","LOCATION_TYPE","LONGITUDE","MAX_SEVERITY_LEVEL","MCYCLE_DEATH_COUNT","MCYCLE_SUSP_SERIOUS_INJ_COUNT","MOTORCYCLE_COUNT","MUNICIPALITY","NONMOTR_COUNT","NONMOTR_DEATH_COUNT","NONMOTR_SUSP_SERIOUS_INJ_COUNT","NTFY_HIWY_MAINT","PED_COUNT","PED_DEATH_COUNT","PED_SUSP_SERIOUS_INJ_COUNT","PERSON_COUNT","POLICE_AGCY","POSSIBLE_INJ_COUNT","RDWY_SURF_TYPE_CD","RELATION_TO_ROAD","ROADWAY_CLEARED","ROAD_CONDITION","SCH_BUS_IND","SCH_ZONE_IND","SECONDARY_CRASH","SMALL_TRUCK_COUNT","SPEC_JURIS_CD","SUSP_MINOR_INJ_COUNT","SUSP_SERIOUS_INJ_COUNT","SUV_COUNT","TCD_FUNC_CD","TCD_TYPE","TFC_DETOUR_IND","TIME_OF_DAY","TOTAL_UNITS","TOT_INJ_COUNT","UNBELTED_OCC_COUNT","UNB_DEATH_COUNT","UNB_SUSP_SERIOUS_INJ_COUNT","UNK_INJ_DEG_COUNT","UNK_INJ_PER_COUNT","URBAN_RURAL","VAN_COUNT","VEHICLE_COUNT","WEATHER1","WEATHER2","WORKERS_PRES","WORK_ZONE_IND","WORK_ZONE_LOC","WORK_ZONE_TYPE","WZ_CLOSE_DETOUR","WZ_FLAGGER","WZ_LAW_OFFCR_IND","WZ_LN_CLOSURE","WZ_MOVING","WZ_OTHER","WZ_SHLDER_MDN","WZ_WORKERS_INJ_KILLED"
"2014131511","","1","0","0","0","0","0","0","0","0","1","0","","02","12","2014","2","40.653158","-80.093355","","11","0","0","0","1","0","0","0","0","","0","0","0","","","0","","0","","40 39:11.369","","0","80 05:36.079","9","0","0","0","2212","0","0","0","N","0","0","0","2","68B03","0","","1.0","","1","N","N","","0","","0","0","0","","0","","","2","0","0","0","0","0","1","2","0","2","","","","N","","","","","","","","","",""
"2014129374","","1","0","0","0","0","0","0","0","0","7","0","","02","12","2014","2","40.443385","-80.026644","","11","0","0","0","0","0","0","0","0","","0","0","0","","","1","","0","","40 26:36.186","","0","80 01:35.918","4","0","0","0","2301","0","0","0","N","0","0","0","1","02301","1","","2.0","","1","N","N","","0","","0","0","0","","0","","","1","1","1","0","0","0","0","2","0","1","","","","N","","","","","","","","","",""
"2014129388","","2","0","0","0","0","0","0","0","0","4","0","","02","12","2014","1","40.381233","-80.052589","","11","0","0","0","1","0","0","0","0","1","0","0","0","","","0","","2","","40 22:52.438","1","0","80 03:09.321","0","0","0","0","2109","0","0","0","N","0","0","0","4","02109","0","","1.0","","1","N","N","","0","","0","0","0","","2","Y","","2","0","0","0","0","0","0","2","0","2","","","","N","","","","","","","","","",""
"2014131364","","2","0","0","0","0","0","0","0","0","1","0","","02","12","2014","7","40.368758","-79.917508","","11","0","0","0","0","0","1","0","0","","0","0","0","","","1","","1","","40 22:07.528","","0","79 55:03.028","3","0","0","0","2301","0","0","0","N","0","0","0","3","02301","0","","1.0","","1","N","N","","0","","1","0","0","","3","","","2","1","0","0","0","0","0","2","0","2","","","","N","","","","","","","","","",""
"2014129924","","1","0","0","0","0","0","0","0","0","4","0","","02","12","2014","6","40.576204","-80.049305","","11","0","0","0","0","0","0","0","0","","0","0","0","","","0","","0","","40 34:34.334","","0","80 02:57.498","9","0","0","0","2108","0","0","0","N","0","0","0","1","02108","0","","1.0","","1","N","N","","0","","0","0","1","","0","","","2","0","0","0","0","0","1","2","0","2","","","","N","","","","","","","","","",""
"2014129376","","0","0","0","0","0","0","0","0","0","1","0","","02","12","2014","1","40.339689","-80.064986","","11","0","0","0","0","0","1","0","0","2","0","0","0","","","0","","0","","40 20:22.881","2","0","80 03:53.951","0","0","0","0","2123","0","0","0","N","0","0","0","5","02123","0","","1.0","","1","N","N","","0","","0","0","2","","0","N","","2","0","0","0","0","0","0","2","0","2","","","","N","","","","","","","","","",""
"2014131365","","1","0","0","0","0","0","0","0","0","8","0","","02","12","2014","6","40.433353","-79.923096","","11","0","0","0","0","0","0","0","0","","0","0","0","","","1","","0","","40 26:00.070","","0","79 55:23.145","4","0","0","0","2301","1","0","0","N","1","0","0","2","02301","1","","1.0","","1","N","N","","0","","0","0","0","","0","","","2","1","0","0","0","0","1","2","0","1","","","","N","","","","","","","","","",""
"2014129171","","0","0","0","0","0","0","0","0","0","7","0","","02","10","2014","6","40.616605","-80.095442","","11","0","0","0","0","0","0","0","0","","0","0","0","","","1","","0","","40 36:59.777","","0","80 05:43.590","4","0","0","0","2212","0","0","0","N","0","0","0","1","68B03","1","","4.0","","1","N","N","","0","","0","0","1","","0","","","1","1","0","0","0","0","0","2","0","1","","","","N","","","","","","","","","",""
"2014129925","","1","0","0","0","0","0","0","0","0","7","0","","02","12","2014","6","40.572053","-80.021751","","11","0","0","0","0","0","0","0","0","2","0","0","0","","","0","","0","","40 34:19.389","3","0","80 01:18.305","0","0","0","0","2108","0","0","0","N","0","0","0","1","02108","0","","2.0","","2","N","N","","0","","0","0","0","","0","N","","1","0","1","0","0","0","0","2","0","1","","","","N","","","","","","","","","",""
"2014131719","","1","0","0","0","0","0","0","0","0","4","0","","02","12","2014","1","40.352978","-79.91732","","11","0","0","0","0","0","1","0","0","1","0","0","0","","","3","","2","","40 21:10.719","3","0","79 55:02.352","3","0","0","0","2473","0","0","0","N","0","0","0","3","02473","2","","1.0","","1","N","N","","0","","1","0","1","","2","N","","2","3","0","0","0","0","0","2","0","2","","","","N","","","","","","","","","",""
"2014129172","","1","0","0","0","0","0","0","0","0","7","0","","02","11","2014","7","40.429217","-79.941825","","11","0","0","0","0","0","0","0","0","","0","0","0","","","0","","0","","40 25:45.182","","0","79 56:30.569","0","0","0","0","2301","0","0","0","N","0","0","0","1","68B03","0","","4.0","","9","N","N","","0","","0","0","0","","0","","","1","0","0","0","0","0","0","2","0","1","","","","N","","","","","","","","","",""
"2014129926","","1","0","0","0","0","0","0","0","0","1","0","","02","12","2014","2","40.357117","-80.054424","","11","0","0","0","0","0","0","0","0","2","0","0","0","","","1","","0","","40 21:25.622","3","0","80 03:15.926","8","0","0","0","2109","0","0","0","N","0","0","0","2","02109","0","","1.0","","1","N","N","","0","","0","0","1","","2","N","","2","1","0","0","0","1","0","2","0","2","","","","N","","","","","","","","","",""
"2014131438","","1","0","0","0","0","0","0","0","0","7","0","","02","12","2014","1","40.466338","-79.90815","","11","0","0","0","0","0","0","0","0","","0","0","0","","","0","","0","","40 27:58.816","","0","79 54:29.340","0","0","0","0","2301","0","0","0","N","0","0","0","1","02301","0","","5.0","","9","N","N","","0","","0","0","0","","0","","","1","0","0","0","0","0","0","2","0","1","","","","N","","","","","","","","","",""
"2014129173","","0","0","0","0","0","0","0","0","0","7","0","","02","11","2014","7","40.616605","-80.095442","","11","0","0","0","0","0","1","0","0","","0","0","0","","","1","","0","","40 36:59.777","","0","80 05:43.590","4","0","0","0","2212","0","0","0","N","0","0","0","1","68B03","1","","3.0","","1","N","N","","0","","0","0","1","","0","","","1","1","0","0","0","0","0","2","0","1","","","","N","","","","","","","","","",""
"2014129927","","1","0","0","0","0","0","0","0","0","4","0","","02","12","2014","2","40.380408","-80.052573","","11","0","0","0","0","0","0","0","0","1","0","0","0","","","0","","0","","40 22:49.467","2","7","80 03:09.263","0","0","0","0","2109","0","0","0","N","0","0","0","3","02109","0","","1.0","","1","N","N","","0","","0","0","1","","0","N","","2","0","0","0","0","0","0","2","0","2","","","","N","","","","","","","","","",""
"2014130678","","0","0","0","0","0","0","0","0","0","7","0","","02","12","2014","4","40.350733","-79.924366","","11","0","0","0","0","1","0","0","0","2","0","0","0","","","0","","0","","40 21:02.640","6","0","79 55:27.717","9","0","0","0","2473","0","0","0","N","0","0","0","1","02473","0","","5.0","","9","N","N","","0","","0","0","1","","0","Y","","1","0","0","0","0","0","1","2","0","1","","","","N","","","","","","","","","",""
"2014129235","","1","0","0","0","0","0","0","0","0","7","0","","02","12","2014","2","40.458662","-79.998496","","11","0","0","0","0","0","0","0","0","1","0","0","0","","","0","","2","","40 27:31.184","3","3","79 59:54.587","0","0","0","0","2301","0","0","0","N","0","0","0","1","02301","0","","1.0","","1","N","N","","0","","0","0","0","","0","N","","1","0","0","0","0","0","0","2","0","1","","","","N","","","","","","","","","",""
"2014129174","","2","0","0","0","0","0","0","0","0","1","0","","02","11","2014","4","40.517006","-80.127447","","11","0","0","0","0","0","0","0","0","1","0","0","0","","","0","","6","","40 31:01.221","2","2","80 07:38.808","0","0","0","0","2434","0","0","0","N","0","0","0","2","68B03","0","","1.0","","1","N","N","","0","","0","0","0","","0","N","","2","0","0","0","0","0","0","2","0","2","","","","N","","","","","","","","","",""
"2014130679","","1","0","0","0","0","0","0","0","0","7","0","","02","12","2014","3","40.36375","-79.871639","","11","0","0","0","0","1","0","0","0","1","0","0","0","","","0","","0","","40 21:49.500","3","0","79 52:17.900","0","0","0","0","2473","0","0","0","N","0","0","0","1","02473","0","","2.0","","9","N","N","","0","","0","0","0","","0","N","","1","0","0","0","0","0","0","2","0","1","","","","N","","","","","","","","","",""
"2014129381","","1","0","0","0","0","0","0","0","0","4","0","","02","12","2014","6","40.513796","-80.002731","","11","0","0","0","1","0","0","0","0","","0","0","0","","","0","","1","","40 30:49.665","","0","80 00:09.833","0","0","0","0","2116","0","0","0","N","0","0","0","2","02116","0","","1.0","","1","N","N","","0","","0","0","1","","3","","","2","0","0","0","0","0","0","2","0","2","","","","N","","","","","","","","","",""
"2014129866","","0","0","0","0","0","0","0","0","0","4","0","","02","12","2014","3","40.489479","-79.819853","","11","0","0","0","0","0","0","0","0","","0","0","0","","","0","","1","","40 29:22.124","","0","79 49:11.470","0","0","0","0","2113","0","0","0","N","0","0","0","2","02113","0","","1.0","","9","N","N","","0","","0","0","1","","3","","","2","0","0","0","0","0","0","2","1","2","","","","N","","","","","","","","","",""
"2014129175","","1","0","0","0","0","0","0","0","0","1","0","","02","11","2014","7","40.44292","-80.160455","","11","0","0","0","0","0","0","0","0","","0","0","0","","","0","","0","","40 26:34.512","","0","80 09:37.639","0","0","0","0","2115","0","0","0","N","0","0","0","2","68B03","0","","1.0","","1","N","N","","0","","0","0","1","","0","","","2","0","0","0","0","0","0","2","0","2","","","","N","","","","","","","","","",""
"2014129382","","1","0","0","0","0","0","0","0","0","1","0","","02","12","2014","2","40.611584","-79.896097","","11","0","0","0","0","1","0","0","0","","0","0","0","","","0","","3","","40 36:41.702","","0","79 53:45.948","0","0","0","0","2220","0","0","0","N","0","0","0","2","02220","0","","1.0","","1","N","N","","0","","0","0","1","","0","","","2","0","0","0","0","0","0","1","0","2","","","","N","","","","","","","","","",""
"2014130974","","0","0","0","0","0","0","0","0","0","7","0","","02","12","2014","6","40.56675","-80.046333","","11","0","0","0","0","0","1","0","0","2","0","0","0","","","1","","0","","40 34:00.300","3","0","80 02:46.800","8","0","0","0","2108","0","0","0","N","0","0","0","1","02108","0","","5.0","","2","N","N","","0","","0","0","1","","0","N","","1","1","0","0","0","1","0","2","0","1","","","","N","","","","","","","","","",""
"2014124222","","1","0","0","0","0","0","0","0","0","1","0","55","02","11","2014","4","40.429516","-80.028349","","11","0","0","0","0","0","2","0","0","","0","1","0","","","0","","0","","40 25:46.256","","0","80 01:42.055","0","0","0","0","2301","0","0","0","N","0","0","0","2","68B03","0","","1.0","","1","N","N","","0","","0","0","0","","0","","","2","0","0","0","0","0","0","2","0","2","","","N","Y","2","1","N","N","N","N","N","Y","N",""
"2014130975","","0","0","0","0","0","0","0","0","0","7","0","","02","12","2014","6","40.569282","-80.016372","","11","0","0","0","0","0","0","0","0","","0","0","0","","","0","","0","","40 34:09.415","","7","80 00:58.939","0","0","0","0","2108","0","0","0","N","0","0","0","1","02108","0","","2.0","","2","N","N","","1","","0","0","0","","2","","","1","0","0","0","0","0","0","2","0","1","","","","N","","","","","","","","","",""
"2014124223","","3","0","0","0","0","0","0","0","0","1","0","","02","11","2014","7","40.435736","-80.146661","","11","0","0","0","0","0","0","0","0","","0","0","0","","","0","","0","","40 26:08.648","","0","80 08:47.978","0","0","0","0","2115","0","0","0","N","0","0","0","5","68B03","0","","1.0","","1","N","N","","0","","0","0","0","","0","","","3","0","0","0","0","0","0","2","0","3","","","","N","","","","","","","","","",""
"2014123530","","1","0","0","0","0","0","0","0","0","4","0","","02","12","2014","2","40.493938","-79.784019","","11","0","0","0","0","1","0","0","0","1","0","0","0","","","2","","2","","40 29:38.176","7","0","79 47:02.470","8","0","0","0","2466","0","0","0","N","0","0","0","2","02466","0","","1.0","","1","N","N","","0","","0","0","1","","3","Y","","2","2","0","0","0","2","0","2","0","2","","","","N","","","","","","","","","",""
"2014124433","","2","0","0","0","0","0","0","0","0","1","0","","02","12","2014","3","40.430455","-79.712199","","11","0","0","0","0","0","1","0","0","","0","0","0","","","1","","0","","40 25:49.639","","0","79 42:43.917","3","0","0","0","2446","0","0","0","N","0","0","0","5","02446","0","","1.0","","1","N","N","","0","","1","0","0","","0","","","3","1","0","0","0","0","0","2","1","3","","","","N","","","","","","","","","",""
"2014131793","","1","0","0","0","0","0","0","0","0","4","0","","02","12","2014","2","40.425777","-80.019884","","11","0","0","0","0","0","1","0","0","","0","0","0","","","3","","1","","40 25:32.796","","0","80 01:11.584","4","0","0","0","2301","0","0","0","N","0","0","0","5","02301","2","","1.0","","1","N","N","","0","","0","0","0","","2","","","2","3","0","0","0","1","0","2","1","2","","","","N","","","","","","","","","",""
"2014130976","","1","0","0","0","0","0","0","0","0","7","0","","02","12","2014","6","40.559656","-80.023525","","11","0","0","0","0","0","0","0","0","","0","0","0","","","0","","0","","40 33:34.760","","0","80 01:24.690","0","0","0","0","2108","0","0","0","N","0","0","0","2","02108","0","","2.0","","2","N","N","","0","","0","0","1","","3","","","2","0","0","0","0","0","0","2","0","2","","","","N","","","","","","","","","",""
"2014124224","","2","0","0","0","0","0","0","0","0","1","0","55","02","11","2014","7","40.441383","-80.157509","","11","0","0","0","0","0","2","0","0","2","0","0","0","","","1","","0","","40 26:28.979","4","0","80 09:27.031","4","0","0","0","2115","0","0","0","N","0","0","0","5","68B03","1","","1.0","","1","N","N","","0","","0","0","0","","0","N","","2","1","0","0","0","0","0","2","0","2","","","Y","Y","2","2","N","N","Y","Y","Y","N","N",""
"2014124434","","1","0","0","0","0","0","0","0","0","7","0","","02","12","2014","6","40.517267","-80.148706","","11","0","0","0","0","0","0","0","0","","0","0","0","","","0","","10","","40 31:02.161","","3","80 08:55.341","0","0","0","0","2110","0","0","0","N","0","0","0","1","02215","0","","2.0","","9","N","N","","0","","0","0","0","","0","","","1","0","0","0","0","0","0","2","0","1","","","","N","","","","","","","","","",""
"2014131728","","1","0","0","0","0","0","0","0","0","4","0","","02","12","2014","7","40.376688","-79.894312","","11","0","0","0","0","0","0","0","0","1","0","0","0","","","1","","1","","40 22:36.077","5","0","79 53:39.523","4","0","0","0","2473","0","0","0","N","0","0","0","2","02473","1","","1.0","","1","N","N","","1","","0","0","0","","2","Y","","2","1","0","0","0","0","0","2","0","2","","","","N","","","","","","","","","",""
"2014131794","","1","0","0","0","0","0","0","0","0","4","0","","02","12","2014","7","40.418128","-79.967689","","11","0","0","0","0","0","0","0","0","1","0","0","0","","","0","","0","","40 25:05.260","6","0","79 58:03.680","0","0","0","0","2301","0","0","0","N","0","0","0","1","02301","0","","1.0","","1","N","N","","0","","0","0","0","","0","N","","2","0","0","0","0","0","0","2","1","2","","","","N","","","","","","","","","",""
"2014130977","","1","0","0","0","0","0","0","0","0","7","0","","02","12","2014","6","40.559842","-80.023433","","11","0","0","0","0","0","0","0","0","","0","0","0","","","0","","0","","40 33:35.430","","0","80 01:24.360","0","0","0","0","2108","0","0","0","N","0","0","0","3","02108","0","","2.0","","2","N","N","","0","","0","0","0","","0","","","1","0","0","0","0","0","0","2","0","1","","","","N","","","","","","","","","",""
"2014124225","","1","0","0","0","0","0","0","0","0","7","0","","02","11","2014","4","40.435373","-80.250774","","11","0","0","0","0","0","0","0","0","3","0","0","0","","","0","","0","","40 26:07.341","3","0","80 15:02.786","0","0","0","0","2214","0","0","0","N","0","0","0","2","68B03","0","","3.0","","1","N","N","","0","","0","0","0","","0","N","","1","0","0","0","0","0","0","2","0","1","","","","N","","","","","","","","","",""
"2014123533","","2","0","0","0","0","0","0","0","0","4","0","","02","12","2014","5","40.61235","-80.054333","","11","0","0","0","0","0","1","0","0","","0","0","0","","","0","","1","","40 36:44.459","","0","80 03:15.599","0","0","0","0","2108","0","0","0","N","0","0","0","3","02108","0","","1.0","","1","N","N","","0","","0","0","0","","2","","","2","0","0","0","0","0","0","2","0","2","","","","N","","","","","","","","","",""
"2014124226","","2","0","0","0","0","0","0","0","0","1","0","","02","11","2014","4","40.435373","-80.250774","","11","0","0","0","0","0","0","0","0","3","0","0","0","","","0","","0","","40 26:07.341","3","0","80 15:02.786","0","0","0","0","2214","0","0","0","N","0","0","0","1","68B03","0","","1.0","","1","N","N","","0","","0","0","0","","0","N","","2","0","0","0","0","0","0","2","0","2","","","","N","","","","","","","","","",""
"2014123534","","3","0","0","0","0","0","0","0","0","1","0","","02","12","2014","5","40.446754","-80.153038","","11","0","0","1","0","0","0","0","0","","0","0","0","","","0","","0","","40 26:48.316","","0","80 09:10.938","0","0","0","0","2115","0","0","0","N","0","0","0","4","02115","0","","1.0","","1","N","N","","0","","0","0","0","","0","","","3","0","0","0","0","0","0","2","0","3","","","","N","","","","","","","","","",""
"2014125858","","1","0","0","0","0","0","0","0","0","2","0","","02","11","2014","7","40.299417","-79.894519","","11","0","0","0","0","0","0","0","0","","0","0","0","","","0","","0","","40 17:57.900","","3","79 53:40.270","9","0","0","0","2302","0","0","0","N","0","0","0","2","02302","0","","1.0","","2","N","N","","0","","0","0","1","","0","","","2","0","0","0","0","0","1","2","0","2","","","","N","","","","","","","","","",""
"2014131730","","1","0","0","0","0","0","0","0","0","1","0","","02","12","2014","2","40.296825","-79.919486","","11","0","0","0","0","0","0","1","1","2","0","0","0","","","5","","2","","40 17:48.570","1","1","79 55:10.148","8","0","0","0","2440","0","0","0","N","0","0","0","16","02440","0","","1.0","","1","N","N","","0","","0","0","1","","2","Y","","4","5","10","0","0","5","0","2","2","4","","","","N","","","","","","","","","",""
"2014131796","","1","0","0","0","0","0","0","0","0","2","0","","02","12","2014","1","40.445161","-79.858536","","11","0","0","0","0","0","1","0","0","","0","0","0","","","2","","1","","40 26:42.580","","0","79 51:30.728","3","0","0","0","2419","0","0","0","N","0","0","0","2","02419","1","","1.0","","1","N","N","","0","","1","0","1","","2","","","2","2","0","0","0","0","0","2","0","2","","","","N","","","","","","","","","",""
"2014124227","","1","0","0","0","0","0","0","0","0","7","0","","02","11","2014","4","40.42872","-79.955846","","11","0","0","0","0","0","0","0","0","2","0","0","0","","","1","","0","","40 25:43.391","4","0","79 57:21.044","4","0","0","0","2301","0","0","0","N","0","0","0","1","68B03","1","","4.0","","9","N","N","","0","","0","0","0","","0","N","","1","1","0","0","0","0","0","2","0","1","","","","N","","","","","","","","","",""
"2014123535","","1","0","0","0","0","0","0","0","0","4","0","","02","12","2014","6","40.361069","-80.028465","","11","0","0","0","0","0","1","0","0","","0","0","0","","","0","","1","","40 21:39.849","","0","80 01:42.474","0","0","0","0","2416","0","0","0","N","0","0","0","2","02416","0","","1.0","","9","N","N","","0","","0","0","1","","2","","","2","0","0","0","0","0","0","2","0","2","","","","N","","","","","","","","","",""
"2014124228","","0","0","0","0","0","0","0","0","0","1","0","","02","11","2014","4","40.449603","-80.002656","","11","0","0","0","0","0","0","1","0","","0","0","0","","","2","","0","","40 26:58.572","","0","80 00:09.561","8","0","0","0","2301","0","0","0","N","0","0","0","4","68B03","0","","1.0","","9","N","N","","1","","0","0","1","","0","","","2","2","0","0","0","2","0","2","0","2","","","","N","","","","","","","","","",""
"2014123536","","1","0","0","0","0","0","0","0","0","6","0","","02","12","2014","7","40.374103","-80.011578","","11","0","0","0","0","0","1","0","0","","0","0","0","","","0","","0","","40 22:26.770","","0","80 00:41.680","0","0","0","0","2416","0","0","0","N","0","0","0","1","02416","0","","2.0","","9","N","N","","1","","0","0","0","","0","","","2","0","0","0","0","0","0","2","0","2","","","","N","","","","","","","","","",""
"2014125992","","2","0","0","0","0","0","0","0","0","1","0","","02","12","2014","7","40.44223","-80.022983","","11","0","0","0","0","0","1","0","0","1","0","0","0","","","3","","0","","40 26:32.027","6","0","80 01:22.738","4","0","0","0","2301","0","0","0","N","0","0","0","7","02301","2","","1.0","","9","N","N","","0","","0","0","1","","0","N","","3","3","0","0","0","1","0","2","0","3","","","","N","","","","","","","","","",""
"2014123468","","1","0","0","0","0","0","0","0","0","5","0","","02","12","2014","2","40.43784","-79.927706","","11","0","0","0","0","0","0","1","0","","0","0","0","","","0","","0","","40 26:16.223","","0","79 55:39.742","0","0","0","0","2301","0","0","0","N","0","0","0","2","02301","0","","1.0","","1","N","N","","0","","0","0","0","","0","","","2","0","0","0","0","0","0","2","1","2","","","","N","","","","","","","","","",""
"2014124229","","2","0","0","0","0","0","0","0","0","5","0","","02","11","2014","4","40.506174","-80.031742","","11","0","0","0","0","0","0","0","0","","0","0","0","","","0","","0","","40 30:22.226","","0","80 01:54.272","0","0","0","0","2116","0","0","0","N","0","0","0","6","68B03","0","","1.0","","9","N","N","","1","","0","0","0","","0","","","3","0","0","0","0","0","0","2","0","3","","","","N","","","","","","","","","",""
"2014124370","","0","0","0","0","0","0","0","0","0","7","0","","02","12","2014","4","40.59434","-80.147777","","11","0","0","0","0","0","1","0","0","","0","0","0","","","0","","0","","40 35:39.623","","0","80 08:51.997","0","0","0","0","2480","0","0","0","N","0","0","0","1","02480","0","","5.0","","9","N","N","","0","","0","0","1","","0","","","1","0","0","0","0","0","0","1","0","1","","","","N","","","","","","","","","",""
"2014125723","","2","0","0","0","0","0","0","0","0","2","0","","02","12","2014","5","40.498721","-80.061828","","11","0","0","0","0","0","0","0","1","2","0","0","0","","","1","","0","","40 29:55.394","6","0","80 03:42.579","8","0","0","0","2402","0","0","0","","0","0","0","3","02402","0","","1.0","","1","","","","0","","0","0","0","","0","Y","","2","1","3","0","0","1","0","2","0","2","","","","N","","","","","","","","","",""
"2014124230","","1","0","0","0","0","0","0","0","0","7","0","","02","11","2014","5","40.587104","-80.099234","","11","0","0","0","0","1","0","0","0","1","0","0","0","","","0","","0","","40 35:13.576","1","0","80 05:57.243","0","0","0","0","2481","0","0","0","N","0","0","0","1","68B03","0","","4.0","","9","N","N","","0","","0","0","0","","0","N","","1","0","1","0","0","0","0","2","0","1","","","","N","","","","","","","","","",""
"2014124371","","2","0","0","0","0","0","0","0","0","1","0","","02","12","2014","4","40.318549","-79.941014","","11","0","0","0","0","0","0","0","0","","0","0","0","","","0","","0","","40 19:06.778","","0","79 56:27.651","0","0","0","0","2454","0","0","0","N","0","0","0","3","02454","0","","1.0","","9","N","N","","1","","0","0","0","","2","","","3","0","0","0","0","0","0","2","0","3","","","","N","","","","","","","","","",""
"2014123674","","1","0","0","0","0","0","0","0","0","1","1","","02","12","2014","2","40.381154","-79.811838","","11","0","0","0","0","0","0","1","0","","0","1","0","","","1","","1","","40 22:52.153","","0","79 48:42.618","4","0","0","0","2424","0","0","0","","0","0","0","3","02424","1","","1.0","","1","","","","0","","0","0","0","","2","","","2","1","0","0","0","0","0","2","0","2","","","","N","","","","","","","","","",""
"2014131735","","3","0","0","0","0","0","0","0","0","1","0","","02","12","2014","2","40.4329","-79.799043","","11","0","0","0","0","0","0","2","0","2","0","0","0","","","2","","0","","40 25:58.439","3","3","79 47:56.554","8","0","0","0","2446","0","0","0","N","0","0","0","4","02446","0","","1.0","","1","N","N","","0","","0","0","1","","0","Y","","4","2","0","0","0","2","0","2","0","4","","","","N","","","","","","","","","",""
"2014123470","","1","0","0","0","0","0","0","0","0","6","0","","02","12","2014","2","40.394367","-80.042482","","11","0","0","0","0","0","1","0","0","","0","0","0","","","0","","0","","40 23:39.721","","0","80 02:32.935","0","0","0","0","2422","0","0","0","N","0","0","0","2","02422","0","","6.0","","1","N","N","","0","","0","0","0","","0","","","2","0","0","0","0","0","0","2","1","2","","","","N","","","","","","","","","",""
"2014124231","","0","0","0","0","0","0","0","0","0","0","0","","02","12","2014","2","40.408285","-80.107959","","11","0","0","0","0","0","0","0","0","","0","0","0","","","1","","0","","40 24:29.825","","0","80 06:28.654","3","0","0","1","2102","0","0","0","N","0","0","0","1","68B03","0","","1.0","","9","Y","Y","","0","","1","0","0","","0","","","1","1","0","0","0","0","0","2","0","1","","","","N","","","","","","","","","",""
"2014125180","","1","0","0","0","0","0","0","0","0","1","0","","02","12","2014","7","40.390765","-80.074126","","11","0","0","0","0","0","0","0","0","","0","0","0","","","0","","0","","40 23:26.755","","0","80 04:26.855","0","0","0","0","2117","0","0","0","N","0","0","0","4","02117","0","","1.0","","9","N","N","","0","","0","0","1","","2","","","2","0","0","0","0","0","0","2","0","2","","","","N","","","","","","","","","",""
"2014130908","","1","0","0","0","0","0","0","0","0","7","0","","02","12","2014","2","40.573876","-79.787769","","11","0","0","0","0","0","0","0","0","2","0","0","0","","","1","","0","","40 34:25.953","2","0","79 47:15.968","4","0","0","0","2104","0","0","0","N","0","0","0","1","68D02","1","","4.0","","9","N","N","","0","","0","0","0","","0","N","","1","1","0","0","0","0","0","2","0","1","","","","N","","","","","","","","","",""
"2014125726","","0","0","0","0","0","0","0","0","0","7","0","","02","12","2014","5","40.512529","-80.094745","","11","0","0","0","0","0","0","1","0","3","0","0","0","","","0","","2","","40 30:45.104","6","0","80 05:41.082","0","0","0","0","2429","0","0","0","N","0","0","0","1","02215","0","","5.0","","1","N","N","","1","","0","0","0","","0","Y","","1","0","0","0","0","0","0","2","0","1","","","","N","","","","","","","","","",""
"2014124232","","0","0","0","0","0","0","0","0","0","7","0","","02","12","2014","4","40.524427","-80.069695","","11","0","0","0","0","0","1","0","0","2","0","0","0","","","0","","0","","40 31:27.936","2","0","80 04:10.902","0","0","0","0","2215","0","0","0","N","0","0","0","1","68B03","0","","3.0","","9","N","N","","1","","0","0","0","","0","N","","1","0","0","0","0","0","0","2","0","1","","","","N","","","","","","","","","",""
"2014124373","","2","0","0","0","0","0","0","0","0","1","0","","02","12","2014","4","40.502633","-80.010884","","11","0","0","0","0","1","0","1","0","","0","0","0","","","0","","0","","40 30:09.479","","0","80 00:39.181","0","0","0","0","2116","0","0","0","N","0","0","0","3","02116","0","","1.0","","1","N","N","","0","","0","0","1","","0","","","3","0","0","0","0","0","0","2","0","3","","","","N","","","","","","","","","",""