"CRN","ARRIVAL_TM","AUTOMOBILE_COUNT","BELTED_DEATH_COUNT","BELTED_SUSP_SERIOUS_INJ_COUNT","BICYCLE_COUNT","BICYCLE_DEATH_COUNT","BICYCLE_SUSP_SERIOUS_INJ_COUNT","BUS_COUNT","CHLDPAS_DEATH_COUNT","CHLDPAS_SUSP_SERIOUS_INJ_COUNT","COLLISION_TYPE","COMM_VEH_COUNT","CONS_ZONE_SPD_LIM","COUNTY","CRASH_MONTH","CRASH_YEAR","DAY_OF_WEEK","DEC_LATITUDE","DEC_LONGITUDE","DISPATCH_TM","DISTRICT","DRIVER_COUNT_16YR","DRIVER_COUNT_17YR","DRIVER_COUNT_18YR","DRIVER_COUNT_19YR","DRIVER_COUNT_20YR","DRIVER_COUNT_50_64YR","DRIVER_COUNT_65_74YR","DRIVER_COUNT_75PLUS","EST_HRS_CLOSED","FATAL_COUNT","HEAVY_TRUCK_COUNT","HORSE_BUGGY_COUNT","HOUR_OF_DAY","ILLUMINATION","INJURY_COUNT","INTERSECTION_RELATED","INTERSECT_TYPE","LANE_CLOSED","LATITUDE","LN_CLOSE_DIR","LOCATION_TYPE","LONGITUDE","MAX_SEVERITY_LEVEL","MCYCLE_DEATH_COUNT","MCYCLE_SUSP_SERIOUS_INJ_COUNT","MOTORCYCLE_COUNT","MUNICIPALITY","NONMOTR_COUNT","NONMOTR_DEATH_COUNT","NONMOTR_SUSP_SERIOUS_INJ_COUNT","NTFY_HIWY_MAINT","PED_COUNT","PED_DEATH_COUNT","PED_SUSP_SERIOUS_INJ_COUNT","PERSON_COUNT","POLICE_AGCY","POSSIBLE_INJ_COUNT","RDWY_SURF_TYPE_CD","RELATION_TO_ROAD","ROADWAY_CLEARED","ROAD_CONDITION","SCH_BUS_IND","SCH_ZONE_IND","SECONDARY_CRASH","SMALL_TRUCK_COUNT","SPEC_JURIS_CD","SUSP_MINOR_INJ_COUNT","SUSP_SERIOUS_INJ_COUNT","SUV_COUNT","TCD_FUNC_CD","TCD_TYPE","TFC_DETOUR_IND","TIME_OF_DAY","TOTAL_UNITS","TOT_INJ_COUNT","UNBELTED_OCC_COUNT","UNB_DEATH_COUNT","UNB_SUSP_SERIOUS_INJ_COUNT","UNK_INJ_DEG_COUNT","UNK_INJ_PER_COUNT","URBAN_RURAL","VAN_COUNT","VEHICLE_COUNT","WEATHER1","WEATHER2","WORKERS_PRES","WORK_ZONE_IND","WORK_ZONE_LOC","WORK_ZONE_TYPE","WZ_CLOSE_DETOUR","WZ_FLAGGER","WZ_LAW_OFFCR_IND","WZ_LN_CLOSURE","WZ_MOVING","WZ_OTHER","WZ_SHLDER_MDN","WZ_WORKERS_INJ_KILLED"
"2014123131","","2","0","0","0","0","0","0","0","0","2","0","","02","12","2014","3","40.506119","-79.990498","","11","0","0","0","0","1","1","0","0","1","0","0","0","","","0","","2","","40 30:22.028","7","0","79 59:25.791","0","0","0","0","2116","0","0","0","N","0","0","0","2","02116","0","","1.0","","9","N","N","","0","","0","0","0","","2","N","","2","0","0","0","0","0","0","2","0","2","","","","N","","","","","","","","","",""
"2014124735","","1","0","0","0","0","0","0","0","0","7","0","","02","12","2014","4","40.456295","-79.878607","","11","0","0","0","0","0","0","0","0","4","1","0","0","","","1","","0","","40 27:22.663","6","0","79 52:42.984","1","0","0","0","2301","0","0","0","N","0","0","0","2","02301","0","2","4.0","","1","N","N","","0","0","1","0","0","","0","Y","","1","1","2","1","0","0","0","2","0","1","","","","N","","","","","","","","","",""
"2014123691","","1","0","0","0","0","0","0","0","0","4","0","","02","12","2014","2","40.332803","-79.813629","","11","0","0","1","0","0","1","0","0","","0","0","0","","","1","","1","","40 19:58.092","","0","79 48:49.064","8","0","0","0","2477","0","0","0","N","0","0","0","3","02477","0","","1.0","","1","N","N","","0","","0","0","1","","2","","","2","1","0","0","0","1","0","2","0","2","","","","N","","","","","","","","","",""
"2014125980","","0","0","0","0","0","0","0","0","0","7","0","","02","12","2014","6","40.239083","-79.88325","","11","0","0","0","0","0","0","0","0","3","0","0","0","","","0","","0","","40 14:20.700","5","0","79 52:59.700","0","0","0","0","2204","0","0","0","N","0","0","0","2","02204","0","","2.0","","1","N","N","","1","","0","0","0","","0","N","","1","0","2","0","0","0","0","1","0","1","","","","N","","","","","","","","","",""
"2014123970","","1","0","0","0","0","0","0","0","0","4","1","","02","12","2014","3","40.381367","-79.812391","","11","0","0","0","0","0","1","0","0","1","0","1","0","","","0","","1","","40 22:52.922","4","0","79 48:44.606","0","0","0","0","2424","0","0","0","N","0","0","0","2","02424","0","","1.0","","1","N","N","","0","","0","0","0","","2","N","","2","0","0","0","0","0","0","2","0","2","","","","N","","","","","","","","","",""
"2014125460","","0","0","0","0","0","0","0","0","0","1","0","","02","12","2014","4","40.326829","-80.076883","","11","0","0","0","0","0","0","0","0","2","0","0","0","","","0","","2","","40 19:36.583","5","0","80 04:36.780","0","0","0","0","2123","0","0","0","N","0","0","0","6","02123","0","","1.0","","1","N","N","","1","","0","0","2","","0","N","","3","0","0","0","0","0","0","2","0","3","","","","N","","","","","","","","","",""
"2014123959","","1","0","0","0","0","0","0","0","0","7","0","","02","12","2014","3","40.402824","-79.907967","","11","0","0","0","0","0","1","0","0","1","0","0","0","","","1","","1","","40 24:10.166","5","0","79 54:28.681","8","0","0","0","2438","0","0","0","N","0","0","0","1","02438","0","","5.0","","1","N","N","","0","","0","0","0","","0","Y","","1","1","0","0","0","1","0","2","0","1","","","","N","","","","","","","","","",""
"2014123216","","1","0","0","0","0","0","0","0","0","7","0","","02","11","2014","6","40.44018","-79.85988","","11","0","0","0","0","0","0","0","0","2","0","0","0","","","1","","0","","40 26:24.648","3","0","79 51:35.569","4","0","0","0","2478","0","0","0","N","0","0","0","1","68B03","1","","4.0","","1","N","N","","0","","0","0","0","","0","N","","1","1","0","0","0","0","0","2","0","1","","","","N","","","","","","","","","",""
"2014124520","","1","0","0","0","0","0","0","0","0","7","0","","02","12","2014","3","40.574221","-79.787252","","11","0","0","0","0","0","0","0","1","2","0","0","0","","","0","","0","","40 34:27.197","1","0","79 47:14.108","0","0","0","0","2104","0","0","0","Y","0","0","0","2","68D02","0","","4.0","","1","N","N","","0","","0","0","0","","0","N","","1","0","0","0","0","0","0","2","0","1","","","","N","","","","","","","","","",""
"2014125475","","1","0","0","0","0","0","0","0","0","8","0","","02","12","2014","6","40.480539","-79.814067","","11","0","0","0","0","0","0","0","0","","0","0","0","","","1","","0","","40 28:49.940","","7","79 48:50.640","4","0","0","0","2113","1","0","0","N","1","0","0","2","02113","1","","1.0","","1","N","Y","","0","","0","0","0","","0","","","2","1","0","0","0","0","0","2","0","1","","","","N","","","","","","","","","",""
"2014123217","","3","0","0","0","0","0","0","0","0","5","0","","02","11","2014","2","40.425178","-80.120974","","11","0","0","0","0","0","1","0","0","1","0","0","0","","","1","","0","","40 25:30.642","4","0","80 07:15.507","4","0","0","0","2102","0","0","0","N","0","0","0","4","68B03","1","","1.0","","1","N","N","","0","","0","0","0","","0","N","","3","1","0","0","0","0","1","2","0","3","","","","N","","","","","","","","","",""
"2014125462","","1","0","0","0","0","0","0","0","0","5","1","","02","12","2014","6","40.433113","-79.996581","","11","0","0","0","0","0","0","1","0","","0","1","0","","","0","","0","","40 25:59.207","","3","79 59:47.690","0","0","0","0","2301","0","0","0","N","0","0","0","3","02301","0","","1.0","","1","N","N","","0","","0","0","0","","0","","","2","0","0","0","0","0","0","2","0","2","","","","N","","","","","","","","","",""
"2014123218","","1","0","0","0","0","0","0","0","0","1","0","","02","11","2014","1","40.447429","-80.165583","","11","0","0","0","0","0","1","0","0","1","0","0","0","","","1","","6","","40 26:50.743","4","2","80 09:56.097","8","0","0","0","2115","0","0","0","N","0","0","0","2","68B03","0","","1.0","","1","N","N","","0","","0","0","1","","4","N","","2","1","0","0","0","1","0","2","0","2","","","","N","","","","","","","","","",""
"2014123346","","0","0","0","0","0","0","0","0","0","7","0","","02","12","2014","6","40.422669","-79.886031","","11","0","0","0","0","0","0","0","0","1","0","0","0","","","0","","0","","40 25:21.610","5","0","79 53:09.710","0","0","0","0","2463","0","0","0","N","0","0","0","1","02463","0","","4.0","","1","N","N","","0","","0","0","0","","0","N","","1","0","0","0","0","0","0","2","1","1","","","","N","","","","","","","","","",""
"2014123361","","3","0","0","0","0","0","0","0","0","6","0","","02","12","2014","2","40.3985","-80.037466","","11","0","0","0","0","0","0","0","0","2","0","0","0","","","2","","0","","40 23:54.599","6","0","80 02:14.878","8","0","0","0","2422","0","0","0","N","0","0","0","6","02422","0","","1.0","","1","N","N","","1","","0","0","0","","0","Y","","4","2","0","0","0","2","0","2","0","4","","","","N","","","","","","","","","",""
"2014123899","","1","0","0","0","0","0","0","0","0","1","0","30","02","12","2014","2","40.350589","-79.942366","","11","0","0","0","0","0","1","0","0","","0","0","0","","","1","","0","","40 21:02.119","","0","79 56:32.518","4","0","0","0","2473","0","0","0","N","0","0","0","2","02473","1","","1.0","","1","N","N","","0","","0","0","1","","0","","","2","1","0","0","0","0","0","2","0","2","","","Y","Y","2","1","","","N","Y","Y","","Y",""
"2014123219","","0","0","0","0","0","0","0","0","0","8","0","","02","12","2014","2","40.408275","-80.107958","","11","0","0","0","0","0","1","0","0","","0","0","0","","","1","","0","","40 24:29.791","","0","80 06:28.648","2","0","0","0","2102","1","0","1","N","1","0","1","2","68B03","0","","4.0","","9","N","N","","0","","0","1","1","","0","","","2","1","0","0","0","0","0","2","0","1","","","","N","","","","","","","","","",""
"2014125464","","0","0","0","0","0","0","2","0","0","1","2","","02","12","2014","6","40.438455","-79.98254","","11","0","0","0","0","0","2","0","0","1","0","0","0","","","3","","0","","40 26:18.438","4","0","79 58:57.145","8","0","0","0","2301","0","0","0","N","0","0","0","4","02503","0","","1.0","","1","N","N","","0","","0","0","0","","0","N","","2","3","0","0","0","3","0","2","0","2","","","","N","","","","","","","","","",""
"2014123220","","0","0","0","0","0","0","0","0","0","1","0","","02","12","2014","3","40.421587","-80.031033","","11","0","0","0","0","0","1","0","0","1","0","0","0","","","1","","0","","40 25:17.714","4","0","80 01:51.719","4","0","0","0","2301","0","0","0","N","0","0","0","2","68B03","1","","1.0","","9","N","N","","0","","0","0","2","","0","N","","2","1","0","0","0","0","0","2","0","2","","","","N","","","","","","","","","",""
"2014125543","","1","0","0","0","0","0","0","0","0","7","0","","02","12","2014","5","40.455359","-80.072857","","11","0","0","0","0","0","0","0","0","2","0","0","0","","","1","","0","","40 27:19.292","7","0","80 04:22.285","8","0","0","0","2301","0","0","0","N","0","0","0","1","02301","0","","4.0","","1","N","N","","0","","0","0","0","","0","N","","1","1","0","0","0","1","0","2","0","1","","","","N","","","","","","","","","",""
"2014123221","","1","0","0","0","0","0","0","0","0","7","0","","02","12","2014","5","40.426874","-80.294715","","11","0","0","0","0","0","0","0","0","","0","0","0","","","0","","0","","40 25:36.745","","3","80 17:40.974","0","0","0","0","2214","0","0","0","Y","0","0","0","1","68B03","0","","2.0","","2","N","N","","0","","0","0","0","","0","","","1","0","0","0","0","0","0","1","0","1","","","","N","","","","","","","","","",""
"2014123980","","2","0","0","0","0","0","0","0","0","5","0","","02","12","2014","7","40.310319","-79.89178","","11","0","0","0","0","0","0","0","0","2","0","0","0","","","0","","0","","40 18:37.150","2","0","79 53:30.407","0","0","0","0","2302","0","0","0","N","0","0","0","1","02302","0","","1.0","","9","N","N","","0","","0","0","2","","0","N","","4","0","0","0","0","0","0","2","0","4","","","","N","","","","","","","","","",""
"2014124122","","1","0","0","0","0","0","0","0","0","1","0","","02","12","2014","3","40.34889","-79.939012","","11","0","0","0","0","0","0","0","0","1","0","0","0","","","1","","2","","40 20:56.003","4","0","79 56:20.443","8","0","0","0","2473","0","0","0","N","0","0","0","3","02473","0","","1.0","","1","N","N","","0","","0","0","1","","2","N","","2","1","0","0","0","1","0","2","0","2","","","","N","","","","","","","","","",""
"2014123915","","2","0","0","0","0","0","0","0","0","4","0","","02","12","2014","3","40.380701","-79.999757","","11","0","0","0","0","0","0","0","0","2","0","0","0","","","0","","2","","40 22:50.524","2","0","79 59:59.126","0","0","0","0","2301","0","0","0","N","0","0","0","2","02301","0","","1.0","","1","N","N","","0","","0","0","0","","0","N","","2","0","0","0","0","0","0","2","0","2","","","","N","","","","","","","","","",""
"2014125480","","1","0","0","0","0","0","0","0","0","4","0","","02","12","2014","5","40.367821","-80.103993","","11","0","1","0","0","0","1","0","0","","0","0","0","","","0","","0","","40 22:04.157","","7","80 06:14.374","0","0","0","0","2102","0","0","0","N","0","0","0","2","02102","0","","1.0","","1","N","N","","0","","0","0","1","","0","","","2","0","0","0","0","0","0","2","0","2","","","","N","","","","","","","","","",""
"2014123222","","1","0","0","0","0","0","0","0","0","7","0","","02","12","2014","5","40.426874","-80.294715","","11","0","0","0","0","0","1","0","0","","0","0","0","","","0","","0","","40 25:36.745","","3","80 17:40.974","0","0","0","0","2203","0","0","0","Y","0","0","0","1","68B03","0","","2.0","","2","N","N","","1","","0","0","0","","0","","","2","0","0","0","0","0","0","1","0","2","","","","N","","","","","","","","","",""
"2014123765","","0","0","0","0","0","0","0","0","0","7","0","","02","12","2014","4","40.305922","-79.825376","","11","0","0","0","0","0","0","1","0","2","0","0","0","","","1","","2","","40 18:21.319","5","0","79 49:31.352","8","0","0","0","2105","0","0","0","N","0","0","0","1","02105","0","","2.0","","1","N","N","","0","","0","0","0","","0","N","","1","1","0","0","0","1","0","2","1","1","","","","N","","","","","","","","","",""
"2014124681","","3","0","0","0","0","0","0","0","0","4","0","","02","12","2014","4","40.385696","-79.994892","","11","0","0","0","0","0","1","0","0","2","0","0","0","","","0","","0","","40 23:08.506","2","0","79 59:41.612","0","0","0","0","2301","0","0","0","N","0","0","0","1","02301","0","","4.0","","1","N","N","","0","","0","0","0","","0","N","","4","0","0","0","0","0","0","2","0","3","","","","N","","","","","","","","","",""
"2014123983","","1","0","0","0","0","0","0","0","0","7","0","","02","12","2014","3","40.48967","-80.021451","","11","0","0","0","0","0","0","0","0","2","0","0","0","","","2","","0","","40 29:22.812","6","0","80 01:17.224","3","0","0","0","2301","0","0","0","N","0","0","0","2","02301","0","","4.0","","1","N","N","","0","","1","0","0","","0","Y","","1","2","2","0","0","1","0","2","0","1","","","","N","","","","","","","","","",""
"2014123986","","1","0","0","0","0","0","0","0","0","4","0","","02","12","2014","3","40.440331","-79.965591","","11","0","0","0","0","0","0","0","0","","0","0","0","","","0","","1","","40 26:25.191","","0","79 57:56.127","0","0","0","0","2301","0","0","0","N","0","0","0","2","02301","0","","1.0","","1","N","N","","0","","0","0","1","","3","","","2","0","0","0","0","0","0","2","0","2","","","","N","","","","","","","","","",""
"2014123769","","1","0","0","0","0","0","0","0","0","7","0","","02","11","2014","3","40.47823","-80.200761","","11","0","0","0","0","1","0","0","0","","0","0","0","","","0","","10","","40 28:41.629","","0","80 12:02.738","0","0","0","0","2213","0","0","0","N","0","0","0","1","02213","0","","4.0","","2","N","N","","0","","0","0","0","","0","","","1","0","0","0","0","0","0","2","0","1","","","","N","","","","","","","","","",""
"2014125347","","2","0","0","0","0","0","0","0","0","1","0","","02","12","2014","5","40.409166","-79.901003","","11","0","0","0","0","0","0","0","0","2","0","0","0","","","3","","2","","40 24:32.996","6","0","79 54:03.611","8","0","0","0","2448","0","0","0","N","0","0","0","3","02448","0","","1.0","","1","N","N","","0","","0","0","0","","3","Y","","2","3","2","0","0","3","0","2","0","2","","","","N","","","","","","","","","",""
"2014124671","","2","0","0","0","0","0","0","0","0","5","0","","02","12","2014","4","40.452661","-79.866547","","11","0","0","0","0","0","0","0","0","","0","0","0","","","1","","2","","40 27:09.580","","0","79 51:59.570","4","0","0","0","2301","0","0","0","N","0","0","0","2","02301","1","","1.0","","1","N","N","","0","","0","0","0","","0","","","2","1","0","0","0","0","0","2","0","2","","","","N","","","","","","","","","",""
"2014124687","","1","0","0","0","0","0","0","0","0","1","0","","02","12","2014","2","40.512271","-79.95795","","11","0","0","0","0","0","1","0","0","1","0","0","0","","","2","","2","","40 30:44.174","1","0","79 57:28.620","4","0","0","0","2118","0","0","0","N","0","0","0","2","02118","2","","1.0","","9","N","N","","0","","0","0","0","","0","Y","","2","2","0","0","0","0","0","2","0","2","","","","N","","","","","","","","","",""
"2014124469","","2","0","0","0","0","0","0","0","0","4","0","","02","12","2014","3","40.609991","-80.053301","","11","0","0","0","0","0","0","0","0","1","0","0","0","","","0","","1","","40 36:35.967","4","0","80 03:11.883","0","0","0","0","2108","0","0","0","N","0","0","0","5","02108","0","","1.0","","1","N","N","","0","","0","0","0","","2","N","","2","0","0","0","0","0","0","2","0","2","","","","N","","","","","","","","","",""
"2014123770","","2","0","0","0","0","0","0","0","0","1","0","","02","11","2014","5","40.524954","-80.212836","","11","0","0","0","0","0","0","0","0","1","0","0","0","","","1","","0","","40 31:29.835","5","0","80 12:46.210","3","0","0","0","2213","0","0","0","N","0","0","0","3","02213","0","","1.0","","1","N","N","","0","","1","0","0","","0","N","","2","1","0","0","0","0","0","2","0","2","","","","N","","","","","","","","","",""
"2014123148","","1","0","0","0","0","0","0","0","0","4","0","","02","12","2014","1","40.426088","-79.980835","","11","0","0","0","0","0","0","0","0","1","0","0","0","","","2","","1","","40 25:33.916","2","0","79 58:51.006","8","0","0","0","2301","0","0","0","N","0","0","0","4","02301","0","","1.0","","1","N","N","","1","","0","0","0","","3","N","","2","2","0","0","0","2","0","2","0","2","","","","N","","","","","","","","","",""
"2014123909","","1","0","0","0","0","0","0","0","0","4","0","","02","12","2014","7","40.438724","-79.959896","","11","0","0","0","0","0","0","0","0","2","0","0","0","","","0","","1","","40 26:19.407","5","0","79 57:35.625","0","0","0","0","2301","0","0","0","N","0","0","0","3","02506","0","","1.0","","9","N","N","","0","","0","0","1","","0","Y","","2","0","0","0","0","0","0","2","0","2","","","","N","","","","","","","","","",""
"2014123771","","2","0","0","0","0","0","0","0","0","4","0","","02","12","2014","7","40.505458","-80.207549","","11","0","0","0","0","0","1","0","0","","0","0","0","","","0","","2","","40 30:19.650","","0","80 12:27.175","0","0","0","0","2213","0","0","0","N","0","0","0","3","02213","0","","1.0","","9","N","N","","0","","0","0","0","","3","","","2","0","0","0","0","0","0","2","0","2","","","","N","","","","","","","","","",""
"2014125286","","1","0","0","0","0","0","0","0","0","6","0","","02","12","2014","4","40.445525","-80.066917","","11","0","0","0","0","0","0","1","0","2","0","0","0","","","2","","0","","40 26:43.889","7","0","80 04:00.900","8","0","0","0","2439","0","0","0","N","0","0","0","2","02439","0","","1.0","","1","N","N","","0","","0","0","1","","0","Y","","2","2","0","0","0","2","0","2","0","2","","","","N","","","","","","","","","",""
"2014123083","","0","0","0","0","0","0","0","0","0","7","0","","02","12","2014","1","40.480212","-79.965499","","11","0","0","0","0","0","0","0","0","3","0","0","0","","","1","","7","","40 28:48.764","2","2","79 57:55.795","8","0","0","0","2118","0","0","0","Y","0","0","0","1","02118","0","","7.0","","1","N","N","","0","","0","0","1","","0","N","","1","1","0","0","0","1","0","2","0","1","","","","N","","","","","","","","","",""
"2014124690","","3","0","0","0","0","0","0","0","0","6","0","","02","12","2014","4","40.459738","-79.907173","","11","0","0","0","0","0","1","0","0","1","0","0","0","","","7","","2","","40 27:35.058","1","0","79 54:25.822","3","0","0","0","2301","0","0","0","N","0","0","0","8","02301","0","","1.0","","1","N","N","","0","","7","0","0","","0","Y","","3","7","2","0","0","0","0","2","0","3","","","","N","","","","","","","","","",""
"2014124753","","2","0","0","0","0","0","0","0","0","4","0","","02","11","2014","7","40.533933","-80.229035","","11","0","1","0","0","0","0","0","0","1","0","0","0","","","5","","1","","40 32:02.158","7","0","80 13:44.526","3","0","0","0","2213","0","0","0","N","0","0","0","5","02213","3","","1.0","","9","N","N","","0","","2","0","0","","3","N","","2","5","0","0","0","0","0","2","0","2","","","","N","","","","","","","","","",""
"2014123306","","1","0","0","0","0","0","0","0","0","4","1","","02","12","2014","7","40.502167","-80.102144","","11","0","0","0","0","0","1","0","0","2","0","1","0","","","1","","2","","40 30:07.801","1","0","80 06:07.718","8","0","0","0","2110","0","0","0","N","0","0","0","2","02215","0","","1.0","","9","N","N","","0","","0","0","0","","2","N","","2","1","0","0","0","1","0","2","0","2","","","","N","","","","","","","","","",""
"2014123911","","2","0","0","0","0","0","0","0","0","1","0","","02","12","2014","3","40.371241","-80.088351","","11","0","0","0","0","0","1","0","0","","0","0","0","","","0","","2","","40 22:16.467","","0","80 05:18.063","0","0","0","0","2117","0","0","0","N","0","0","0","2","02117","0","","1.0","","1","N","N","","0","","0","0","0","","3","","","2","0","0","0","0","0","0","2","0","2","","","","N","","","","","","","","","",""
"2014125489","","1","0","0","0","0","0","0","0","0","4","1","","02","12","2014","6","40.422907","-79.960803","","11","0","0","0","0","0","1","0","0","1","0","1","0","","","0","","1","","40 25:22.466","5","0","79 57:38.889","0","0","0","0","2301","0","0","0","N","0","0","0","2","02301","0","","1.0","","1","N","N","","0","","0","0","0","","2","N","","2","0","0","0","0","0","0","2","0","2","","","","N","","","","","","","","","",""
"2014123231","","1","0","0","0","0","0","0","0","0","1","0","","02","10","2014","6","40.493911","-79.909214","","11","0","0","0","0","0","0","0","0","2","0","0","0","","","1","","6","","40 29:38.080","1","2","79 54:33.169","4","0","0","0","2112","0","0","0","N","0","0","0","2","68D02","1","","1.0","","1","N","N","","0","","0","0","1","","4","N","","2","1","1","0","0","0","0","2","0","2","","","","N","","","","","","","","","",""
"2014124754","","1","0","0","0","0","0","0","0","0","7","0","","02","12","2014","5","40.526158","-80.250243","","11","0","0","0","0","0","0","0","0","2","0","0","0","","","0","","0","","40 31:34.169","5","0","80 15:00.876","0","0","0","0","2213","0","0","0","N","0","0","0","2","02213","0","","4.0","","1","N","N","","0","","0","0","0","","0","Y","","1","0","0","0","0","0","0","2","0","1","","","","N","","","","","","","","","",""
"2014125568","","2","0","0","0","0","0","0","0","0","4","0","","02","12","2014","5","40.650385","-79.708473","","11","0","0","0","0","0","0","1","0","","0","0","0","","","0","","1","","40 39:01.386","","0","79 42:30.503","0","0","0","0","2106","0","0","0","N","0","0","0","4","02106","0","","1.0","","1","N","N","","0","","0","0","0","","1","","","2","0","0","0","0","0","0","2","0","2","","","","N","","","","","","","","","",""
"2014123924","","1","0","0","0","0","0","0","0","0","7","0","","02","12","2014","3","40.405268","-80.074344","","11","0","0","0","0","0","1","0","0","2","0","0","0","","","0","","0","","40 24:18.966","2","0","80 04:27.638","0","0","0","0","2415","0","0","0","N","0","0","0","1","02415","0","","2.0","","1","N","N","","0","","0","0","0","","0","N","","1","0","0","0","0","0","0","2","0","1","","","","N","","","","","","","","","",""
"2014123992","","1","0","0","0","0","0","0","0","0","1","0","","02","12","2014","3","40.409238","-79.899622","","11","0","0","0","0","0","1","0","0","1","0","0","0","","","1","","0","","40 24:33.258","3","0","79 53:58.639","8","0","0","0","2448","0","0","0","N","0","0","0","4","02448","0","","1.0","","1","N","N","","1","","0","0","0","","0","N","","2","1","0","0","0","1","0","2","0","2","","","","N","","","","","","","","","",""
"2014124755","","1","0","0","0","0","0","0","0","0","7","0","","02","12","2014","6","40.504363","-80.231138","","11","0","0","0","0","0","0","0","0","","0","0","0","","","1","","0","","40 30:15.705","","0","80 13:52.095","4","0","0","0","2213","0","0","0","N","0","0","0","1","02213","1","","3.0","","9","N","N","","0","","0","0","0","","0","","","1","1","0","0","0","0","0","2","0","1","","","","N","","","","","","","","","",""
"2014125277","","1","0","0","0","0","0","0","0","0","7","0","","02","12","2014","5","40.414284","-79.99147","","11","0","0","0","0","0","0","0","0","","0","0","0","","","0","","0","","40 24:51.422","","0","79 59:29.292","0","0","0","0","2301","0","0","0","N","0","0","0","1","02301","0","","4.0","","1","N","N","","0","","0","0","0","","0","","","1","0","0","0","0","0","0","2","0","1","","","","N","","","","","","","","","",""
"2014125495","","2","0","0","0","0","0","0","0","0","1","0","","02","12","2014","6","40.461144","-79.922333","","11","0","0","0","0","0","0","0","0","1","0","0","0","","","0","","1","","40 27:40.120","2","0","79 55:20.397","0","0","0","0","2301","0","0","0","N","0","0","0","2","02301","0","","1.0","","1","N","N","","0","","0","0","0","","2","N","","2","0","0","0","0","0","0","2","0","2","","","","N","","","","","","","","","",""
"2014125558","","2","0","0","0","0","0","0","0","0","4","0","","02","12","2014","6","40.45601","-79.947616","","11","0","0","0","0","0","0","0","0","1","0","0","0","","","0","","1","","40 27:21.636","5","0","79 56:51.417","0","0","0","0","2301","0","0","0","N","0","0","0","2","02301","0","","1.0","","1","N","N","","0","","0","0","0","","0","N","","2","0","0","0","0","0","0","2","0","2","","","","N","","","","","","","","","",""
"2014125291","","1","0","0","0","0","0","0","0","0","1","0","","02","12","2014","5","40.552839","-80.104301","","11","0","0","0","0","0","0","0","0","1","0","0","0","","","2","","2","","40 33:10.221","3","0","80 06:15.482","4","0","0","0","2215","0","0","0","N","0","0","0","2","02215","2","","1.0","","1","N","N","","0","","0","0","1","","0","N","","2","2","0","0","0","0","0","2","0","2","","","","N","","","","","","","","","",""
"2014124695","","1","0","0","0","0","0","0","0","0","7","0","","02","12","2014","3","40.545259","-79.758673","","11","0","0","0","0","0","0","0","0","4","0","0","0","","","0","","2","","40 32:42.932","5","0","79 45:31.222","0","0","0","0","2466","0","0","0","N","0","0","0","1","02466","0","","5.0","","1","N","N","","0","","0","0","0","","0","Y","","1","0","0","0","0","0","0","1","0","1","","","","N","","","","","","","","","",""
"2014125496","","1","0","0","0","0","0","0","0","0","7","0","","02","12","2014","6","40.586871","-80.037633","","11","0","0","0","0","0","0","0","0","","0","0","0","","","0","","0","","40 35:12.736","","0","80 02:15.478","0","0","0","0","2108","0","0","0","Y","0","0","0","1","02108","0","","5.0","","1","N","N","","0","","0","0","0","","0","","","1","0","0","0","0","0","0","2","0","1","","","","N","","","","","","","","","",""
"2014124696","","1","0","0","0","0","0","0","0","0","8","0","","02","12","2014","4","40.43476","-79.922837","","11","0","0","0","0","0","0","1","0","","0","0","0","","","1","","1","","40 26:05.136","","0","79 55:22.213","3","0","0","0","2301","1","0","0","N","1","0","0","2","02301","0","","1.0","","1","N","N","","0","","1","0","0","","2","","","2","1","0","0","0","0","0","2","0","1","","","","N","","","","","","","","","",""
"2014125282","","2","0","0","0","0","0","0","0","0","4","0","","02","12","2014","3","40.364422","-80.022453","","11","0","0","0","0","0","0","0","0","","0","0","0","","","0","","0","","40 21:51.920","","0","80 01:20.830","0","0","0","0","2416","0","0","0","N","0","0","0","2","02416","0","","1.0","","1","N","N","","0","","0","0","0","","0","","","2","0","0","0","0","0","0","2","0","2","","","","N","","","","","","","","","",""
"2014125952","","0","0","0","0","0","0","0","0","0","6","0","","02","12","2014","7","40.452833","-79.899833","","11","0","0","0","0","0","0","0","0","3","0","0","0","","","0","","2","","40 27:10.200","7","0","79 53:59.400","0","0","0","0","2301","0","0","0","N","0","0","0","1","02301","0","","2.0","","1","N","N","","0","","0","0","2","","0","Y","","2","0","0","0","0","0","0","2","0","2","","","","N","","","","","","","","","",""
"2014125357","","1","0","0","0","0","0","0","0","0","4","0","","02","12","2014","3","40.474213","-80.037017","","11","0","0","0","0","0","0","0","0","","0","0","0","","","0","","2","","40 28:27.166","","0","80 02:13.261","0","0","0","0","2301","0","0","0","N","0","0","0","1","02301","0","","1.0","","1","N","N","","0","","0","0","1","","3","","","2","0","0","0","0","0","0","2","0","2","","","","N","","","","","","","","","",""
"2014124774","","1","0","0","0","0","0","0","0","0","5","0","","02","11","2014","2","40.43961","-80.009713","","11","0","0","0","0","0","0","1","1","2","0","0","0","","","1","","0","","40 26:22.595","4","3","80 00:34.968","4","0","0","0","2301","0","0","0","N","0","0","0","2","68B03","1","","1.0","","1","N","N","","0","","0","0","0","","3","N","","2","1","0","0","0","0","0","2","1","2","","","","N","","","","","","","","","",""