"CRN","ARRIVAL_TM","AUTOMOBILE_COUNT","BELTED_DEATH_COUNT","BELTED_SUSP_SERIOUS_INJ_COUNT","BICYCLE_COUNT","BICYCLE_DEATH_COUNT","BICYCLE_SUSP_SERIOUS_INJ_COUNT","BUS_COUNT","CHLDPAS_DEATH_COUNT","CHLDPAS_SUSP_SERIOUS_INJ_COUNT","COLLISION_TYPE","COMM_VEH_COUNT","CONS_ZONE_SPD_LIM","COUNTY","CRASH_MONTH","CRASH_YEAR","DAY_OF_WEEK","DEC_LATITUDE","DEC_LONGITUDE","DISPATCH_TM","DISTRICT","DRIVER_COUNT_16YR","DRIVER_COUNT_17YR","DRIVER_COUNT_18YR","DRIVER_COUNT_19YR","DRIVER_COUNT_20YR","DRIVER_COUNT_50_64YR","DRIVER_COUNT_65_74YR","DRIVER_COUNT_75PLUS","EST_HRS_CLOSED","FATAL_COUNT","HEAVY_TRUCK_COUNT","HORSE_BUGGY_COUNT","HOUR_OF_DAY","ILLUMINATION","INJURY_COUNT","INTERSECTION_RELATED","INTERSECT_TYPE","LANE_CLOSED","LATITUDE","LN_CLOSE_DIR","LOCATION_TYPE","LONGITUDE","MAX_SEVERITY_LEVEL","MCYCLE_DEATH_COUNT","MCYCLE_SUSP_SERIOUS_INJ_COUNT","MOTORCYCLE_COUNT","MUNICIPALITY","NONMOTR_COUNT","NONMOTR_DEATH_COUNT","NONMOTR_SUSP_SERIOUS_INJ_COUNT","NTFY_HIWY_MAINT","PED_COUNT","PED_DEATH_COUNT","PED_SUSP_SERIOUS_INJ_COUNT","PERSON_COUNT","POLICE_AGCY","POSSIBLE_INJ_COUNT","RDWY_SURF_TYPE_CD","RELATION_TO_ROAD","ROADWAY_CLEARED","ROAD_CONDITION","SCH_BUS_IND","SCH_ZONE_IND","SECONDARY_CRASH","SMALL_TRUCK_COUNT","SPEC_JURIS_CD","SUSP_MINOR_INJ_COUNT","SUSP_SERIOUS_INJ_COUNT","SUV_COUNT","TCD_FUNC_CD","TCD_TYPE","TFC_DETOUR_IND","TIME_OF_DAY","TOTAL_UNITS","TOT_INJ_COUNT","UNBELTED_OCC_COUNT","UNB_DEATH_COUNT","UNB_SUSP_SERIOUS_INJ_COUNT","UNK_INJ_DEG_COUNT","UNK_INJ_PER_COUNT","URBAN_RURAL","VAN_COUNT","VEHICLE_COUNT","WEATHER1","WEATHER2","WORKERS_PRES","WORK_ZONE_IND","WORK_ZONE_LOC","WORK_ZONE_TYPE","WZ_CLOSE_DETOUR","WZ_FLAGGER","WZ_LAW_OFFCR_IND","WZ_LN_CLOSURE","WZ_MOVING","WZ_OTHER","WZ_SHLDER_MDN","WZ_WORKERS_INJ_KILLED"
"2014120611","","2","0","0","0","0","0","0","0","0","4","0","","02","11","2014","1","40.396268","-80.046366","","11","0","0","0","1","0","0","0","1","","0","0","0","","","1","","2","","40 23:46.564","","0","80 02:46.917","4","0","0","0","2109","0","0","0","N","0","0","0","3","02109","1","","1.0","","1","N","N","","0","","0","0","0","","3","","","2","1","0","0","0","0","0","2","0","2","","","","N","","","","","","","","","",""
"2014122875","","1","0","0","0","0","0","0","0","0","4","0","","02","12","2014","5","40.453756","-80.063929","","11","0","0","0","0","0","0","0","0","1","0","0","0","","","0","","5","","40 27:13.521","2","0","80 03:50.144","0","0","0","0","2301","0","0","0","N","0","0","0","2","02301","0","","1.0","","1","N","N","","1","","0","0","0","","0","N","","2","0","0","0","0","0","0","2","0","2","","","","N","","","","","","","","","",""
"2014124183","","1","0","0","0","0","0","0","0","0","7","0","","02","12","2014","4","40.455911","-79.942039","","11","0","0","0","0","0","0","0","0","1","0","0","0","","","3","","1","","40 27:21.280","1","0","79 56:31.340","3","0","0","0","2301","0","0","0","N","0","0","0","4","02301","2","","5.0","","1","N","N","","0","","1","0","0","","2","N","","1","3","0","0","0","0","0","2","0","1","","","","N","","","","","","","","","",""
"2014121299","","0","0","0","0","0","0","0","0","0","7","1","","02","11","2014","7","40.393718","-79.83654","","11","0","0","0","0","0","1","0","0","2","0","1","0","","","1","","0","","40 23:37.385","3","3","79 50:11.544","8","0","0","0","2111","0","0","0","N","0","0","0","3","02111","0","","1.0","","2","N","N","","0","","0","0","1","","0","N","","2","1","0","0","0","1","0","2","0","2","","","","N","","","","","","","","","",""
"2014124184","","2","0","0","0","0","0","0","0","0","2","0","","02","12","2014","6","40.622488","-79.726413","","11","0","0","0","0","0","0","1","0","1","0","0","0","","","2","","1","","40 37:20.958","5","0","79 43:35.088","4","0","0","0","2106","0","0","0","N","0","0","0","4","02106","2","","1.0","","9","N","N","","0","","0","0","0","","3","N","","2","2","0","0","0","0","0","2","0","2","","","","N","","","","","","","","","",""
"2014121978","","0","0","1","0","0","0","0","0","0","7","0","","02","12","2014","2","40.31593","-79.995798","","11","0","0","0","0","0","0","1","0","","0","0","0","","","1","","2","","40 18:57.348","","0","79 59:44.872","2","0","0","0","2219","0","0","0","N","0","0","0","1","02501","0","","5.0","","1","N","N","","1","","0","1","0","","0","","","1","1","0","0","0","0","0","2","0","1","","","","N","","","","","","","","","",""
"2014120550","","1","0","0","0","0","0","0","0","0","4","0","","02","12","2014","3","40.464806","-80.060597","","11","0","0","0","0","0","0","0","0","","0","0","0","","","0","","2","","40 27:53.301","","0","80 03:38.149","0","0","0","0","2444","0","0","0","N","0","0","0","1","02444","0","","1.0","","1","N","N","","0","","0","0","1","","0","","","2","0","1","0","0","0","0","2","0","2","","","","N","","","","","","","","","",""
"2014123359","","2","0","0","0","0","0","0","0","0","4","0","","02","12","2014","6","40.355201","-80.050178","","11","0","0","0","0","0","1","0","0","2","0","0","0","","","1","","1","","40 21:18.723","5","0","80 03:00.639","4","0","0","0","2109","0","0","0","N","0","0","0","2","02109","1","","1.0","","9","N","N","","0","","0","0","0","","2","N","","2","1","0","0","0","0","0","2","0","2","","","","N","","","","","","","","","",""
"2014124117","","3","0","0","0","0","0","0","0","0","1","0","","02","12","2014","3","40.47863","-80.043609","","11","0","0","0","0","0","0","0","0","","0","0","0","","","0","","0","","40 28:43.069","","0","80 02:36.992","0","0","0","0","2301","0","0","0","N","0","0","0","5","02301","0","","1.0","","1","N","N","","0","","0","0","0","","0","","","3","0","0","0","0","0","0","2","0","3","","","","N","","","","","","","","","",""
"2014121966","","1","0","0","0","0","0","0","0","0","1","0","","02","12","2014","5","40.542536","-79.807628","","11","0","0","0","0","0","0","0","0","","0","0","0","","","1","","1","","40 32:33.129","","0","79 48:27.460","8","0","0","0","2418","0","0","0","N","0","0","0","2","02418","0","","1.0","","1","N","N","","0","","0","0","1","","3","","","2","1","0","0","0","1","0","2","0","2","","","","N","","","","","","","","","",""
"2014123360","","1","0","0","0","0","0","0","0","0","1","0","","02","12","2014","6","40.383367","-80.021446","","11","0","0","0","0","0","1","0","0","","0","0","0","","","0","","2","","40 23:00.121","","0","80 01:17.205","0","0","0","0","2109","0","0","0","N","0","0","0","2","02109","0","","1.0","","9","N","N","","0","","0","0","0","","0","","","2","0","0","0","0","0","0","2","1","2","","05","","N","","","","","","","","","",""
"2014123421","","0","0","0","0","0","0","0","0","0","7","0","","02","12","2014","7","40.38574","-79.880051","","11","0","0","0","0","0","0","0","0","2","0","0","0","","","0","","0","","40 23:08.665","7","0","79 52:48.184","0","0","0","0","2473","0","0","0","N","0","0","0","3","02473","0","","2.0","","9","N","N","","0","","0","0","1","","0","Y","","1","0","0","0","0","0","0","2","0","1","","","","N","","","","","","","","","",""
"2014121967","","1","0","0","0","0","0","0","0","0","4","0","","02","12","2014","5","40.426665","-80.009014","","11","0","0","0","0","0","0","0","0","","0","0","0","","","0","","2","","40 25:35.994","","0","80 00:32.450","9","0","0","0","2301","0","0","0","N","0","0","0","1","02301","0","","1.0","","98","N","N","","0","","0","0","0","","0","","","2","0","0","0","0","0","1","2","0","2","","","","N","","","","","","","","","",""
"2014122800","","0","0","0","0","0","0","0","0","0","7","0","","02","12","2014","6","40.440089","-79.95992","","11","0","0","0","0","0","0","0","0","","0","0","0","","","1","","1","","40 26:24.320","","0","79 57:35.712","4","0","0","0","2301","0","0","0","N","0","0","0","1","02301","1","","4.0","","9","N","N","","0","","0","0","1","","0","","","1","1","0","0","0","0","0","2","0","1","","","","N","","","","","","","","","",""
"2014120552","","0","0","0","0","0","0","0","0","0","7","0","","02","12","2014","2","40.450231","-79.843985","","11","0","0","0","0","0","0","0","0","5","0","0","0","","","0","","0","","40 27:00.832","5","0","79 50:38.345","0","0","0","0","2419","0","0","0","N","0","0","0","1","02419","0","","5.0","","9","N","N","","0","","0","0","1","","0","Y","","1","0","0","0","0","0","0","2","0","1","","","","N","","","","","","","","","",""
"2014122801","","0","0","0","0","0","0","0","0","0","7","0","","02","12","2014","7","40.476364","-79.821626","","11","0","0","0","0","0","0","0","0","1","0","0","0","","","0","","0","","40 28:34.912","3","0","79 49:17.854","9","0","0","0","2113","0","0","0","N","0","0","0","1","02113","0","","5.0","","9","N","N","","0","","0","0","1","","0","N","","1","0","0","0","0","0","1","2","0","1","","","","N","","","","","","","","","",""
"2014120553","","2","0","0","0","0","0","0","0","0","4","0","","02","12","2014","2","40.440126","-79.996436","","11","0","0","0","0","0","0","1","0","","0","0","0","","","0","","1","","40 26:24.453","","0","79 59:47.169","0","0","0","0","2301","0","0","0","N","0","0","0","2","02301","0","","1.0","","9","N","N","","0","","0","0","0","","2","","","2","0","0","0","0","0","0","2","0","2","","","","N","","","","","","","","","",""
"2014121316","","0","0","0","0","0","0","0","0","0","1","0","","02","11","2014","6","40.344064","-80.032484","","11","1","1","0","0","0","0","0","0","","0","0","0","","","0","","0","","40 20:38.629","","0","80 01:56.941","0","0","0","0","2407","0","0","0","N","0","0","0","7","02407","0","","1.0","","9","N","N","","0","","0","0","2","","0","","","2","0","1","0","0","0","0","2","0","2","","","","N","","","","","","","","","",""
"2014122880","","0","0","0","0","0","0","0","0","0","7","0","","02","11","2014","2","40.370604","-79.787129","","11","0","0","0","0","0","0","0","0","4","0","0","0","","","1","","0","","40 22:14.175","6","0","79 47:13.665","8","0","0","0","2111","0","0","0","N","0","0","0","1","02111","0","","5.0","","1","N","N","","1","","0","0","0","","0","Y","","1","1","1","0","0","1","0","2","0","1","","","","N","","","","","","","","","",""
"2014122330","","2","0","0","0","0","0","0","0","0","1","0","","02","11","2014","3","40.426564","-79.889931","","11","0","0","0","0","0","1","0","0","1","0","0","0","","","0","","0","","40 25:35.630","1","0","79 53:23.750","0","0","0","0","2426","0","0","0","N","0","0","0","3","02426","0","","1.0","","1","N","N","","0","","0","0","1","","0","N","","3","0","0","0","0","0","0","2","0","3","","","","N","","","","","","","","","",""
"2014120554","","1","0","0","0","0","0","0","0","0","7","0","","02","12","2014","3","40.436483","-79.975449","","11","0","0","0","0","0","0","0","0","1","0","0","0","","","0","","7","","40 26:11.337","4","2","79 58:31.618","0","0","0","0","2301","0","0","0","N","0","0","0","1","02301","0","","1.0","","9","N","N","","0","","0","0","0","","0","N","","1","0","0","0","0","0","0","2","0","1","","","","N","","","","","","","","","",""
"2014122869","","1","0","0","0","0","0","0","0","0","8","0","","02","12","2014","7","40.352178","-79.856732","","11","0","0","0","0","0","0","0","0","3","0","0","0","","","1","","1","","40 21:07.842","6","0","79 51:24.235","8","0","0","0","2304","1","0","0","N","1","0","0","2","02304","0","","1.0","","9","N","N","","0","","0","0","0","","2","N","","2","1","0","0","0","1","0","2","0","1","","","","N","","","","","","","","","",""
"2014121317","","2","0","0","0","0","0","0","0","0","4","0","","02","11","2014","3","40.33875","-80.051483","","11","0","0","0","0","1","0","0","0","2","0","0","0","","","1","","1","","40 20:19.500","3","0","80 03:05.338","4","0","0","0","2407","0","0","0","N","0","0","0","6","02407","1","","1.0","","1","N","N","","0","","0","0","0","","2","N","","2","1","1","0","0","0","0","2","0","2","","","","N","","","","","","","","","",""
"2014121318","","2","0","0","0","0","0","0","0","0","6","0","","02","11","2014","4","40.328669","-80.035201","","11","0","0","0","0","0","0","0","0","","0","0","0","","","1","","0","","40 19:43.208","","0","80 02:06.723","4","0","0","0","2407","0","0","0","N","0","0","0","1","02407","1","","2.0","","9","N","N","","0","","0","0","0","","0","","","2","1","0","0","0","0","0","2","0","2","","","","N","","","","","","","","","",""
"2014121308","","1","0","0","0","0","0","0","0","0","1","0","","02","11","2014","3","40.450855","-80.138603","","11","0","0","1","0","0","0","0","0","2","0","0","0","","","0","","2","","40 27:03.079","1","0","80 08:18.970","0","0","0","0","2115","0","0","0","N","0","0","0","2","02115","0","","1.0","","1","N","N","","0","","0","0","1","","0","Y","","2","0","0","0","0","0","0","2","0","2","","","","N","","","","","","","","","",""
"2014121389","","3","0","0","0","0","0","0","0","0","4","0","","02","12","2014","4","40.39919","-80.025075","","11","0","0","0","0","0","0","2","0","","0","0","0","","","0","","2","","40 23:57.084","","0","80 01:30.271","0","0","0","0","2301","0","0","0","N","0","0","0","3","02301","0","","1.0","","1","N","N","","0","","0","0","0","","0","","","3","0","0","0","0","0","0","2","0","3","","","","N","","","","","","","","","",""
"2014122998","","0","0","0","0","0","0","0","0","0","7","0","","02","12","2014","7","40.450169","-80.107631","","11","0","0","0","0","0","0","0","0","","0","0","0","","","0","","2","","40 27:00.610","","0","80 06:27.470","0","0","0","0","2126","0","0","0","N","0","0","0","1","02126","0","","4.0","","9","N","N","","1","","0","0","0","","0","","","1","0","0","0","0","0","0","2","0","1","","","","N","","","","","","","","","",""
"2014124124","","2","0","0","0","0","0","0","0","0","1","0","","02","12","2014","3","40.434142","-79.965473","","11","0","0","0","0","0","0","0","0","1","0","0","0","","","0","","0","","40 26:02.912","3","99","79 57:55.701","0","0","0","0","2301","0","0","0","N","0","0","0","4","02301","0","","1.0","","1","N","N","","0","","0","0","0","","0","N","","3","0","0","0","0","0","0","2","1","3","","","","N","","","","","","","","","",""
"2014121309","","0","0","0","0","0","0","0","0","0","7","0","","02","11","2014","5","40.444716","-80.105871","","11","0","1","0","0","0","0","0","0","4","0","0","0","","","1","","0","","40 26:40.978","2","0","80 06:21.135","3","0","0","0","2115","0","0","0","N","0","0","0","1","02115","0","","4.0","","1","N","N","","0","","1","0","1","","0","N","","1","1","0","0","0","0","0","2","0","1","","","","N","","","","","","","","","",""
"2014121390","","2","0","0","0","0","0","0","0","0","5","0","","02","12","2014","3","40.459738","-79.907173","","11","0","0","0","0","0","0","0","0","2","0","0","0","","","0","","2","","40 27:35.058","1","0","79 54:25.822","0","0","0","0","2301","0","0","0","N","0","0","0","3","02301","0","","1.0","","9","N","N","","0","","0","0","0","","0","Y","","2","0","0","0","0","0","0","2","0","2","","","","N","","","","","","","","","",""
"2014122193","","1","0","0","0","0","0","0","0","0","7","0","","02","12","2014","5","40.355046","-79.878707","","11","0","0","0","1","0","0","0","0","3","0","0","0","","","0","","0","","40 21:18.165","5","0","79 52:43.346","0","0","0","0","2423","0","0","0","N","0","0","0","1","02304","0","","5.0","","1","N","N","","0","","0","0","0","","0","N","","1","0","0","0","0","0","0","2","0","1","","","","N","","","","","","","","","",""
"2014124885","","2","0","0","0","0","0","0","0","0","4","0","","02","12","2014","4","40.408764","-79.90746","","11","0","0","0","0","0","0","0","0","2","0","0","0","","","3","","1","","40 24:31.551","5","0","79 54:26.857","8","0","0","0","2438","0","0","0","N","0","0","0","3","02438","0","","1.0","","9","N","N","","0","","0","0","0","","2","Y","","3","3","0","0","0","3","0","2","1","3","","","","N","","","","","","","","","",""
"2014125684","","1","0","0","0","0","0","0","0","0","1","0","","02","12","2014","6","40.411014","-80.005933","","11","0","0","0","0","0","0","0","0","1","0","0","0","","","0","","2","","40 24:39.651","3","0","80 00:21.360","0","0","0","0","2301","0","0","0","N","0","0","0","3","02301","0","","1.0","","1","N","N","","0","","0","0","1","","0","N","","2","0","1","0","0","0","0","2","0","2","","","","N","","","","","","","","","",""
"2014121975","","1","0","0","1","0","0","0","0","0","8","0","","02","11","2014","4","40.496789","-79.941862","","11","0","0","0","0","0","1","0","0","2","0","0","0","","","1","","1","","40 29:48.440","5","99","79 56:30.703","4","0","0","0","2430","1","0","0","N","0","0","0","2","02430","1","","1.0","","9","N","N","","0","","0","0","0","","3","Y","","2","1","0","0","0","0","0","2","0","1","","","","N","","","","","","","","","",""
"2014122745","","0","0","0","0","0","0","0","0","0","7","0","","02","11","2014","7","40.277439","-79.949519","","11","0","0","0","0","0","1","0","0","","0","0","0","","","0","","0","","40 16:38.782","","3","79 56:58.267","0","0","0","0","2440","0","0","0","N","0","0","0","1","68T09","0","","2.0","","2","N","N","","0","","0","0","1","","0","","","1","0","0","0","0","0","0","2","0","1","","","","N","","","","","","","","","",""
"2014121310","","1","0","0","0","0","0","0","0","0","4","0","","02","11","2014","6","40.455985","-80.161226","","11","0","0","1","0","1","0","0","0","1","0","0","0","","","1","","2","","40 27:21.546","3","0","80 09:40.413","4","0","0","0","2115","0","0","0","N","0","0","0","5","02115","1","","1.0","","1","N","N","","0","","0","0","1","","2","N","","2","1","0","0","0","0","0","2","0","2","","","","N","","","","","","","","","",""
"2014123368","","0","0","0","0","0","0","0","0","0","5","1","","02","9","2014","6","40.33635","-80.13482","","11","0","0","0","0","0","1","0","0","1","0","1","0","","","1","","0","","40 20:10.859","2","0","80 08:05.353","3","0","0","0","2119","0","0","0","N","0","0","0","2","68B03","0","","1.0","","1","N","N","","0","","1","0","1","","0","N","","2","1","0","0","0","0","0","2","0","2","","","","N","","","","","","","","","",""
"2014125685","","3","0","0","0","0","0","0","0","0","4","0","","02","12","2014","6","40.452851","-79.951225","","11","0","0","0","0","0","0","0","0","2","0","0","0","","","1","","0","","40 27:10.263","7","0","79 57:04.410","4","0","0","0","2301","0","0","0","N","0","0","0","2","02301","1","","1.0","","1","N","N","","0","","0","0","0","","0","N","","3","1","0","0","0","0","1","2","0","3","","","","N","","","","","","","","","",""
"2014122746","","1","0","0","0","0","0","0","0","0","1","0","","02","11","2014","7","40.291772","-79.913431","","11","0","0","0","0","0","1","0","0","2","0","0","0","","","2","","0","","40 17:30.380","1","8","79 54:48.350","3","0","0","0","2440","0","0","0","N","0","0","0","4","68T09","0","","1.0","","2","N","Y","","0","","1","0","0","","0","N","","2","2","2","0","0","1","0","2","1","2","","","","N","","","","","","","","","",""
"2014120560","","1","0","0","0","0","0","0","0","0","7","0","","02","12","2014","2","40.411216","-79.945243","","11","0","0","0","0","0","0","0","0","","0","0","0","","","1","","9","","40 24:40.377","","0","79 56:42.874","8","0","0","0","2301","0","0","0","N","0","0","0","1","02301","0","","4.0","","9","N","N","","0","","0","0","0","","5","","","1","1","0","0","0","1","0","2","0","1","","","","N","","","","","","","","","",""
"2014121311","","0","0","0","0","0","0","0","0","0","7","0","","02","11","2014","6","40.465968","-80.113203","","11","0","0","0","0","0","0","0","0","","0","0","0","","","0","","2","","40 27:57.484","","0","80 06:47.530","0","0","0","0","2115","0","0","0","N","0","0","0","1","02115","0","","4.0","","7","N","N","","0","","0","0","1","","0","","","1","0","0","0","0","0","0","2","0","1","","","","N","","","","","","","","","",""
"2014123430","","2","0","0","0","0","0","0","0","0","4","0","","02","12","2014","2","40.453882","-79.913319","","11","1","0","0","0","0","1","0","0","2","0","0","0","","","0","","2","","40 27:13.975","5","0","79 54:47.948","0","0","0","0","2301","0","0","0","N","0","0","0","4","02301","0","","1.0","","1","N","N","","0","","0","0","0","","3","N","","2","0","0","0","0","0","0","2","0","2","","","","N","","","","","","","","","",""
"2014122685","","1","0","0","0","0","0","0","0","0","4","0","","02","12","2014","6","40.453376","-79.980689","","11","0","0","0","0","0","0","0","0","1","0","0","0","","","1","","1","","40 27:12.153","4","0","79 58:50.480","4","0","0","0","2301","0","0","0","N","0","0","0","3","02301","1","","1.0","","9","N","N","","0","","0","0","1","","3","N","","2","1","0","0","0","0","0","2","0","2","","","","N","","","","","","","","","",""
"2014121312","","1","0","0","0","0","0","0","0","0","1","0","","02","11","2014","6","40.504312","-80.133135","","11","0","0","0","0","0","1","0","0","","0","0","0","","","1","","0","","40 30:15.522","","0","80 07:59.287","4","0","0","0","2115","0","0","0","Y","0","0","0","2","02115","1","","1.0","","2","N","N","","1","","0","0","0","","0","","","2","1","0","0","0","0","0","2","0","2","","","","N","","","","","","","","","",""
"2014122197","","1","0","0","0","0","0","0","0","0","2","0","","02","12","2014","5","40.43647","-79.962338","","11","0","0","0","0","0","0","1","0","1","0","0","0","","","0","","2","","40 26:11.292","2","0","79 57:44.416","0","0","0","0","2301","0","0","0","N","0","0","0","2","02301","0","","1.0","","1","N","N","","0","","0","0","1","","0","N","","2","0","0","0","0","0","0","2","0","2","","","","N","","","","","","","","","",""
"2014123003","","1","0","0","0","0","0","0","0","0","7","0","","02","12","2014","7","40.480283","-79.835413","","11","0","0","0","0","0","0","0","0","3","0","0","0","","","1","","0","","40 28:49.020","6","0","79 50:07.486","4","0","0","0","2113","0","0","0","N","0","0","0","1","02113","1","","4.0","","9","N","N","","0","","0","0","0","","0","Y","","1","1","0","0","0","0","0","2","0","1","","","","N","","","","","","","","","",""
"2014121313","","2","0","0","0","0","0","0","0","0","2","0","","02","11","2014","7","40.427804","-80.126592","","11","0","0","0","0","0","1","0","0","2","0","0","0","","","2","","0","","40 25:40.094","4","0","80 07:35.730","2","0","0","0","2115","0","0","0","N","0","0","0","2","02115","0","","1.0","","1","N","N","","0","","0","1","0","","0","N","","2","2","0","0","0","1","0","2","0","2","","","","N","","","","","","","","","",""
"2014124965","","0","0","0","0","0","0","0","0","0","1","0","","02","12","2014","5","40.458","-79.823285","","11","0","0","0","0","0","1","1","0","1","0","0","0","","","0","","0","","40 27:28.801","1","0","79 49:23.825","0","0","0","0","2113","0","0","0","N","0","0","0","2","02113","0","","1.0","","1","N","N","","0","","0","0","2","","0","N","","2","0","0","0","0","0","0","2","0","2","","","","N","","","","","","","","","",""
"2014122688","","1","0","0","0","0","0","0","0","0","8","0","","02","12","2014","7","","","","11","0","0","0","0","0","0","0","0","1","0","0","0","","","1","","0","","","6","0","","3","0","0","0","2301","1","0","0","N","1","0","0","2","02301","0","","1.0","","9","N","N","","0","","1","0","0","","0","Y","","2","1","0","0","0","0","0","1","0","1","","","","N","","","","","","","","","",""
"2014122749","","1","0","0","0","0","0","0","0","0","7","0","","02","12","2014","7","40.435147","-79.947089","","11","0","0","0","0","0","1","0","0","2","0","0","0","","","0","","3","","40 26:06.530","3","0","79 56:49.520","0","0","0","0","2301","0","0","0","N","0","0","0","1","02301","0","","5.0","","9","N","N","","0","","0","0","0","","0","N","","1","0","0","0","0","0","0","2","0","1","","","","N","","","","","","","","","",""
"2014120563","","2","0","0","0","0","0","0","0","0","1","0","","02","11","2014","7","40.355226","-79.842811","","11","0","0","0","0","0","1","0","0","2","0","0","0","","","1","","0","","40 21:18.812","5","3","79 50:34.121","8","0","0","0","2304","0","0","0","N","0","0","0","3","02304","0","","1.0","","2","N","N","","1","","0","0","0","","0","Y","","3","1","0","0","0","1","0","2","0","3","","","","N","","","","","","","","","",""
"2014121314","","2","0","0","0","0","0","0","0","0","4","0","","02","11","2014","1","40.439808","-80.152447","","11","0","0","1","0","0","0","0","0","1","0","0","0","","","0","","1","","40 26:23.308","4","0","80 09:08.810","0","0","0","0","2115","0","0","0","N","0","0","0","3","02115","0","","1.0","","1","N","N","","0","","0","0","0","","2","N","","2","0","0","0","0","0","0","2","0","2","","","","N","","","","","","","","","",""
"2014124133","","2","0","0","0","0","0","0","0","0","4","0","","02","11","2014","7","40.600195","-79.949296","","11","0","0","0","0","0","0","0","0","2","0","0","0","","","0","","0","","40 36:00.702","6","0","79 56:57.465","0","0","0","0","2207","0","0","0","N","0","0","0","2","02207","0","","1.0","","2","N","N","","0","","0","0","1","","0","Y","","3","0","1","0","0","0","0","2","0","3","","","","N","","","","","","","","","",""
"2014122750","","2","0","0","0","0","0","0","0","0","2","0","","02","12","2014","7","40.441669","-80.054194","","11","0","0","0","0","0","1","0","0","","0","0","0","","","0","","0","","40 26:30.010","","0","80 03:15.100","0","0","0","0","2301","0","0","0","N","0","0","0","1","02301","0","","1.0","","9","N","N","","0","","0","0","0","","0","","","2","0","0","0","0","0","0","2","0","2","","","","N","","","","","","","","","",""
"2014121315","","1","0","0","0","0","0","0","0","0","1","0","","02","11","2014","1","40.448304","-80.161351","","11","0","0","0","0","0","0","0","0","1","0","0","0","","","0","","0","","40 26:53.895","4","0","80 09:40.863","0","0","0","0","2115","0","0","0","N","0","0","0","4","02115","0","","1.0","","1","N","N","","0","","0","0","1","","2","N","","2","0","0","0","0","0","0","2","0","2","","","","N","","","","","","","","","",""
"2014125691","","0","0","0","0","0","0","0","0","0","1","0","","02","12","2014","5","40.633649","-79.714029","","11","0","0","0","0","1","0","0","0","1","0","0","0","","","1","","0","","40 38:01.136","1","0","79 42:50.505","8","0","0","0","2106","0","0","0","N","0","0","0","2","02106","0","","1.0","","1","N","N","","0","","0","0","2","","0","N","","2","1","0","0","0","1","0","2","0","2","","","","N","","","","","","","","","",""
"2014122075","","0","0","0","0","0","0","0","0","0","7","0","","02","11","2014","6","40.392306","-80.053164","","11","0","0","0","0","0","1","0","0","1","0","0","0","","","0","","0","","40 23:32.300","2","0","80 03:11.390","0","0","0","0","2109","0","0","0","N","0","0","0","1","02109","0","","4.0","","1","N","N","","0","","0","0","0","","0","N","","1","0","0","0","0","0","0","2","1","1","","","","N","","","","","","","","","",""
"2014124135","","1","0","0","0","0","0","0","0","0","7","0","","02","12","2014","3","40.442452","-80.029774","","11","0","0","0","0","0","0","0","0","","0","0","0","","","0","","0","","40 26:32.827","","0","80 01:47.185","0","0","0","0","2301","0","0","0","N","0","0","0","1","02301","0","","1.0","","1","N","N","","0","","0","0","0","","0","","","1","0","0","0","0","0","0","2","0","1","","","","N","","","","","","","","","",""
"2014122692","","1","0","0","0","0","0","0","0","0","7","0","","02","12","2014","7","40.465666","-79.832172","","11","0","0","0","0","0","0","0","0","2","0","0","0","","","1","","2","","40 27:56.396","1","0","79 49:55.820","3","0","0","0","2113","0","0","0","N","0","0","0","1","02113","0","","5.0","","9","N","N","","0","","1","0","0","","2","Y","","1","1","1","0","0","0","0","2","0","1","","","","N","","","","","","","","","",""
"2014122076","","1","0","0","0","0","0","0","0","0","4","0","","02","12","2014","4","40.358951","-80.059871","","11","0","0","0","0","0","1","0","0","2","0","0","0","","","0","","2","","40 21:32.222","4","0","80 03:35.535","0","0","0","0","2109","0","0","0","N","0","0","0","2","02109","0","","1.0","","1","N","N","","1","","0","0","0","","0","N","","2","0","1","0","0","0","0","2","0","2","","","","N","","","","","","","","","",""
"2014122693","","3","0","0","0","0","0","0","0","0","1","0","","02","12","2014","7","40.427885","-80.000206","","11","0","0","0","0","0","1","0","0","1","0","0","0","","","0","","0","","40 25:40.385","5","4","80 00:00.740","0","0","0","0","2301","0","0","0","N","0","0","0","3","02301","0","","1.0","","1","N","N","","0","","0","0","0","","0","N","","3","0","0","0","0","0","0","2","0","3","","","","N","","","","","","","","","",""
"2014122077","","0","0","0","0","0","0","0","0","0","0","0","","02","11","2014","6","40.520782","-80.186433","","11","0","0","0","0","0","0","0","0","2","0","0","0","","","0","","0","","40 31:14.816","1","0","80 11:11.157","0","0","0","0","2213","0","0","0","N","0","0","0","3","02213","0","","1.0","","2","N","N","","0","","0","0","1","","0","Y","","1","0","0","0","0","0","0","2","0","1","","","","N","","","","","","","","","",""
"2014121997","","3","0","0","0","0","0","0","0","0","1","0","","02","12","2014","4","40.381395","-79.927709","","11","0","0","0","0","0","0","0","0","1","0","0","0","","","0","","1","","40 22:53.021","1","0","79 55:39.753","0","0","0","0","2301","0","0","0","N","0","0","0","3","02301","0","","1.0","","1","N","N","","0","","0","0","0","","0","N","","3","0","0","0","0","0","0","2","0","3","","","","N","","","","","","","","","",""