"CRN","ARRIVAL_TM","AUTOMOBILE_COUNT","BELTED_DEATH_COUNT","BELTED_SUSP_SERIOUS_INJ_COUNT","BICYCLE_COUNT","BICYCLE_DEATH_COUNT","BICYCLE_SUSP_SERIOUS_INJ_COUNT","BUS_COUNT","CHLDPAS_DEATH_COUNT","CHLDPAS_SUSP_SERIOUS_INJ_COUNT","COLLISION_TYPE","COMM_VEH_COUNT","CONS_ZONE_SPD_LIM","COUNTY","CRASH_MONTH","CRASH_YEAR","DAY_OF_WEEK","DEC_LATITUDE","DEC_LONGITUDE","DISPATCH_TM","DISTRICT","DRIVER_COUNT_16YR","DRIVER_COUNT_17YR","DRIVER_COUNT_18YR","DRIVER_COUNT_19YR","DRIVER_COUNT_20YR","DRIVER_COUNT_50_64YR","DRIVER_COUNT_65_74YR","DRIVER_COUNT_75PLUS","EST_HRS_CLOSED","FATAL_COUNT","HEAVY_TRUCK_COUNT","HORSE_BUGGY_COUNT","HOUR_OF_DAY","ILLUMINATION","INJURY_COUNT","INTERSECTION_RELATED","INTERSECT_TYPE","LANE_CLOSED","LATITUDE","LN_CLOSE_DIR","LOCATION_TYPE","LONGITUDE","MAX_SEVERITY_LEVEL","MCYCLE_DEATH_COUNT","MCYCLE_SUSP_SERIOUS_INJ_COUNT","MOTORCYCLE_COUNT","MUNICIPALITY","NONMOTR_COUNT","NONMOTR_DEATH_COUNT","NONMOTR_SUSP_SERIOUS_INJ_COUNT","NTFY_HIWY_MAINT","PED_COUNT","PED_DEATH_COUNT","PED_SUSP_SERIOUS_INJ_COUNT","PERSON_COUNT","POLICE_AGCY","POSSIBLE_INJ_COUNT","RDWY_SURF_TYPE_CD","RELATION_TO_ROAD","ROADWAY_CLEARED","ROAD_CONDITION","SCH_BUS_IND","SCH_ZONE_IND","SECONDARY_CRASH","SMALL_TRUCK_COUNT","SPEC_JURIS_CD","SUSP_MINOR_INJ_COUNT","SUSP_SERIOUS_INJ_COUNT","SUV_COUNT","TCD_FUNC_CD","TCD_TYPE","TFC_DETOUR_IND","TIME_OF_DAY","TOTAL_UNITS","TOT_INJ_COUNT","UNBELTED_OCC_COUNT","UNB_DEATH_COUNT","UNB_SUSP_SERIOUS_INJ_COUNT","UNK_INJ_DEG_COUNT","UNK_INJ_PER_COUNT","URBAN_RURAL","VAN_COUNT","VEHICLE_COUNT","WEATHER1","WEATHER2","WORKERS_PRES","WORK_ZONE_IND","WORK_ZONE_LOC","WORK_ZONE_TYPE","WZ_CLOSE_DETOUR","WZ_FLAGGER","WZ_LAW_OFFCR_IND","WZ_LN_CLOSURE","WZ_MOVING","WZ_OTHER","WZ_SHLDER_MDN","WZ_WORKERS_INJ_KILLED"
"2014122657","","1","0","0","0","0","0","0","0","0","8","0","","02","12","2014","6","40.465642","-79.955211","","11","0","0","0","0","0","0","0","0","1","0","0","0","","","1","","1","","40 27:56.311","4","0","79 57:18.759","4","0","0","0","2301","1","0","0","N","1","0","0","5","02301","1","","1.0","","9","N","N","","0","","0","0","0","","2","Y","","2","1","0","0","0","0","0","2","0","1","","","","N","","","","","","","","","",""
"2014121772","","0","0","0","0","0","0","0","0","0","0","0","","02","11","2014","7","40.514514","-80.167794","","11","0","0","0","0","0","0","0","0","","0","0","0","","","0","","0","","40 30:52.250","","0","80 10:04.060","0","0","0","0","2420","0","0","0","N","0","0","0","1","02420","0","","1.0","","2","N","N","","0","","0","0","1","","0","","","1","0","0","0","0","0","0","2","0","1","","","","N","","","","","","","","","",""
"2014122658","","1","0","0","0","0","0","0","0","0","7","0","","02","12","2014","6","40.458159","-79.998273","","11","0","0","0","0","0","0","0","0","","0","0","0","","","0","","2","","40 27:29.371","","0","79 59:53.784","0","0","0","0","2301","0","0","0","N","0","0","0","1","02301","0","","2.0","","9","N","N","","0","","0","0","0","","0","","","1","0","0","0","0","0","0","2","0","1","","","","N","","","","","","","","","",""
"2014121161","","2","0","0","0","0","0","0","0","0","4","0","","02","12","2014","4","40.457257","-79.909028","","11","0","0","0","0","0","0","0","0","","0","0","0","","","0","","1","","40 27:26.125","","0","79 54:32.499","0","0","0","0","2301","0","0","0","N","0","0","0","3","02301","0","","1.0","","9","N","N","","0","","0","0","0","","2","","","2","0","0","0","0","0","0","2","0","2","","","","N","","","","","","","","","",""
"2014121773","","3","0","0","0","0","0","0","0","0","1","0","","02","12","2014","2","40.519031","-80.165376","","11","0","0","0","0","0","0","1","1","1","0","0","0","","","0","","0","","40 31:08.513","4","0","80 09:55.353","0","0","0","0","2420","0","0","0","N","0","0","0","3","02420","0","","1.0","","1","N","N","","0","","0","0","0","","0","N","","3","0","1","0","0","0","0","2","0","3","","","","N","","","","","","","","","",""
"2014120337","","2","0","0","0","0","0","0","0","0","1","0","","02","11","2014","4","40.570034","-80.037257","","11","0","0","0","1","0","1","0","0","1","0","0","0","","","1","","0","","40 34:12.122","1","7","80 02:14.124","8","0","0","0","2108","0","0","0","N","0","0","0","2","02108","0","","1.0","","9","N","N","","0","","0","0","0","","0","N","","2","1","0","0","0","1","0","2","0","2","","","","N","","","","","","","","","",""
"2014122659","","1","0","0","0","0","0","0","0","0","7","0","","02","11","2014","7","40.291389","-79.883737","","11","0","0","0","0","0","0","0","0","","0","0","0","","","0","","0","","40 17:29.000","","0","79 53:01.453","0","0","0","0","2302","0","0","0","N","0","0","0","1","02302","0","","5.0","","1","N","N","","0","","0","0","0","","0","","","1","0","0","0","0","0","0","2","0","1","","","","N","","","","","","","","","",""
"2014121162","","3","0","0","0","0","0","0","0","0","4","0","","02","12","2014","4","40.433367","-79.958339","","11","0","0","0","0","0","0","0","0","2","0","0","0","","","0","","0","","40 26:00.122","2","0","79 57:30.020","0","0","0","0","2301","0","0","0","N","0","0","0","1","02301","0","","4.0","","9","N","N","","0","","0","0","0","","0","Y","","3","0","0","0","0","0","0","2","0","3","","","","N","","","","","","","","","",""
"2015021577","","1","0","0","0","0","0","0","0","0","5","1","","02","12","2014","3","40.404827","-79.846028","","11","0","0","0","0","0","0","0","0","","0","1","0","","","0","","0","","40 24:17.377","","0","79 50:45.700","0","0","0","0","2449","0","0","0","N","0","0","0","1","02449","0","","2.0","","1","N","N","","0","","0","0","0","","0","","","2","0","0","0","0","0","0","2","0","2","","","","N","","","","","","","","","",""
"2015001259","","2","0","0","0","0","0","0","0","0","4","0","","02","12","2014","6","40.460355","-79.842619","","11","0","0","0","0","0","0","0","0","1","0","0","0","","","0","","0","","40 27:37.279","1","0","79 50:33.427","0","0","0","0","2113","0","0","0","N","0","0","0","3","02113","0","","1.0","","1","N","N","","0","","0","0","0","","0","Y","","2","0","1","0","0","0","0","2","0","2","","","","N","","","","","","","","","",""
"2015001263","","1","0","0","0","0","0","0","0","0","1","0","","02","12","2014","5","40.471702","-79.908546","","11","0","0","0","0","0","1","0","0","2","0","0","0","","","0","","0","","40 28:18.127","2","0","79 54:30.767","0","0","0","0","2301","0","0","0","N","0","0","0","2","02301","0","","1.0","","98","N","N","","1","","0","0","0","","0","N","","2","0","1","0","0","0","0","2","0","2","","","","N","","","","","","","","","",""
"2015000405","","2","0","0","0","0","0","0","0","0","1","0","","02","12","2014","2","40.447306","-80.158329","","11","0","0","0","0","0","0","0","0","","0","0","0","","","0","","0","","40 26:50.301","","0","80 09:29.986","0","0","0","0","2115","0","0","0","N","0","0","0","2","02115","0","","1.0","","1","N","N","","0","","0","0","0","","0","","","2","0","0","0","0","0","0","2","0","2","","","","N","","","","","","","","","",""
"2015000406","","2","0","0","0","0","0","0","0","0","2","0","","02","12","2014","4","40.451727","-80.135688","","11","0","0","0","0","0","0","2","0","1","0","0","0","","","0","","0","","40 27:06.217","4","0","80 08:08.478","0","0","0","0","2115","0","0","0","N","0","0","0","2","02115","0","","1.0","","1","N","N","","0","","0","0","0","","0","N","","2","0","0","0","0","0","0","2","0","2","","","","N","","","","","","","","","",""
"2015001995","","2","0","0","0","0","0","0","0","0","4","0","","02","12","2014","5","40.495898","-79.940348","","11","0","0","0","0","0","1","1","0","","0","0","0","","","0","","1","","40 29:45.233","","2","79 56:25.253","0","0","0","0","2430","0","0","0","N","0","0","0","2","02430","0","","1.0","","1","N","N","","0","","0","0","0","","3","","","2","0","0","0","0","0","0","2","0","2","","","","N","","","","","","","","","",""
"2015002826","","1","0","0","0","0","0","0","0","0","4","0","","02","11","2014","2","40.443296","-79.991291","","11","0","0","0","0","1","0","0","0","3","0","0","0","","","2","","0","","40 26:35.866","1","3","79 59:28.648","4","0","0","0","2301","0","0","0","N","0","0","0","5","68B03","2","","1.0","","2","N","N","","0","","0","0","1","","0","N","","2","2","0","0","0","0","0","2","0","2","","","","N","","","","","","","","","",""
"2015001418","","2","0","0","0","0","0","0","0","0","4","0","","02","12","2014","4","40.629572","-79.718353","","11","0","0","0","0","0","0","2","0","1","0","0","0","","","2","","2","","40 37:46.459","2","0","79 43:06.072","8","0","0","0","2106","0","0","0","N","0","0","0","2","02106","0","","1.0","","1","N","N","","0","","0","0","0","","2","N","","2","2","0","0","0","2","0","2","0","2","","","","N","","","","","","","","","",""
"2015001933","","1","0","1","0","0","0","0","0","0","6","1","","02","12","2014","2","40.667969","-80.103833","","11","0","0","0","0","0","0","0","0","5","0","1","0","","","2","","0","","40 40:04.688","5","0","80 06:13.798","2","0","0","0","2212","0","0","0","N","0","0","0","3","02505","1","","1.0","","1","N","N","","0","","0","1","0","","0","Y","","2","2","0","0","0","0","0","2","0","2","","","","N","","","","","","","","","",""
"2015002827","","1","0","0","0","0","0","0","0","0","7","0","","02","12","2014","1","40.427397","-79.952011","","11","0","0","0","0","0","0","0","0","","0","0","0","","","2","","0","","40 25:38.629","","0","79 57:07.238","3","0","0","0","2301","0","0","0","N","0","0","0","3","68B03","1","","4.0","","9","N","N","","0","","1","0","2","","0","","","3","2","0","0","0","0","0","2","0","3","","","","N","","","","","","","","","",""
"2015002828","","2","0","0","0","0","0","0","0","0","7","1","","02","12","2014","6","40.539043","-80.272128","","11","0","0","0","0","0","1","0","0","","0","1","0","","","1","","0","","40 32:20.553","","0","80 16:19.660","4","0","0","0","2213","0","0","0","Y","0","0","0","2","68B03","1","","5.0","","2","N","N","","0","","0","0","0","","0","","","3","1","0","0","0","0","0","1","0","3","","","","N","","","","","","","","","",""
"2015000850","","2","0","0","0","0","0","0","0","0","1","0","","02","12","2014","3","40.497084","-79.933909","","11","0","0","0","1","0","0","0","0","1","0","0","0","","","1","","0","","40 29:49.504","1","0","79 56:02.071","4","0","0","0","2461","0","0","0","N","0","0","0","2","68D02","1","","1.0","","1","N","N","","0","","0","0","0","","0","N","","2","1","0","0","0","0","0","2","0","2","","","","N","","","","","","","","","",""
"2015002829","","1","0","0","0","0","0","0","0","0","7","0","","02","12","2014","1","40.505014","-80.030539","","11","0","0","0","0","0","0","0","0","1","0","0","0","","","1","","0","","40 30:18.051","2","0","80 01:49.942","4","0","0","0","2116","0","0","0","N","0","0","0","1","68B03","1","","2.0","","1","N","N","","0","","0","0","0","","0","N","","1","1","0","0","0","0","0","2","0","1","","","","N","","","","","","","","","",""
"2015002830","","1","0","0","0","0","0","0","0","0","7","0","","02","12","2014","1","40.425945","-79.893256","","11","0","0","0","0","0","0","0","0","","0","0","0","","","1","","0","","40 25:33.402","","2","79 53:35.721","8","0","0","0","2301","0","0","0","N","0","0","0","2","68B03","0","","4.0","","1","N","N","","0","","0","0","0","","0","","","1","1","1","0","0","1","1","2","0","1","","","","N","","","","","","","","","",""
"2015002831","","1","0","0","0","0","0","0","0","0","7","0","","02","12","2014","2","40.475496","-80.007208","","11","0","0","0","0","0","0","0","0","1","0","0","0","","","0","","0","","40 28:31.785","2","0","80 00:25.950","0","0","0","0","2301","0","0","0","N","0","0","0","1","68B03","0","","3.0","","1","N","N","","0","","0","0","0","","0","N","","1","0","0","0","0","0","0","2","0","1","","","","N","","","","","","","","","",""
"2015001487","","1","0","0","0","0","0","0","0","0","4","0","","02","12","2014","4","40.39717","-79.889217","","11","0","0","0","0","0","0","0","0","","0","0","0","","","0","","1","","40 23:49.812","","0","79 53:21.181","0","0","0","0","2475","0","0","0","N","0","0","0","2","02475","0","","1.0","","1","N","N","","1","","0","0","0","","0","","","2","0","1","0","0","0","0","2","0","2","","","","N","","","","","","","","","",""
"2015002832","","0","0","0","0","0","0","0","0","0","4","0","","02","12","2014","3","40.652505","-80.093584","","11","0","0","0","0","0","1","0","0","","0","0","0","","","0","","0","","40 39:09.017","","0","80 05:36.902","0","0","0","0","2212","0","0","0","N","0","0","0","2","68B03","0","","1.0","","9","N","N","","0","","0","0","1","","0","","","2","0","0","0","0","0","0","2","1","2","","","","N","","","","","","","","","",""
"2015002833","","1","0","0","0","0","0","0","0","0","7","0","","02","12","2014","1","40.401087","-80.106138","","11","0","0","0","0","0","0","0","0","2","0","0","0","","","1","","0","","40 24:03.912","1","0","80 06:22.096","8","0","0","0","2102","0","0","0","Y","0","0","0","1","68B03","0","","4.0","","9","N","N","","0","","0","0","0","","0","N","","1","1","0","0","0","1","0","2","0","1","","","","N","","","","","","","","","",""
"2015002834","","2","0","0","0","0","0","0","0","0","1","0","","02","12","2014","1","40.434181","-79.996304","","11","0","0","0","0","0","0","1","0","","0","0","0","","","0","","6","","40 26:03.051","","2","79 59:46.695","0","0","0","0","2301","0","0","0","N","0","0","0","4","68B03","0","","1.0","","1","N","N","","0","","0","0","0","","0","","","2","0","0","0","0","0","0","2","0","2","","","","N","","","","","","","","","",""
"2015003018","","1","0","0","0","0","0","0","0","0","7","0","","02","12","2014","3","40.517792","-79.843132","","11","0","0","0","0","0","0","0","0","","0","0","0","","","0","","0","","40 31:04.051","","0","79 50:35.274","0","0","0","0","2451","0","0","0","N","0","0","0","1","02451","0","","3.0","","1","N","N","","0","","0","0","1","","0","","","2","0","0","0","0","0","0","2","0","2","","","","N","","","","","","","","","",""
"2015002835","","0","0","0","0","0","0","0","0","0","0","0","","02","12","2014","2","40.428299","-79.927362","","11","0","0","0","0","0","0","0","0","1","0","0","0","","","0","","0","","40 25:41.876","4","4","79 55:38.502","0","0","0","0","2301","0","0","0","Y","0","0","0","1","68B03","0","","2.0","","1","N","N","","0","","0","0","1","","0","N","","1","0","0","0","0","0","0","2","0","1","","","","N","","","","","","","","","",""
"2015002836","","1","0","0","0","0","0","0","0","0","7","0","","02","12","2014","4","40.44796","-80.166436","","11","0","0","0","0","0","0","1","0","1","0","0","0","","","1","","0","","40 26:52.656","4","0","80 09:59.170","4","0","0","0","2115","0","0","0","N","0","0","0","1","68B03","1","","3.0","","1","N","N","","0","","0","0","0","","0","N","","1","1","0","0","0","0","0","2","0","1","","","","N","","","","","","","","","",""
"2015000505","","2","0","0","0","0","0","0","0","0","4","0","","02","10","2014","6","40.355433","-80.106551","","11","0","0","0","0","0","0","0","0","2","0","0","0","","","2","","2","","40 21:19.558","6","0","80 06:23.583","3","0","0","0","2414","0","0","0","N","0","0","0","2","02414","1","","1.0","","9","N","N","","0","","1","0","0","","0","N","","2","2","0","0","0","0","0","2","0","2","","","","N","","","","","","","","","",""
"2015000506","","1","0","0","0","0","0","0","0","0","2","0","","02","11","2014","5","40.353233","-80.105929","","11","0","0","0","0","0","1","0","0","","0","0","0","","","0","","3","","40 21:11.640","","0","80 06:21.343","0","0","0","0","2414","0","0","0","N","0","0","0","2","02414","0","","1.0","","9","N","N","","1","","0","0","0","","3","","","2","0","0","0","0","0","0","2","0","2","","","","N","","","","","","","","","",""
"2015001221","","1","0","0","0","0","0","0","0","0","1","0","","02","12","2014","6","40.501972","-80.011209","","11","0","0","0","1","0","0","0","0","","0","0","0","","","0","","0","","40 30:07.098","","0","80 00:40.353","0","0","0","0","2116","0","0","0","N","0","0","0","3","02116","0","","1.0","","1","N","N","","1","","0","0","1","","0","","","3","0","0","0","0","0","0","2","0","3","","","","N","","","","","","","","","",""
"2015000507","","2","0","0","0","0","0","0","0","0","4","0","","02","11","2014","3","40.358332","-80.105266","","11","0","0","0","0","0","1","0","0","","0","0","0","","","2","","2","","40 21:29.995","","0","80 06:18.957","3","0","0","0","2414","0","0","0","N","0","0","0","3","02414","1","","1.0","","1","N","N","","0","","1","0","1","","3","","","3","2","0","0","0","0","0","2","0","3","","","","N","","","","","","","","","",""
"2015000508","","2","0","0","0","0","0","0","0","0","4","0","","02","11","2014","5","40.359147","-80.109525","","11","0","0","0","0","0","0","0","1","","0","0","0","","","0","","2","","40 21:32.929","","0","80 06:34.290","0","0","0","0","2414","0","0","0","N","0","0","0","2","02414","0","","1.0","","1","N","N","","0","","0","0","0","","3","","","2","0","0","0","0","0","0","2","0","2","","","","N","","","","","","","","","",""
"2015000509","","1","0","0","0","0","0","0","0","0","1","0","","02","11","2014","5","40.358738","-80.112111","","11","0","0","0","0","0","1","0","1","2","0","0","0","","","1","","0","","40 21:31.458","1","0","80 06:43.598","4","0","0","0","2414","0","0","0","N","0","0","0","2","02414","1","","1.0","","1","N","N","","1","","0","0","0","","0","Y","","2","1","1","0","0","0","0","2","0","2","","","","N","","","","","","","","","",""
"2015000510","","0","0","0","0","0","0","0","0","0","1","0","","02","12","2014","3","40.358504","-80.112217","","11","0","0","0","0","0","0","0","0","2","0","0","0","","","0","","1","","40 21:30.613","4","0","80 06:43.981","0","0","0","0","2414","0","0","0","N","0","0","0","2","02414","0","","1.0","","9","N","N","","0","","0","0","1","","2","N","","2","0","0","0","0","0","0","2","1","2","","","","N","","","","","","","","","",""
"2015002096","","0","0","0","0","0","0","0","0","0","7","0","","02","12","2014","6","40.651205","-79.830649","","11","0","1","0","0","0","0","0","0","","0","0","0","","","0","","0","","40 39:04.339","","0","79 49:50.335","0","0","0","0","2220","0","0","0","N","0","0","0","2","02220","0","","5.0","","2","N","N","","1","","0","0","0","","0","","","1","0","0","0","0","0","0","1","0","1","","","","N","","","","","","","","","",""
"2015000511","","1","0","0","0","0","0","0","0","0","1","0","","02","12","2014","5","40.350324","-80.104862","","11","0","0","0","0","0","0","0","0","","0","0","0","","","0","","1","","40 21:01.167","","0","80 06:17.502","0","0","0","0","2414","0","0","0","N","0","0","0","2","02414","0","","1.0","","9","N","N","","1","","0","0","0","","0","","","2","0","0","0","0","0","0","2","0","2","","","","N","","","","","","","","","",""
"2015000523","","1","0","0","0","0","0","0","0","0","7","0","","02","12","2014","1","40.446433","-80.165484","","11","0","0","0","0","0","0","0","1","","0","0","0","","","0","","7","","40 26:47.157","","2","80 09:55.741","9","0","0","0","2115","0","0","0","Y","0","0","0","1","68B03","0","","7.0","","1","N","N","","0","","0","0","0","","0","","","1","0","0","0","0","0","1","2","0","1","","","","N","","","","","","","","","",""
"2015000512","","1","0","0","0","0","0","1","0","0","6","1","","02","12","2014","2","40.358796","-80.109875","","11","0","0","0","0","0","1","1","0","2","0","0","0","","","2","","2","","40 21:31.665","7","0","80 06:35.550","4","0","0","0","2414","0","0","0","N","0","0","0","29","02414","2","","1.0","","1","Y","N","","0","","0","0","0","","0","Y","","2","2","1","0","0","0","0","2","0","2","","","","N","","","","","","","","","",""
"2015000513","","1","0","0","0","0","0","0","0","0","4","0","","02","12","2014","2","40.350324","-80.104862","","11","0","0","1","0","0","0","0","0","1","0","0","0","","","1","","1","","40 21:01.167","1","0","80 06:17.502","4","0","0","0","2414","0","0","0","N","0","0","0","3","02414","1","","1.0","","1","N","N","","0","","0","0","0","","0","Y","","2","1","0","0","0","0","0","2","1","2","","","","N","","","","","","","","","",""
"2015001229","","0","0","0","0","0","0","0","0","0","4","0","","02","12","2014","2","40.525025","-80.015853","","11","0","0","0","0","0","2","0","0","1","0","0","0","","","0","","0","","40 31:30.090","2","0","80 00:57.070","0","0","0","0","2116","0","0","0","N","0","0","0","3","02116","0","","1.0","","1","N","N","","1","","0","0","1","","0","N","","2","0","0","0","0","0","0","2","0","2","","","","N","","","","","","","","","",""
"2015001374","","0","0","0","0","0","0","0","0","0","1","0","35","02","12","2014","7","40.434124","-79.715045","","11","0","0","0","0","0","0","2","0","1","0","0","0","","","0","","0","","40 26:02.845","3","0","79 42:54.161","0","0","0","0","2446","0","0","0","N","0","0","0","8","02446","0","","1.0","","1","N","N","","0","","0","0","3","","0","N","","3","0","0","0","0","0","0","2","0","3","","","N","Y","4","1","","","N","","","","Y",""
"2015002977","","1","0","0","0","0","0","0","0","0","5","1","","02","12","2014","2","40.437961","-79.991059","","11","0","0","0","0","1","1","0","0","1","0","1","0","","","0","","1","","40 26:16.659","1","0","79 59:27.812","0","0","0","0","2301","0","0","0","N","0","0","0","2","02301","0","","1.0","","1","N","N","","0","","0","0","0","","2","N","","2","0","0","0","0","0","0","2","0","2","","","","N","","","","","","","","","",""
"2015000530","","1","0","0","0","0","0","0","0","0","1","0","","02","11","2014","1","40.497237","-79.930412","","11","0","0","0","0","0","1","0","0","2","0","0","0","","","0","","0","","40 29:50.054","1","0","79 55:49.482","0","0","0","0","2461","0","0","0","N","0","0","0","3","68D02","0","","1.0","","1","N","N","","0","","0","0","1","","0","N","","2","0","0","0","0","0","0","2","0","2","","","","N","","","","","","","","","",""
"2015000532","","1","0","0","0","0","0","0","0","0","1","0","","02","12","2014","2","40.491626","-79.890473","","11","0","0","0","0","0","0","0","0","2","0","0","0","","","0","","0","","40 29:29.855","2","0","79 53:25.701","0","0","0","0","2301","0","0","0","N","0","0","0","4","68D02","0","","1.0","","1","N","N","","1","","0","0","1","","0","N","","3","0","0","0","0","0","0","2","0","3","","","","N","","","","","","","","","",""
"2015002806","","3","0","0","0","0","0","0","0","0","1","0","","02","12","2014","4","40.343092","-80.024423","","11","0","0","1","0","0","0","1","0","2","0","0","0","","","0","","2","","40 20:35.130","6","0","80 01:27.922","0","0","0","0","2407","0","0","0","N","0","0","0","4","02407","0","","1.0","","1","N","N","","1","","0","0","0","","3","N","","4","0","0","0","0","0","0","2","0","4","","","","N","","","","","","","","","",""
"2015000533","","0","0","0","0","0","0","0","0","0","7","0","","02","12","2014","4","40.593133","-79.771771","","11","0","0","0","0","0","0","0","0","2","0","0","0","","","0","","0","","40 35:35.277","1","0","79 46:18.374","0","0","0","0","2104","0","0","0","N","0","0","0","3","68D02","0","","4.0","","1","N","N","","1","","0","0","0","","0","N","","1","0","0","0","0","0","0","2","0","1","","","","N","","","","","","","","","",""
"2015000534","","2","0","0","0","0","0","0","0","0","7","0","","02","11","2014","7","40.534834","-79.845864","","11","0","1","0","0","0","1","0","0","3","0","0","0","","","3","","0","","40 32:05.404","2","0","79 50:45.112","4","0","0","0","2208","0","0","0","N","0","0","0","6","68D02","3","","4.0","","2","N","N","","1","","0","0","0","","0","N","","4","3","0","0","0","0","0","2","1","4","","","","N","","","","","","","","","",""
"2015002988","","0","0","0","0","0","0","0","0","0","4","0","","02","11","2014","3","40.383935","-79.953252","","11","0","0","0","0","0","0","0","1","","0","0","0","","","0","","2","","40 23:02.166","","0","79 57:11.707","0","0","0","0","2403","0","0","0","","0","0","0","3","02403","0","","1.0","","1","","","","0","","0","0","2","","3","","","2","0","0","0","0","0","0","2","0","2","","","","N","","","","","","","","","",""
"2015001385","","0","0","0","0","0","0","0","0","0","1","1","","02","12","2014","2","40.264463","-79.878649","","11","0","0","0","0","0","2","0","0","2","0","1","0","","","0","","1","","40 15:52.065","1","0","79 52:43.138","0","0","0","0","2204","0","0","0","N","0","0","0","2","02204","0","","1.0","","1","N","N","","0","","0","0","0","","2","N","","2","0","0","0","0","0","0","1","1","2","","","","N","","","","","","","","","",""
"2015000465","","1","0","0","0","0","0","0","0","0","4","0","","02","12","2014","5","40.544128","-80.029559","","11","0","0","0","0","0","2","0","0","1","0","0","0","","","0","","3","","40 32:38.860","2","0","80 01:46.412","0","0","0","0","2116","0","0","0","N","0","0","0","2","02116","0","","1.0","","1","N","N","","0","","0","0","1","","0","N","","2","0","0","0","0","0","0","2","0","2","","","","N","","","","","","","","","",""
"2015000130","","0","0","0","0","0","0","0","0","0","4","0","","02","12","2014","4","","","","11","0","1","0","0","0","0","1","0","1","0","0","0","","","0","","0","","","4","7","","0","0","0","0","2441","0","0","0","N","0","0","0","3","02441","0","","1.0","","1","N","N","","0","","0","0","2","","0","N","","2","0","0","0","0","0","0","1","0","2","","","","N","","","","","","","","","",""
"2015001810","","2","0","0","0","0","0","0","0","0","4","0","","02","12","2014","4","40.301176","-80.071999","","11","0","0","0","0","0","0","0","0","","0","0","0","","","1","","0","","40 18:04.232","","0","80 04:19.197","4","0","0","0","2407","0","0","0","N","0","0","0","2","02407","1","","1.0","","1","N","N","","0","","0","0","0","","0","","","2","1","0","0","0","0","0","2","0","2","","","","N","","","","","","","","","",""
"2015001811","","2","0","0","0","0","0","0","0","0","4","0","","02","12","2014","2","40.333574","-80.020481","","11","0","0","0","0","0","0","0","0","","0","0","0","","","1","","2","","40 20:00.866","","0","80 01:13.733","4","0","0","0","2407","0","0","0","N","0","0","0","2","02407","1","","1.0","","1","N","N","","0","","0","0","0","","3","","","2","1","0","0","0","0","0","2","0","2","","","","N","","","","","","","","","",""
"2015002999","","2","0","0","0","0","0","0","0","0","4","0","","02","11","2014","6","40.343538","-79.970154","","11","0","0","0","0","1","0","0","0","","0","0","0","","","0","","1","","40 20:36.738","","0","79 58:12.554","0","0","0","0","2403","0","0","0","N","0","0","0","2","02403","0","","1.0","","1","N","N","","0","","0","0","0","","2","","","2","0","1","0","0","0","0","2","0","2","","","","N","","","","","","","","","",""
"2015003000","","0","0","0","0","0","0","0","0","0","7","0","","02","12","2014","4","40.516575","-79.943096","","11","0","0","0","0","0","0","0","0","1","0","0","0","","","1","","0","","40 30:59.670","2","0","79 56:35.144","4","0","0","0","2118","0","0","0","N","0","0","0","2","02118","1","","5.0","","1","N","N","","1","","0","0","0","","0","N","","1","1","0","0","0","0","0","2","0","1","","","","N","","","","","","","","","",""
"2015000693","","2","0","0","0","0","0","0","0","0","4","0","","02","12","2014","3","40.420174","-80.007565","","11","0","0","0","0","0","1","0","0","1","0","0","0","","","0","","2","","40 25:12.626","2","0","80 00:27.234","0","0","0","0","2301","0","0","0","N","0","0","0","2","02301","0","","1.0","","1","N","N","","0","","0","0","0","","0","N","","2","0","2","0","0","0","0","2","0","2","","","","N","","","","","","","","","",""
"2015000148","","1","0","0","0","0","0","0","0","0","7","0","","02","12","2014","6","40.340622","-79.929322","","11","0","0","0","0","0","0","0","0","2","0","0","0","","","0","","0","","40 20:26.239","4","0","79 55:45.560","0","0","0","0","2473","0","0","0","N","0","0","0","1","02473","0","","5.0","","1","N","N","","0","","0","0","0","","0","N","","1","0","0","0","0","0","0","2","0","1","","","","N","","","","","","","","","",""
"2015000074","","3","0","0","0","0","0","0","0","0","4","0","","02","12","2014","3","40.472964","-80.072688","","11","0","0","0","0","0","0","0","0","","0","0","0","","","1","","1","","40 28:22.669","","0","80 04:21.677","4","0","0","0","2122","0","0","0","","0","0","0","4","02444","1","","1.0","","1","","","","0","","0","0","0","","3","","","3","1","0","0","0","0","0","2","0","3","","","","N","","","","","","","","","",""
"2015002420","","3","0","0","0","0","0","0","0","0","1","0","","02","12","2014","2","40.439414","-80.189605","","11","0","0","0","1","0","0","0","0","1","0","0","0","","","0","","6","","40 26:21.891","3","2","80 11:22.578","0","0","0","0","2214","0","0","0","N","0","0","0","5","68B03","0","","1.0","","1","N","N","","0","","0","0","0","","4","Y","","3","0","1","0","0","0","0","2","0","3","","","","N","","","","","","","","","",""
"2015002421","","1","0","0","0","0","0","0","0","0","1","0","","02","12","2014","2","40.420513","-80.039129","","11","0","0","0","0","0","0","0","0","","0","0","0","","","0","","0","","40 25:13.846","","0","80 02:20.866","0","0","0","0","2301","0","0","0","N","0","0","0","5","68B03","0","","1.0","","1","N","N","","0","","0","0","1","","0","","","2","0","0","0","0","0","0","2","0","2","","","","N","","","","","","","","","",""