"CRN","ARRIVAL_TM","AUTOMOBILE_COUNT","BELTED_DEATH_COUNT","BELTED_SUSP_SERIOUS_INJ_COUNT","BICYCLE_COUNT","BICYCLE_DEATH_COUNT","BICYCLE_SUSP_SERIOUS_INJ_COUNT","BUS_COUNT","CHLDPAS_DEATH_COUNT","CHLDPAS_SUSP_SERIOUS_INJ_COUNT","COLLISION_TYPE","COMM_VEH_COUNT","CONS_ZONE_SPD_LIM","COUNTY","CRASH_MONTH","CRASH_YEAR","DAY_OF_WEEK","DEC_LATITUDE","DEC_LONGITUDE","DISPATCH_TM","DISTRICT","DRIVER_COUNT_16YR","DRIVER_COUNT_17YR","DRIVER_COUNT_18YR","DRIVER_COUNT_19YR","DRIVER_COUNT_20YR","DRIVER_COUNT_50_64YR","DRIVER_COUNT_65_74YR","DRIVER_COUNT_75PLUS","EST_HRS_CLOSED","FATAL_COUNT","HEAVY_TRUCK_COUNT","HORSE_BUGGY_COUNT","HOUR_OF_DAY","ILLUMINATION","INJURY_COUNT","INTERSECTION_RELATED","INTERSECT_TYPE","LANE_CLOSED","LATITUDE","LN_CLOSE_DIR","LOCATION_TYPE","LONGITUDE","MAX_SEVERITY_LEVEL","MCYCLE_DEATH_COUNT","MCYCLE_SUSP_SERIOUS_INJ_COUNT","MOTORCYCLE_COUNT","MUNICIPALITY","NONMOTR_COUNT","NONMOTR_DEATH_COUNT","NONMOTR_SUSP_SERIOUS_INJ_COUNT","NTFY_HIWY_MAINT","PED_COUNT","PED_DEATH_COUNT","PED_SUSP_SERIOUS_INJ_COUNT","PERSON_COUNT","POLICE_AGCY","POSSIBLE_INJ_COUNT","RDWY_SURF_TYPE_CD","RELATION_TO_ROAD","ROADWAY_CLEARED","ROAD_CONDITION","SCH_BUS_IND","SCH_ZONE_IND","SECONDARY_CRASH","SMALL_TRUCK_COUNT","SPEC_JURIS_CD","SUSP_MINOR_INJ_COUNT","SUSP_SERIOUS_INJ_COUNT","SUV_COUNT","TCD_FUNC_CD","TCD_TYPE","TFC_DETOUR_IND","TIME_OF_DAY","TOTAL_UNITS","TOT_INJ_COUNT","UNBELTED_OCC_COUNT","UNB_DEATH_COUNT","UNB_SUSP_SERIOUS_INJ_COUNT","UNK_INJ_DEG_COUNT","UNK_INJ_PER_COUNT","URBAN_RURAL","VAN_COUNT","VEHICLE_COUNT","WEATHER1","WEATHER2","WORKERS_PRES","WORK_ZONE_IND","WORK_ZONE_LOC","WORK_ZONE_TYPE","WZ_CLOSE_DETOUR","WZ_FLAGGER","WZ_LAW_OFFCR_IND","WZ_LN_CLOSURE","WZ_MOVING","WZ_OTHER","WZ_SHLDER_MDN","WZ_WORKERS_INJ_KILLED"
"2015005779","","2","0","0","0","0","0","0","0","0","1","0","","02","12","2014","3","40.403279","-79.832018","","11","0","0","0","0","0","0","1","0","1","0","0","0","","","0","","2","","40 24:11.803","4","0","79 49:55.265","0","0","0","0","2467","0","0","0","N","0","0","0","3","02467","0","","1.0","","1","N","N","","0","","0","0","1","","2","Y","","3","0","0","0","0","0","0","2","0","3","","","","N","","","","","","","","","",""
"2015019189","","0","0","0","0","0","0","0","0","0","7","0","","02","7","2014","7","40.384366","-80.043759","","11","0","0","0","0","0","0","0","0","","0","0","0","","","0","","2","","40 23:03.718","","0","80 02:37.532","0","0","0","0","2109","0","0","0","N","0","0","0","1","02109","0","","2.0","","9","N","N","","0","","0","0","1","","0","","","1","0","0","0","0","0","0","2","0","1","","","","N","","","","","","","","","",""
"2015019190","","2","0","0","0","0","0","0","0","0","4","0","","02","11","2014","2","40.356011","-80.050406","","11","0","0","0","0","0","0","0","0","2","0","0","0","","","1","","0","","40 21:21.638","5","7","80 03:01.462","4","0","0","0","2109","0","0","0","N","0","0","0","3","02109","1","","1.0","","1","N","N","","0","","0","0","1","","0","N","","3","1","1","0","0","0","0","2","0","3","","","","N","","","","","","","","","",""
"2015005824","","1","0","0","0","0","0","0","0","0","4","0","","02","1","2014","2","40.531249","-80.173289","","11","0","0","0","0","0","1","0","0","2","0","0","0","","","1","","1","","40 31:52.496","2","0","80 10:23.839","8","0","0","0","2458","0","0","0","N","0","0","0","2","02458","0","","1.0","","7","N","N","","1","","0","0","0","","2","N","","2","1","0","0","0","1","0","2","0","2","","","","N","","","","","","","","","",""
"2015005825","","1","0","0","0","0","0","0","0","0","1","0","","02","2","2014","2","","","","11","0","0","0","0","1","0","0","0","","0","0","0","","","0","","0","","","","0","","0","0","0","0","2458","0","0","0","N","0","0","0","2","02458","0","","1.0","","2","N","N","","0","","0","0","1","","0","","","2","0","0","0","0","0","0","1","0","2","","","","N","","","","","","","","","",""
"2015003497","","1","0","0","0","0","0","0","0","0","7","0","","02","11","2014","6","40.361948","-79.966072","","11","0","0","0","0","1","0","0","0","","0","0","0","","","0","","2","","40 21:43.012","","0","79 57:57.859","0","0","0","0","2403","0","0","0","N","0","0","0","1","02403","0","","4.0","","1","N","N","","0","","0","0","0","","3","","","1","0","0","0","0","0","0","2","0","1","","","","N","","","","","","","","","",""
"2015004395","","1","0","0","0","0","0","0","0","0","7","0","","02","12","2014","3","40.480906","-80.007492","","11","0","0","0","0","0","1","0","0","1","0","0","0","","","1","","0","","40 28:51.262","2","0","80 00:26.971","8","0","0","0","2301","0","0","0","N","0","0","0","1","68B03","0","","2.0","","1","N","N","","0","","0","0","0","","0","N","","1","1","0","0","0","1","0","2","0","1","","","","N","","","","","","","","","",""
"2015005141","1250","1","0","0","0","0","0","0","0","0","1","0","","02","12","2014","3","40.477408","-80.118793","1234","11","0","0","0","0","0","1","0","0","1","0","0","0","","","0","","0","","40 28:38.669","1","0","80 07:07.656","0","0","0","0","2126","0","0","0","N","0","0","0","3","68B03","0","","1.0","","1","N","N","","1","","0","0","1","","0","N","","3","0","0","0","0","0","0","2","0","3","","","","N","","","","","","","","","",""
"2015003713","1425","0","0","0","0","0","0","0","0","0","7","1","","02","12","2014","3","40.546632","-80.017538","1417","11","0","0","0","0","0","0","0","0","","0","0","0","","","0","","0","","40 32:47.875","","0","80 01:03.137","0","0","0","0","2116","0","0","0","N","0","0","0","3","02116","0","","2.0","","1","N","N","","0","","0","0","0","","0","","","2","0","0","0","0","0","0","2","2","2","","","","N","","","","","","","","","",""
"2015004482","1602","1","0","0","0","0","0","0","0","0","1","0","","02","12","2014","4","40.406438","-79.829926","1601","11","0","0","0","0","0","1","0","0","1","0","0","0","","","0","","1","","40 24:23.178","3","0","79 49:47.732","0","0","0","0","2467","0","0","0","N","0","0","0","2","02467","0","","1.0","","1","N","N","","0","","0","0","1","","2","N","","2","0","0","0","0","0","0","2","0","2","","","","N","","","","","","","","","",""
"2015005247","0630","2","0","0","0","0","0","0","0","0","1","0","","02","10","2014","6","40.418113","-79.84877","0629","11","0","0","0","0","0","1","0","0","","0","0","0","","","0","","2","","40 25:05.206","","0","79 50:55.571","0","0","0","0","2431","0","0","0","N","0","0","0","3","02431","0","","1.0","","1","N","N","","0","","0","0","0","","0","","","2","0","0","0","0","0","0","2","0","2","","","","N","","","","","","","","","",""
"2015003686","1349","1","0","0","0","0","0","0","0","0","7","0","","02","12","2014","1","40.377656","-79.827939","1343","11","0","0","0","0","0","1","0","0","","0","0","0","","","0","","0","","40 22:39.562","","0","79 49:40.579","0","0","0","0","2111","0","0","0","Y","0","0","0","2","02111","0","","2.0","","9","N","N","","0","","0","0","0","","0","","","1","0","1","0","0","0","0","2","0","1","","","","N","","","","","","","","","",""
"2015005258","1753","1","0","0","0","0","0","0","0","0","7","0","","02","12","2014","7","40.410324","-79.865823","1750","11","0","0","0","0","0","0","0","0","","0","0","0","","","1","","2","","40 24:37.166","","7","79 51:56.962","4","0","0","0","2449","0","0","0","N","0","0","0","1","02449","1","","4.0","","1","N","N","","0","","0","0","0","","0","","","1","1","0","0","0","0","0","2","0","1","","","","N","","","","","","","","","",""
"2015003841","0036","2","0","0","0","0","0","0","0","0","4","0","","02","12","2014","7","40.399748","-79.863787","0035","11","0","0","0","0","0","0","0","0","","0","0","0","","","3","","2","","40 23:59.092","","0","79 51:49.633","4","0","0","0","2410","0","0","0","N","0","0","0","3","02410","3","","1.0","","1","N","N","","0","","0","0","0","","0","","","2","3","0","0","0","0","0","2","0","2","","","","N","","","","","","","","","",""
"2015004814","1427","1","0","0","0","0","0","0","0","0","7","0","","02","3","2014","1","40.392014","-80.030984","1425","11","0","0","0","0","0","0","0","0","","0","0","0","","","1","","1","","40 23:31.250","","0","80 01:51.542","4","0","0","0","2422","0","0","0","N","0","0","0","1","02422","1","","4.0","","1","N","N","","0","","0","0","0","","0","","","1","1","0","0","0","0","0","2","0","1","","","","N","","","","","","","","","",""
"2015004815","1819","2","0","0","0","0","0","0","0","0","1","0","","02","5","2014","2","40.393973","-80.035726","1817","11","0","0","0","0","0","1","0","0","","0","0","0","","","0","","0","","40 23:38.304","","0","80 02:08.615","0","0","0","0","2422","0","0","0","N","0","0","0","3","02422","0","","1.0","","1","N","N","","0","","0","0","1","","0","","","3","0","0","0","0","0","0","2","0","3","","","","N","","","","","","","","","",""
"2015003390","0646","0","0","0","0","0","0","0","0","0","7","0","","02","11","2014","6","40.439515","-80.008548","0646","11","0","0","0","0","0","0","0","0","","0","0","0","","","0","","0","","40 26:22.253","","2","80 00:30.771","0","0","0","0","2301","0","0","0","N","0","0","0","2","68B03","0","","4.0","","2","N","N","","0","","0","0","1","","0","","","1","0","0","0","0","0","0","2","0","1","","","","N","","","","","","","","","",""
"2015003391","0004","0","0","0","0","0","0","0","0","0","7","0","","02","12","2014","3","40.502627","-80.027313","2350","11","0","0","0","0","0","0","0","0","","0","0","0","","","0","","2","","40 30:09.456","","2","80 01:38.328","0","0","0","0","2116","0","0","0","N","0","0","0","1","68B03","0","","4.0","","9","N","N","","1","","0","0","0","","0","","","1","0","0","0","0","0","0","2","0","1","","","","N","","","","","","","","","",""
"2015004841","1803","1","0","0","0","0","0","0","0","0","1","0","","02","12","2014","2","40.4261","-79.895012","1753","11","0","0","0","0","0","0","0","0","2","0","0","0","","","0","","0","","40 25:33.959","3","0","79 53:42.042","0","0","0","0","2301","0","0","0","N","0","0","0","4","68B03","0","","1.0","","1","N","N","","0","","0","0","2","","0","N","","3","0","0","0","0","0","0","2","0","3","","","","N","","","","","","","","","",""
"2015003392","0331","0","0","0","0","0","0","0","0","0","7","1","","02","12","2014","4","40.43951","-80.010161","0310","11","0","0","0","0","0","0","0","0","2","0","1","0","","","0","","0","","40 26:22.237","4","3","80 00:36.578","0","0","0","0","2301","0","0","0","Y","0","0","0","1","68B03","0","","2.0","","9","N","N","","0","","0","0","0","","0","N","","1","0","0","0","0","0","0","2","0","1","","","","N","","","","","","","","","",""
"2015004842","1851","2","0","0","0","0","0","0","0","0","1","0","","02","12","2014","2","40.426186","-79.895019","1753","11","0","0","0","0","0","0","0","0","3","0","0","0","","","2","","0","","40 25:34.271","4","0","79 53:42.069","3","0","0","0","2301","0","0","0","N","0","0","0","7","68B03","1","","1.0","","1","N","N","","1","","1","0","0","","0","N","","3","2","0","0","0","0","0","2","0","3","","","","N","","","","","","","","","",""
"2015003393","0012","1","0","0","0","0","0","0","0","0","7","0","","02","12","2014","7","40.592681","-80.095906","2353","11","0","0","0","0","0","0","0","0","","0","0","0","","","0","","0","","40 35:33.653","","0","80 05:45.263","0","0","0","0","2481","0","0","0","Y","0","0","0","1","68B03","0","","4.0","","9","N","N","","0","","0","0","0","","0","","","1","0","0","0","0","0","0","2","0","1","","","","N","","","","","","","","","",""
"2015004843","1733","0","0","0","0","0","0","0","0","0","1","0","","02","12","2014","4","40.430632","-79.873467","1726","11","0","0","0","0","0","0","0","0","","0","0","0","","","0","","6","","40 25:50.276","","2","79 52:24.480","0","0","0","0","2411","0","0","0","N","0","0","0","2","68B03","0","","1.0","","1","N","N","","1","","0","0","1","","4","","","2","0","0","0","0","0","0","2","0","2","","","","N","","","","","","","","","",""
"2015004845","1128","0","0","0","0","0","0","0","0","0","1","0","","02","12","2014","1","40.428167","-79.9268","1115","11","0","0","0","0","0","0","0","1","1","0","0","0","","","0","","0","","40 25:41.400","4","4","79 55:36.481","0","0","0","0","2301","0","0","0","N","0","0","0","4","68B03","0","","1.0","","1","N","N","","1","","0","0","0","","0","N","","2","0","0","0","0","0","0","2","1","2","","","","N","","","","","","","","","",""
"2015004769","1646","2","0","0","0","0","0","0","0","0","1","0","","02","12","2014","2","40.499707","-80.012636","1642","11","0","0","0","0","0","1","0","0","1","0","0","0","","","0","","0","","40 29:58.945","1","0","80 00:45.490","0","0","0","0","2116","0","0","0","N","0","0","0","3","02116","0","","1.0","","1","N","N","","0","","0","0","1","","0","N","","3","0","0","0","0","0","0","2","0","3","","","","N","","","","","","","","","",""
"2015003898","1535","2","0","0","0","0","0","0","0","0","4","0","","02","11","2014","5","40.426025","-79.898283","1526","11","0","0","0","0","0","1","0","0","","0","0","0","","","1","","0","","40 25:33.689","","0","79 53:53.818","8","0","0","0","2301","0","0","0","Y","0","0","0","2","68B03","0","","1.0","","1","N","N","","0","","0","0","0","","0","","","2","1","1","0","0","1","0","2","0","2","","","","N","","","","","","","","","",""
"2015004117","1720","1","0","0","0","0","0","0","0","0","1","0","","02","12","2014","3","40.603018","-80.093691","1703","11","0","0","0","0","0","0","1","0","","0","0","0","","","1","","0","","40 36:10.866","","0","80 05:37.286","8","0","0","0","2481","0","0","0","N","0","0","0","4","68B03","0","","1.0","","1","N","N","","0","","0","0","1","","0","","","2","1","0","0","0","1","0","2","0","2","","","","N","","","","","","","","","",""
"2015003899","2341","1","0","0","0","0","0","0","0","0","8","0","","02","12","2014","4","40.435333","-79.980146","2326","11","0","0","0","0","0","0","0","0","3","1","0","0","","","0","","0","","40 26:07.198","6","0","79 58:48.524","1","0","0","0","2301","1","1","0","Y","1","1","0","3","68B03","0","2","1.0","","1","N","N","","0","0","0","0","1","","0","Y","","3","0","1","0","0","0","0","2","0","2","","","","N","","","","","","","","","",""
"2015004118","2058","1","0","0","0","0","0","0","0","0","7","0","","02","12","2014","6","40.449991","-80.000466","2058","11","0","0","0","0","0","0","0","0","","0","0","0","","","0","","0","","40 26:59.968","","3","80 00:01.677","0","0","0","0","2301","0","0","0","N","0","0","0","3","68B03","0","","2.0","","1","N","N","","0","","0","0","0","","0","","","1","0","0","0","0","0","0","2","0","1","","","","N","","","","","","","","","",""
"2015032779","1941","2","0","0","0","0","0","0","0","0","1","0","","02","11","2014","6","40.405565","-79.88572","1941","11","0","0","0","0","0","1","0","0","1","0","0","0","","","0","","3","","40 24:20.035","1","2","79 53:08.591","0","0","0","0","2475","0","0","0","N","0","0","0","2","02475","0","","1.0","","1","N","N","","0","","0","0","0","","4","Y","","2","0","0","0","0","0","0","2","0","2","","","","N","","","","","","","","","",""
"2015030494","","2","0","0","0","0","0","0","0","0","1","0","","02","11","2014","4","40.430483","-80.026794","","11","0","0","0","0","0","1","0","0","","0","0","0","","","1","","0","","40 25:49.739","","0","80 01:36.457","8","0","0","0","2301","0","0","0","N","0","0","0","2","00000","0","","1.0","","1","N","N","","0","","0","0","0","","0","","","2","1","0","0","0","1","0","2","0","2","","","","N","","","","","","","","","",""
"2015030507","","0","0","0","0","0","0","0","0","0","7","0","","02","11","2014","6","40.438114","-80.012799","","11","0","0","0","0","0","0","0","0","","0","0","0","","","0","","7","","40 26:17.212","","8","80 00:46.078","0","0","0","0","2301","0","0","0","N","0","0","0","1","00000","0","","2.0","","1","N","N","","0","","0","0","1","","0","","","2","0","0","0","0","0","0","2","0","1","","","","N","","","","","","","","","",""
"2015030513","","1","0","0","0","0","0","0","0","0","7","0","","02","11","2014","7","","","","11","0","0","0","0","0","1","0","0","","0","0","0","","","2","","0","","","","8","","3","0","0","0","2301","0","0","0","N","0","0","0","2","00000","0","","2.0","","2","N","N","","0","","1","0","0","","0","","","1","2","0","0","0","1","0","1","0","1","","","","N","","","","","","","","","",""
"2015030449","","1","0","0","0","0","0","0","0","0","4","0","","02","11","2014","5","40.444145","-79.993544","","11","0","0","0","0","0","0","0","0","","0","0","0","","","1","","2","","40 26:38.922","","0","79 59:36.758","8","0","0","0","2301","0","0","0","N","0","0","0","2","00000","0","","1.0","","1","N","N","","0","","0","0","0","","2","","","2","1","0","0","0","1","0","2","1","2","","","","N","","","","","","","","","",""
"2015030921","","0","0","0","0","0","0","0","0","0","4","0","","02","5","2014","6","","","","11","0","0","0","0","0","0","0","0","","0","0","0","","","1","","0","","","","0","","3","0","0","1","2113","0","0","0","N","0","0","0","2","00000","0","","1.0","","1","N","N","","0","","1","0","0","","0","","","2","1","0","0","0","0","0","1","0","2","","","","N","","","","","","","","","",""
"2015031312","0227","2","0","0","0","0","0","0","0","0","1","0","","02","11","2014","7","40.427401","-79.952306","0211","11","0","0","0","0","0","1","0","0","","0","0","0","","","1","","0","","40 25:38.645","","0","79 57:08.300","4","0","0","0","2301","0","0","0","N","0","0","0","2","68B03","1","","1.0","","9","N","N","","0","","0","0","0","","0","","","2","1","0","0","0","0","0","2","0","2","","","","N","","","","","","","","","",""
"2015033089","0355","1","0","0","0","0","0","0","0","0","7","0","","02","11","2014","7","40.425603","-79.904333","0351","11","0","0","0","0","0","0","0","0","1","0","0","0","","","0","","0","","40 25:32.170","3","0","79 54:15.600","0","0","0","0","2301","0","0","0","N","0","0","0","2","68B03","0","","2.0","","1","N","N","","0","","0","0","1","","0","N","","2","0","0","0","0","0","0","2","0","2","","","","N","","","","","","","","","",""
"2015036154","","2","0","0","0","0","0","0","0","0","1","0","","02","12","2014","4","40.594427","-80.095249","","11","0","0","1","0","0","0","0","0","","0","0","0","","","0","","0","","40 35:39.936","","0","80 05:42.897","9","0","0","0","2481","0","0","0","N","0","0","0","2","68B03","0","","1.0","","9","N","N","","0","","0","0","0","","0","","","2","0","0","0","0","0","1","2","0","2","","","","N","","","","","","","","","",""
"2015043763","1933","1","0","0","0","0","0","0","0","0","4","0","","02","12","2014","4","40.378155","-79.828006","1931","11","0","0","0","0","0","0","0","0","1","0","0","0","","","0","","2","","40 22:41.358","6","0","79 49:40.822","0","0","0","0","2111","0","0","0","N","0","0","0","2","02111","0","","1.0","","1","N","N","","1","","0","0","0","","3","Y","","2","0","0","0","0","0","0","2","0","2","","","","N","","","","","","","","","",""
"2015029960","","0","0","0","0","0","0","0","0","0","8","0","","02","11","2014","6","40.439867","-79.934282","","11","0","0","0","0","0","0","0","0","","0","0","0","","","1","","0","","40 26:23.521","","0","79 56:03.415","8","0","0","0","2301","1","0","0","N","1","0","0","1","00000","0","","1.0","","9","N","N","","0","","0","0","1","","0","","","2","1","0","0","0","1","0","2","0","1","","","","N","","","","","","","","","",""
"2015028153","","1","0","0","0","0","0","0","0","0","5","0","","02","6","2014","6","40.45052","-80.045498","","11","0","0","0","0","0","0","1","0","","0","0","0","","","1","","0","","40 27:01.872","","0","80 02:43.792","3","0","0","0","2301","0","0","0","N","0","0","0","2","00000","0","","1.0","","1","N","N","","0","","1","0","0","","0","","","2","1","0","0","0","0","0","2","0","2","","","","N","","","","","","","","","",""
"2015028174","","0","0","0","0","0","0","0","0","0","5","0","","02","10","2014","4","40.468134","-79.91672","","11","0","0","0","0","0","1","0","0","","0","0","0","","","0","","0","","40 28:05.281","","0","79 55:00.191","0","0","0","0","2301","0","0","0","N","0","0","0","1","00000","0","","6.0","","1","N","N","","0","","0","0","1","","0","","","2","0","0","0","0","0","0","2","1","2","","","","N","","","","","","","","","",""
"2015028487","","0","0","0","0","0","0","0","0","0","5","0","","02","10","2014","2","40.490618","-79.878939","","11","0","0","0","0","0","0","0","0","","0","0","0","","","1","","0","","40 29:26.226","","0","79 52:44.180","3","0","0","0","2112","0","0","0","N","0","0","0","6","00000","0","","1.0","","1","N","N","","0","","1","0","0","","0","","","2","1","0","0","0","0","0","2","0","2","","","","N","","","","","","","","","",""
"2015027162","","0","0","0","0","0","0","0","0","0","0","0","","02","9","2014","7","40.296673","-79.91938","","11","0","0","0","0","0","1","0","0","","0","0","0","","","1","","3","","40 17:48.021","","2","79 55:09.767","4","0","0","1","2440","0","0","0","N","0","0","0","1","00000","1","","1.0","","3","N","N","","0","","0","0","0","","0","","","1","1","0","0","0","0","0","2","0","1","","","","N","","","","","","","","","",""
"2015027164","","1","0","0","0","0","0","0","0","0","4","0","","02","9","2014","6","40.458534","-79.972488","","11","0","0","0","0","0","0","0","0","","0","0","0","","","1","","1","","40 27:30.722","","0","79 58:20.956","4","0","0","0","2301","0","0","0","N","0","0","0","2","00000","1","","1.0","","1","N","N","","0","","0","0","1","","0","","","2","1","0","0","0","0","0","2","0","2","","","","N","","","","","","","","","",""
"2015028653","","0","0","0","0","0","0","0","0","0","99","0","","02","10","2014","1","40.495835","-79.868367","","11","0","0","0","0","0","1","0","0","","0","0","0","","","0","","0","","40 29:45.007","","0","79 52:06.122","0","0","0","0","2112","0","0","0","N","0","0","0","1","00000","0","","1.0","","1","N","N","","0","","0","0","1","","0","","","1","0","0","0","0","0","0","2","0","1","","","","N","","","","","","","","","",""
"2015024786","2132","1","0","0","0","0","0","0","0","0","6","0","","02","12","2014","4","40.423971","-79.754562","2127","11","0","0","0","0","0","1","0","0","","0","0","0","","","0","","0","","40 25:26.296","","0","79 45:16.422","0","0","0","0","2446","0","0","0","N","0","0","0","2","02446","0","","1.0","","9","N","N","","0","","0","0","1","","0","","","2","0","0","0","0","0","0","2","0","2","","","","N","","","","","","","","","",""
"2015025203","0741","2","0","0","0","0","0","0","0","0","1","0","","02","10","2014","4","40.43536","-79.982338","0700","11","0","0","0","0","0","2","1","0","2","0","0","0","","","3","","0","","40 26:07.295","4","0","79 58:56.417","4","0","0","0","2301","0","0","0","N","0","0","0","5","68B03","3","","1.0","","1","N","N","","1","","0","0","2","","0","N","","5","3","0","0","0","0","0","2","0","5","","","","N","","","","","","","","","",""
"2015028106","","1","0","0","0","0","0","0","0","0","7","0","","02","9","2014","1","40.450073","-79.998366","","11","0","0","0","0","0","1","0","0","","0","0","0","","","1","","0","","40 27:00.261","","0","79 59:54.117","4","0","0","0","2301","0","0","0","N","0","0","0","2","00000","1","","2.0","","1","N","N","","0","","0","0","0","","0","","","2","1","0","0","0","0","0","2","0","1","","","","N","","","","","","","","","",""
"2015025391","1813","3","0","0","0","0","0","0","0","0","1","0","","02","12","2014","4","40.428243","-79.889798","1804","11","0","0","0","0","0","1","0","0","2","0","0","0","","","0","","0","","40 25:41.674","4","0","79 53:23.274","0","0","0","0","2426","0","0","0","N","0","0","0","3","68B03","0","","1.0","","1","N","N","","1","","0","0","0","","0","N","","4","0","0","0","0","0","0","2","0","4","","","","N","","","","","","","","","",""
"2015024646","0253","2","0","0","0","0","0","0","0","0","7","0","45","02","10","2014","1","40.410983","-80.069911","0241","11","0","0","0","0","0","0","0","0","","0","0","0","","","0","","0","","40 24:39.539","","0","80 04:11.679","0","0","0","0","2435","0","0","0","N","0","0","0","2","68B03","0","","2.0","","1","N","N","","0","","0","0","0","","0","","","2","0","1","0","0","0","0","2","0","2","","","Y","Y","4","1","N","N","N","N","N","N","Y",""
"2015056773","","0","0","0","0","0","0","1","0","0","1","1","","02","11","2014","6","40.429411","-80.028498","","11","0","0","0","0","0","1","0","0","","0","0","0","","","1","","0","","40 25:45.881","","0","80 01:42.592","4","0","0","0","2301","0","0","0","Y","0","0","0","3","68B03","1","","1.0","","7","N","N","","1","","0","0","0","","0","","","2","1","0","0","0","0","0","2","0","2","","","","N","","","","","","","","","",""
"2015060967","","0","0","0","0","0","0","0","0","0","5","0","","02","11","2014","2","40.432278","-79.893639","","11","0","0","0","0","0","0","0","0","","0","0","0","","","0","","0","","40 25:56.200","","0","79 53:37.100","0","0","0","0","2426","0","0","0","N","0","0","0","1","02426","0","","2.0","","1","N","N","","0","","0","0","1","","0","","","2","0","0","0","0","0","0","2","1","2","","","","N","","","","","","","","","",""
"2015067781","","0","0","0","0","0","0","0","0","0","4","0","","02","3","2014","6","40.383306","-80.017222","","11","0","0","1","0","0","0","0","0","","0","0","0","","","2","","0","","40 22:59.900","","7","80 01:02.000","8","0","0","0","2101","0","0","0","N","0","0","0","2","02101","0","","1.0","","9","N","N","","1","","0","0","1","","0","","","2","2","0","0","0","2","0","2","0","2","","","","N","","","","","","","","","",""
"2015067783","","1","0","0","0","0","0","0","0","0","7","0","","02","4","2014","3","40.3765","-80.016722","","11","0","0","0","0","0","0","1","0","4","0","0","0","","","0","","0","","40 22:35.400","6","0","80 01:00.200","0","0","0","0","2101","0","0","0","N","0","0","0","1","02101","0","","2.0","","1","N","N","","0","","0","0","0","","0","Y","","1","0","0","0","0","0","0","2","0","1","","","","N","","","","","","","","","",""
"2015067784","","2","0","0","0","0","0","0","0","0","6","0","","02","6","2014","2","40.384889","-80.016611","","11","0","0","1","0","0","1","0","0","1","0","0","0","","","0","","0","","40 23:05.600","6","0","80 00:59.800","0","0","0","0","2101","0","0","0","N","0","0","0","2","02101","0","","1.0","","1","N","N","","0","","0","0","0","","0","Y","","2","0","0","0","0","0","0","2","0","2","","","","N","","","","","","","","","",""
"2015067785","","1","0","0","0","0","0","0","0","0","0","0","","02","6","2014","3","40.383346","-80.015309","","11","0","0","0","0","0","0","0","0","2","0","0","0","","","0","","2","","40 23:00.045","5","0","80 00:55.112","0","0","0","0","2101","0","0","0","N","0","0","0","2","02101","0","","1.0","","1","N","N","","0","","0","0","0","","2","Y","","1","0","0","0","0","0","0","2","0","1","","","","N","","","","","","","","","",""
"2015067786","","0","0","0","0","0","0","0","0","0","7","0","","02","8","2014","7","40.383346","-80.015309","","11","0","0","0","0","0","0","0","0","","0","0","0","","","0","","2","","40 23:00.045","","0","80 00:55.112","0","0","0","0","2101","0","0","0","N","0","0","0","2","02101","0","","4.0","","1","N","N","","1","","0","0","0","","2","","","1","0","0","0","0","0","0","2","0","1","","","","N","","","","","","","","","",""
"2015067787","","2","0","0","0","0","0","0","0","0","6","0","","02","9","2014","6","40.383444","-80.013972","","11","0","0","0","0","0","1","0","0","1","0","0","0","","","1","","0","","40 23:00.400","6","0","80 00:50.300","4","0","0","0","2101","0","0","0","N","0","0","0","3","02101","1","","1.0","","1","N","N","","1","","0","0","0","","0","N","","3","1","1","0","0","0","0","2","0","3","","","","N","","","","","","","","","",""
"2015067788","","1","0","0","0","0","0","0","0","0","7","0","","02","11","2014","4","40.381742","-80.015246","","11","0","0","0","0","0","0","0","0","","0","0","0","","","1","","0","","40 22:54.271","","0","80 00:54.885","4","0","0","0","2101","0","0","0","N","0","0","0","2","02101","1","","4.0","","1","N","N","","0","","0","0","0","","0","","","1","1","1","0","0","0","0","2","0","1","","","","N","","","","","","","","","",""
"2015067789","","1","0","0","0","0","0","0","0","0","5","0","","02","11","2014","7","40.379605","-80.010182","","11","0","0","0","0","0","0","0","0","","0","0","0","","","0","","0","","40 22:46.578","","0","80 00:36.655","0","0","0","0","2101","0","0","0","N","0","0","0","1","02101","0","","4.0","","1","N","N","","0","","0","0","2","","0","","","3","0","1","0","0","0","0","2","0","3","","","","N","","","","","","","","","",""
"2015053240","","2","0","0","0","0","0","0","0","0","4","0","","02","12","2014","4","40.520801","-80.140968","","11","0","0","0","0","0","1","0","0","","0","0","0","","","0","","0","","40 31:14.885","","0","80 08:27.483","0","0","0","0","2434","0","0","0","N","0","0","0","2","68B03","0","","1.0","","1","N","N","","0","","0","0","0","","0","","","2","0","0","0","0","0","0","2","0","2","","","","N","","","","","","","","","",""
"2018045641","0924","1","0","0","0","0","0","0","0","0","7","0","","02","2","2014","3","40.512018","-79.791714","0904","11","0","0","0","0","0","0","0","0","2","0","0","0","","","0","","0","","40 30:43.263","4","0","79 47:30.171","0","0","0","0","2466","0","0","0","N","0","0","0","1","68T02","0","","2.0","","7","N","N","","0","","0","0","0","","0","N","","1","0","0","0","0","0","0","2","0","1","","","","N","","","","","","","","","",""